{"timezone":"Europe\/Berlin","state_code":"06","country_code":"DE","lat":52.2833,"lon":8,"city_name":"Osnabr�ck","station_id":"103150-99999","data":[{"precip_rate":0,"rh":68,"wind_spd":5.2,"timestamp_utc":"2022-06-19T00:00:00","snow_rate":0,"app_temp":17.4,"pres":1001.30615,"azimuth":7.3,"dewpt":11.4,"uv":0,"elev_angle":-14.03,"wind_dir":24,"weather":{"icon":"c03n","code":803,"description":"Broken clouds"},"ghi":0,"dhi":0,"timestamp_local":"2022-06-19T02:00:00","solar_rad":0,"vis":10,"dni":0,"temp":17.4,"slp":1011,"clouds":66,"ts":1655596800},{"precip_rate":0,"rh":69,"wind_spd":5.1,"timestamp_utc":"2022-06-19T00:15:00","snow_rate":0,"app_temp":17,"pres":1000.79865,"azimuth":10.78,"dewpt":11.3,"uv":0,"elev_angle":-13.47,"wind_dir":28,"weather":{"icon":"c03n","code":803,"description":"Broken clouds"},"ghi":0,"dhi":0,"timestamp_local":"2022-06-19T02:15:00","solar_rad":0,"vis":10,"dni":0,"temp":17,"slp":1010.5,"clouds":64,"ts":1655597700},{"precip_rate":0,"rh":70,"wind_spd":5,"timestamp_utc":"2022-06-19T00:30:00","snow_rate":0,"app_temp":16.6,"pres":1000.29114,"azimuth":14.26,"dewpt":11.2,"uv":0,"elev_angle":-12.9,"wind_dir":32,"weather":{"icon":"c03n","code":803,"description":"Broken clouds"},"ghi":0,"dhi":0,"timestamp_local":"2022-06-19T02:30:00","solar_rad":0,"vis":10,"dni":0,"temp":16.6,"slp":1010,"clouds":62,"ts":1655598600},{"precip_rate":0,"rh":70,"wind_spd":4.9,"timestamp_utc":"2022-06-19T00:45:00","snow_rate":0,"app_temp":16.3,"pres":999.78357,"azimuth":17.74,"dewpt":10.8,"uv":0,"elev_angle":-12.34,"wind_dir":36,"weather":{"icon":"c03n","code":803,"description":"Broken clouds"},"ghi":0,"dhi":0,"timestamp_local":"2022-06-19T02:45:00","solar_rad":0,"vis":10,"dni":0,"temp":16.3,"slp":1009.5,"clouds":61,"ts":1655599500},{"precip_rate":0,"rh":71,"wind_spd":4.8,"timestamp_utc":"2022-06-19T01:00:00","snow_rate":0,"app_temp":15.9,"pres":999.27606,"azimuth":21.22,"dewpt":10.7,"uv":0,"elev_angle":-11.77,"wind_dir":40,"weather":{"icon":"c03n","code":803,"description":"Broken clouds"},"ghi":0,"dhi":0,"timestamp_local":"2022-06-19T03:00:00","solar_rad":0,"vis":10,"dni":0,"temp":15.9,"slp":1009,"clouds":59,"ts":1655600400},{"precip_rate":0,"rh":72,"wind_spd":4.8,"timestamp_utc":"2022-06-19T01:15:00","snow_rate":0,"app_temp":15.8,"pres":999.0254,"azimuth":24.54,"dewpt":10.8,"uv":0,"elev_angle":-10.7,"wind_dir":43,"weather":{"icon":"c03n","code":803,"description":"Broken clouds"},"ghi":0,"dhi":0,"timestamp_local":"2022-06-19T03:15:00","solar_rad":0,"vis":10,"dni":0,"temp":15.8,"slp":1008.75,"clouds":69,"ts":1655601300},{"precip_rate":0,"rh":73,"wind_spd":4.8,"timestamp_utc":"2022-06-19T01:30:00","snow_rate":0,"app_temp":15.8,"pres":998.77466,"azimuth":27.85,"dewpt":10.9,"uv":0,"elev_angle":-9.63,"wind_dir":46,"weather":{"icon":"c04n","code":804,"description":"Overcast clouds"},"ghi":0,"dhi":0,"timestamp_local":"2022-06-19T03:30:00","solar_rad":0,"vis":10,"dni":0,"temp":15.8,"slp":1008.5,"clouds":79,"ts":1655602200},{"precip_rate":0,"rh":74,"wind_spd":4.8,"timestamp_utc":"2022-06-19T01:45:00","snow_rate":0,"app_temp":15.7,"pres":998.524,"azimuth":31.17,"dewpt":11.1,"uv":0,"elev_angle":-8.55,"wind_dir":49,"weather":{"icon":"c04n","code":804,"description":"Overcast clouds"},"ghi":0,"dhi":0,"timestamp_local":"2022-06-19T03:45:00","solar_rad":0,"vis":10,"dni":0,"temp":15.7,"slp":1008.25,"clouds":89,"ts":1655603100},{"precip_rate":0,"rh":75,"wind_spd":4.8,"timestamp_utc":"2022-06-19T02:00:00","snow_rate":0,"app_temp":15.6,"pres":998.2733,"azimuth":34.48,"dewpt":11.2,"uv":0,"elev_angle":-7.48,"wind_dir":52,"weather":{"icon":"c04n","code":804,"description":"Overcast clouds"},"ghi":0,"dhi":0,"timestamp_local":"2022-06-19T04:00:00","solar_rad":0,"vis":10,"dni":0,"temp":15.6,"slp":1008,"clouds":99,"ts":1655604000},{"precip_rate":0,"rh":76,"wind_spd":4.7,"timestamp_utc":"2022-06-19T02:15:00","snow_rate":0,"app_temp":15.3,"pres":998.51154,"azimuth":37.59,"dewpt":11.1,"uv":0,"elev_angle":-5.98,"wind_dir":40,"weather":{"icon":"c04n","code":804,"description":"Overcast clouds"},"ghi":0,"dhi":0,"timestamp_local":"2022-06-19T04:15:00","solar_rad":0,"vis":10,"dni":0,"temp":15.3,"slp":1008.25,"clouds":99,"ts":1655604900},{"precip_rate":0,"rh":76,"wind_spd":4.6,"timestamp_utc":"2022-06-19T02:30:00","snow_rate":0,"app_temp":15,"pres":998.74976,"azimuth":40.7,"dewpt":10.8,"uv":0,"elev_angle":-4.49,"wind_dir":28,"weather":{"icon":"c04n","code":804,"description":"Overcast clouds"},"ghi":0,"dhi":0,"timestamp_local":"2022-06-19T04:30:00","solar_rad":0,"vis":10,"dni":0,"temp":15,"slp":1008.5,"clouds":100,"ts":1655605800},{"precip_rate":0,"rh":76,"wind_spd":4.5,"timestamp_utc":"2022-06-19T02:45:00","snow_rate":0,"app_temp":14.7,"pres":998.98804,"azimuth":43.8,"dewpt":10.5,"uv":0,"elev_angle":-2.99,"wind_dir":16,"weather":{"icon":"c04n","code":804,"description":"Overcast clouds"},"ghi":0,"dhi":0,"timestamp_local":"2022-06-19T04:45:00","solar_rad":0,"vis":10,"dni":0,"temp":14.7,"slp":1008.75,"clouds":100,"ts":1655606700},{"precip_rate":0,"rh":77,"wind_spd":4.4,"timestamp_utc":"2022-06-19T03:00:00","snow_rate":0,"app_temp":14.4,"pres":999.22626,"azimuth":46.91,"dewpt":10.4,"uv":0,"elev_angle":-1.49,"wind_dir":4,"weather":{"icon":"c04n","code":804,"description":"Overcast clouds"},"ghi":0,"dhi":0,"timestamp_local":"2022-06-19T05:00:00","solar_rad":0,"vis":10,"dni":0,"temp":14.4,"slp":1009,"clouds":100,"ts":1655607600},{"precip_rate":0,"rh":77,"wind_spd":4.6,"timestamp_utc":"2022-06-19T03:15:00","snow_rate":0,"app_temp":14.3,"pres":999.22314,"azimuth":49.83,"dewpt":10.4,"uv":0.5,"elev_angle":0.34,"wind_dir":6,"weather":{"icon":"c04n","code":804,"description":"Overcast clouds"},"ghi":15.1,"dhi":9.2,"timestamp_local":"2022-06-19T05:15:00","solar_rad":10.153507,"vis":10,"dni":80.13,"temp":14.3,"slp":1009,"clouds":100,"ts":1655608500},{"precip_rate":0,"rh":76,"wind_spd":4.8,"timestamp_utc":"2022-06-19T03:30:00","snow_rate":0,"app_temp":14.3,"pres":999.22,"azimuth":52.75,"dewpt":10.1,"uv":0.6,"elev_angle":2.16,"wind_dir":7,"weather":{"icon":"c04n","code":804,"description":"Overcast clouds"},"ghi":30.2,"dhi":18.41,"timestamp_local":"2022-06-19T05:30:00","solar_rad":21.249447,"vis":10,"dni":160.26,"temp":14.3,"slp":1009,"clouds":99,"ts":1655609400},{"precip_rate":0,"rh":76,"wind_spd":5,"timestamp_utc":"2022-06-19T03:45:00","snow_rate":0,"app_temp":14.2,"pres":999.2168,"azimuth":55.66,"dewpt":10,"uv":0.6,"elev_angle":3.99,"wind_dir":8,"weather":{"icon":"c04n","code":804,"description":"Overcast clouds"},"ghi":45.2,"dhi":27.61,"timestamp_local":"2022-06-19T05:45:00","solar_rad":34.830467,"vis":10,"dni":240.39,"temp":14.2,"slp":1009,"clouds":98,"ts":1655610300},{"precip_rate":0,"rh":76,"wind_spd":5.2,"timestamp_utc":"2022-06-19T04:00:00","snow_rate":0,"app_temp":14.1,"pres":999.2137,"azimuth":58.58,"dewpt":9.9,"uv":0.6,"elev_angle":5.81,"wind_dir":10,"weather":{"icon":"c04d","code":804,"description":"Overcast clouds"},"ghi":60.3,"dhi":36.81,"timestamp_local":"2022-06-19T06:00:00","solar_rad":46.442616,"vis":10,"dni":320.52,"temp":14.1,"slp":1009,"clouds":98,"ts":1655611200},{"precip_rate":0,"rh":75,"wind_spd":5.1,"timestamp_utc":"2022-06-19T04:15:00","snow_rate":0,"app_temp":14.1,"pres":999.2137,"azimuth":61.38,"dewpt":9.7,"uv":0.6,"elev_angle":7.87,"wind_dir":14,"weather":{"icon":"c04d","code":804,"description":"Overcast clouds"},"ghi":92.6,"dhi":43.11,"timestamp_local":"2022-06-19T06:15:00","solar_rad":57.902374,"vis":10,"dni":379.17,"temp":14.1,"slp":1009,"clouds":98,"ts":1655612100},{"precip_rate":0,"rh":74,"wind_spd":5,"timestamp_utc":"2022-06-19T04:30:00","snow_rate":0,"app_temp":14.1,"pres":999.2137,"azimuth":64.18,"dewpt":9.5,"uv":0.6,"elev_angle":9.94,"wind_dir":18,"weather":{"icon":"c04d","code":804,"description":"Overcast clouds"},"ghi":124.9,"dhi":49.42,"timestamp_local":"2022-06-19T06:30:00","solar_rad":69.37213,"vis":10,"dni":437.82,"temp":14.1,"slp":1009,"clouds":98,"ts":1655613000},{"precip_rate":0,"rh":74,"wind_spd":4.9,"timestamp_utc":"2022-06-19T04:45:00","snow_rate":0,"app_temp":14.1,"pres":999.2137,"azimuth":66.97,"dewpt":9.5,"uv":0.6,"elev_angle":12,"wind_dir":22,"weather":{"icon":"c04d","code":804,"description":"Overcast clouds"},"ghi":157.2,"dhi":55.72,"timestamp_local":"2022-06-19T06:45:00","solar_rad":80.831894,"vis":10,"dni":496.46,"temp":14.1,"slp":1009,"clouds":98,"ts":1655613900},{"precip_rate":0,"rh":73,"wind_spd":4.8,"timestamp_utc":"2022-06-19T05:00:00","snow_rate":0,"app_temp":14.1,"pres":999.2137,"azimuth":69.77,"dewpt":9.3,"uv":0.6,"elev_angle":14.06,"wind_dir":26,"weather":{"icon":"c04d","code":804,"description":"Overcast clouds"},"ghi":189.5,"dhi":62.02,"timestamp_local":"2022-06-19T07:00:00","solar_rad":92.29166,"vis":10,"dni":555.11,"temp":14.1,"slp":1009,"clouds":98,"ts":1655614800},{"precip_rate":0,"rh":72,"wind_spd":4.6,"timestamp_utc":"2022-06-19T05:15:00","snow_rate":0,"app_temp":14.3,"pres":998.97235,"azimuth":72.55,"dewpt":9.3,"uv":0.7,"elev_angle":16.28,"wind_dir":27,"weather":{"icon":"c04d","code":804,"description":"Overcast clouds"},"ghi":227.6,"dhi":66.51,"timestamp_local":"2022-06-19T07:15:00","solar_rad":102.867935,"vis":10,"dni":588.42,"temp":14.3,"slp":1008.75,"clouds":98,"ts":1655615700},{"precip_rate":0,"rh":71,"wind_spd":4.4,"timestamp_utc":"2022-06-19T05:30:00","snow_rate":0,"app_temp":14.5,"pres":998.7311,"azimuth":75.32,"dewpt":9.3,"uv":0.7,"elev_angle":18.5,"wind_dir":28,"weather":{"icon":"c04d","code":804,"description":"Overcast clouds"},"ghi":265.6,"dhi":71.01,"timestamp_local":"2022-06-19T07:30:00","solar_rad":113.43824,"vis":10,"dni":621.72,"temp":14.5,"slp":1008.5,"clouds":98,"ts":1655616600},{"precip_rate":0,"rh":70,"wind_spd":4.2,"timestamp_utc":"2022-06-19T05:45:00","snow_rate":0,"app_temp":14.6,"pres":998.48975,"azimuth":78.1,"dewpt":9.2,"uv":0.7,"elev_angle":20.71,"wind_dir":29,"weather":{"icon":"c04d","code":804,"description":"Overcast clouds"},"ghi":303.7,"dhi":75.5,"timestamp_local":"2022-06-19T07:45:00","solar_rad":115.052216,"vis":10,"dni":655.03,"temp":14.6,"slp":1008.25,"clouds":99,"ts":1655617500},{"precip_rate":0,"rh":69,"wind_spd":4,"timestamp_utc":"2022-06-19T06:00:00","snow_rate":0,"app_temp":14.8,"pres":998.2484,"azimuth":80.87,"dewpt":9.2,"uv":0.8,"elev_angle":22.93,"wind_dir":30,"weather":{"icon":"c04d","code":804,"description":"Overcast clouds"},"ghi":341.8,"dhi":79.99,"timestamp_local":"2022-06-19T08:00:00","solar_rad":124.50416,"vis":10,"dni":688.33,"temp":14.8,"slp":1008,"clouds":99,"ts":1655618400},{"precip_rate":0,"rh":68,"wind_spd":3.8,"timestamp_utc":"2022-06-19T06:15:00","snow_rate":0,"app_temp":15.1,"pres":998.5053,"azimuth":83.77,"dewpt":9.2,"uv":0.8,"elev_angle":25.22,"wind_dir":24,"weather":{"icon":"c04d","code":804,"description":"Overcast clouds"},"ghi":380.8,"dhi":83.38,"timestamp_local":"2022-06-19T08:15:00","solar_rad":132.9733,"vis":10,"dni":709.59,"temp":15.1,"slp":1008.25,"clouds":99,"ts":1655619300},{"precip_rate":0,"rh":67,"wind_spd":3.6,"timestamp_utc":"2022-06-19T06:30:00","snow_rate":0,"app_temp":15.3,"pres":998.7622,"azimuth":86.68,"dewpt":9.3,"uv":0.9,"elev_angle":27.51,"wind_dir":17,"weather":{"icon":"c04d","code":804,"description":"Overcast clouds"},"ghi":419.9,"dhi":86.76,"timestamp_local":"2022-06-19T08:30:00","solar_rad":141.44547,"vis":10,"dni":730.85,"temp":15.3,"slp":1008.5,"clouds":99,"ts":1655620200},{"precip_rate":0,"rh":66,"wind_spd":3.4,"timestamp_utc":"2022-06-19T06:45:00","snow_rate":0,"app_temp":15.6,"pres":999.01917,"azimuth":89.58,"dewpt":9.3,"uv":1,"elev_angle":29.79,"wind_dir":10,"weather":{"icon":"c04d","code":804,"description":"Overcast clouds"},"ghi":459,"dhi":90.15,"timestamp_local":"2022-06-19T08:45:00","solar_rad":149.92764,"vis":10,"dni":752.1,"temp":15.6,"slp":1008.75,"clouds":99,"ts":1655621100},{"precip_rate":0,"rh":65,"wind_spd":3.2,"timestamp_utc":"2022-06-19T07:00:00","snow_rate":0,"app_temp":15.9,"pres":999.27606,"azimuth":92.48,"dewpt":9.3,"uv":1.1,"elev_angle":32.08,"wind_dir":4,"weather":{"icon":"c04d","code":804,"description":"Overcast clouds"},"ghi":498.1,"dhi":93.53,"timestamp_local":"2022-06-19T09:00:00","solar_rad":158.39981,"vis":10,"dni":773.36,"temp":15.9,"slp":1009,"clouds":99,"ts":1655622000},{"precip_rate":0,"rh":64,"wind_spd":3.3,"timestamp_utc":"2022-06-19T07:15:00","snow_rate":0,"app_temp":16.2,"pres":999.2853,"azimuth":95.72,"dewpt":9.4,"uv":1.2,"elev_angle":34.35,"wind_dir":5,"weather":{"icon":"c04d","code":804,"description":"Overcast clouds"},"ghi":534.4,"dhi":96.08,"timestamp_local":"2022-06-19T09:15:00","solar_rad":165.67732,"vis":10,"dni":787.52,"temp":16.2,"slp":1009,"clouds":99,"ts":1655622900},{"precip_rate":0,"rh":64,"wind_spd":3.4,"timestamp_utc":"2022-06-19T07:30:00","snow_rate":0,"app_temp":16.4,"pres":999.29456,"azimuth":98.95,"dewpt":9.6,"uv":1.3,"elev_angle":36.61,"wind_dir":6,"weather":{"icon":"c04d","code":804,"description":"Overcast clouds"},"ghi":570.6,"dhi":98.62,"timestamp_local":"2022-06-19T09:30:00","solar_rad":189.77043,"vis":10,"dni":801.68,"temp":16.4,"slp":1009,"clouds":98,"ts":1655623800},{"precip_rate":0,"rh":63,"wind_spd":3.5,"timestamp_utc":"2022-06-19T07:45:00","snow_rate":0,"app_temp":16.7,"pres":999.30383,"azimuth":102.19,"dewpt":9.7,"uv":1.4,"elev_angle":38.88,"wind_dir":7,"weather":{"icon":"c04d","code":804,"description":"Overcast clouds"},"ghi":606.9,"dhi":101.17,"timestamp_local":"2022-06-19T09:45:00","solar_rad":198.11917,"vis":10,"dni":815.83,"temp":16.7,"slp":1009,"clouds":98,"ts":1655624700},{"precip_rate":0,"rh":62,"wind_spd":3.6,"timestamp_utc":"2022-06-19T08:00:00","snow_rate":0,"app_temp":17,"pres":999.31305,"azimuth":105.42,"dewpt":9.7,"uv":1.6,"elev_angle":41.14,"wind_dir":8,"weather":{"icon":"c04d","code":804,"description":"Overcast clouds"},"ghi":643.2,"dhi":103.71,"timestamp_local":"2022-06-19T10:00:00","solar_rad":206.45792,"vis":10,"dni":829.99,"temp":17,"slp":1009,"clouds":98,"ts":1655625600},{"precip_rate":0,"rh":62,"wind_spd":3.8,"timestamp_utc":"2022-06-19T08:15:00","snow_rate":0,"app_temp":17.2,"pres":999.5668,"azimuth":109.31,"dewpt":9.9,"uv":1.7,"elev_angle":43.25,"wind_dir":90,"weather":{"icon":"c04d","code":804,"description":"Overcast clouds"},"ghi":673.4,"dhi":105.54,"timestamp_local":"2022-06-19T10:15:00","solar_rad":107.572205,"vis":10,"dni":839.34,"temp":17.2,"slp":1009.25,"clouds":98,"ts":1655626500},{"precip_rate":0,"rh":61,"wind_spd":4,"timestamp_utc":"2022-06-19T08:30:00","snow_rate":0,"app_temp":17.4,"pres":999.82056,"azimuth":113.2,"dewpt":9.8,"uv":1.8,"elev_angle":45.36,"wind_dir":173,"weather":{"icon":"c04d","code":804,"description":"Overcast clouds"},"ghi":703.7,"dhi":107.38,"timestamp_local":"2022-06-19T10:30:00","solar_rad":112.412476,"vis":10,"dni":848.69,"temp":17.4,"slp":1009.5,"clouds":98,"ts":1655627400},{"precip_rate":0,"rh":60,"wind_spd":4.2,"timestamp_utc":"2022-06-19T08:45:00","snow_rate":0,"app_temp":17.6,"pres":1000.0743,"azimuth":117.08,"dewpt":9.8,"uv":1.9,"elev_angle":47.46,"wind_dir":256,"weather":{"icon":"c04d","code":804,"description":"Overcast clouds"},"ghi":734,"dhi":109.21,"timestamp_local":"2022-06-19T10:45:00","solar_rad":204.80214,"vis":10,"dni":858.03,"temp":17.6,"slp":1009.75,"clouds":99,"ts":1655628300},{"precip_rate":0,"rh":60,"wind_spd":4.4,"timestamp_utc":"2022-06-19T09:00:00","snow_rate":0,"app_temp":17.8,"pres":1000.328,"azimuth":120.97,"dewpt":9.9,"uv":2,"elev_angle":49.57,"wind_dir":338,"weather":{"icon":"c04d","code":804,"description":"Overcast clouds"},"ghi":764.2,"dhi":111.04,"timestamp_local":"2022-06-19T11:00:00","solar_rad":210.56522,"vis":10,"dni":867.38,"temp":17.8,"slp":1010,"clouds":99,"ts":1655629200},{"precip_rate":0,"rh":61,"wind_spd":3.9,"timestamp_utc":"2022-06-19T09:15:00","snow_rate":0,"app_temp":17.8,"pres":1000.5756,"azimuth":125.94,"dewpt":10.2,"uv":2.1,"elev_angle":51.31,"wind_dir":335,"weather":{"icon":"c04d","code":804,"description":"Overcast clouds"},"ghi":785.8,"dhi":112.23,"timestamp_local":"2022-06-19T11:15:00","solar_rad":214.56828,"vis":10,"dni":873.1,"temp":17.8,"slp":1010.25,"clouds":99,"ts":1655630100},{"precip_rate":0,"rh":62,"wind_spd":3.4,"timestamp_utc":"2022-06-19T09:30:00","snow_rate":0,"app_temp":17.8,"pres":1000.82324,"azimuth":130.91,"dewpt":10.4,"uv":2.2,"elev_angle":53.05,"wind_dir":332,"weather":{"icon":"c04d","code":804,"description":"Overcast clouds"},"ghi":807.5,"dhi":113.42,"timestamp_local":"2022-06-19T11:30:00","solar_rad":168.4416,"vis":10,"dni":878.82,"temp":17.8,"slp":1010.5,"clouds":100,"ts":1655631000},{"precip_rate":0,"rh":62,"wind_spd":2.9,"timestamp_utc":"2022-06-19T09:45:00","snow_rate":0,"app_temp":17.8,"pres":1001.0708,"azimuth":135.88,"dewpt":10.4,"uv":2.3,"elev_angle":54.78,"wind_dir":329,"weather":{"icon":"c04d","code":804,"description":"Overcast clouds"},"ghi":829.1,"dhi":114.6,"timestamp_local":"2022-06-19T11:45:00","solar_rad":171.1122,"vis":10,"dni":884.53,"temp":17.8,"slp":1010.75,"clouds":100,"ts":1655631900},{"precip_rate":0,"rh":63,"wind_spd":2.4,"timestamp_utc":"2022-06-19T10:00:00","snow_rate":0,"app_temp":17.8,"pres":1001.3184,"azimuth":140.85,"dewpt":10.7,"uv":2.4,"elev_angle":56.52,"wind_dir":326,"weather":{"icon":"c04d","code":804,"description":"Overcast clouds"},"ghi":850.8,"dhi":115.79,"timestamp_local":"2022-06-19T12:00:00","solar_rad":173.36304,"vis":10,"dni":890.25,"temp":17.8,"slp":1011,"clouds":100,"ts":1655632800},{"precip_rate":0.75,"rh":65,"wind_spd":2.1,"timestamp_utc":"2022-06-19T10:15:00","snow_rate":0,"app_temp":17.8,"pres":1001.0708,"azimuth":147.2,"dewpt":11.1,"uv":2.5,"elev_angle":57.55,"wind_dir":252,"weather":{"icon":"r01d","code":500,"description":"Light rain"},"ghi":862,"dhi":116.37,"timestamp_local":"2022-06-19T12:15:00","solar_rad":173.82625,"vis":10,"dni":892.96,"temp":17.8,"slp":1010.75,"clouds":100,"ts":1655633700},{"precip_rate":1.5,"rh":66,"wind_spd":1.8,"timestamp_utc":"2022-06-19T10:30:00","snow_rate":0,"app_temp":17.8,"pres":1000.82324,"azimuth":153.54,"dewpt":11.4,"uv":2.5,"elev_angle":58.58,"wind_dir":179,"weather":{"icon":"r01d","code":500,"description":"Light rain"},"ghi":873.2,"dhi":116.96,"timestamp_local":"2022-06-19T12:30:00","solar_rad":157.18077,"vis":10,"dni":895.67,"temp":17.8,"slp":1010.5,"clouds":100,"ts":1655634600},{"precip_rate":1.25,"rh":68,"wind_spd":1.5,"timestamp_utc":"2022-06-19T10:45:00","snow_rate":0,"app_temp":17.8,"pres":1000.5756,"azimuth":159.89,"dewpt":11.8,"uv":2.7,"elev_angle":59.61,"wind_dir":106,"weather":{"icon":"r01d","code":500,"description":"Light rain"},"ghi":884.4,"dhi":117.54,"timestamp_local":"2022-06-19T12:45:00","solar_rad":187.19572,"vis":10,"dni":898.38,"temp":17.8,"slp":1010.25,"clouds":99,"ts":1655635500},{"precip_rate":1,"rh":70,"wind_spd":1.2,"timestamp_utc":"2022-06-19T11:00:00","snow_rate":0,"app_temp":17.8,"pres":1000.328,"azimuth":166.23,"dewpt":12.3,"uv":2.7,"elev_angle":60.64,"wind_dir":32,"weather":{"icon":"r01d","code":500,"description":"Light rain"},"ghi":895.6,"dhi":118.12,"timestamp_local":"2022-06-19T13:00:00","solar_rad":202.62854,"vis":10,"dni":901.09,"temp":17.8,"slp":1010,"clouds":99,"ts":1655636400},{"precip_rate":0.5,"rh":70,"wind_spd":1.6,"timestamp_utc":"2022-06-19T11:15:00","snow_rate":0,"app_temp":17.7,"pres":1000.32495,"azimuth":173.29,"dewpt":12.2,"uv":2.9,"elev_angle":60.63,"wind_dir":24,"weather":{"icon":"c04d","code":804,"description":"Overcast clouds"},"ghi":895.5,"dhi":118.11,"timestamp_local":"2022-06-19T13:15:00","solar_rad":163.40738,"vis":10,"dni":901.06,"temp":17.7,"slp":1010,"clouds":96,"ts":1655637300},{"precip_rate":0.75,"rh":71,"wind_spd":2,"timestamp_utc":"2022-06-19T11:30:00","snow_rate":0,"app_temp":17.6,"pres":1000.3219,"azimuth":180.36,"dewpt":12.3,"uv":3,"elev_angle":60.61,"wind_dir":17,"weather":{"icon":"r01d","code":500,"description":"Light rain"},"ghi":895.3,"dhi":118.11,"timestamp_local":"2022-06-19T13:30:00","solar_rad":211.56905,"vis":10,"dni":901.02,"temp":17.6,"slp":1010,"clouds":94,"ts":1655638200},{"precip_rate":0.625,"rh":72,"wind_spd":2.4,"timestamp_utc":"2022-06-19T11:45:00","snow_rate":0,"app_temp":17.5,"pres":1000.3188,"azimuth":187.42,"dewpt":12.4,"uv":3.2,"elev_angle":60.6,"wind_dir":10,"weather":{"icon":"r01d","code":500,"description":"Light rain"},"ghi":895.2,"dhi":118.1,"timestamp_local":"2022-06-19T13:45:00","solar_rad":279.46475,"vis":10,"dni":900.99,"temp":17.5,"slp":1010,"clouds":91,"ts":1655639100},{"precip_rate":0.5,"rh":72,"wind_spd":2.8,"timestamp_utc":"2022-06-19T12:00:00","snow_rate":0,"app_temp":17.4,"pres":1000.31573,"azimuth":194.48,"dewpt":12.3,"uv":3.4,"elev_angle":60.58,"wind_dir":2,"weather":{"icon":"c04d","code":804,"description":"Overcast clouds"},"ghi":895,"dhi":118.09,"timestamp_local":"2022-06-19T14:00:00","solar_rad":342.5554,"vis":10,"dni":900.95,"temp":17.4,"slp":1010,"clouds":88,"ts":1655640000},{"precip_rate":0.375,"rh":70,"wind_spd":3.1,"timestamp_utc":"2022-06-19T12:15:00","snow_rate":0,"app_temp":17.9,"pres":1000.5786,"azimuth":200.79,"dewpt":12.3,"uv":3.5,"elev_angle":59.53,"wind_dir":90,"weather":{"icon":"c04d","code":804,"description":"Overcast clouds"},"ghi":883.5,"dhi":117.49,"timestamp_local":"2022-06-19T14:15:00","solar_rad":413.46182,"vis":10,"dni":898.17,"temp":17.9,"slp":1010.25,"clouds":84,"ts":1655640900},{"precip_rate":0.25,"rh":67,"wind_spd":3.4,"timestamp_utc":"2022-06-19T12:30:00","snow_rate":0,"app_temp":18,"pres":1000.84143,"azimuth":207.1,"dewpt":12.1,"uv":3.7,"elev_angle":58.48,"wind_dir":178,"weather":{"icon":"c04d","code":804,"description":"Overcast clouds"},"ghi":872,"dhi":116.9,"timestamp_local":"2022-06-19T14:30:00","solar_rad":474.84836,"vis":10,"dni":895.39,"temp":18.3,"slp":1010.5,"clouds":80,"ts":1655641800},{"precip_rate":0.125,"rh":64,"wind_spd":3.7,"timestamp_utc":"2022-06-19T12:45:00","snow_rate":0,"app_temp":18.4,"pres":1001.1043,"azimuth":213.41,"dewpt":11.9,"uv":3.8,"elev_angle":57.42,"wind_dir":266,"weather":{"icon":"c04d","code":804,"description":"Overcast clouds"},"ghi":860.6,"dhi":116.3,"timestamp_local":"2022-06-19T14:45:00","solar_rad":527.1884,"vis":10,"dni":892.61,"temp":18.8,"slp":1010.75,"clouds":76,"ts":1655642700},{"precip_rate":0,"rh":62,"wind_spd":4,"timestamp_utc":"2022-06-19T13:00:00","snow_rate":0,"app_temp":18.9,"pres":1001.3672,"azimuth":219.72,"dewpt":11.8,"uv":3.9,"elev_angle":56.37,"wind_dir":354,"weather":{"icon":"c04d","code":804,"description":"Overcast clouds"},"ghi":849.1,"dhi":115.7,"timestamp_local":"2022-06-19T15:00:00","solar_rad":570.71234,"vis":10,"dni":889.83,"temp":19.3,"slp":1011,"clouds":72,"ts":1655643600},{"precip_rate":0,"rh":62,"wind_spd":3.9,"timestamp_utc":"2022-06-19T13:15:00","snow_rate":0,"app_temp":18.8,"pres":1001.61176,"azimuth":224.66,"dewpt":11.7,"uv":3.4,"elev_angle":54.62,"wind_dir":351,"weather":{"icon":"c04d","code":804,"description":"Overcast clouds"},"ghi":827.2,"dhi":114.5,"timestamp_local":"2022-06-19T15:15:00","solar_rad":465.78662,"vis":10,"dni":884.03,"temp":19.2,"slp":1011.25,"clouds":79,"ts":1655644500},{"precip_rate":0,"rh":62,"wind_spd":3.8,"timestamp_utc":"2022-06-19T13:30:00","snow_rate":0,"app_temp":18.7,"pres":1001.8563,"azimuth":229.6,"dewpt":11.7,"uv":2.9,"elev_angle":52.87,"wind_dir":348,"weather":{"icon":"c04d","code":804,"description":"Overcast clouds"},"ghi":805.3,"dhi":113.3,"timestamp_local":"2022-06-19T15:30:00","solar_rad":344.7952,"vis":10,"dni":878.23,"temp":19.1,"slp":1011.5,"clouds":86,"ts":1655645400},{"precip_rate":0,"rh":62,"wind_spd":3.7,"timestamp_utc":"2022-06-19T13:45:00","snow_rate":0,"app_temp":18.6,"pres":1002.10095,"azimuth":234.54,"dewpt":11.6,"uv":2.5,"elev_angle":51.12,"wind_dir":345,"weather":{"icon":"c04d","code":804,"description":"Overcast clouds"},"ghi":783.4,"dhi":112.09,"timestamp_local":"2022-06-19T15:45:00","solar_rad":226.7625,"vis":10,"dni":872.42,"temp":19,"slp":1011.75,"clouds":92,"ts":1655646300},{"precip_rate":0,"rh":62,"wind_spd":3.6,"timestamp_utc":"2022-06-19T14:00:00","snow_rate":0,"app_temp":18.5,"pres":1002.3455,"azimuth":239.48,"dewpt":11.5,"uv":2,"elev_angle":49.37,"wind_dir":342,"weather":{"icon":"c04d","code":804,"description":"Overcast clouds"},"ghi":761.5,"dhi":110.89,"timestamp_local":"2022-06-19T16:00:00","solar_rad":184.10175,"vis":10,"dni":866.62,"temp":18.9,"slp":1012,"clouds":99,"ts":1655647200},{"precip_rate":0,"rh":62,"wind_spd":3.5,"timestamp_utc":"2022-06-19T14:15:00","snow_rate":0,"app_temp":18.2,"pres":1002.58704,"azimuth":243.35,"dewpt":11.3,"uv":1.9,"elev_angle":47.26,"wind_dir":342,"weather":{"icon":"c04d","code":804,"description":"Overcast clouds"},"ghi":731.1,"dhi":109.04,"timestamp_local":"2022-06-19T16:15:00","solar_rad":179.59843,"vis":10,"dni":857.17,"temp":18.7,"slp":1012.25,"clouds":99,"ts":1655648100},{"precip_rate":0,"rh":63,"wind_spd":3.4,"timestamp_utc":"2022-06-19T14:30:00","snow_rate":0,"app_temp":18.1,"pres":1002.8285,"azimuth":247.21,"dewpt":11.3,"uv":1.7,"elev_angle":45.14,"wind_dir":341,"weather":{"icon":"c04d","code":804,"description":"Overcast clouds"},"ghi":700.7,"dhi":107.19,"timestamp_local":"2022-06-19T16:30:00","solar_rad":153.50552,"vis":10,"dni":847.72,"temp":18.5,"slp":1012.5,"clouds":100,"ts":1655649000},{"precip_rate":0,"rh":64,"wind_spd":3.3,"timestamp_utc":"2022-06-19T14:45:00","snow_rate":0,"app_temp":18.3,"pres":1003.07,"azimuth":251.08,"dewpt":11.4,"uv":1.6,"elev_angle":43.03,"wind_dir":340,"weather":{"icon":"c04d","code":804,"description":"Overcast clouds"},"ghi":670.2,"dhi":105.34,"timestamp_local":"2022-06-19T16:45:00","solar_rad":149.52393,"vis":10,"dni":838.27,"temp":18.3,"slp":1012.75,"clouds":100,"ts":1655649900},{"precip_rate":0,"rh":64,"wind_spd":3.2,"timestamp_utc":"2022-06-19T15:00:00","snow_rate":0,"app_temp":18.1,"pres":1003.3115,"azimuth":254.94,"dewpt":11.2,"uv":1.5,"elev_angle":40.91,"wind_dir":340,"weather":{"icon":"c04d","code":804,"description":"Overcast clouds"},"ghi":639.8,"dhi":103.49,"timestamp_local":"2022-06-19T17:00:00","solar_rad":145.8989,"vis":10,"dni":828.82,"temp":18.1,"slp":1013,"clouds":100,"ts":1655650800},{"precip_rate":0,"rh":64,"wind_spd":3.2,"timestamp_utc":"2022-06-19T15:15:00","snow_rate":0,"app_temp":17.9,"pres":1003.0578,"azimuth":258.17,"dewpt":11,"uv":1.4,"elev_angle":38.65,"wind_dir":342,"weather":{"icon":"c04d","code":804,"description":"Overcast clouds"},"ghi":603.4,"dhi":100.93,"timestamp_local":"2022-06-19T17:15:00","solar_rad":141.10394,"vis":10,"dni":814.52,"temp":17.9,"slp":1012.75,"clouds":100,"ts":1655651700},{"precip_rate":0,"rh":64,"wind_spd":3.2,"timestamp_utc":"2022-06-19T15:30:00","snow_rate":0,"app_temp":17.8,"pres":1002.8041,"azimuth":261.39,"dewpt":10.9,"uv":1.3,"elev_angle":36.38,"wind_dir":344,"weather":{"icon":"c04d","code":804,"description":"Overcast clouds"},"ghi":567,"dhi":98.36,"timestamp_local":"2022-06-19T17:30:00","solar_rad":136.27216,"vis":10,"dni":800.22,"temp":17.8,"slp":1012.5,"clouds":100,"ts":1655652600},{"precip_rate":0,"rh":65,"wind_spd":3.2,"timestamp_utc":"2022-06-19T15:45:00","snow_rate":0,"app_temp":17.6,"pres":1002.5503,"azimuth":264.62,"dewpt":10.9,"uv":1.2,"elev_angle":34.12,"wind_dir":346,"weather":{"icon":"c04d","code":804,"description":"Overcast clouds"},"ghi":530.6,"dhi":95.8,"timestamp_local":"2022-06-19T17:45:00","solar_rad":131.1513,"vis":10,"dni":785.92,"temp":17.6,"slp":1012.25,"clouds":100,"ts":1655653500},{"precip_rate":0,"rh":65,"wind_spd":3.2,"timestamp_utc":"2022-06-19T16:00:00","snow_rate":0,"app_temp":17.4,"pres":1002.2966,"azimuth":267.84,"dewpt":10.8,"uv":1.1,"elev_angle":31.85,"wind_dir":348,"weather":{"icon":"c04d","code":804,"description":"Overcast clouds"},"ghi":494.2,"dhi":93.23,"timestamp_local":"2022-06-19T18:00:00","solar_rad":126.28756,"vis":10,"dni":771.62,"temp":17.4,"slp":1012,"clouds":100,"ts":1655654400},{"precip_rate":0,"rh":65,"wind_spd":3.2,"timestamp_utc":"2022-06-19T16:15:00","snow_rate":0,"app_temp":17.3,"pres":1002.29346,"azimuth":270.74,"dewpt":10.7,"uv":1,"elev_angle":29.56,"wind_dir":262,"weather":{"icon":"c04d","code":804,"description":"Overcast clouds"},"ghi":455.1,"dhi":89.82,"timestamp_local":"2022-06-19T18:15:00","solar_rad":120.31172,"vis":10,"dni":750.14,"temp":17.3,"slp":1012,"clouds":100,"ts":1655655300},{"precip_rate":0,"rh":66,"wind_spd":3.2,"timestamp_utc":"2022-06-19T16:30:00","snow_rate":0,"app_temp":17.2,"pres":1002.2904,"azimuth":273.63,"dewpt":10.8,"uv":0.9,"elev_angle":27.28,"wind_dir":175,"weather":{"icon":"c04d","code":804,"description":"Overcast clouds"},"ghi":416,"dhi":86.42,"timestamp_local":"2022-06-19T18:30:00","solar_rad":114.11963,"vis":10,"dni":728.66,"temp":17.2,"slp":1012,"clouds":100,"ts":1655656200},{"precip_rate":0,"rh":66,"wind_spd":3.2,"timestamp_utc":"2022-06-19T16:45:00","snow_rate":0,"app_temp":17.1,"pres":1002.28735,"azimuth":276.53,"dewpt":10.7,"uv":0.8,"elev_angle":24.99,"wind_dir":88,"weather":{"icon":"c04d","code":804,"description":"Overcast clouds"},"ghi":376.9,"dhi":83.01,"timestamp_local":"2022-06-19T18:45:00","solar_rad":108.133064,"vis":10,"dni":707.17,"temp":17.1,"slp":1012,"clouds":100,"ts":1655657100},{"precip_rate":0,"rh":66,"wind_spd":3.2,"timestamp_utc":"2022-06-19T17:00:00","snow_rate":0,"app_temp":17,"pres":1002.28424,"azimuth":279.42,"dewpt":10.6,"uv":0.8,"elev_angle":22.7,"wind_dir":2,"weather":{"icon":"c04d","code":804,"description":"Overcast clouds"},"ghi":337.8,"dhi":79.6,"timestamp_local":"2022-06-19T19:00:00","solar_rad":102.13098,"vis":10,"dni":685.69,"temp":17,"slp":1012,"clouds":100,"ts":1655658000},{"precip_rate":0,"rh":66,"wind_spd":3.1,"timestamp_utc":"2022-06-19T17:15:00","snow_rate":0,"app_temp":16.8,"pres":1002.52563,"azimuth":282.2,"dewpt":10.4,"uv":0.7,"elev_angle":20.49,"wind_dir":90,"weather":{"icon":"c04d","code":804,"description":"Overcast clouds"},"ghi":299.8,"dhi":75.08,"timestamp_local":"2022-06-19T19:15:00","solar_rad":95.136154,"vis":10,"dni":651.98,"temp":16.8,"slp":1012.25,"clouds":100,"ts":1655658900},{"precip_rate":0,"rh":67,"wind_spd":3,"timestamp_utc":"2022-06-19T17:30:00","snow_rate":0,"app_temp":16.6,"pres":1002.7671,"azimuth":284.97,"dewpt":10.5,"uv":0.7,"elev_angle":18.28,"wind_dir":177,"weather":{"icon":"c04d","code":804,"description":"Overcast clouds"},"ghi":261.9,"dhi":70.55,"timestamp_local":"2022-06-19T19:30:00","solar_rad":87.98112,"vis":10,"dni":618.26,"temp":16.6,"slp":1012.5,"clouds":100,"ts":1655659800},{"precip_rate":0,"rh":68,"wind_spd":2.9,"timestamp_utc":"2022-06-19T17:45:00","snow_rate":0,"app_temp":16.5,"pres":1003.00854,"azimuth":287.75,"dewpt":10.6,"uv":0.6,"elev_angle":16.06,"wind_dir":264,"weather":{"icon":"c04d","code":804,"description":"Overcast clouds"},"ghi":223.9,"dhi":66.03,"timestamp_local":"2022-06-19T19:45:00","solar_rad":80.84143,"vis":10,"dni":584.55,"temp":16.5,"slp":1012.75,"clouds":100,"ts":1655660700},{"precip_rate":0,"rh":68,"wind_spd":2.8,"timestamp_utc":"2022-06-19T18:00:00","snow_rate":0,"app_temp":16.3,"pres":1003.24994,"azimuth":290.52,"dewpt":10.4,"uv":0.6,"elev_angle":13.85,"wind_dir":352,"weather":{"icon":"c04d","code":804,"description":"Overcast clouds"},"ghi":185.9,"dhi":61.5,"timestamp_local":"2022-06-19T20:00:00","solar_rad":73.79602,"vis":10,"dni":550.83,"temp":16.3,"slp":1013,"clouds":100,"ts":1655661600},{"precip_rate":0.125,"rh":69,"wind_spd":2.7,"timestamp_utc":"2022-06-19T18:15:00","snow_rate":0,"app_temp":16,"pres":1003.2406,"azimuth":293.32,"dewpt":10.3,"uv":0.6,"elev_angle":11.79,"wind_dir":354,"weather":{"icon":"c04d","code":804,"description":"Overcast clouds"},"ghi":153.8,"dhi":55.13,"timestamp_local":"2022-06-19T20:15:00","solar_rad":83.20864,"vis":10,"dni":491.21,"temp":16,"slp":1013,"clouds":96,"ts":1655662500},{"precip_rate":0.25,"rh":70,"wind_spd":2.6,"timestamp_utc":"2022-06-19T18:30:00","snow_rate":0,"app_temp":15.8,"pres":1003.2312,"azimuth":296.12,"dewpt":10.3,"uv":0.7,"elev_angle":9.73,"wind_dir":355,"weather":{"icon":"c04d","code":804,"description":"Overcast clouds"},"ghi":121.8,"dhi":48.77,"timestamp_local":"2022-06-19T20:30:00","solar_rad":80.72728,"vis":10,"dni":431.59,"temp":15.8,"slp":1013,"clouds":93,"ts":1655663400},{"precip_rate":0.375,"rh":72,"wind_spd":2.5,"timestamp_utc":"2022-06-19T18:45:00","snow_rate":0,"app_temp":15.5,"pres":1003.22186,"azimuth":298.91,"dewpt":10.5,"uv":0.7,"elev_angle":7.67,"wind_dir":356,"weather":{"icon":"c04d","code":804,"description":"Overcast clouds"},"ghi":89.7,"dhi":42.4,"timestamp_local":"2022-06-19T20:45:00","solar_rad":72.48737,"vis":10,"dni":371.97,"temp":15.5,"slp":1013,"clouds":90,"ts":1655664300},{"precip_rate":0.5,"rh":73,"wind_spd":2.4,"timestamp_utc":"2022-06-19T19:00:00","snow_rate":0,"app_temp":15.2,"pres":1003.2125,"azimuth":301.71,"dewpt":10.4,"uv":0.7,"elev_angle":5.61,"wind_dir":358,"weather":{"icon":"c04d","code":804,"description":"Overcast clouds"},"ghi":57.6,"dhi":36.03,"timestamp_local":"2022-06-19T21:00:00","solar_rad":60.455395,"vis":10,"dni":312.35,"temp":15.2,"slp":1013,"clouds":86,"ts":1655665200},{"precip_rate":0.375,"rh":74,"wind_spd":2.5,"timestamp_utc":"2022-06-19T19:15:00","snow_rate":0,"app_temp":15,"pres":1003.2063,"azimuth":304.63,"dewpt":10.4,"uv":0.9,"elev_angle":3.79,"wind_dir":358,"weather":{"icon":"c04n","code":804,"description":"Overcast clouds"},"ghi":43.2,"dhi":27.02,"timestamp_local":"2022-06-19T21:15:00","solar_rad":28.539053,"vis":10,"dni":234.26,"temp":15,"slp":1013,"clouds":73,"ts":1655666100},{"precip_rate":0.25,"rh":75,"wind_spd":2.6,"timestamp_utc":"2022-06-19T19:30:00","snow_rate":0,"app_temp":14.8,"pres":1003.2,"azimuth":307.56,"dewpt":10.4,"uv":1,"elev_angle":1.98,"wind_dir":358,"weather":{"icon":"c03n","code":803,"description":"Broken clouds"},"ghi":28.8,"dhi":18.02,"timestamp_local":"2022-06-19T21:30:00","solar_rad":23.351498,"vis":10,"dni":156.18,"temp":14.8,"slp":1013,"clouds":60,"ts":1655667000},{"precip_rate":0.125,"rh":76,"wind_spd":2.7,"timestamp_utc":"2022-06-19T19:45:00","snow_rate":0,"app_temp":14.6,"pres":1003.1937,"azimuth":310.48,"dewpt":10.4,"uv":1.2,"elev_angle":0.16,"wind_dir":358,"weather":{"icon":"c03n","code":803,"description":"Broken clouds"},"ghi":14.4,"dhi":9.01,"timestamp_local":"2022-06-19T21:45:00","solar_rad":12.962478,"vis":10,"dni":78.09,"temp":14.6,"slp":1013,"clouds":47,"ts":1655667900},{"precip_rate":0,"rh":77,"wind_spd":2.8,"timestamp_utc":"2022-06-19T20:00:00","snow_rate":0,"app_temp":14.4,"pres":1003.1875,"azimuth":313.4,"dewpt":10.4,"uv":0,"elev_angle":-1.66,"wind_dir":358,"weather":{"icon":"c02n","code":802,"description":"Scattered clouds"},"ghi":0,"dhi":0,"timestamp_local":"2022-06-19T22:00:00","solar_rad":0,"vis":10,"dni":0,"temp":14.4,"slp":1013,"clouds":34,"ts":1655668800},{"precip_rate":0,"rh":79,"wind_spd":2.8,"timestamp_utc":"2022-06-19T20:15:00","snow_rate":0,"app_temp":14.1,"pres":1003.17804,"azimuth":316.51,"dewpt":10.5,"uv":0,"elev_angle":-3.15,"wind_dir":269,"weather":{"icon":"c03n","code":803,"description":"Broken clouds"},"ghi":0,"dhi":0,"timestamp_local":"2022-06-19T22:15:00","solar_rad":0,"vis":10,"dni":0,"temp":14.1,"slp":1013,"clouds":46,"ts":1655669700},{"precip_rate":0,"rh":80,"wind_spd":2.8,"timestamp_utc":"2022-06-19T20:30:00","snow_rate":0,"app_temp":13.8,"pres":1003.1686,"azimuth":319.63,"dewpt":10.5,"uv":0,"elev_angle":-4.63,"wind_dir":180,"weather":{"icon":"c03n","code":803,"description":"Broken clouds"},"ghi":0,"dhi":0,"timestamp_local":"2022-06-19T22:30:00","solar_rad":0,"vis":10,"dni":0,"temp":13.8,"slp":1013,"clouds":58,"ts":1655670600},{"precip_rate":0,"rh":82,"wind_spd":2.8,"timestamp_utc":"2022-06-19T20:45:00","snow_rate":0,"app_temp":13.6,"pres":1003.1591,"azimuth":322.74,"dewpt":10.6,"uv":0,"elev_angle":-6.12,"wind_dir":91,"weather":{"icon":"c04n","code":804,"description":"Overcast clouds"},"ghi":0,"dhi":0,"timestamp_local":"2022-06-19T22:45:00","solar_rad":0,"vis":10,"dni":0,"temp":13.6,"slp":1013,"clouds":71,"ts":1655671500},{"precip_rate":0,"rh":84,"wind_spd":2.8,"timestamp_utc":"2022-06-19T21:00:00","snow_rate":0,"app_temp":13.3,"pres":1003.14966,"azimuth":325.85,"dewpt":10.7,"uv":0,"elev_angle":-7.6,"wind_dir":2,"weather":{"icon":"c04n","code":804,"description":"Overcast clouds"},"ghi":0,"dhi":0,"timestamp_local":"2022-06-19T23:00:00","solar_rad":0,"vis":10,"dni":0,"temp":13.3,"slp":1013,"clouds":83,"ts":1655672400},{"precip_rate":0,"rh":84,"wind_spd":2.7,"timestamp_utc":"2022-06-19T21:15:00","snow_rate":0,"app_temp":13.4,"pres":1003.15283,"azimuth":329.17,"dewpt":10.8,"uv":0,"elev_angle":-8.66,"wind_dir":2,"weather":{"icon":"c04n","code":804,"description":"Overcast clouds"},"ghi":0,"dhi":0,"timestamp_local":"2022-06-19T23:15:00","solar_rad":0,"vis":10,"dni":0,"temp":13.4,"slp":1013,"clouds":87,"ts":1655673300},{"precip_rate":0,"rh":83,"wind_spd":2.6,"timestamp_utc":"2022-06-19T21:30:00","snow_rate":0,"app_temp":13.5,"pres":1003.156,"azimuth":332.49,"dewpt":10.7,"uv":0,"elev_angle":-9.72,"wind_dir":3,"weather":{"icon":"c04n","code":804,"description":"Overcast clouds"},"ghi":0,"dhi":0,"timestamp_local":"2022-06-19T23:30:00","solar_rad":0,"vis":10,"dni":0,"temp":13.5,"slp":1013,"clouds":92,"ts":1655674200},{"precip_rate":0,"rh":82,"wind_spd":2.5,"timestamp_utc":"2022-06-19T21:45:00","snow_rate":0,"app_temp":13.6,"pres":1003.1591,"azimuth":335.81,"dewpt":10.6,"uv":0,"elev_angle":-10.78,"wind_dir":4,"weather":{"icon":"c04n","code":804,"description":"Overcast clouds"},"ghi":0,"dhi":0,"timestamp_local":"2022-06-19T23:45:00","solar_rad":0,"vis":10,"dni":0,"temp":13.6,"slp":1013,"clouds":96,"ts":1655675100},{"precip_rate":0,"rh":82,"wind_spd":2.4,"timestamp_utc":"2022-06-19T22:00:00","snow_rate":0,"app_temp":13.7,"pres":1003.1623,"azimuth":339.13,"dewpt":10.7,"uv":0,"elev_angle":-11.84,"wind_dir":4,"weather":{"icon":"c04n","code":804,"description":"Overcast clouds"},"ghi":0,"dhi":0,"timestamp_local":"2022-06-20T00:00:00","solar_rad":0,"vis":10,"dni":0,"temp":13.7,"slp":1013,"clouds":100,"ts":1655676000},{"precip_rate":0,"rh":82,"wind_spd":2.5,"timestamp_utc":"2022-06-19T22:15:00","snow_rate":0,"app_temp":13.5,"pres":1003.40356,"azimuth":342.62,"dewpt":10.5,"uv":0,"elev_angle":-12.39,"wind_dir":4,"weather":{"icon":"c04n","code":804,"description":"Overcast clouds"},"ghi":0,"dhi":0,"timestamp_local":"2022-06-20T00:15:00","solar_rad":0,"vis":10,"dni":0,"temp":13.5,"slp":1013.25,"clouds":100,"ts":1655676900},{"precip_rate":0,"rh":83,"wind_spd":2.6,"timestamp_utc":"2022-06-19T22:30:00","snow_rate":0,"app_temp":13.3,"pres":1003.6448,"azimuth":346.1,"dewpt":10.5,"uv":0,"elev_angle":-12.95,"wind_dir":5,"weather":{"icon":"c04n","code":804,"description":"Overcast clouds"},"ghi":0,"dhi":0,"timestamp_local":"2022-06-20T00:30:00","solar_rad":0,"vis":10,"dni":0,"temp":13.3,"slp":1013.5,"clouds":100,"ts":1655677800},{"precip_rate":0,"rh":84,"wind_spd":2.7,"timestamp_utc":"2022-06-19T22:45:00","snow_rate":0,"app_temp":13.2,"pres":1003.886,"azimuth":349.59,"dewpt":10.5,"uv":0,"elev_angle":-13.5,"wind_dir":6,"weather":{"icon":"c04n","code":804,"description":"Overcast clouds"},"ghi":0,"dhi":0,"timestamp_local":"2022-06-20T00:45:00","solar_rad":0,"vis":10,"dni":0,"temp":13.2,"slp":1013.75,"clouds":100,"ts":1655678700},{"precip_rate":0,"rh":84,"wind_spd":2.8,"timestamp_utc":"2022-06-19T23:00:00","snow_rate":0,"app_temp":13,"pres":1004.12726,"azimuth":353.07,"dewpt":10.4,"uv":0,"elev_angle":-14.05,"wind_dir":6,"weather":{"icon":"c04n","code":804,"description":"Overcast clouds"},"ghi":0,"dhi":0,"timestamp_local":"2022-06-20T01:00:00","solar_rad":0,"vis":10,"dni":0,"temp":13,"slp":1014,"clouds":100,"ts":1655679600},{"precip_rate":0,"rh":85,"wind_spd":2.6,"timestamp_utc":"2022-06-19T23:15:00","snow_rate":0,"app_temp":12.8,"pres":1004.12085,"azimuth":266.62,"dewpt":10.3,"uv":0,"elev_angle":-14.04,"wind_dir":14,"weather":{"icon":"c04n","code":804,"description":"Overcast clouds"},"ghi":0,"dhi":0,"timestamp_local":"2022-06-20T01:15:00","solar_rad":0,"vis":10,"dni":0,"temp":12.8,"slp":1014,"clouds":100,"ts":1655680500},{"precip_rate":0,"rh":86,"wind_spd":2.4,"timestamp_utc":"2022-06-19T23:30:00","snow_rate":0,"app_temp":12.6,"pres":1004.1145,"azimuth":180.16,"dewpt":10.3,"uv":0,"elev_angle":-14.04,"wind_dir":21,"weather":{"icon":"c04n","code":804,"description":"Overcast clouds"},"ghi":0,"dhi":0,"timestamp_local":"2022-06-20T01:30:00","solar_rad":0,"vis":10,"dni":0,"temp":12.6,"slp":1014,"clouds":100,"ts":1655681400},{"precip_rate":0,"rh":87,"wind_spd":2.2,"timestamp_utc":"2022-06-19T23:45:00","snow_rate":0,"app_temp":12.4,"pres":1004.10815,"azimuth":93.71,"dewpt":10.3,"uv":0,"elev_angle":-14.03,"wind_dir":28,"weather":{"icon":"c04n","code":804,"description":"Overcast clouds"},"ghi":0,"dhi":0,"timestamp_local":"2022-06-20T01:45:00","solar_rad":0,"vis":10,"dni":0,"temp":12.4,"slp":1014,"clouds":100,"ts":1655682300}],"sources":["103150-99999","imerg","merra2","era5","modis"],"city_id":"2856883"}
