{"timezone":"Europe\/Berlin","state_code":"06","country_code":"DE","lat":52.2833,"lon":8,"city_name":"Osnabr�ck","station_id":"103150-99999","data":[{"precip_rate":0,"rh":82,"wind_spd":0.62,"timestamp_utc":"2022-07-17T00:00:00","snow_rate":0,"app_temp":11,"pres":1017.87366,"azimuth":6.33,"dewpt":8.1,"uv":0,"elev_angle":-16.38,"wind_dir":25,"weather":{"icon":"c01n","code":800,"description":"Clear Sky"},"ghi":0,"dhi":0,"timestamp_local":"2022-07-17T02:00:00","solar_rad":0,"vis":10,"dni":0,"temp":11,"slp":1028,"clouds":0,"ts":1658016000},{"precip_rate":0,"rh":82,"wind_spd":0.6,"timestamp_utc":"2022-07-17T00:15:00","snow_rate":0,"app_temp":10.9,"pres":1017.8604,"azimuth":9.91,"dewpt":8.1,"uv":0,"elev_angle":-15.85,"wind_dir":26,"weather":{"icon":"c01n","code":800,"description":"Clear Sky"},"ghi":0,"dhi":0,"timestamp_local":"2022-07-17T02:15:00","solar_rad":0,"vis":10,"dni":0,"temp":10.9,"slp":1028,"clouds":0,"ts":1658016900},{"precip_rate":0,"rh":83,"wind_spd":0.58,"timestamp_utc":"2022-07-17T00:30:00","snow_rate":0,"app_temp":10.8,"pres":1017.84717,"azimuth":13.5,"dewpt":8,"uv":0,"elev_angle":-15.31,"wind_dir":28,"weather":{"icon":"c01n","code":800,"description":"Clear Sky"},"ghi":0,"dhi":0,"timestamp_local":"2022-07-17T02:30:00","solar_rad":0,"vis":10,"dni":0,"temp":10.8,"slp":1028,"clouds":0,"ts":1658017800},{"precip_rate":0,"rh":84,"wind_spd":0.56,"timestamp_utc":"2022-07-17T00:45:00","snow_rate":0,"app_temp":10.6,"pres":1017.83386,"azimuth":17.08,"dewpt":8,"uv":0,"elev_angle":-14.78,"wind_dir":30,"weather":{"icon":"c01n","code":800,"description":"Clear Sky"},"ghi":0,"dhi":0,"timestamp_local":"2022-07-17T02:45:00","solar_rad":0,"vis":10,"dni":0,"temp":10.6,"slp":1028,"clouds":0,"ts":1658018700},{"precip_rate":0,"rh":84,"wind_spd":0.54,"timestamp_utc":"2022-07-17T01:00:00","snow_rate":0,"app_temp":10.5,"pres":1017.8206,"azimuth":20.66,"dewpt":7.9,"uv":0,"elev_angle":-14.24,"wind_dir":31,"weather":{"icon":"c01n","code":800,"description":"Clear Sky"},"ghi":0,"dhi":0,"timestamp_local":"2022-07-17T03:00:00","solar_rad":0,"vis":10,"dni":0,"temp":10.5,"slp":1028,"clouds":0,"ts":1658019600},{"precip_rate":0,"rh":84,"wind_spd":0.47,"timestamp_utc":"2022-07-17T01:15:00","snow_rate":0,"app_temp":10.3,"pres":1017.5731,"azimuth":24.07,"dewpt":7.8,"uv":0,"elev_angle":-13.18,"wind_dir":42,"weather":{"icon":"c01n","code":800,"description":"Clear Sky"},"ghi":0,"dhi":0,"timestamp_local":"2022-07-17T03:15:00","solar_rad":0,"vis":10,"dni":0,"temp":10.3,"slp":1027.75,"clouds":0,"ts":1658020500},{"precip_rate":0,"rh":85,"wind_spd":0.39,"timestamp_utc":"2022-07-17T01:30:00","snow_rate":0,"app_temp":10.2,"pres":1017.32556,"azimuth":27.48,"dewpt":7.8,"uv":0,"elev_angle":-12.13,"wind_dir":54,"weather":{"icon":"c01n","code":800,"description":"Clear Sky"},"ghi":0,"dhi":0,"timestamp_local":"2022-07-17T03:30:00","solar_rad":0,"vis":10,"dni":0,"temp":10.2,"slp":1027.5,"clouds":0,"ts":1658021400},{"precip_rate":0,"rh":86,"wind_spd":0.32,"timestamp_utc":"2022-07-17T01:45:00","snow_rate":0,"app_temp":10,"pres":1017.078,"azimuth":30.89,"dewpt":7.8,"uv":0,"elev_angle":-11.07,"wind_dir":65,"weather":{"icon":"c01n","code":800,"description":"Clear Sky"},"ghi":0,"dhi":0,"timestamp_local":"2022-07-17T03:45:00","solar_rad":0,"vis":10,"dni":0,"temp":10,"slp":1027.25,"clouds":0,"ts":1658022300},{"precip_rate":0,"rh":86,"wind_spd":0.25,"timestamp_utc":"2022-07-17T02:00:00","snow_rate":0,"app_temp":9.9,"pres":1016.8305,"azimuth":34.3,"dewpt":7.7,"uv":0,"elev_angle":-10.01,"wind_dir":76,"weather":{"icon":"c01n","code":800,"description":"Clear Sky"},"ghi":0,"dhi":0,"timestamp_local":"2022-07-17T04:00:00","solar_rad":0,"vis":10,"dni":0,"temp":9.9,"slp":1027,"clouds":0,"ts":1658023200},{"precip_rate":0,"rh":87,"wind_spd":0.31,"timestamp_utc":"2022-07-17T02:15:00","snow_rate":0,"app_temp":9.7,"pres":1016.83386,"azimuth":37.49,"dewpt":7.6,"uv":0,"elev_angle":-8.52,"wind_dir":98,"weather":{"icon":"c02n","code":801,"description":"Few clouds"},"ghi":0,"dhi":0,"timestamp_local":"2022-07-17T04:15:00","solar_rad":0,"vis":10,"dni":0,"temp":9.7,"slp":1027,"clouds":2,"ts":1658024100},{"precip_rate":0,"rh":88,"wind_spd":0.37,"timestamp_utc":"2022-07-17T02:30:00","snow_rate":0,"app_temp":9.5,"pres":1016.83716,"azimuth":40.68,"dewpt":7.6,"uv":0,"elev_angle":-7.03,"wind_dir":120,"weather":{"icon":"c02n","code":801,"description":"Few clouds"},"ghi":0,"dhi":0,"timestamp_local":"2022-07-17T04:30:00","solar_rad":0,"vis":10,"dni":0,"temp":9.5,"slp":1027,"clouds":5,"ts":1658025000},{"precip_rate":0,"rh":89,"wind_spd":0.43,"timestamp_utc":"2022-07-17T02:45:00","snow_rate":0,"app_temp":9.3,"pres":1016.84045,"azimuth":43.86,"dewpt":7.5,"uv":0,"elev_angle":-5.53,"wind_dir":141,"weather":{"icon":"c02n","code":801,"description":"Few clouds"},"ghi":0,"dhi":0,"timestamp_local":"2022-07-17T04:45:00","solar_rad":0,"vis":10,"dni":0,"temp":9.3,"slp":1027,"clouds":8,"ts":1658025900},{"precip_rate":0,"rh":90,"wind_spd":0.49,"timestamp_utc":"2022-07-17T03:00:00","snow_rate":0,"app_temp":9.1,"pres":1016.8438,"azimuth":47.05,"dewpt":7.5,"uv":0,"elev_angle":-4.04,"wind_dir":163,"weather":{"icon":"c02n","code":801,"description":"Few clouds"},"ghi":0,"dhi":0,"timestamp_local":"2022-07-17T05:00:00","solar_rad":0,"vis":10,"dni":0,"temp":9.1,"slp":1027,"clouds":10,"ts":1658026800},{"precip_rate":0,"rh":90,"wind_spd":0.45,"timestamp_utc":"2022-07-17T03:15:00","snow_rate":0,"app_temp":9,"pres":1017.088,"azimuth":50.03,"dewpt":7.5,"uv":0,"elev_angle":-2.21,"wind_dir":180,"weather":{"icon":"c02n","code":801,"description":"Few clouds"},"ghi":7,"dhi":6.39,"timestamp_local":"2022-07-17T05:15:00","solar_rad":6.9921265,"vis":10,"dni":49.67,"temp":9,"slp":1027.25,"clouds":14,"ts":1658027700},{"precip_rate":0,"rh":91,"wind_spd":0.4,"timestamp_utc":"2022-07-17T03:30:00","snow_rate":0,"app_temp":9,"pres":1017.3322,"azimuth":53.01,"dewpt":7.5,"uv":0,"elev_angle":-0.38,"wind_dir":198,"weather":{"icon":"c02n","code":801,"description":"Few clouds"},"ghi":14,"dhi":12.78,"timestamp_local":"2022-07-17T05:30:00","solar_rad":13.9555235,"vis":10,"dni":99.34,"temp":9,"slp":1027.5,"clouds":19,"ts":1658028600},{"precip_rate":0,"rh":92,"wind_spd":0.35,"timestamp_utc":"2022-07-17T03:45:00","snow_rate":0,"app_temp":8.9,"pres":1017.5764,"azimuth":55.99,"dewpt":7.6,"uv":1.5,"elev_angle":1.46,"wind_dir":215,"weather":{"icon":"c02n","code":802,"description":"Scattered clouds"},"ghi":21,"dhi":19.17,"timestamp_local":"2022-07-17T05:45:00","solar_rad":20.852367,"vis":10,"dni":149,"temp":8.9,"slp":1027.75,"clouds":24,"ts":1658029500},{"precip_rate":0,"rh":92,"wind_spd":0.31,"timestamp_utc":"2022-07-17T04:00:00","snow_rate":0,"app_temp":8.8,"pres":1017.8206,"azimuth":58.97,"dewpt":7.6,"uv":1.4,"elev_angle":3.29,"wind_dir":232,"weather":{"icon":"c02n","code":802,"description":"Scattered clouds"},"ghi":28,"dhi":25.56,"timestamp_local":"2022-07-17T06:00:00","solar_rad":27.667542,"vis":10,"dni":198.67,"temp":8.8,"slp":1028,"clouds":28,"ts":1658030400},{"precip_rate":0,"rh":92,"wind_spd":0.33,"timestamp_utc":"2022-07-17T04:15:00","snow_rate":0,"app_temp":9,"pres":1017.83057,"azimuth":61.82,"dewpt":7.8,"uv":1.3,"elev_angle":5.36,"wind_dir":248,"weather":{"icon":"c03d","code":803,"description":"Broken clouds"},"ghi":58.1,"dhi":33.07,"timestamp_local":"2022-07-17T06:15:00","solar_rad":55.361794,"vis":10,"dni":274.25,"temp":9,"slp":1028,"clouds":42,"ts":1658031300},{"precip_rate":0,"rh":92,"wind_spd":0.36,"timestamp_utc":"2022-07-17T04:30:00","snow_rate":0,"app_temp":9.2,"pres":1017.8405,"azimuth":64.66,"dewpt":8.1,"uv":1.1,"elev_angle":7.43,"wind_dir":264,"weather":{"icon":"c03d","code":803,"description":"Broken clouds"},"ghi":88.1,"dhi":40.58,"timestamp_local":"2022-07-17T06:30:00","solar_rad":77.05775,"vis":10,"dni":349.84,"temp":9.2,"slp":1028,"clouds":56,"ts":1658032200},{"precip_rate":0,"rh":93,"wind_spd":0.39,"timestamp_utc":"2022-07-17T04:45:00","snow_rate":0,"app_temp":9.4,"pres":1017.85046,"azimuth":67.51,"dewpt":8.3,"uv":0.9,"elev_angle":9.5,"wind_dir":279,"weather":{"icon":"c04d","code":804,"description":"Overcast clouds"},"ghi":118.2,"dhi":48.09,"timestamp_local":"2022-07-17T06:45:00","solar_rad":84.99998,"vis":10,"dni":425.42,"temp":9.4,"slp":1028,"clouds":71,"ts":1658033100},{"precip_rate":0,"rh":93,"wind_spd":0.41,"timestamp_utc":"2022-07-17T05:00:00","snow_rate":0,"app_temp":9.6,"pres":1017.8604,"azimuth":70.35,"dewpt":8.6,"uv":0.8,"elev_angle":11.57,"wind_dir":295,"weather":{"icon":"c04d","code":804,"description":"Overcast clouds"},"ghi":148.2,"dhi":55.6,"timestamp_local":"2022-07-17T07:00:00","solar_rad":71.44352,"vis":10,"dni":501,"temp":9.6,"slp":1028,"clouds":85,"ts":1658034000},{"precip_rate":0,"rh":90,"wind_spd":0.34,"timestamp_utc":"2022-07-17T05:15:00","snow_rate":0,"app_temp":10.4,"pres":1017.88336,"azimuth":73.16,"dewpt":8.8,"uv":0.9,"elev_angle":13.79,"wind_dir":288,"weather":{"icon":"c04d","code":804,"description":"Overcast clouds"},"ghi":185.9,"dhi":60.59,"timestamp_local":"2022-07-17T07:15:00","solar_rad":125.79512,"vis":10,"dni":540.2,"temp":10.4,"slp":1028,"clouds":74,"ts":1658034900},{"precip_rate":0,"rh":86,"wind_spd":0.27,"timestamp_utc":"2022-07-17T05:30:00","snow_rate":0,"app_temp":11.3,"pres":1017.90625,"azimuth":75.98,"dewpt":9.1,"uv":1.1,"elev_angle":16.02,"wind_dir":280,"weather":{"icon":"c03d","code":803,"description":"Broken clouds"},"ghi":223.5,"dhi":65.58,"timestamp_local":"2022-07-17T07:30:00","solar_rad":181.69022,"vis":10,"dni":579.4,"temp":11.3,"slp":1028,"clouds":63,"ts":1658035800},{"precip_rate":0,"rh":83,"wind_spd":0.19,"timestamp_utc":"2022-07-17T05:45:00","snow_rate":0,"app_temp":12.1,"pres":1017.9292,"azimuth":78.79,"dewpt":9.3,"uv":1.4,"elev_angle":18.24,"wind_dir":273,"weather":{"icon":"c03d","code":803,"description":"Broken clouds"},"ghi":261.2,"dhi":70.57,"timestamp_local":"2022-07-17T07:45:00","solar_rad":235.75356,"vis":10,"dni":618.59,"temp":12.1,"slp":1028,"clouds":52,"ts":1658036700},{"precip_rate":0,"rh":80,"wind_spd":0.12,"timestamp_utc":"2022-07-17T06:00:00","snow_rate":0,"app_temp":12.9,"pres":1017.95215,"azimuth":81.6,"dewpt":9.6,"uv":1.6,"elev_angle":20.46,"wind_dir":266,"weather":{"icon":"c03d","code":803,"description":"Broken clouds"},"ghi":298.9,"dhi":75.56,"timestamp_local":"2022-07-17T08:00:00","solar_rad":285.92123,"vis":10,"dni":657.79,"temp":12.9,"slp":1028,"clouds":41,"ts":1658037600},{"precip_rate":0,"rh":78,"wind_spd":0.11,"timestamp_utc":"2022-07-17T06:15:00","snow_rate":0,"app_temp":13.3,"pres":1017.97784,"azimuth":84.53,"dewpt":9.5,"uv":1.6,"elev_angle":22.75,"wind_dir":239,"weather":{"icon":"c03d","code":803,"description":"Broken clouds"},"ghi":338.3,"dhi":79.23,"timestamp_local":"2022-07-17T08:15:00","solar_rad":311.37155,"vis":10,"dni":681.77,"temp":13.3,"slp":1028,"clouds":49,"ts":1658038500},{"precip_rate":0,"rh":75,"wind_spd":0.11,"timestamp_utc":"2022-07-17T06:30:00","snow_rate":0,"app_temp":13.7,"pres":1018.00354,"azimuth":87.45,"dewpt":9.3,"uv":1.6,"elev_angle":25.04,"wind_dir":212,"weather":{"icon":"c03d","code":803,"description":"Broken clouds"},"ghi":377.6,"dhi":82.9,"timestamp_local":"2022-07-17T08:30:00","solar_rad":324.27515,"vis":10,"dni":705.74,"temp":13.7,"slp":1028,"clouds":58,"ts":1658039400},{"precip_rate":0,"rh":72,"wind_spd":0.11,"timestamp_utc":"2022-07-17T06:45:00","snow_rate":0,"app_temp":14.1,"pres":1018.02924,"azimuth":90.38,"dewpt":9.2,"uv":1.6,"elev_angle":27.32,"wind_dir":184,"weather":{"icon":"c03d","code":803,"description":"Broken clouds"},"ghi":417,"dhi":86.56,"timestamp_local":"2022-07-17T08:45:00","solar_rad":325.62488,"vis":10,"dni":729.72,"temp":14.1,"slp":1028,"clouds":66,"ts":1658040300},{"precip_rate":0,"rh":70,"wind_spd":0.11,"timestamp_utc":"2022-07-17T07:00:00","snow_rate":0,"app_temp":14.5,"pres":1018.05493,"azimuth":93.3,"dewpt":9.1,"uv":1.5,"elev_angle":29.61,"wind_dir":157,"weather":{"icon":"c04d","code":804,"description":"Overcast clouds"},"ghi":456.4,"dhi":90.23,"timestamp_local":"2022-07-17T09:00:00","solar_rad":308.8375,"vis":10,"dni":753.69,"temp":14.5,"slp":1028,"clouds":74,"ts":1658041200},{"precip_rate":0,"rh":68,"wind_spd":0.23,"timestamp_utc":"2022-07-17T07:15:00","snow_rate":0,"app_temp":14.9,"pres":1018.07385,"azimuth":96.54,"dewpt":8.9,"uv":1.7,"elev_angle":31.87,"wind_dir":197,"weather":{"icon":"c04d","code":804,"description":"Overcast clouds"},"ghi":493.4,"dhi":92.96,"timestamp_local":"2022-07-17T09:15:00","solar_rad":333.87473,"vis":10,"dni":769.33,"temp":14.9,"slp":1028,"clouds":74,"ts":1658042100},{"precip_rate":0,"rh":65,"wind_spd":0.35,"timestamp_utc":"2022-07-17T07:30:00","snow_rate":0,"app_temp":15.3,"pres":1018.0928,"azimuth":99.77,"dewpt":8.7,"uv":1.8,"elev_angle":34.13,"wind_dir":237,"weather":{"icon":"c04d","code":804,"description":"Overcast clouds"},"ghi":530.4,"dhi":95.69,"timestamp_local":"2022-07-17T09:30:00","solar_rad":358.91196,"vis":10,"dni":784.96,"temp":15.3,"slp":1028,"clouds":74,"ts":1658043000},{"precip_rate":0,"rh":62,"wind_spd":0.48,"timestamp_utc":"2022-07-17T07:45:00","snow_rate":0,"app_temp":15.6,"pres":1018.11176,"azimuth":103.01,"dewpt":8.5,"uv":2,"elev_angle":36.38,"wind_dir":277,"weather":{"icon":"c04d","code":804,"description":"Overcast clouds"},"ghi":567.4,"dhi":98.42,"timestamp_local":"2022-07-17T09:45:00","solar_rad":383.94916,"vis":10,"dni":800.6,"temp":15.6,"slp":1028,"clouds":74,"ts":1658043900},{"precip_rate":0,"rh":60,"wind_spd":0.6,"timestamp_utc":"2022-07-17T08:00:00","snow_rate":0,"app_temp":16,"pres":1018.1307,"azimuth":106.24,"dewpt":8.3,"uv":2.2,"elev_angle":38.64,"wind_dir":317,"weather":{"icon":"c04d","code":804,"description":"Overcast clouds"},"ghi":604.4,"dhi":101.15,"timestamp_local":"2022-07-17T10:00:00","solar_rad":408.9864,"vis":10,"dni":816.23,"temp":16,"slp":1028,"clouds":74,"ts":1658044800},{"precip_rate":0,"rh":58,"wind_spd":0.68,"timestamp_utc":"2022-07-17T08:15:00","snow_rate":0,"app_temp":16.5,"pres":1018.14,"azimuth":110.08,"dewpt":8.3,"uv":2.4,"elev_angle":40.74,"wind_dir":320,"weather":{"icon":"c04d","code":804,"description":"Overcast clouds"},"ghi":635.6,"dhi":103.11,"timestamp_local":"2022-07-17T10:15:00","solar_rad":457.07263,"vis":10,"dni":826.47,"temp":16.5,"slp":1028,"clouds":71,"ts":1658045700},{"precip_rate":0,"rh":56,"wind_spd":0.76,"timestamp_utc":"2022-07-17T08:30:00","snow_rate":0,"app_temp":17.1,"pres":1018.1494,"azimuth":113.92,"dewpt":8.3,"uv":2.7,"elev_angle":42.83,"wind_dir":324,"weather":{"icon":"c03d","code":803,"description":"Broken clouds"},"ghi":666.8,"dhi":105.08,"timestamp_local":"2022-07-17T10:30:00","solar_rad":505.07825,"vis":10,"dni":836.71,"temp":17.1,"slp":1028,"clouds":68,"ts":1658046600},{"precip_rate":0,"rh":55,"wind_spd":0.84,"timestamp_utc":"2022-07-17T08:45:00","snow_rate":0,"app_temp":17.6,"pres":1018.15875,"azimuth":117.75,"dewpt":8.4,"uv":3.1,"elev_angle":44.93,"wind_dir":327,"weather":{"icon":"c03d","code":803,"description":"Broken clouds"},"ghi":698,"dhi":107.04,"timestamp_local":"2022-07-17T10:45:00","solar_rad":560.2442,"vis":10,"dni":846.94,"temp":17.6,"slp":1028,"clouds":64,"ts":1658047500},{"precip_rate":0,"rh":53,"wind_spd":0.92,"timestamp_utc":"2022-07-17T09:00:00","snow_rate":0,"app_temp":18.1,"pres":1018.1681,"azimuth":121.59,"dewpt":8.4,"uv":3.4,"elev_angle":47.02,"wind_dir":330,"weather":{"icon":"c03d","code":803,"description":"Broken clouds"},"ghi":729.2,"dhi":109,"timestamp_local":"2022-07-17T11:00:00","solar_rad":606.96075,"vis":10,"dni":857.18,"temp":18.1,"slp":1028,"clouds":61,"ts":1658048400},{"precip_rate":0,"rh":52,"wind_spd":0.91,"timestamp_utc":"2022-07-17T09:15:00","snow_rate":0,"app_temp":17.7,"pres":1018.1804,"azimuth":126.4,"dewpt":8.3,"uv":4,"elev_angle":48.75,"wind_dir":336,"weather":{"icon":"c03d","code":803,"description":"Broken clouds"},"ghi":751.9,"dhi":110.28,"timestamp_local":"2022-07-17T11:15:00","solar_rad":678.6489,"vis":10,"dni":863.46,"temp":18.4,"slp":1028,"clouds":52,"ts":1658049300},{"precip_rate":0,"rh":50,"wind_spd":0.9,"timestamp_utc":"2022-07-17T09:30:00","snow_rate":0,"app_temp":18,"pres":1018.1928,"azimuth":131.21,"dewpt":8.2,"uv":4.6,"elev_angle":50.48,"wind_dir":343,"weather":{"icon":"c03d","code":803,"description":"Broken clouds"},"ghi":774.6,"dhi":111.57,"timestamp_local":"2022-07-17T11:30:00","solar_rad":731.8379,"vis":10,"dni":869.75,"temp":18.8,"slp":1028,"clouds":44,"ts":1658050200},{"precip_rate":0,"rh":48,"wind_spd":0.9,"timestamp_utc":"2022-07-17T09:45:00","snow_rate":0,"app_temp":18.4,"pres":1018.2052,"azimuth":136.01,"dewpt":8.1,"uv":5.3,"elev_angle":52.2,"wind_dir":350,"weather":{"icon":"c02d","code":802,"description":"Scattered clouds"},"ghi":797.2,"dhi":112.85,"timestamp_local":"2022-07-17T11:45:00","solar_rad":776.9865,"vis":10,"dni":876.03,"temp":19.1,"slp":1028,"clouds":35,"ts":1658051100},{"precip_rate":0,"rh":47,"wind_spd":0.89,"timestamp_utc":"2022-07-17T10:00:00","snow_rate":0,"app_temp":18.7,"pres":1018.2175,"azimuth":140.82,"dewpt":8,"uv":6,"elev_angle":53.93,"wind_dir":356,"weather":{"icon":"c02d","code":802,"description":"Scattered clouds"},"ghi":819.9,"dhi":114.13,"timestamp_local":"2022-07-17T12:00:00","solar_rad":812.3332,"vis":10,"dni":882.31,"temp":19.5,"slp":1028,"clouds":26,"ts":1658052000},{"precip_rate":0,"rh":46,"wind_spd":0.9,"timestamp_utc":"2022-07-17T10:15:00","snow_rate":0,"app_temp":19.1,"pres":1018.22675,"azimuth":146.83,"dewpt":8.1,"uv":5.6,"elev_angle":54.98,"wind_dir":268,"weather":{"icon":"c02d","code":802,"description":"Scattered clouds"},"ghi":832.1,"dhi":114.78,"timestamp_local":"2022-07-17T12:15:00","solar_rad":808.88086,"vis":10,"dni":885.38,"temp":19.9,"slp":1028,"clouds":36,"ts":1658052900},{"precip_rate":0,"rh":46,"wind_spd":0.92,"timestamp_utc":"2022-07-17T10:30:00","snow_rate":0,"app_temp":19.5,"pres":1018.23596,"azimuth":152.84,"dewpt":8.2,"uv":5.3,"elev_angle":56.04,"wind_dir":180,"weather":{"icon":"c03d","code":803,"description":"Broken clouds"},"ghi":844.4,"dhi":115.43,"timestamp_local":"2022-07-17T12:30:00","solar_rad":790.179,"vis":10,"dni":888.45,"temp":20.2,"slp":1028,"clouds":46,"ts":1658053800},{"precip_rate":0,"rh":46,"wind_spd":0.94,"timestamp_utc":"2022-07-17T10:45:00","snow_rate":0,"app_temp":19.9,"pres":1018.2451,"azimuth":158.85,"dewpt":8.2,"uv":4.9,"elev_angle":57.09,"wind_dir":92,"weather":{"icon":"c03d","code":803,"description":"Broken clouds"},"ghi":856.6,"dhi":116.08,"timestamp_local":"2022-07-17T12:45:00","solar_rad":755.6157,"vis":10,"dni":891.52,"temp":20.6,"slp":1028,"clouds":55,"ts":1658054700},{"precip_rate":0,"rh":45,"wind_spd":0.96,"timestamp_utc":"2022-07-17T11:00:00","snow_rate":0,"app_temp":20.2,"pres":1018.25433,"azimuth":164.86,"dewpt":8.3,"uv":4.5,"elev_angle":58.14,"wind_dir":4,"weather":{"icon":"c03d","code":803,"description":"Broken clouds"},"ghi":868.8,"dhi":116.73,"timestamp_local":"2022-07-17T13:00:00","solar_rad":688.0544,"vis":10,"dni":894.59,"temp":20.9,"slp":1028,"clouds":65,"ts":1658055600},{"precip_rate":0,"rh":43,"wind_spd":0.99,"timestamp_utc":"2022-07-17T11:15:00","snow_rate":0,"app_temp":20.5,"pres":1018.0158,"azimuth":171.56,"dewpt":8,"uv":4.7,"elev_angle":58.21,"wind_dir":89,"weather":{"icon":"c03d","code":803,"description":"Broken clouds"},"ghi":869.6,"dhi":116.77,"timestamp_local":"2022-07-17T13:15:00","solar_rad":715.53864,"vis":10,"dni":894.77,"temp":21.2,"slp":1027.75,"clouds":62,"ts":1658056500},{"precip_rate":0,"rh":42,"wind_spd":1.03,"timestamp_utc":"2022-07-17T11:30:00","snow_rate":0,"app_temp":20.8,"pres":1017.77734,"azimuth":178.25,"dewpt":7.7,"uv":4.9,"elev_angle":58.28,"wind_dir":174,"weather":{"icon":"c03d","code":803,"description":"Broken clouds"},"ghi":870.4,"dhi":116.81,"timestamp_local":"2022-07-17T13:30:00","solar_rad":747.4817,"vis":10,"dni":894.96,"temp":21.5,"slp":1027.5,"clouds":58,"ts":1658057400},{"precip_rate":0,"rh":40,"wind_spd":1.06,"timestamp_utc":"2022-07-17T11:45:00","snow_rate":0,"app_temp":21.1,"pres":1017.5388,"azimuth":184.95,"dewpt":7.3,"uv":5.1,"elev_angle":58.34,"wind_dir":260,"weather":{"icon":"c03d","code":803,"description":"Broken clouds"},"ghi":871.1,"dhi":116.85,"timestamp_local":"2022-07-17T13:45:00","solar_rad":768.4063,"vis":10,"dni":895.14,"temp":21.8,"slp":1027.25,"clouds":55,"ts":1658058300},{"precip_rate":0,"rh":38,"wind_spd":1.09,"timestamp_utc":"2022-07-17T12:00:00","snow_rate":0,"app_temp":21.4,"pres":1017.3003,"azimuth":191.64,"dewpt":7,"uv":5.2,"elev_angle":58.41,"wind_dir":345,"weather":{"icon":"c03d","code":803,"description":"Broken clouds"},"ghi":871.9,"dhi":116.89,"timestamp_local":"2022-07-17T14:00:00","solar_rad":786.9584,"vis":10,"dni":895.32,"temp":22.1,"slp":1027,"clouds":52,"ts":1658059200},{"precip_rate":0,"rh":38,"wind_spd":1.11,"timestamp_utc":"2022-07-17T12:15:00","snow_rate":0,"app_temp":21.6,"pres":1017.3123,"azimuth":197.79,"dewpt":7.1,"uv":4.5,"elev_angle":57.47,"wind_dir":343,"weather":{"icon":"c03d","code":803,"description":"Broken clouds"},"ghi":861.1,"dhi":116.32,"timestamp_local":"2022-07-17T14:15:00","solar_rad":691.15515,"vis":10,"dni":892.64,"temp":22.3,"slp":1027,"clouds":64,"ts":1658060100},{"precip_rate":0,"rh":38,"wind_spd":1.12,"timestamp_utc":"2022-07-17T12:30:00","snow_rate":0,"app_temp":21.9,"pres":1017.32434,"azimuth":203.95,"dewpt":7.3,"uv":3.8,"elev_angle":56.53,"wind_dir":342,"weather":{"icon":"c04d","code":804,"description":"Overcast clouds"},"ghi":850.3,"dhi":115.75,"timestamp_local":"2022-07-17T14:30:00","solar_rad":562.5449,"vis":10,"dni":889.95,"temp":22.6,"slp":1027,"clouds":75,"ts":1658061000},{"precip_rate":0,"rh":37,"wind_spd":1.13,"timestamp_utc":"2022-07-17T12:45:00","snow_rate":0,"app_temp":22.1,"pres":1017.3364,"azimuth":210.1,"dewpt":7.4,"uv":3.1,"elev_angle":55.59,"wind_dir":340,"weather":{"icon":"c04d","code":804,"description":"Overcast clouds"},"ghi":839.5,"dhi":115.18,"timestamp_local":"2022-07-17T14:45:00","solar_rad":387.06317,"vis":10,"dni":887.27,"temp":22.8,"slp":1027,"clouds":86,"ts":1658061900},{"precip_rate":0,"rh":37,"wind_spd":1.15,"timestamp_utc":"2022-07-17T13:00:00","snow_rate":0,"app_temp":22.3,"pres":1017.34845,"azimuth":216.25,"dewpt":7.5,"uv":2.4,"elev_angle":54.65,"wind_dir":338,"weather":{"icon":"c04d","code":804,"description":"Overcast clouds"},"ghi":828.7,"dhi":114.61,"timestamp_local":"2022-07-17T15:00:00","solar_rad":132.38058,"vis":10,"dni":884.58,"temp":23,"slp":1027,"clouds":98,"ts":1658062800},{"precip_rate":0,"rh":36,"wind_spd":1.19,"timestamp_utc":"2022-07-17T13:15:00","snow_rate":0,"app_temp":22.5,"pres":1017.35443,"azimuth":221.21,"dewpt":7.4,"uv":2.8,"elev_angle":52.99,"wind_dir":336,"weather":{"icon":"c04d","code":804,"description":"Overcast clouds"},"ghi":807.3,"dhi":113.41,"timestamp_local":"2022-07-17T15:15:00","solar_rad":336.8445,"vis":10,"dni":878.74,"temp":23.2,"slp":1027,"clouds":88,"ts":1658063700},{"precip_rate":0,"rh":36,"wind_spd":1.24,"timestamp_utc":"2022-07-17T13:30:00","snow_rate":0,"app_temp":22.7,"pres":1017.3604,"azimuth":226.17,"dewpt":7.3,"uv":3.2,"elev_angle":51.33,"wind_dir":334,"weather":{"icon":"c04d","code":804,"description":"Overcast clouds"},"ghi":785.9,"dhi":112.21,"timestamp_local":"2022-07-17T15:30:00","solar_rad":495.04385,"vis":10,"dni":872.9,"temp":23.4,"slp":1027,"clouds":77,"ts":1658064600},{"precip_rate":0,"rh":35,"wind_spd":1.29,"timestamp_utc":"2022-07-17T13:45:00","snow_rate":0,"app_temp":22.8,"pres":1017.3664,"azimuth":231.13,"dewpt":7.2,"uv":3.5,"elev_angle":49.67,"wind_dir":333,"weather":{"icon":"c03d","code":803,"description":"Broken clouds"},"ghi":764.4,"dhi":111.01,"timestamp_local":"2022-07-17T15:45:00","solar_rad":596.9009,"vis":10,"dni":867.06,"temp":23.5,"slp":1027,"clouds":66,"ts":1658065500},{"precip_rate":0,"rh":34,"wind_spd":1.34,"timestamp_utc":"2022-07-17T14:00:00","snow_rate":0,"app_temp":23,"pres":1017.3724,"azimuth":236.09,"dewpt":7.1,"uv":3.8,"elev_angle":48.01,"wind_dir":331,"weather":{"icon":"c03d","code":803,"description":"Broken clouds"},"ghi":743,"dhi":109.81,"timestamp_local":"2022-07-17T16:00:00","solar_rad":649.8741,"vis":10,"dni":861.22,"temp":23.7,"slp":1027,"clouds":56,"ts":1658066400},{"precip_rate":0,"rh":34,"wind_spd":1.42,"timestamp_utc":"2022-07-17T14:15:00","snow_rate":0,"app_temp":23,"pres":1017.1277,"azimuth":240.03,"dewpt":7,"uv":3.1,"elev_angle":45.95,"wind_dir":332,"weather":{"icon":"c03d","code":803,"description":"Broken clouds"},"ghi":712.7,"dhi":107.94,"timestamp_local":"2022-07-17T16:15:00","solar_rad":548.33716,"vis":10,"dni":851.55,"temp":23.7,"slp":1026.75,"clouds":67,"ts":1658067300},{"precip_rate":0,"rh":34,"wind_spd":1.5,"timestamp_utc":"2022-07-17T14:30:00","snow_rate":0,"app_temp":23.1,"pres":1016.88306,"azimuth":243.97,"dewpt":7,"uv":2.5,"elev_angle":43.89,"wind_dir":332,"weather":{"icon":"c04d","code":804,"description":"Overcast clouds"},"ghi":682.5,"dhi":106.07,"timestamp_local":"2022-07-17T16:30:00","solar_rad":418.58334,"vis":10,"dni":841.88,"temp":23.8,"slp":1026.5,"clouds":78,"ts":1658068200},{"precip_rate":0,"rh":34,"wind_spd":1.58,"timestamp_utc":"2022-07-17T14:45:00","snow_rate":0,"app_temp":23.1,"pres":1016.63837,"azimuth":247.9,"dewpt":7,"uv":1.9,"elev_angle":41.82,"wind_dir":333,"weather":{"icon":"c04d","code":804,"description":"Overcast clouds"},"ghi":652.2,"dhi":104.19,"timestamp_local":"2022-07-17T16:45:00","solar_rad":257.24344,"vis":10,"dni":832.21,"temp":23.8,"slp":1026.25,"clouds":89,"ts":1658069100},{"precip_rate":0,"rh":34,"wind_spd":1.66,"timestamp_utc":"2022-07-17T15:00:00","snow_rate":0,"app_temp":23.1,"pres":1016.3937,"azimuth":251.84,"dewpt":6.9,"uv":1.4,"elev_angle":39.76,"wind_dir":334,"weather":{"icon":"c04d","code":804,"description":"Overcast clouds"},"ghi":622,"dhi":102.32,"timestamp_local":"2022-07-17T17:00:00","solar_rad":164.52,"vis":10,"dni":822.54,"temp":23.8,"slp":1026,"clouds":100,"ts":1658070000},{"precip_rate":0,"rh":34,"wind_spd":1.7,"timestamp_utc":"2022-07-17T15:15:00","snow_rate":0,"app_temp":23.1,"pres":1016.3966,"azimuth":255.14,"dewpt":7,"uv":1.3,"elev_angle":37.52,"wind_dir":337,"weather":{"icon":"c04d","code":804,"description":"Overcast clouds"},"ghi":585.5,"dhi":99.69,"timestamp_local":"2022-07-17T17:15:00","solar_rad":158.24,"vis":10,"dni":807.7,"temp":23.8,"slp":1026,"clouds":100,"ts":1658070900},{"precip_rate":0,"rh":34,"wind_spd":1.74,"timestamp_utc":"2022-07-17T15:30:00","snow_rate":0,"app_temp":23.1,"pres":1016.3996,"azimuth":258.44,"dewpt":7,"uv":1.2,"elev_angle":35.27,"wind_dir":340,"weather":{"icon":"c04d","code":804,"description":"Overcast clouds"},"ghi":549,"dhi":97.07,"timestamp_local":"2022-07-17T17:30:00","solar_rad":151.97,"vis":10,"dni":792.86,"temp":23.8,"slp":1026,"clouds":100,"ts":1658071800},{"precip_rate":0,"rh":34,"wind_spd":1.79,"timestamp_utc":"2022-07-17T15:45:00","snow_rate":0,"app_temp":23,"pres":1016.4026,"azimuth":261.73,"dewpt":7,"uv":1.1,"elev_angle":33.03,"wind_dir":342,"weather":{"icon":"c04d","code":804,"description":"Overcast clouds"},"ghi":512.6,"dhi":94.44,"timestamp_local":"2022-07-17T17:45:00","solar_rad":145.7,"vis":10,"dni":778.02,"temp":23.7,"slp":1026,"clouds":100,"ts":1658072700},{"precip_rate":0,"rh":34,"wind_spd":1.83,"timestamp_utc":"2022-07-17T16:00:00","snow_rate":0,"app_temp":23,"pres":1016.4055,"azimuth":265.03,"dewpt":7.1,"uv":1,"elev_angle":30.78,"wind_dir":345,"weather":{"icon":"c04d","code":804,"description":"Overcast clouds"},"ghi":476.1,"dhi":91.81,"timestamp_local":"2022-07-17T18:00:00","solar_rad":139.42,"vis":10,"dni":763.18,"temp":23.7,"slp":1026,"clouds":100,"ts":1658073600},{"precip_rate":0,"rh":34,"wind_spd":1.83,"timestamp_utc":"2022-07-17T16:15:00","snow_rate":0,"app_temp":22.8,"pres":1016.1549,"azimuth":267.98,"dewpt":7.2,"uv":0.9,"elev_angle":28.49,"wind_dir":260,"weather":{"icon":"c04d","code":804,"description":"Overcast clouds"},"ghi":436.8,"dhi":88.27,"timestamp_local":"2022-07-17T18:15:00","solar_rad":131.95,"vis":10,"dni":740.49,"temp":23.6,"slp":1025.75,"clouds":100,"ts":1658074500},{"precip_rate":0,"rh":35,"wind_spd":1.83,"timestamp_utc":"2022-07-17T16:30:00","snow_rate":0,"app_temp":22.7,"pres":1015.9043,"azimuth":270.93,"dewpt":7.3,"uv":0.9,"elev_angle":26.19,"wind_dir":175,"weather":{"icon":"c04d","code":804,"description":"Overcast clouds"},"ghi":397.4,"dhi":84.74,"timestamp_local":"2022-07-17T18:30:00","solar_rad":124.48,"vis":10,"dni":717.8,"temp":23.4,"slp":1025.5,"clouds":100,"ts":1658075400},{"precip_rate":0,"rh":36,"wind_spd":1.83,"timestamp_utc":"2022-07-17T16:45:00","snow_rate":0,"app_temp":22.6,"pres":1015.6536,"azimuth":273.88,"dewpt":7.3,"uv":0.8,"elev_angle":23.9,"wind_dir":90,"weather":{"icon":"c04d","code":804,"description":"Overcast clouds"},"ghi":358.1,"dhi":81.2,"timestamp_local":"2022-07-17T18:45:00","solar_rad":117.01,"vis":10,"dni":695.11,"temp":23.3,"slp":1025.25,"clouds":100,"ts":1658076300},{"precip_rate":0,"rh":36,"wind_spd":1.83,"timestamp_utc":"2022-07-17T17:00:00","snow_rate":0,"app_temp":22.4,"pres":1015.403,"azimuth":276.83,"dewpt":7.4,"uv":0.7,"elev_angle":21.6,"wind_dir":5,"weather":{"icon":"c04d","code":804,"description":"Overcast clouds"},"ghi":318.8,"dhi":77.66,"timestamp_local":"2022-07-17T19:00:00","solar_rad":109.54,"vis":10,"dni":672.42,"temp":23.1,"slp":1025,"clouds":100,"ts":1658077200},{"precip_rate":0,"rh":36,"wind_spd":1.72,"timestamp_utc":"2022-07-17T17:15:00","snow_rate":0,"app_temp":22.4,"pres":1015.3971,"azimuth":279.65,"dewpt":7.5,"uv":0.7,"elev_angle":19.36,"wind_dir":11,"weather":{"icon":"c04d","code":804,"description":"Overcast clouds"},"ghi":280.5,"dhi":72.86,"timestamp_local":"2022-07-17T19:15:00","solar_rad":125.74584,"vis":10,"dni":635.73,"temp":23.1,"slp":1025,"clouds":97,"ts":1658078100},{"precip_rate":0,"rh":37,"wind_spd":1.61,"timestamp_utc":"2022-07-17T17:30:00","snow_rate":0,"app_temp":22.3,"pres":1015.3911,"azimuth":282.47,"dewpt":7.5,"uv":0.7,"elev_angle":17.13,"wind_dir":17,"weather":{"icon":"c04d","code":804,"description":"Overcast clouds"},"ghi":242.3,"dhi":68.07,"timestamp_local":"2022-07-17T19:30:00","solar_rad":133.67241,"vis":10,"dni":599.04,"temp":23,"slp":1025,"clouds":94,"ts":1658079000},{"precip_rate":0,"rh":38,"wind_spd":1.5,"timestamp_utc":"2022-07-17T17:45:00","snow_rate":0,"app_temp":22.3,"pres":1015.38513,"azimuth":285.28,"dewpt":7.6,"uv":0.7,"elev_angle":14.89,"wind_dir":23,"weather":{"icon":"c04d","code":804,"description":"Overcast clouds"},"ghi":204.1,"dhi":63.27,"timestamp_local":"2022-07-17T19:45:00","solar_rad":65.75479,"vis":10,"dni":562.35,"temp":22.9,"slp":1025,"clouds":92,"ts":1658079900},{"precip_rate":0,"rh":38,"wind_spd":1.39,"timestamp_utc":"2022-07-17T18:00:00","snow_rate":0,"app_temp":22.2,"pres":1015.3792,"azimuth":288.1,"dewpt":7.7,"uv":0.7,"elev_angle":12.65,"wind_dir":29,"weather":{"icon":"c04d","code":804,"description":"Overcast clouds"},"ghi":165.9,"dhi":58.47,"timestamp_local":"2022-07-17T20:00:00","solar_rad":65.43497,"vis":10,"dni":525.66,"temp":22.9,"slp":1025,"clouds":89,"ts":1658080800},{"precip_rate":0,"rh":40,"wind_spd":1.33,"timestamp_utc":"2022-07-17T18:15:00","snow_rate":0,"app_temp":21.7,"pres":1015.3672,"azimuth":290.93,"dewpt":8,"uv":1,"elev_angle":10.55,"wind_dir":30,"weather":{"icon":"c03d","code":803,"description":"Broken clouds"},"ghi":134.4,"dhi":51.4,"timestamp_local":"2022-07-17T20:15:00","solar_rad":103.40468,"vis":10,"dni":456.65,"temp":22.4,"slp":1025,"clouds":67,"ts":1658081700},{"precip_rate":0,"rh":42,"wind_spd":1.28,"timestamp_utc":"2022-07-17T18:30:00","snow_rate":0,"app_temp":21.1,"pres":1015.3552,"azimuth":293.77,"dewpt":8.3,"uv":1.2,"elev_angle":8.45,"wind_dir":31,"weather":{"icon":"c03d","code":803,"description":"Broken clouds"},"ghi":102.8,"dhi":44.33,"timestamp_local":"2022-07-17T20:30:00","solar_rad":96.67426,"vis":10,"dni":387.63,"temp":21.8,"slp":1025,"clouds":45,"ts":1658082600},{"precip_rate":0,"rh":45,"wind_spd":1.23,"timestamp_utc":"2022-07-17T18:45:00","snow_rate":0,"app_temp":20.6,"pres":1015.34326,"azimuth":296.6,"dewpt":8.6,"uv":1.5,"elev_angle":6.35,"wind_dir":32,"weather":{"icon":"c02d","code":802,"description":"Scattered clouds"},"ghi":71.2,"dhi":37.25,"timestamp_local":"2022-07-17T20:45:00","solar_rad":70.76689,"vis":10,"dni":318.62,"temp":21.3,"slp":1025,"clouds":23,"ts":1658083500},{"precip_rate":0,"rh":47,"wind_spd":1.17,"timestamp_utc":"2022-07-17T19:00:00","snow_rate":0,"app_temp":20.1,"pres":1015.33124,"azimuth":299.43,"dewpt":8.9,"uv":1.7,"elev_angle":4.25,"wind_dir":33,"weather":{"icon":"c01n","code":800,"description":"Clear Sky"},"ghi":39.7,"dhi":30.18,"timestamp_local":"2022-07-17T21:00:00","solar_rad":39.699993,"vis":10,"dni":249.6,"temp":20.7,"slp":1025,"clouds":1,"ts":1658084400},{"precip_rate":0,"rh":50,"wind_spd":1.16,"timestamp_utc":"2022-07-17T19:15:00","snow_rate":0,"app_temp":19.5,"pres":1015.55756,"azimuth":302.39,"dewpt":9.2,"uv":1.6,"elev_angle":2.38,"wind_dir":38,"weather":{"icon":"c02n","code":801,"description":"Few clouds"},"ghi":29.7,"dhi":22.64,"timestamp_local":"2022-07-17T21:15:00","solar_rad":29.68022,"vis":10,"dni":187.2,"temp":20.2,"slp":1025.25,"clouds":12,"ts":1658085300},{"precip_rate":0,"rh":52,"wind_spd":1.14,"timestamp_utc":"2022-07-17T19:30:00","snow_rate":0,"app_temp":19,"pres":1015.78394,"azimuth":305.35,"dewpt":9.4,"uv":1.5,"elev_angle":0.51,"wind_dir":44,"weather":{"icon":"c02n","code":802,"description":"Scattered clouds"},"ghi":19.8,"dhi":15.09,"timestamp_local":"2022-07-17T21:30:00","solar_rad":19.679556,"vis":10,"dni":124.8,"temp":19.6,"slp":1025.5,"clouds":23,"ts":1658086200},{"precip_rate":0,"rh":55,"wind_spd":1.12,"timestamp_utc":"2022-07-17T19:45:00","snow_rate":0,"app_temp":18.4,"pres":1016.01025,"azimuth":308.31,"dewpt":9.7,"uv":0,"elev_angle":-1.37,"wind_dir":50,"weather":{"icon":"c02n","code":802,"description":"Scattered clouds"},"ghi":9.9,"dhi":7.55,"timestamp_local":"2022-07-17T21:45:00","solar_rad":9.67254,"vis":10,"dni":62.4,"temp":19.1,"slp":1025.75,"clouds":34,"ts":1658087100},{"precip_rate":0,"rh":58,"wind_spd":1.1,"timestamp_utc":"2022-07-17T20:00:00","snow_rate":0,"app_temp":17.9,"pres":1016.2366,"azimuth":311.27,"dewpt":10,"uv":0,"elev_angle":-3.24,"wind_dir":55,"weather":{"icon":"c03n","code":803,"description":"Broken clouds"},"ghi":0,"dhi":0,"timestamp_local":"2022-07-17T22:00:00","solar_rad":0,"vis":10,"dni":0,"temp":18.5,"slp":1026,"clouds":45,"ts":1658088000},{"precip_rate":0,"rh":60,"wind_spd":1.14,"timestamp_utc":"2022-07-17T20:15:00","snow_rate":0,"app_temp":18.1,"pres":1015.9673,"azimuth":314.43,"dewpt":10.2,"uv":0,"elev_angle":-4.79,"wind_dir":60,"weather":{"icon":"c02n","code":802,"description":"Scattered clouds"},"ghi":0,"dhi":0,"timestamp_local":"2022-07-17T22:15:00","solar_rad":0,"vis":10,"dni":0,"temp":18.1,"slp":1025.75,"clouds":34,"ts":1658088900},{"precip_rate":0,"rh":62,"wind_spd":1.18,"timestamp_utc":"2022-07-17T20:30:00","snow_rate":0,"app_temp":17.6,"pres":1015.698,"azimuth":317.59,"dewpt":10.3,"uv":0,"elev_angle":-6.34,"wind_dir":64,"weather":{"icon":"c02n","code":802,"description":"Scattered clouds"},"ghi":0,"dhi":0,"timestamp_local":"2022-07-17T22:30:00","solar_rad":0,"vis":10,"dni":0,"temp":17.6,"slp":1025.5,"clouds":22,"ts":1658089800},{"precip_rate":0,"rh":65,"wind_spd":1.22,"timestamp_utc":"2022-07-17T20:45:00","snow_rate":0,"app_temp":17.2,"pres":1015.4287,"azimuth":320.74,"dewpt":10.5,"uv":0,"elev_angle":-7.89,"wind_dir":68,"weather":{"icon":"c02n","code":801,"description":"Few clouds"},"ghi":0,"dhi":0,"timestamp_local":"2022-07-17T22:45:00","solar_rad":0,"vis":10,"dni":0,"temp":17.2,"slp":1025.25,"clouds":11,"ts":1658090700},{"precip_rate":0,"rh":67,"wind_spd":1.26,"timestamp_utc":"2022-07-17T21:00:00","snow_rate":0,"app_temp":16.8,"pres":1015.1594,"azimuth":323.9,"dewpt":10.6,"uv":0,"elev_angle":-9.44,"wind_dir":73,"weather":{"icon":"c01n","code":800,"description":"Clear Sky"},"ghi":0,"dhi":0,"timestamp_local":"2022-07-17T23:00:00","solar_rad":0,"vis":10,"dni":0,"temp":16.8,"slp":1025,"clouds":0,"ts":1658091600},{"precip_rate":0,"rh":68,"wind_spd":1.29,"timestamp_utc":"2022-07-17T21:15:00","snow_rate":0,"app_temp":16.5,"pres":1015.3945,"azimuth":327.29,"dewpt":10.5,"uv":0,"elev_angle":-10.57,"wind_dir":76,"weather":{"icon":"c01n","code":800,"description":"Clear Sky"},"ghi":0,"dhi":0,"timestamp_local":"2022-07-17T23:15:00","solar_rad":0,"vis":10,"dni":0,"temp":16.5,"slp":1025.25,"clouds":0,"ts":1658092500},{"precip_rate":0,"rh":68,"wind_spd":1.31,"timestamp_utc":"2022-07-17T21:30:00","snow_rate":0,"app_temp":16.2,"pres":1015.6295,"azimuth":330.67,"dewpt":10.4,"uv":0,"elev_angle":-11.69,"wind_dir":80,"weather":{"icon":"c01n","code":800,"description":"Clear Sky"},"ghi":0,"dhi":0,"timestamp_local":"2022-07-17T23:30:00","solar_rad":0,"vis":10,"dni":0,"temp":16.2,"slp":1025.5,"clouds":0,"ts":1658093400},{"precip_rate":0,"rh":69,"wind_spd":1.33,"timestamp_utc":"2022-07-17T21:45:00","snow_rate":0,"app_temp":15.9,"pres":1015.86456,"azimuth":334.06,"dewpt":10.3,"uv":0,"elev_angle":-12.82,"wind_dir":84,"weather":{"icon":"c01n","code":800,"description":"Clear Sky"},"ghi":0,"dhi":0,"timestamp_local":"2022-07-17T23:45:00","solar_rad":0,"vis":10,"dni":0,"temp":15.9,"slp":1025.75,"clouds":1,"ts":1658094300},{"precip_rate":0,"rh":70,"wind_spd":1.36,"timestamp_utc":"2022-07-17T22:00:00","snow_rate":0,"app_temp":15.6,"pres":1016.0996,"azimuth":337.44,"dewpt":10.2,"uv":0,"elev_angle":-13.94,"wind_dir":87,"weather":{"icon":"c01n","code":800,"description":"Clear Sky"},"ghi":0,"dhi":0,"timestamp_local":"2022-07-18T00:00:00","solar_rad":0,"vis":10,"dni":0,"temp":15.6,"slp":1026,"clouds":1,"ts":1658095200},{"precip_rate":0,"rh":71,"wind_spd":1.37,"timestamp_utc":"2022-07-17T22:15:00","snow_rate":0,"app_temp":15.4,"pres":1016.09326,"azimuth":341.01,"dewpt":10.2,"uv":0,"elev_angle":-14.55,"wind_dir":91,"weather":{"icon":"c01n","code":800,"description":"Clear Sky"},"ghi":0,"dhi":0,"timestamp_local":"2022-07-18T00:15:00","solar_rad":0,"vis":10,"dni":0,"temp":15.4,"slp":1026,"clouds":1,"ts":1658096100},{"precip_rate":0,"rh":72,"wind_spd":1.39,"timestamp_utc":"2022-07-17T22:30:00","snow_rate":0,"app_temp":15.2,"pres":1016.0869,"azimuth":344.58,"dewpt":10.1,"uv":0,"elev_angle":-15.17,"wind_dir":96,"weather":{"icon":"c01n","code":800,"description":"Clear Sky"},"ghi":0,"dhi":0,"timestamp_local":"2022-07-18T00:30:00","solar_rad":0,"vis":10,"dni":0,"temp":15.2,"slp":1026,"clouds":0,"ts":1658097000},{"precip_rate":0,"rh":72,"wind_spd":1.41,"timestamp_utc":"2022-07-17T22:45:00","snow_rate":0,"app_temp":15,"pres":1016.0806,"azimuth":348.15,"dewpt":10.1,"uv":0,"elev_angle":-15.78,"wind_dir":100,"weather":{"icon":"c01n","code":800,"description":"Clear Sky"},"ghi":0,"dhi":0,"timestamp_local":"2022-07-18T00:45:00","solar_rad":0,"vis":10,"dni":0,"temp":15,"slp":1026,"clouds":0,"ts":1658097900},{"precip_rate":0,"rh":73,"wind_spd":1.42,"timestamp_utc":"2022-07-17T23:00:00","snow_rate":0,"app_temp":14.8,"pres":1016.0743,"azimuth":351.72,"dewpt":10,"uv":0,"elev_angle":-16.39,"wind_dir":104,"weather":{"icon":"c01n","code":800,"description":"Clear Sky"},"ghi":0,"dhi":0,"timestamp_local":"2022-07-18T01:00:00","solar_rad":0,"vis":10,"dni":0,"temp":14.8,"slp":1026,"clouds":0,"ts":1658098800},{"precip_rate":0,"rh":74,"wind_spd":1.41,"timestamp_utc":"2022-07-17T23:15:00","snow_rate":0,"app_temp":14.6,"pres":1015.81714,"azimuth":265.37,"dewpt":10.1,"uv":0,"elev_angle":-16.43,"wind_dir":104,"weather":{"icon":"c01n","code":800,"description":"Clear Sky"},"ghi":0,"dhi":0,"timestamp_local":"2022-07-18T01:15:00","solar_rad":0,"vis":10,"dni":0,"temp":14.6,"slp":1025.75,"clouds":0,"ts":1658099700},{"precip_rate":0,"rh":76,"wind_spd":1.39,"timestamp_utc":"2022-07-17T23:30:00","snow_rate":0,"app_temp":14.5,"pres":1015.56006,"azimuth":179.02,"dewpt":10.2,"uv":0,"elev_angle":-16.47,"wind_dir":105,"weather":{"icon":"c01n","code":800,"description":"Clear Sky"},"ghi":0,"dhi":0,"timestamp_local":"2022-07-18T01:30:00","solar_rad":0,"vis":10,"dni":0,"temp":14.5,"slp":1025.5,"clouds":0,"ts":1658100600},{"precip_rate":0,"rh":78,"wind_spd":1.38,"timestamp_utc":"2022-07-17T23:45:00","snow_rate":0,"app_temp":14.3,"pres":1015.3029,"azimuth":92.67,"dewpt":10.3,"uv":0,"elev_angle":-16.51,"wind_dir":106,"weather":{"icon":"c01n","code":800,"description":"Clear Sky"},"ghi":0,"dhi":0,"timestamp_local":"2022-07-18T01:45:00","solar_rad":0,"vis":10,"dni":0,"temp":14.3,"slp":1025.25,"clouds":0,"ts":1658101500}],"sources":["103150-99999","imerg","merra2","era5","modis"],"city_id":"2856883"}
