{"timezone":"Europe\/Berlin","state_code":"06","country_code":"DE","lat":52.2833,"lon":8,"city_name":"Osnabr�ck","station_id":"103150-99999","data":[{"precip_rate":0,"rh":78,"wind_spd":2,"timestamp_utc":"2022-06-22T00:00:00","snow_rate":0,"app_temp":14.1,"pres":1004.1652,"azimuth":7.14,"dewpt":10.3,"uv":0,"elev_angle":-14.03,"wind_dir":58,"weather":{"icon":"c04n","code":804,"description":"Overcast clouds"},"ghi":0,"dhi":0,"timestamp_local":"2022-06-22T02:00:00","solar_rad":0,"vis":10,"dni":0,"temp":14.1,"slp":1014,"clouds":95,"ts":1655856000},{"precip_rate":0,"rh":80,"wind_spd":2.2,"timestamp_utc":"2022-06-22T00:15:00","snow_rate":0,"app_temp":13.7,"pres":1004.1525,"azimuth":10.62,"dewpt":10.3,"uv":0,"elev_angle":-13.47,"wind_dir":54,"weather":{"icon":"c04n","code":804,"description":"Overcast clouds"},"ghi":0,"dhi":0,"timestamp_local":"2022-06-22T02:15:00","solar_rad":0,"vis":10,"dni":0,"temp":13.7,"slp":1014,"clouds":88,"ts":1655856900},{"precip_rate":0,"rh":81,"wind_spd":2.4,"timestamp_utc":"2022-06-22T00:30:00","snow_rate":0,"app_temp":13.3,"pres":1004.1399,"azimuth":14.11,"dewpt":10.2,"uv":0,"elev_angle":-12.91,"wind_dir":49,"weather":{"icon":"c04n","code":804,"description":"Overcast clouds"},"ghi":0,"dhi":0,"timestamp_local":"2022-06-22T02:30:00","solar_rad":0,"vis":10,"dni":0,"temp":13.3,"slp":1014,"clouds":82,"ts":1655857800},{"precip_rate":0,"rh":82,"wind_spd":2.6,"timestamp_utc":"2022-06-22T00:45:00","snow_rate":0,"app_temp":13,"pres":1004.1272,"azimuth":17.59,"dewpt":10,"uv":0,"elev_angle":-12.35,"wind_dir":44,"weather":{"icon":"c04n","code":804,"description":"Overcast clouds"},"ghi":0,"dhi":0,"timestamp_local":"2022-06-22T02:45:00","solar_rad":0,"vis":10,"dni":0,"temp":13,"slp":1014,"clouds":76,"ts":1655858700},{"precip_rate":0,"rh":84,"wind_spd":2.8,"timestamp_utc":"2022-06-22T01:00:00","snow_rate":0,"app_temp":12.6,"pres":1004.1145,"azimuth":21.07,"dewpt":10,"uv":0,"elev_angle":-11.79,"wind_dir":40,"weather":{"icon":"c03n","code":803,"description":"Broken clouds"},"ghi":0,"dhi":0,"timestamp_local":"2022-06-22T03:00:00","solar_rad":0,"vis":10,"dni":0,"temp":12.6,"slp":1014,"clouds":69,"ts":1655859600},{"precip_rate":0,"rh":84,"wind_spd":2.6,"timestamp_utc":"2022-06-22T01:15:00","snow_rate":0,"app_temp":12.4,"pres":1004.10815,"azimuth":24.39,"dewpt":9.8,"uv":0,"elev_angle":-10.73,"wind_dir":40,"weather":{"icon":"c03n","code":803,"description":"Broken clouds"},"ghi":0,"dhi":0,"timestamp_local":"2022-06-22T03:15:00","solar_rad":0,"vis":10,"dni":0,"temp":12.4,"slp":1014,"clouds":53,"ts":1655860500},{"precip_rate":0,"rh":85,"wind_spd":2.4,"timestamp_utc":"2022-06-22T01:30:00","snow_rate":0,"app_temp":12.3,"pres":1004.10175,"azimuth":27.71,"dewpt":9.8,"uv":0,"elev_angle":-9.66,"wind_dir":41,"weather":{"icon":"c02n","code":802,"description":"Scattered clouds"},"ghi":0,"dhi":0,"timestamp_local":"2022-06-22T03:30:00","solar_rad":0,"vis":10,"dni":0,"temp":12.3,"slp":1014,"clouds":38,"ts":1655861400},{"precip_rate":0,"rh":86,"wind_spd":2.2,"timestamp_utc":"2022-06-22T01:45:00","snow_rate":0,"app_temp":12.1,"pres":1004.09534,"azimuth":31.02,"dewpt":9.8,"uv":0,"elev_angle":-8.6,"wind_dir":42,"weather":{"icon":"c02n","code":802,"description":"Scattered clouds"},"ghi":0,"dhi":0,"timestamp_local":"2022-06-22T03:45:00","solar_rad":0,"vis":10,"dni":0,"temp":12.1,"slp":1014,"clouds":22,"ts":1655862300},{"precip_rate":0,"rh":86,"wind_spd":2,"timestamp_utc":"2022-06-22T02:00:00","snow_rate":0,"app_temp":11.9,"pres":1004.089,"azimuth":34.34,"dewpt":9.6,"uv":0,"elev_angle":-7.53,"wind_dir":42,"weather":{"icon":"c02n","code":801,"description":"Few clouds"},"ghi":0,"dhi":0,"timestamp_local":"2022-06-22T04:00:00","solar_rad":0,"vis":10,"dni":0,"temp":11.9,"slp":1014,"clouds":6,"ts":1655863200},{"precip_rate":0,"rh":86,"wind_spd":2.2,"timestamp_utc":"2022-06-22T02:15:00","snow_rate":0,"app_temp":11.8,"pres":1003.83826,"azimuth":37.45,"dewpt":9.5,"uv":0,"elev_angle":-6.04,"wind_dir":40,"weather":{"icon":"c02n","code":801,"description":"Few clouds"},"ghi":0,"dhi":0,"timestamp_local":"2022-06-22T04:15:00","solar_rad":0,"vis":10,"dni":0,"temp":11.8,"slp":1013.75,"clouds":5,"ts":1655864100},{"precip_rate":0,"rh":86,"wind_spd":2.4,"timestamp_utc":"2022-06-22T02:30:00","snow_rate":0,"app_temp":11.7,"pres":1003.58746,"azimuth":40.56,"dewpt":9.4,"uv":0,"elev_angle":-4.55,"wind_dir":39,"weather":{"icon":"c02n","code":801,"description":"Few clouds"},"ghi":0,"dhi":0,"timestamp_local":"2022-06-22T04:30:00","solar_rad":0,"vis":10,"dni":0,"temp":11.7,"slp":1013.5,"clouds":4,"ts":1655865000},{"precip_rate":0,"rh":86,"wind_spd":2.6,"timestamp_utc":"2022-06-22T02:45:00","snow_rate":0,"app_temp":11.6,"pres":1003.3367,"azimuth":43.67,"dewpt":9.3,"uv":0,"elev_angle":-3.05,"wind_dir":38,"weather":{"icon":"c02n","code":801,"description":"Few clouds"},"ghi":0,"dhi":0,"timestamp_local":"2022-06-22T04:45:00","solar_rad":0,"vis":10,"dni":0,"temp":11.6,"slp":1013.25,"clouds":3,"ts":1655865900},{"precip_rate":0,"rh":86,"wind_spd":2.8,"timestamp_utc":"2022-06-22T03:00:00","snow_rate":0,"app_temp":11.5,"pres":1003.08594,"azimuth":46.78,"dewpt":9.2,"uv":0,"elev_angle":-1.56,"wind_dir":36,"weather":{"icon":"c02n","code":801,"description":"Few clouds"},"ghi":0,"dhi":0,"timestamp_local":"2022-06-22T05:00:00","solar_rad":0,"vis":10,"dni":0,"temp":11.5,"slp":1013,"clouds":2,"ts":1655866800},{"precip_rate":0,"rh":86,"wind_spd":2.7,"timestamp_utc":"2022-06-22T03:15:00","snow_rate":0,"app_temp":11.4,"pres":1003.08276,"azimuth":49.7,"dewpt":9.1,"uv":1.7,"elev_angle":0.26,"wind_dir":40,"weather":{"icon":"c02n","code":801,"description":"Few clouds"},"ghi":14.8,"dhi":9.12,"timestamp_local":"2022-06-22T05:15:00","solar_rad":14.799977,"vis":10,"dni":79.27,"temp":11.4,"slp":1013,"clouds":2,"ts":1655867700},{"precip_rate":0,"rh":85,"wind_spd":2.6,"timestamp_utc":"2022-06-22T03:30:00","snow_rate":0,"app_temp":11.3,"pres":1003.0795,"azimuth":52.62,"dewpt":8.9,"uv":1.7,"elev_angle":2.09,"wind_dir":45,"weather":{"icon":"c02n","code":801,"description":"Few clouds"},"ghi":29.6,"dhi":18.24,"timestamp_local":"2022-06-22T05:30:00","solar_rad":29.599955,"vis":10,"dni":158.54,"temp":11.3,"slp":1013,"clouds":2,"ts":1655868600},{"precip_rate":0,"rh":84,"wind_spd":2.5,"timestamp_utc":"2022-06-22T03:45:00","snow_rate":0,"app_temp":11.2,"pres":1003.0763,"azimuth":55.54,"dewpt":8.6,"uv":1.7,"elev_angle":3.91,"wind_dir":50,"weather":{"icon":"c01n","code":800,"description":"Clear Sky"},"ghi":44.4,"dhi":27.35,"timestamp_local":"2022-06-22T05:45:00","solar_rad":44.399994,"vis":10,"dni":237.8,"temp":11.2,"slp":1013,"clouds":1,"ts":1655869500},{"precip_rate":0,"rh":84,"wind_spd":2.4,"timestamp_utc":"2022-06-22T04:00:00","snow_rate":0,"app_temp":11.1,"pres":1003.0731,"azimuth":58.46,"dewpt":8.5,"uv":1.8,"elev_angle":5.73,"wind_dir":54,"weather":{"icon":"c01d","code":800,"description":"Clear Sky"},"ghi":59.2,"dhi":36.47,"timestamp_local":"2022-06-22T06:00:00","solar_rad":59.199993,"vis":10,"dni":317.07,"temp":11.1,"slp":1013,"clouds":1,"ts":1655870400},{"precip_rate":0,"rh":82,"wind_spd":2.4,"timestamp_utc":"2022-06-22T04:15:00","snow_rate":0,"app_temp":11.7,"pres":1003.0923,"azimuth":61.26,"dewpt":8.7,"uv":1.6,"elev_angle":7.79,"wind_dir":56,"weather":{"icon":"c02d","code":801,"description":"Few clouds"},"ghi":91.4,"dhi":42.8,"timestamp_local":"2022-06-22T06:15:00","solar_rad":91.27001,"vis":10,"dni":376.09,"temp":11.7,"slp":1013,"clouds":15,"ts":1655871300},{"precip_rate":0,"rh":80,"wind_spd":2.4,"timestamp_utc":"2022-06-22T04:30:00","snow_rate":0,"app_temp":12.2,"pres":1003.1114,"azimuth":64.05,"dewpt":8.9,"uv":1.5,"elev_angle":9.85,"wind_dir":57,"weather":{"icon":"c02d","code":802,"description":"Scattered clouds"},"ghi":123.6,"dhi":49.13,"timestamp_local":"2022-06-22T06:30:00","solar_rad":121.946465,"vis":10,"dni":435.11,"temp":12.2,"slp":1013,"clouds":29,"ts":1655872200},{"precip_rate":0,"rh":78,"wind_spd":2.4,"timestamp_utc":"2022-06-22T04:45:00","snow_rate":0,"app_temp":12.8,"pres":1003.1305,"azimuth":66.85,"dewpt":9,"uv":1.3,"elev_angle":11.91,"wind_dir":58,"weather":{"icon":"c03d","code":803,"description":"Broken clouds"},"ghi":155.8,"dhi":55.45,"timestamp_local":"2022-06-22T06:45:00","solar_rad":147.84569,"vis":10,"dni":494.12,"temp":12.8,"slp":1013,"clouds":43,"ts":1655873100},{"precip_rate":0,"rh":76,"wind_spd":2.4,"timestamp_utc":"2022-06-22T05:00:00","snow_rate":0,"app_temp":13.3,"pres":1003.14966,"azimuth":69.64,"dewpt":9.2,"uv":1.2,"elev_angle":13.97,"wind_dir":60,"weather":{"icon":"c03d","code":803,"description":"Broken clouds"},"ghi":187.9,"dhi":61.78,"timestamp_local":"2022-06-22T07:00:00","solar_rad":162.88826,"vis":10,"dni":553.14,"temp":13.3,"slp":1013,"clouds":57,"ts":1655874000},{"precip_rate":0,"rh":73,"wind_spd":2.3,"timestamp_utc":"2022-06-22T05:15:00","snow_rate":0,"app_temp":13.9,"pres":1003.4192,"azimuth":72.42,"dewpt":9.2,"uv":1.1,"elev_angle":16.19,"wind_dir":64,"weather":{"icon":"c03d","code":803,"description":"Broken clouds"},"ghi":226,"dhi":66.29,"timestamp_local":"2022-06-22T07:15:00","solar_rad":176.47775,"vis":10,"dni":586.6,"temp":13.9,"slp":1013.25,"clouds":66,"ts":1655874900},{"precip_rate":0,"rh":70,"wind_spd":2.2,"timestamp_utc":"2022-06-22T05:30:00","snow_rate":0,"app_temp":14.6,"pres":1003.6887,"azimuth":75.2,"dewpt":9.2,"uv":1,"elev_angle":18.41,"wind_dir":68,"weather":{"icon":"c04d","code":804,"description":"Overcast clouds"},"ghi":264,"dhi":70.79,"timestamp_local":"2022-06-22T07:30:00","solar_rad":178.64395,"vis":10,"dni":620.06,"temp":14.6,"slp":1013.5,"clouds":74,"ts":1655875800},{"precip_rate":0,"rh":68,"wind_spd":2.1,"timestamp_utc":"2022-06-22T05:45:00","snow_rate":0,"app_temp":15.3,"pres":1003.9583,"azimuth":77.97,"dewpt":9.4,"uv":1,"elev_angle":20.62,"wind_dir":72,"weather":{"icon":"c04d","code":804,"description":"Overcast clouds"},"ghi":302,"dhi":75.3,"timestamp_local":"2022-06-22T07:45:00","solar_rad":157.75029,"vis":10,"dni":653.52,"temp":15.3,"slp":1013.75,"clouds":83,"ts":1655876700},{"precip_rate":0,"rh":65,"wind_spd":2,"timestamp_utc":"2022-06-22T06:00:00","snow_rate":0,"app_temp":15.9,"pres":1004.22784,"azimuth":80.75,"dewpt":9.3,"uv":0.9,"elev_angle":22.84,"wind_dir":76,"weather":{"icon":"c04d","code":804,"description":"Overcast clouds"},"ghi":340,"dhi":79.8,"timestamp_local":"2022-06-22T08:00:00","solar_rad":109.53762,"vis":10,"dni":686.98,"temp":15.9,"slp":1014,"clouds":92,"ts":1655877600},{"precip_rate":0,"rh":62,"wind_spd":2,"timestamp_utc":"2022-06-22T06:15:00","snow_rate":0,"app_temp":16.4,"pres":1004.2464,"azimuth":83.65,"dewpt":9.2,"uv":0.9,"elev_angle":25.13,"wind_dir":69,"weather":{"icon":"c04d","code":804,"description":"Overcast clouds"},"ghi":379.1,"dhi":83.19,"timestamp_local":"2022-06-22T08:15:00","solar_rad":102.64083,"vis":10,"dni":708.32,"temp":16.4,"slp":1014,"clouds":94,"ts":1655878500},{"precip_rate":0,"rh":60,"wind_spd":2,"timestamp_utc":"2022-06-22T06:30:00","snow_rate":0,"app_temp":17,"pres":1004.2649,"azimuth":86.55,"dewpt":9.2,"uv":1,"elev_angle":27.41,"wind_dir":62,"weather":{"icon":"c04d","code":804,"description":"Overcast clouds"},"ghi":418.1,"dhi":86.59,"timestamp_local":"2022-06-22T08:30:00","solar_rad":102.03025,"vis":10,"dni":729.67,"temp":17,"slp":1014,"clouds":95,"ts":1655879400},{"precip_rate":0,"rh":58,"wind_spd":2,"timestamp_utc":"2022-06-22T06:45:00","snow_rate":0,"app_temp":17.6,"pres":1004.28345,"azimuth":89.44,"dewpt":9.2,"uv":1.1,"elev_angle":29.7,"wind_dir":55,"weather":{"icon":"c04d","code":804,"description":"Overcast clouds"},"ghi":457.2,"dhi":89.98,"timestamp_local":"2022-06-22T08:45:00","solar_rad":99.04508,"vis":10,"dni":751.01,"temp":17.6,"slp":1014,"clouds":96,"ts":1655880300},{"precip_rate":0,"rh":55,"wind_spd":2,"timestamp_utc":"2022-06-22T07:00:00","snow_rate":0,"app_temp":18.1,"pres":1004.302,"azimuth":92.34,"dewpt":8.9,"uv":1.1,"elev_angle":31.98,"wind_dir":48,"weather":{"icon":"c04d","code":804,"description":"Overcast clouds"},"ghi":496.3,"dhi":93.37,"timestamp_local":"2022-06-22T09:00:00","solar_rad":172.65138,"vis":10,"dni":772.35,"temp":18.1,"slp":1014,"clouds":98,"ts":1655881200},{"precip_rate":0,"rh":54,"wind_spd":2.1,"timestamp_utc":"2022-06-22T07:15:00","snow_rate":0,"app_temp":17.8,"pres":1004.3142,"azimuth":95.57,"dewpt":9,"uv":1.2,"elev_angle":34.25,"wind_dir":46,"weather":{"icon":"c04d","code":804,"description":"Overcast clouds"},"ghi":532.6,"dhi":95.92,"timestamp_local":"2022-06-22T09:15:00","solar_rad":181.00012,"vis":10,"dni":786.56,"temp":18.5,"slp":1014,"clouds":98,"ts":1655882100},{"precip_rate":0,"rh":52,"wind_spd":2.2,"timestamp_utc":"2022-06-22T07:30:00","snow_rate":0,"app_temp":18.1,"pres":1004.3264,"azimuth":98.81,"dewpt":8.8,"uv":1.3,"elev_angle":36.51,"wind_dir":44,"weather":{"icon":"c04d","code":804,"description":"Overcast clouds"},"ghi":568.9,"dhi":98.48,"timestamp_local":"2022-06-22T09:30:00","solar_rad":189.35886,"vis":10,"dni":800.77,"temp":18.9,"slp":1014,"clouds":98,"ts":1655883000},{"precip_rate":0,"rh":51,"wind_spd":2.3,"timestamp_utc":"2022-06-22T07:45:00","snow_rate":0,"app_temp":18.5,"pres":1004.33856,"azimuth":102.04,"dewpt":8.8,"uv":1.4,"elev_angle":38.78,"wind_dir":42,"weather":{"icon":"c04d","code":804,"description":"Overcast clouds"},"ghi":605.2,"dhi":101.03,"timestamp_local":"2022-06-22T09:45:00","solar_rad":179.84793,"vis":10,"dni":814.98,"temp":19.2,"slp":1014,"clouds":99,"ts":1655883900},{"precip_rate":0,"rh":50,"wind_spd":2.4,"timestamp_utc":"2022-06-22T08:00:00","snow_rate":0,"app_temp":18.9,"pres":1004.35077,"azimuth":105.27,"dewpt":8.9,"uv":1.5,"elev_angle":41.04,"wind_dir":40,"weather":{"icon":"c04d","code":804,"description":"Overcast clouds"},"ghi":641.5,"dhi":103.58,"timestamp_local":"2022-06-22T10:00:00","solar_rad":187.12544,"vis":10,"dni":829.19,"temp":19.6,"slp":1014,"clouds":99,"ts":1655884800},{"precip_rate":0,"rh":49,"wind_spd":2.3,"timestamp_utc":"2022-06-22T08:15:00","snow_rate":0,"app_temp":19.3,"pres":1004.36285,"azimuth":109.15,"dewpt":8.9,"uv":1.7,"elev_angle":43.15,"wind_dir":39,"weather":{"icon":"c04d","code":804,"description":"Overcast clouds"},"ghi":671.8,"dhi":105.42,"timestamp_local":"2022-06-22T10:15:00","solar_rad":192.91154,"vis":10,"dni":838.58,"temp":20,"slp":1014,"clouds":99,"ts":1655885700},{"precip_rate":0,"rh":48,"wind_spd":2.2,"timestamp_utc":"2022-06-22T08:30:00","snow_rate":0,"app_temp":19.7,"pres":1004.3749,"azimuth":113.03,"dewpt":9,"uv":1.8,"elev_angle":45.26,"wind_dir":38,"weather":{"icon":"c04d","code":804,"description":"Overcast clouds"},"ghi":702.2,"dhi":107.26,"timestamp_local":"2022-06-22T10:30:00","solar_rad":112.17286,"vis":10,"dni":847.96,"temp":20.4,"slp":1014,"clouds":98,"ts":1655886600},{"precip_rate":0,"rh":47,"wind_spd":2.1,"timestamp_utc":"2022-06-22T08:45:00","snow_rate":0,"app_temp":20.1,"pres":1004.38696,"azimuth":116.9,"dewpt":9,"uv":1.9,"elev_angle":47.37,"wind_dir":37,"weather":{"icon":"c04d","code":804,"description":"Overcast clouds"},"ghi":732.5,"dhi":109.09,"timestamp_local":"2022-06-22T10:45:00","solar_rad":117.01312,"vis":10,"dni":857.35,"temp":20.7,"slp":1014,"clouds":98,"ts":1655887500},{"precip_rate":0,"rh":46,"wind_spd":2,"timestamp_utc":"2022-06-22T09:00:00","snow_rate":0,"app_temp":20.5,"pres":1004.39905,"azimuth":120.78,"dewpt":9,"uv":2.1,"elev_angle":49.48,"wind_dir":36,"weather":{"icon":"c04d","code":804,"description":"Overcast clouds"},"ghi":762.8,"dhi":110.93,"timestamp_local":"2022-06-22T11:00:00","solar_rad":121.85339,"vis":10,"dni":866.73,"temp":21.1,"slp":1014,"clouds":98,"ts":1655888400},{"precip_rate":0,"rh":44,"wind_spd":2,"timestamp_utc":"2022-06-22T09:15:00","snow_rate":0,"app_temp":20.8,"pres":1004.411,"azimuth":125.74,"dewpt":8.7,"uv":2.4,"elev_angle":51.23,"wind_dir":38,"weather":{"icon":"c04d","code":804,"description":"Overcast clouds"},"ghi":784.5,"dhi":112.13,"timestamp_local":"2022-06-22T11:15:00","solar_rad":232.8324,"vis":10,"dni":872.48,"temp":21.5,"slp":1014,"clouds":93,"ts":1655889300},{"precip_rate":0,"rh":43,"wind_spd":2,"timestamp_utc":"2022-06-22T09:30:00","snow_rate":0,"app_temp":21.2,"pres":1004.423,"azimuth":130.7,"dewpt":8.7,"uv":2.8,"elev_angle":52.97,"wind_dir":41,"weather":{"icon":"c04d","code":804,"description":"Overcast clouds"},"ghi":806.3,"dhi":113.32,"timestamp_local":"2022-06-22T11:30:00","solar_rad":336.42725,"vis":10,"dni":878.24,"temp":21.9,"slp":1014,"clouds":88,"ts":1655890200},{"precip_rate":0,"rh":42,"wind_spd":2,"timestamp_utc":"2022-06-22T09:45:00","snow_rate":0,"app_temp":21.6,"pres":1004.43494,"azimuth":135.65,"dewpt":8.7,"uv":3.1,"elev_angle":54.72,"wind_dir":44,"weather":{"icon":"c04d","code":804,"description":"Overcast clouds"},"ghi":828,"dhi":114.52,"timestamp_local":"2022-06-22T11:45:00","solar_rad":416.07095,"vis":10,"dni":883.99,"temp":22.2,"slp":1014,"clouds":84,"ts":1655891100},{"precip_rate":0,"rh":40,"wind_spd":2,"timestamp_utc":"2022-06-22T10:00:00","snow_rate":0,"app_temp":22,"pres":1004.4469,"azimuth":140.61,"dewpt":8.3,"uv":3.5,"elev_angle":56.46,"wind_dir":46,"weather":{"icon":"c04d","code":804,"description":"Overcast clouds"},"ghi":849.7,"dhi":115.71,"timestamp_local":"2022-06-22T12:00:00","solar_rad":506.58456,"vis":10,"dni":889.74,"temp":22.6,"slp":1014,"clouds":79,"ts":1655892000},{"precip_rate":0,"rh":39,"wind_spd":2.1,"timestamp_utc":"2022-06-22T10:15:00","snow_rate":0,"app_temp":22.2,"pres":1004.4558,"azimuth":146.94,"dewpt":8.2,"uv":4.4,"elev_angle":57.5,"wind_dir":43,"weather":{"icon":"c03d","code":803,"description":"Broken clouds"},"ghi":861,"dhi":116.3,"timestamp_local":"2022-06-22T12:15:00","solar_rad":672.3334,"vis":10,"dni":892.48,"temp":22.9,"slp":1014,"clouds":66,"ts":1655892900},{"precip_rate":0,"rh":38,"wind_spd":2.2,"timestamp_utc":"2022-06-22T10:30:00","snow_rate":0,"app_temp":22.5,"pres":1004.4647,"azimuth":153.27,"dewpt":8.1,"uv":5.3,"elev_angle":58.54,"wind_dir":40,"weather":{"icon":"c03d","code":803,"description":"Broken clouds"},"ghi":872.4,"dhi":116.89,"timestamp_local":"2022-06-22T12:30:00","solar_rad":787.40967,"vis":10,"dni":895.22,"temp":23.2,"slp":1014,"clouds":52,"ts":1655893800},{"precip_rate":0,"rh":36,"wind_spd":2.3,"timestamp_utc":"2022-06-22T10:45:00","snow_rate":0,"app_temp":22.8,"pres":1004.4736,"azimuth":159.6,"dewpt":7.5,"uv":6.1,"elev_angle":59.57,"wind_dir":37,"weather":{"icon":"c02d","code":802,"description":"Scattered clouds"},"ghi":883.7,"dhi":117.48,"timestamp_local":"2022-06-22T12:45:00","solar_rad":851.3282,"vis":10,"dni":897.95,"temp":23.4,"slp":1014,"clouds":39,"ts":1655894700},{"precip_rate":0,"rh":35,"wind_spd":2.4,"timestamp_utc":"2022-06-22T11:00:00","snow_rate":0,"app_temp":23,"pres":1004.4825,"azimuth":165.93,"dewpt":7.3,"uv":7.1,"elev_angle":60.61,"wind_dir":34,"weather":{"icon":"c02d","code":802,"description":"Scattered clouds"},"ghi":895,"dhi":118.07,"timestamp_local":"2022-06-22T13:00:00","solar_rad":886.7401,"vis":10,"dni":900.69,"temp":23.7,"slp":1014,"clouds":26,"ts":1655895600},{"precip_rate":0,"rh":34,"wind_spd":2.5,"timestamp_utc":"2022-06-22T11:15:00","snow_rate":0,"app_temp":23.2,"pres":1004.2407,"azimuth":172.99,"dewpt":7.1,"uv":7.4,"elev_angle":60.61,"wind_dir":34,"weather":{"icon":"c02d","code":801,"description":"Few clouds"},"ghi":895,"dhi":118.07,"timestamp_local":"2022-06-22T13:15:00","solar_rad":891.6149,"vis":10,"dni":900.69,"temp":23.9,"slp":1013.75,"clouds":20,"ts":1655896500},{"precip_rate":0,"rh":34,"wind_spd":2.6,"timestamp_utc":"2022-06-22T11:30:00","snow_rate":0,"app_temp":23.4,"pres":1003.9989,"azimuth":180.06,"dewpt":7.2,"uv":7.8,"elev_angle":60.61,"wind_dir":34,"weather":{"icon":"c02d","code":801,"description":"Few clouds"},"ghi":895,"dhi":118.07,"timestamp_local":"2022-06-22T13:30:00","solar_rad":894.2175,"vis":10,"dni":900.68,"temp":24.1,"slp":1013.5,"clouds":13,"ts":1655897400},{"precip_rate":0,"rh":33,"wind_spd":2.7,"timestamp_utc":"2022-06-22T11:45:00","snow_rate":0,"app_temp":23.6,"pres":1003.75714,"azimuth":187.12,"dewpt":6.9,"uv":8.2,"elev_angle":60.6,"wind_dir":34,"weather":{"icon":"c02d","code":801,"description":"Few clouds"},"ghi":894.9,"dhi":118.06,"timestamp_local":"2022-06-22T13:45:00","solar_rad":894.84357,"vis":10,"dni":900.68,"temp":24.2,"slp":1013.25,"clouds":6,"ts":1655898300},{"precip_rate":0,"rh":32,"wind_spd":2.8,"timestamp_utc":"2022-06-22T12:00:00","snow_rate":0,"app_temp":23.7,"pres":1003.5154,"azimuth":194.18,"dewpt":6.6,"uv":8.6,"elev_angle":60.6,"wind_dir":34,"weather":{"icon":"c01d","code":800,"description":"Clear Sky"},"ghi":894.9,"dhi":118.06,"timestamp_local":"2022-06-22T14:00:00","solar_rad":894.9,"vis":10,"dni":900.67,"temp":24.4,"slp":1013,"clouds":0,"ts":1655899200},{"precip_rate":0,"rh":31,"wind_spd":2.7,"timestamp_utc":"2022-06-22T12:15:00","snow_rate":0,"app_temp":23.9,"pres":1003.52124,"azimuth":200.51,"dewpt":6.4,"uv":8.4,"elev_angle":59.56,"wind_dir":38,"weather":{"icon":"c01d","code":800,"description":"Clear Sky"},"ghi":883.6,"dhi":117.47,"timestamp_local":"2022-06-22T14:15:00","solar_rad":883.6,"vis":10,"dni":897.92,"temp":24.6,"slp":1013,"clouds":0,"ts":1655900100},{"precip_rate":0,"rh":30,"wind_spd":2.6,"timestamp_utc":"2022-06-22T12:30:00","snow_rate":0,"app_temp":24.1,"pres":1003.5271,"azimuth":206.83,"dewpt":6.1,"uv":8.2,"elev_angle":58.52,"wind_dir":43,"weather":{"icon":"c01d","code":800,"description":"Clear Sky"},"ghi":872.2,"dhi":116.88,"timestamp_local":"2022-06-22T14:30:00","solar_rad":872.2,"vis":10,"dni":895.17,"temp":24.8,"slp":1013,"clouds":0,"ts":1655901000},{"precip_rate":0,"rh":29,"wind_spd":2.5,"timestamp_utc":"2022-06-22T12:45:00","snow_rate":0,"app_temp":24.3,"pres":1003.53296,"azimuth":213.16,"dewpt":5.7,"uv":7.9,"elev_angle":57.47,"wind_dir":48,"weather":{"icon":"c01d","code":800,"description":"Clear Sky"},"ghi":860.8,"dhi":116.29,"timestamp_local":"2022-06-22T14:45:00","solar_rad":860.79987,"vis":10,"dni":892.42,"temp":25,"slp":1013,"clouds":1,"ts":1655901900},{"precip_rate":0,"rh":28,"wind_spd":2.4,"timestamp_utc":"2022-06-22T13:00:00","snow_rate":0,"app_temp":24.5,"pres":1003.5388,"azimuth":219.48,"dewpt":5.4,"uv":7.7,"elev_angle":56.43,"wind_dir":52,"weather":{"icon":"c01d","code":800,"description":"Clear Sky"},"ghi":849.4,"dhi":115.7,"timestamp_local":"2022-06-22T15:00:00","solar_rad":849.3999,"vis":10,"dni":889.67,"temp":25.2,"slp":1013,"clouds":1,"ts":1655902800},{"precip_rate":0,"rh":28,"wind_spd":2.4,"timestamp_utc":"2022-06-22T13:15:00","snow_rate":0,"app_temp":24.7,"pres":1003.297,"azimuth":224.43,"dewpt":5.6,"uv":7.4,"elev_angle":54.69,"wind_dir":50,"weather":{"icon":"c01d","code":800,"description":"Clear Sky"},"ghi":827.7,"dhi":114.5,"timestamp_local":"2022-06-22T15:15:00","solar_rad":827.6999,"vis":10,"dni":883.91,"temp":25.4,"slp":1012.75,"clouds":1,"ts":1655903700},{"precip_rate":0,"rh":27,"wind_spd":2.4,"timestamp_utc":"2022-06-22T13:30:00","snow_rate":0,"app_temp":24.9,"pres":1003.0551,"azimuth":229.39,"dewpt":5.2,"uv":7,"elev_angle":52.94,"wind_dir":49,"weather":{"icon":"c01d","code":800,"description":"Clear Sky"},"ghi":805.9,"dhi":113.31,"timestamp_local":"2022-06-22T15:30:00","solar_rad":805.8999,"vis":10,"dni":878.14,"temp":25.6,"slp":1012.5,"clouds":1,"ts":1655904600},{"precip_rate":0,"rh":26,"wind_spd":2.4,"timestamp_utc":"2022-06-22T13:45:00","snow_rate":0,"app_temp":25,"pres":1002.81323,"azimuth":234.34,"dewpt":4.8,"uv":6.7,"elev_angle":51.2,"wind_dir":48,"weather":{"icon":"c01d","code":800,"description":"Clear Sky"},"ghi":784.1,"dhi":112.11,"timestamp_local":"2022-06-22T15:45:00","solar_rad":784.0999,"vis":10,"dni":872.38,"temp":25.7,"slp":1012.25,"clouds":1,"ts":1655905500},{"precip_rate":0,"rh":26,"wind_spd":2.4,"timestamp_utc":"2022-06-22T14:00:00","snow_rate":0,"app_temp":25.2,"pres":1002.5714,"azimuth":239.29,"dewpt":4.9,"uv":6.4,"elev_angle":49.45,"wind_dir":46,"weather":{"icon":"c01d","code":800,"description":"Clear Sky"},"ghi":762.4,"dhi":110.91,"timestamp_local":"2022-06-22T16:00:00","solar_rad":762.3999,"vis":10,"dni":866.61,"temp":25.9,"slp":1012,"clouds":1,"ts":1655906400},{"precip_rate":0,"rh":26,"wind_spd":2.4,"timestamp_utc":"2022-06-22T14:15:00","snow_rate":0,"app_temp":25.3,"pres":1002.57434,"azimuth":243.16,"dewpt":5,"uv":6,"elev_angle":47.34,"wind_dir":44,"weather":{"icon":"c01d","code":800,"description":"Clear Sky"},"ghi":732,"dhi":109.07,"timestamp_local":"2022-06-22T16:15:00","solar_rad":731.9999,"vis":10,"dni":857.21,"temp":26,"slp":1012,"clouds":1,"ts":1655907300},{"precip_rate":0,"rh":26,"wind_spd":2.4,"timestamp_utc":"2022-06-22T14:30:00","snow_rate":0,"app_temp":25.4,"pres":1002.5772,"azimuth":247.04,"dewpt":5.1,"uv":5.6,"elev_angle":45.23,"wind_dir":42,"weather":{"icon":"c01d","code":800,"description":"Clear Sky"},"ghi":701.7,"dhi":107.23,"timestamp_local":"2022-06-22T16:30:00","solar_rad":701.7,"vis":10,"dni":847.81,"temp":26.1,"slp":1012,"clouds":0,"ts":1655908200},{"precip_rate":0,"rh":25,"wind_spd":2.4,"timestamp_utc":"2022-06-22T14:45:00","snow_rate":0,"app_temp":25.5,"pres":1002.5801,"azimuth":250.91,"dewpt":4.6,"uv":5.2,"elev_angle":43.11,"wind_dir":40,"weather":{"icon":"c01d","code":800,"description":"Clear Sky"},"ghi":671.3,"dhi":105.38,"timestamp_local":"2022-06-22T16:45:00","solar_rad":671.3,"vis":10,"dni":838.4,"temp":26.2,"slp":1012,"clouds":0,"ts":1655909100},{"precip_rate":0,"rh":25,"wind_spd":2.4,"timestamp_utc":"2022-06-22T15:00:00","snow_rate":0,"app_temp":25.6,"pres":1002.583,"azimuth":254.78,"dewpt":4.7,"uv":4.8,"elev_angle":41,"wind_dir":38,"weather":{"icon":"c01d","code":800,"description":"Clear Sky"},"ghi":641,"dhi":103.54,"timestamp_local":"2022-06-22T17:00:00","solar_rad":641,"vis":10,"dni":829,"temp":26.3,"slp":1012,"clouds":0,"ts":1655910000},{"precip_rate":0,"rh":25,"wind_spd":2.4,"timestamp_utc":"2022-06-22T15:15:00","snow_rate":0,"app_temp":25.6,"pres":1002.583,"azimuth":258.01,"dewpt":4.7,"uv":4.4,"elev_angle":38.74,"wind_dir":38,"weather":{"icon":"c01d","code":800,"description":"Clear Sky"},"ghi":604.6,"dhi":100.99,"timestamp_local":"2022-06-22T17:15:00","solar_rad":604.5999,"vis":10,"dni":814.76,"temp":26.3,"slp":1012,"clouds":1,"ts":1655910900},{"precip_rate":0,"rh":25,"wind_spd":2.4,"timestamp_utc":"2022-06-22T15:30:00","snow_rate":0,"app_temp":25.6,"pres":1002.583,"azimuth":261.24,"dewpt":4.7,"uv":4,"elev_angle":36.47,"wind_dir":39,"weather":{"icon":"c02d","code":801,"description":"Few clouds"},"ghi":568.3,"dhi":98.43,"timestamp_local":"2022-06-22T17:30:00","solar_rad":568.29913,"vis":10,"dni":800.53,"temp":26.3,"slp":1012,"clouds":2,"ts":1655911800},{"precip_rate":0,"rh":25,"wind_spd":2.4,"timestamp_utc":"2022-06-22T15:45:00","snow_rate":0,"app_temp":25.6,"pres":1002.583,"azimuth":264.47,"dewpt":4.7,"uv":3.6,"elev_angle":34.21,"wind_dir":40,"weather":{"icon":"c02d","code":801,"description":"Few clouds"},"ghi":531.9,"dhi":95.88,"timestamp_local":"2022-06-22T17:45:00","solar_rad":531.89154,"vis":10,"dni":786.29,"temp":26.3,"slp":1012,"clouds":4,"ts":1655912700},{"precip_rate":0,"rh":25,"wind_spd":2.4,"timestamp_utc":"2022-06-22T16:00:00","snow_rate":0,"app_temp":25.6,"pres":1002.583,"azimuth":267.7,"dewpt":4.7,"uv":3.3,"elev_angle":31.94,"wind_dir":40,"weather":{"icon":"c02d","code":801,"description":"Few clouds"},"ghi":495.6,"dhi":93.32,"timestamp_local":"2022-06-22T18:00:00","solar_rad":495.5832,"vis":10,"dni":772.05,"temp":26.3,"slp":1012,"clouds":5,"ts":1655913600},{"precip_rate":0,"rh":25,"wind_spd":2.4,"timestamp_utc":"2022-06-22T16:15:00","snow_rate":0,"app_temp":25.5,"pres":1002.5801,"azimuth":270.6,"dewpt":4.6,"uv":3,"elev_angle":29.66,"wind_dir":40,"weather":{"icon":"c02d","code":801,"description":"Few clouds"},"ghi":456.5,"dhi":89.92,"timestamp_local":"2022-06-22T18:15:00","solar_rad":456.4712,"vis":10,"dni":750.67,"temp":26.2,"slp":1012,"clouds":6,"ts":1655914500},{"precip_rate":0,"rh":25,"wind_spd":2.4,"timestamp_utc":"2022-06-22T16:30:00","snow_rate":0,"app_temp":25.4,"pres":1002.5772,"azimuth":273.5,"dewpt":4.5,"uv":2.8,"elev_angle":27.37,"wind_dir":41,"weather":{"icon":"c02d","code":801,"description":"Few clouds"},"ghi":417.5,"dhi":86.53,"timestamp_local":"2022-06-22T18:30:00","solar_rad":417.47366,"vis":10,"dni":729.29,"temp":26.1,"slp":1012,"clouds":6,"ts":1655915400},{"precip_rate":0,"rh":25,"wind_spd":2.4,"timestamp_utc":"2022-06-22T16:45:00","snow_rate":0,"app_temp":25.3,"pres":1002.57434,"azimuth":276.39,"dewpt":4.5,"uv":2.5,"elev_angle":25.09,"wind_dir":42,"weather":{"icon":"c02d","code":801,"description":"Few clouds"},"ghi":378.4,"dhi":83.13,"timestamp_local":"2022-06-22T18:45:00","solar_rad":378.37613,"vis":10,"dni":707.9,"temp":26,"slp":1012,"clouds":6,"ts":1655916300},{"precip_rate":0,"rh":25,"wind_spd":2.4,"timestamp_utc":"2022-06-22T17:00:00","snow_rate":0,"app_temp":25.2,"pres":1002.5714,"azimuth":279.29,"dewpt":4.4,"uv":2.3,"elev_angle":22.8,"wind_dir":42,"weather":{"icon":"c02d","code":801,"description":"Few clouds"},"ghi":339.3,"dhi":79.73,"timestamp_local":"2022-06-22T19:00:00","solar_rad":339.26385,"vis":10,"dni":686.52,"temp":25.9,"slp":1012,"clouds":7,"ts":1655917200},{"precip_rate":0,"rh":25,"wind_spd":2.6,"timestamp_utc":"2022-06-22T17:15:00","snow_rate":0,"app_temp":25,"pres":1002.5656,"azimuth":282.07,"dewpt":4.2,"uv":2.2,"elev_angle":20.58,"wind_dir":41,"weather":{"icon":"c02d","code":801,"description":"Few clouds"},"ghi":301.3,"dhi":75.22,"timestamp_local":"2022-06-22T19:15:00","solar_rad":301.281,"vis":10,"dni":652.98,"temp":25.7,"slp":1012,"clouds":6,"ts":1655918100},{"precip_rate":0,"rh":24,"wind_spd":2.8,"timestamp_utc":"2022-06-22T17:30:00","snow_rate":0,"app_temp":24.8,"pres":1002.5598,"azimuth":284.85,"dewpt":3.5,"uv":2.1,"elev_angle":18.37,"wind_dir":40,"weather":{"icon":"c02d","code":801,"description":"Few clouds"},"ghi":263.3,"dhi":70.71,"timestamp_local":"2022-06-22T19:30:00","solar_rad":263.2958,"vis":10,"dni":619.45,"temp":25.6,"slp":1012,"clouds":4,"ts":1655919000},{"precip_rate":0,"rh":24,"wind_spd":3,"timestamp_utc":"2022-06-22T17:45:00","snow_rate":0,"app_temp":24.6,"pres":1002.55396,"azimuth":287.62,"dewpt":3.4,"uv":2,"elev_angle":16.15,"wind_dir":39,"weather":{"icon":"c02d","code":801,"description":"Few clouds"},"ghi":225.3,"dhi":66.2,"timestamp_local":"2022-06-22T19:45:00","solar_rad":225.29866,"vis":10,"dni":585.91,"temp":25.4,"slp":1012,"clouds":3,"ts":1655919900},{"precip_rate":0,"rh":24,"wind_spd":3.2,"timestamp_utc":"2022-06-22T18:00:00","snow_rate":0,"app_temp":24.4,"pres":1002.54816,"azimuth":290.4,"dewpt":3.2,"uv":1.9,"elev_angle":13.93,"wind_dir":38,"weather":{"icon":"c02d","code":801,"description":"Few clouds"},"ghi":187.3,"dhi":61.69,"timestamp_local":"2022-06-22T20:00:00","solar_rad":187.29971,"vis":10,"dni":552.37,"temp":25.2,"slp":1012,"clouds":2,"ts":1655920800},{"precip_rate":0,"rh":26,"wind_spd":3.3,"timestamp_utc":"2022-06-22T18:15:00","snow_rate":0,"app_temp":24,"pres":1002.53644,"azimuth":293.2,"dewpt":4,"uv":1.8,"elev_angle":11.87,"wind_dir":38,"weather":{"icon":"c02d","code":801,"description":"Few clouds"},"ghi":155.1,"dhi":55.35,"timestamp_local":"2022-06-22T20:15:00","solar_rad":155.09976,"vis":10,"dni":493.16,"temp":24.8,"slp":1012,"clouds":2,"ts":1655921700},{"precip_rate":0,"rh":27,"wind_spd":3.4,"timestamp_utc":"2022-06-22T18:30:00","snow_rate":0,"app_temp":23.7,"pres":1002.52466,"azimuth":295.99,"dewpt":4.2,"uv":1.8,"elev_angle":9.81,"wind_dir":38,"weather":{"icon":"c01d","code":800,"description":"Clear Sky"},"ghi":123,"dhi":49.01,"timestamp_local":"2022-06-22T20:30:00","solar_rad":122.999985,"vis":10,"dni":433.96,"temp":24.4,"slp":1012,"clouds":1,"ts":1655922600},{"precip_rate":0,"rh":28,"wind_spd":3.5,"timestamp_utc":"2022-06-22T18:45:00","snow_rate":0,"app_temp":23.3,"pres":1002.51294,"azimuth":298.79,"dewpt":4.4,"uv":1.8,"elev_angle":7.75,"wind_dir":38,"weather":{"icon":"c01d","code":800,"description":"Clear Sky"},"ghi":90.8,"dhi":42.67,"timestamp_local":"2022-06-22T20:45:00","solar_rad":90.8,"vis":10,"dni":374.75,"temp":24.1,"slp":1012,"clouds":0,"ts":1655923500},{"precip_rate":0,"rh":30,"wind_spd":3.6,"timestamp_utc":"2022-06-22T19:00:00","snow_rate":0,"app_temp":22.9,"pres":1002.5012,"azimuth":301.58,"dewpt":5.1,"uv":1.8,"elev_angle":5.69,"wind_dir":38,"weather":{"icon":"c01d","code":800,"description":"Clear Sky"},"ghi":58.7,"dhi":36.33,"timestamp_local":"2022-06-22T21:00:00","solar_rad":58.7,"vis":10,"dni":315.54,"temp":23.7,"slp":1012,"clouds":0,"ts":1655924400},{"precip_rate":0,"rh":33,"wind_spd":3.6,"timestamp_utc":"2022-06-22T19:15:00","snow_rate":0,"app_temp":22.3,"pres":1002.728,"azimuth":304.5,"dewpt":5.9,"uv":1.8,"elev_angle":3.87,"wind_dir":38,"weather":{"icon":"c01n","code":800,"description":"Clear Sky"},"ghi":44,"dhi":27.25,"timestamp_local":"2022-06-22T21:15:00","solar_rad":44,"vis":10,"dni":236.66,"temp":23.1,"slp":1012.25,"clouds":0,"ts":1655925300},{"precip_rate":0,"rh":36,"wind_spd":3.6,"timestamp_utc":"2022-06-22T19:30:00","snow_rate":0,"app_temp":21.6,"pres":1002.9549,"azimuth":307.43,"dewpt":6.6,"uv":1.8,"elev_angle":2.05,"wind_dir":39,"weather":{"icon":"c01n","code":800,"description":"Clear Sky"},"ghi":29.3,"dhi":18.17,"timestamp_local":"2022-06-22T21:30:00","solar_rad":29.3,"vis":10,"dni":157.77,"temp":22.4,"slp":1012.5,"clouds":0,"ts":1655926200},{"precip_rate":0,"rh":38,"wind_spd":3.6,"timestamp_utc":"2022-06-22T19:45:00","snow_rate":0,"app_temp":21,"pres":1003.18176,"azimuth":310.35,"dewpt":6.8,"uv":1.8,"elev_angle":0.23,"wind_dir":40,"weather":{"icon":"c01n","code":800,"description":"Clear Sky"},"ghi":14.7,"dhi":9.08,"timestamp_local":"2022-06-22T21:45:00","solar_rad":14.7,"vis":10,"dni":78.89,"temp":21.8,"slp":1012.75,"clouds":0,"ts":1655927100},{"precip_rate":0,"rh":41,"wind_spd":3.6,"timestamp_utc":"2022-06-22T20:00:00","snow_rate":0,"app_temp":20.3,"pres":1003.40857,"azimuth":313.27,"dewpt":7.3,"uv":0,"elev_angle":-1.59,"wind_dir":40,"weather":{"icon":"c01n","code":800,"description":"Clear Sky"},"ghi":0,"dhi":0,"timestamp_local":"2022-06-22T22:00:00","solar_rad":0,"vis":10,"dni":0,"temp":21.1,"slp":1013,"clouds":0,"ts":1655928000},{"precip_rate":0,"rh":44,"wind_spd":3.5,"timestamp_utc":"2022-06-22T20:15:00","snow_rate":0,"app_temp":19.8,"pres":1003.39044,"azimuth":316.38,"dewpt":7.9,"uv":0,"elev_angle":-3.08,"wind_dir":40,"weather":{"icon":"c01n","code":800,"description":"Clear Sky"},"ghi":0,"dhi":0,"timestamp_local":"2022-06-22T22:15:00","solar_rad":0,"vis":10,"dni":0,"temp":20.6,"slp":1013,"clouds":0,"ts":1655928900},{"precip_rate":0,"rh":46,"wind_spd":3.4,"timestamp_utc":"2022-06-22T20:30:00","snow_rate":0,"app_temp":19.3,"pres":1003.3723,"azimuth":319.49,"dewpt":8,"uv":0,"elev_angle":-4.58,"wind_dir":41,"weather":{"icon":"c01n","code":800,"description":"Clear Sky"},"ghi":0,"dhi":0,"timestamp_local":"2022-06-22T22:30:00","solar_rad":0,"vis":10,"dni":0,"temp":20,"slp":1013,"clouds":0,"ts":1655929800},{"precip_rate":0,"rh":49,"wind_spd":3.3,"timestamp_utc":"2022-06-22T20:45:00","snow_rate":0,"app_temp":18.7,"pres":1003.3541,"azimuth":322.6,"dewpt":8.5,"uv":0,"elev_angle":-6.07,"wind_dir":42,"weather":{"icon":"c01n","code":800,"description":"Clear Sky"},"ghi":0,"dhi":0,"timestamp_local":"2022-06-22T22:45:00","solar_rad":0,"vis":10,"dni":0,"temp":19.4,"slp":1013,"clouds":1,"ts":1655930700},{"precip_rate":0,"rh":52,"wind_spd":3.2,"timestamp_utc":"2022-06-22T21:00:00","snow_rate":0,"app_temp":18.2,"pres":1003.336,"azimuth":325.71,"dewpt":8.8,"uv":0,"elev_angle":-7.56,"wind_dir":42,"weather":{"icon":"c01n","code":800,"description":"Clear Sky"},"ghi":0,"dhi":0,"timestamp_local":"2022-06-22T23:00:00","solar_rad":0,"vis":10,"dni":0,"temp":18.9,"slp":1013,"clouds":1,"ts":1655931600},{"precip_rate":0,"rh":55,"wind_spd":3.2,"timestamp_utc":"2022-06-22T21:15:00","snow_rate":0,"app_temp":17.8,"pres":1003.56824,"azimuth":329.03,"dewpt":9.2,"uv":0,"elev_angle":-8.63,"wind_dir":48,"weather":{"icon":"c02n","code":801,"description":"Few clouds"},"ghi":0,"dhi":0,"timestamp_local":"2022-06-22T23:15:00","solar_rad":0,"vis":10,"dni":0,"temp":18.4,"slp":1013.25,"clouds":13,"ts":1655932500},{"precip_rate":0,"rh":58,"wind_spd":3.2,"timestamp_utc":"2022-06-22T21:30:00","snow_rate":0,"app_temp":17.9,"pres":1003.80054,"azimuth":332.35,"dewpt":9.6,"uv":0,"elev_angle":-9.69,"wind_dir":54,"weather":{"icon":"c02n","code":802,"description":"Scattered clouds"},"ghi":0,"dhi":0,"timestamp_local":"2022-06-22T23:30:00","solar_rad":0,"vis":10,"dni":0,"temp":17.9,"slp":1013.5,"clouds":26,"ts":1655933400},{"precip_rate":0,"rh":62,"wind_spd":3.2,"timestamp_utc":"2022-06-22T21:45:00","snow_rate":0,"app_temp":17.5,"pres":1004.03284,"azimuth":335.66,"dewpt":10.1,"uv":0,"elev_angle":-10.76,"wind_dir":60,"weather":{"icon":"c02n","code":802,"description":"Scattered clouds"},"ghi":0,"dhi":0,"timestamp_local":"2022-06-22T23:45:00","solar_rad":0,"vis":10,"dni":0,"temp":17.5,"slp":1013.75,"clouds":38,"ts":1655934300},{"precip_rate":0,"rh":65,"wind_spd":3.2,"timestamp_utc":"2022-06-22T22:00:00","snow_rate":0,"app_temp":17,"pres":1004.2651,"azimuth":338.98,"dewpt":10.4,"uv":0,"elev_angle":-11.82,"wind_dir":66,"weather":{"icon":"c03n","code":803,"description":"Broken clouds"},"ghi":0,"dhi":0,"timestamp_local":"2022-06-23T00:00:00","solar_rad":0,"vis":10,"dni":0,"temp":17,"slp":1014,"clouds":50,"ts":1655935200},{"precip_rate":0,"rh":67,"wind_spd":3.1,"timestamp_utc":"2022-06-22T22:15:00","snow_rate":0,"app_temp":16.7,"pres":1004.25574,"azimuth":342.46,"dewpt":10.6,"uv":0,"elev_angle":-12.38,"wind_dir":68,"weather":{"icon":"c03n","code":803,"description":"Broken clouds"},"ghi":0,"dhi":0,"timestamp_local":"2022-06-23T00:15:00","solar_rad":0,"vis":10,"dni":0,"temp":16.7,"slp":1014,"clouds":46,"ts":1655936100},{"precip_rate":0,"rh":69,"wind_spd":3,"timestamp_utc":"2022-06-22T22:30:00","snow_rate":0,"app_temp":16.4,"pres":1004.24646,"azimuth":345.95,"dewpt":10.8,"uv":0,"elev_angle":-12.94,"wind_dir":71,"weather":{"icon":"c03n","code":803,"description":"Broken clouds"},"ghi":0,"dhi":0,"timestamp_local":"2022-06-23T00:30:00","solar_rad":0,"vis":10,"dni":0,"temp":16.4,"slp":1014,"clouds":42,"ts":1655937000},{"precip_rate":0,"rh":71,"wind_spd":2.9,"timestamp_utc":"2022-06-22T22:45:00","snow_rate":0,"app_temp":16.2,"pres":1004.2372,"azimuth":349.43,"dewpt":10.9,"uv":0,"elev_angle":-13.49,"wind_dir":74,"weather":{"icon":"c02n","code":802,"description":"Scattered clouds"},"ghi":0,"dhi":0,"timestamp_local":"2022-06-23T00:45:00","solar_rad":0,"vis":10,"dni":0,"temp":16.2,"slp":1014,"clouds":37,"ts":1655937900},{"precip_rate":0,"rh":73,"wind_spd":2.8,"timestamp_utc":"2022-06-22T23:00:00","snow_rate":0,"app_temp":15.9,"pres":1004.22784,"azimuth":352.91,"dewpt":11.1,"uv":0,"elev_angle":-14.05,"wind_dir":76,"weather":{"icon":"c02n","code":802,"description":"Scattered clouds"},"ghi":0,"dhi":0,"timestamp_local":"2022-06-23T01:00:00","solar_rad":0,"vis":10,"dni":0,"temp":15.9,"slp":1014,"clouds":33,"ts":1655938800},{"precip_rate":0,"rh":74,"wind_spd":2.8,"timestamp_utc":"2022-06-22T23:15:00","snow_rate":0,"app_temp":15.7,"pres":1004.2216,"azimuth":266.46,"dewpt":11.1,"uv":0,"elev_angle":-14.05,"wind_dir":76,"weather":{"icon":"c02n","code":802,"description":"Scattered clouds"},"ghi":0,"dhi":0,"timestamp_local":"2022-06-23T01:15:00","solar_rad":0,"vis":10,"dni":0,"temp":15.7,"slp":1014,"clouds":32,"ts":1655939700},{"precip_rate":0,"rh":76,"wind_spd":2.8,"timestamp_utc":"2022-06-22T23:30:00","snow_rate":0,"app_temp":15.5,"pres":1004.21533,"azimuth":180,"dewpt":11.3,"uv":0,"elev_angle":-14.05,"wind_dir":76,"weather":{"icon":"c02n","code":802,"description":"Scattered clouds"},"ghi":0,"dhi":0,"timestamp_local":"2022-06-23T01:30:00","solar_rad":0,"vis":10,"dni":0,"temp":15.5,"slp":1014,"clouds":32,"ts":1655940600},{"precip_rate":0,"rh":78,"wind_spd":2.8,"timestamp_utc":"2022-06-22T23:45:00","snow_rate":0,"app_temp":15.4,"pres":1004.2091,"azimuth":93.55,"dewpt":11.6,"uv":0,"elev_angle":-14.05,"wind_dir":76,"weather":{"icon":"c02n","code":802,"description":"Scattered clouds"},"ghi":0,"dhi":0,"timestamp_local":"2022-06-23T01:45:00","solar_rad":0,"vis":10,"dni":0,"temp":15.4,"slp":1014,"clouds":32,"ts":1655941500}],"sources":["103150-99999","imerg","merra2","era5","modis"],"city_id":"2856883"}
