{"timezone":"Europe\/Berlin","state_code":"06","country_code":"DE","lat":52.2833,"lon":8,"city_name":"Osnabr�ck","station_id":"103150-99999","data":[{"precip_rate":0,"rh":91,"wind_spd":2.4,"timestamp_utc":"2022-06-25T00:00:00","snow_rate":0,"app_temp":17.4,"pres":1000.31573,"azimuth":7,"dewpt":15.9,"uv":0,"elev_angle":-14.1,"wind_dir":214,"weather":{"icon":"c04n","code":804,"description":"Overcast clouds"},"ghi":0,"dhi":0,"timestamp_local":"2022-06-25T02:00:00","solar_rad":0,"vis":10,"dni":0,"temp":17.4,"slp":1010,"clouds":94,"ts":1656115200},{"precip_rate":0,"rh":91,"wind_spd":2.6,"timestamp_utc":"2022-06-25T00:15:00","snow_rate":0,"app_temp":17.4,"pres":1000.0681,"azimuth":10.49,"dewpt":15.9,"uv":0,"elev_angle":-13.55,"wind_dir":212,"weather":{"icon":"c04n","code":804,"description":"Overcast clouds"},"ghi":0,"dhi":0,"timestamp_local":"2022-06-25T02:15:00","solar_rad":0,"vis":10,"dni":0,"temp":17.4,"slp":1009.75,"clouds":88,"ts":1656116100},{"precip_rate":0,"rh":91,"wind_spd":2.8,"timestamp_utc":"2022-06-25T00:30:00","snow_rate":0,"app_temp":17.4,"pres":999.82056,"azimuth":13.97,"dewpt":15.9,"uv":0,"elev_angle":-12.99,"wind_dir":209,"weather":{"icon":"c04n","code":804,"description":"Overcast clouds"},"ghi":0,"dhi":0,"timestamp_local":"2022-06-25T02:30:00","solar_rad":0,"vis":10,"dni":0,"temp":17.4,"slp":1009.5,"clouds":83,"ts":1656117000},{"precip_rate":0,"rh":91,"wind_spd":3,"timestamp_utc":"2022-06-25T00:45:00","snow_rate":0,"app_temp":17.4,"pres":999.57294,"azimuth":17.46,"dewpt":15.9,"uv":0,"elev_angle":-12.44,"wind_dir":206,"weather":{"icon":"c04n","code":804,"description":"Overcast clouds"},"ghi":0,"dhi":0,"timestamp_local":"2022-06-25T02:45:00","solar_rad":0,"vis":10,"dni":0,"temp":17.4,"slp":1009.25,"clouds":78,"ts":1656117900},{"precip_rate":0,"rh":91,"wind_spd":3.2,"timestamp_utc":"2022-06-25T01:00:00","snow_rate":0,"app_temp":17.4,"pres":999.3253,"azimuth":20.94,"dewpt":15.9,"uv":0,"elev_angle":-11.88,"wind_dir":204,"weather":{"icon":"c04n","code":804,"description":"Overcast clouds"},"ghi":0,"dhi":0,"timestamp_local":"2022-06-25T03:00:00","solar_rad":0,"vis":10,"dni":0,"temp":17.4,"slp":1009,"clouds":72,"ts":1656118800},{"precip_rate":0,"rh":91,"wind_spd":3.2,"timestamp_utc":"2022-06-25T01:15:00","snow_rate":0,"app_temp":17.3,"pres":999.5698,"azimuth":24.26,"dewpt":15.8,"uv":0,"elev_angle":-10.82,"wind_dir":202,"weather":{"icon":"c03n","code":803,"description":"Broken clouds"},"ghi":0,"dhi":0,"timestamp_local":"2022-06-25T03:15:00","solar_rad":0,"vis":10,"dni":0,"temp":17.3,"slp":1009.25,"clouds":67,"ts":1656119700},{"precip_rate":0,"rh":91,"wind_spd":3.2,"timestamp_utc":"2022-06-25T01:30:00","snow_rate":0,"app_temp":17.2,"pres":999.8144,"azimuth":27.58,"dewpt":15.7,"uv":0,"elev_angle":-9.76,"wind_dir":199,"weather":{"icon":"c03n","code":803,"description":"Broken clouds"},"ghi":0,"dhi":0,"timestamp_local":"2022-06-25T03:30:00","solar_rad":0,"vis":10,"dni":0,"temp":17.2,"slp":1009.5,"clouds":62,"ts":1656120600},{"precip_rate":0,"rh":91,"wind_spd":3.2,"timestamp_utc":"2022-06-25T01:45:00","snow_rate":0,"app_temp":17.1,"pres":1000.05896,"azimuth":30.9,"dewpt":15.6,"uv":0,"elev_angle":-8.69,"wind_dir":196,"weather":{"icon":"c03n","code":803,"description":"Broken clouds"},"ghi":0,"dhi":0,"timestamp_local":"2022-06-25T03:45:00","solar_rad":0,"vis":10,"dni":0,"temp":17.1,"slp":1009.75,"clouds":57,"ts":1656121500},{"precip_rate":0,"rh":91,"wind_spd":3.2,"timestamp_utc":"2022-06-25T02:00:00","snow_rate":0,"app_temp":17,"pres":1000.30347,"azimuth":34.22,"dewpt":15.5,"uv":0,"elev_angle":-7.63,"wind_dir":194,"weather":{"icon":"c03n","code":803,"description":"Broken clouds"},"ghi":0,"dhi":0,"timestamp_local":"2022-06-25T04:00:00","solar_rad":0,"vis":10,"dni":0,"temp":17,"slp":1010,"clouds":52,"ts":1656122400},{"precip_rate":0,"rh":92,"wind_spd":3,"timestamp_utc":"2022-06-25T02:15:00","snow_rate":0,"app_temp":16.9,"pres":1000.3004,"azimuth":37.33,"dewpt":15.6,"uv":0,"elev_angle":-6.14,"wind_dir":193,"weather":{"icon":"c03n","code":803,"description":"Broken clouds"},"ghi":0,"dhi":0,"timestamp_local":"2022-06-25T04:15:00","solar_rad":0,"vis":10,"dni":0,"temp":16.9,"slp":1010,"clouds":43,"ts":1656123300},{"precip_rate":0,"rh":92,"wind_spd":2.8,"timestamp_utc":"2022-06-25T02:30:00","snow_rate":0,"app_temp":16.9,"pres":1000.2973,"azimuth":40.45,"dewpt":15.5,"uv":0,"elev_angle":-4.66,"wind_dir":192,"weather":{"icon":"c02n","code":802,"description":"Scattered clouds"},"ghi":0,"dhi":0,"timestamp_local":"2022-06-25T04:30:00","solar_rad":0,"vis":10,"dni":0,"temp":16.9,"slp":1010,"clouds":34,"ts":1656124200},{"precip_rate":0,"rh":92,"wind_spd":2.6,"timestamp_utc":"2022-06-25T02:45:00","snow_rate":0,"app_temp":16.8,"pres":1000.2942,"azimuth":43.56,"dewpt":15.5,"uv":0,"elev_angle":-3.17,"wind_dir":191,"weather":{"icon":"c02n","code":802,"description":"Scattered clouds"},"ghi":0,"dhi":0,"timestamp_local":"2022-06-25T04:45:00","solar_rad":0,"vis":10,"dni":0,"temp":16.8,"slp":1010,"clouds":25,"ts":1656125100},{"precip_rate":0,"rh":93,"wind_spd":2.4,"timestamp_utc":"2022-06-25T03:00:00","snow_rate":0,"app_temp":16.7,"pres":1000.29114,"azimuth":46.67,"dewpt":15.6,"uv":0,"elev_angle":-1.68,"wind_dir":190,"weather":{"icon":"c02n","code":801,"description":"Few clouds"},"ghi":0,"dhi":0,"timestamp_local":"2022-06-25T05:00:00","solar_rad":0,"vis":10,"dni":0,"temp":16.7,"slp":1010,"clouds":16,"ts":1656126000},{"precip_rate":0,"rh":93,"wind_spd":2.6,"timestamp_utc":"2022-06-25T03:15:00","snow_rate":0,"app_temp":16.6,"pres":1000.53564,"azimuth":49.6,"dewpt":15.5,"uv":1.6,"elev_angle":0.14,"wind_dir":197,"weather":{"icon":"c02n","code":801,"description":"Few clouds"},"ghi":14.3,"dhi":8.99,"timestamp_local":"2022-06-25T05:15:00","solar_rad":13.676618,"vis":10,"dni":77.88,"temp":16.6,"slp":1010.25,"clouds":14,"ts":1656126900},{"precip_rate":0,"rh":93,"wind_spd":2.8,"timestamp_utc":"2022-06-25T03:30:00","snow_rate":0,"app_temp":16.5,"pres":1000.78015,"azimuth":52.52,"dewpt":15.4,"uv":1.6,"elev_angle":1.96,"wind_dir":204,"weather":{"icon":"c02n","code":801,"description":"Few clouds"},"ghi":28.7,"dhi":17.97,"timestamp_local":"2022-06-25T05:30:00","solar_rad":27.469387,"vis":10,"dni":155.76,"temp":16.5,"slp":1010.5,"clouds":12,"ts":1656127800},{"precip_rate":0,"rh":93,"wind_spd":3,"timestamp_utc":"2022-06-25T03:45:00","snow_rate":0,"app_temp":16.4,"pres":1001.02466,"azimuth":55.45,"dewpt":15.3,"uv":1.6,"elev_angle":3.78,"wind_dir":211,"weather":{"icon":"c02n","code":801,"description":"Few clouds"},"ghi":43,"dhi":26.96,"timestamp_local":"2022-06-25T05:45:00","solar_rad":41.1745,"vis":10,"dni":233.64,"temp":16.4,"slp":1010.75,"clouds":11,"ts":1656128700},{"precip_rate":0,"rh":93,"wind_spd":3.2,"timestamp_utc":"2022-06-25T04:00:00","snow_rate":0,"app_temp":16.3,"pres":1001.26917,"azimuth":58.37,"dewpt":15.2,"uv":1.7,"elev_angle":5.6,"wind_dir":218,"weather":{"icon":"c02d","code":801,"description":"Few clouds"},"ghi":57.4,"dhi":35.94,"timestamp_local":"2022-06-25T06:00:00","solar_rad":54.99175,"vis":10,"dni":311.52,"temp":16.3,"slp":1011,"clouds":9,"ts":1656129600},{"precip_rate":0,"rh":92,"wind_spd":3.2,"timestamp_utc":"2022-06-25T04:15:00","snow_rate":0,"app_temp":16.6,"pres":1001.27844,"azimuth":61.17,"dewpt":15.3,"uv":1.7,"elev_angle":7.66,"wind_dir":218,"weather":{"icon":"c02d","code":801,"description":"Few clouds"},"ghi":89.4,"dhi":42.31,"timestamp_local":"2022-06-25T06:15:00","solar_rad":85.6403,"vis":10,"dni":371.21,"temp":16.6,"slp":1011,"clouds":7,"ts":1656130500},{"precip_rate":0,"rh":91,"wind_spd":3.2,"timestamp_utc":"2022-06-25T04:30:00","snow_rate":0,"app_temp":16.8,"pres":1001.28766,"azimuth":63.97,"dewpt":15.4,"uv":1.8,"elev_angle":9.72,"wind_dir":218,"weather":{"icon":"c02d","code":801,"description":"Few clouds"},"ghi":121.5,"dhi":48.69,"timestamp_local":"2022-06-25T06:30:00","solar_rad":116.372314,"vis":10,"dni":430.89,"temp":16.8,"slp":1011,"clouds":4,"ts":1656131400},{"precip_rate":0,"rh":90,"wind_spd":3.2,"timestamp_utc":"2022-06-25T04:45:00","snow_rate":0,"app_temp":17.1,"pres":1001.2969,"azimuth":66.76,"dewpt":15.5,"uv":1.8,"elev_angle":11.78,"wind_dir":218,"weather":{"icon":"c02d","code":801,"description":"Few clouds"},"ghi":153.5,"dhi":55.06,"timestamp_local":"2022-06-25T06:45:00","solar_rad":146.98802,"vis":10,"dni":490.58,"temp":17.1,"slp":1011,"clouds":2,"ts":1656132300},{"precip_rate":0,"rh":89,"wind_spd":3.2,"timestamp_utc":"2022-06-25T05:00:00","snow_rate":0,"app_temp":17.4,"pres":1001.30615,"azimuth":69.56,"dewpt":15.6,"uv":1.9,"elev_angle":13.84,"wind_dir":218,"weather":{"icon":"c01d","code":800,"description":"Clear Sky"},"ghi":185.6,"dhi":61.43,"timestamp_local":"2022-06-25T07:00:00","solar_rad":177.68384,"vis":10,"dni":550.26,"temp":17.4,"slp":1011,"clouds":0,"ts":1656133200},{"precip_rate":0,"rh":86,"wind_spd":3.1,"timestamp_utc":"2022-06-25T05:15:00","snow_rate":0,"app_temp":17.8,"pres":1001.31836,"azimuth":72.34,"dewpt":15.4,"uv":2,"elev_angle":16.05,"wind_dir":214,"weather":{"icon":"c01d","code":800,"description":"Clear Sky"},"ghi":223.6,"dhi":65.96,"timestamp_local":"2022-06-25T07:15:00","solar_rad":214.17409,"vis":10,"dni":583.99,"temp":17.8,"slp":1011,"clouds":0,"ts":1656134100},{"precip_rate":0,"rh":84,"wind_spd":3,"timestamp_utc":"2022-06-25T05:30:00","snow_rate":0,"app_temp":18.1,"pres":1001.33057,"azimuth":75.12,"dewpt":15.4,"uv":2.1,"elev_angle":18.27,"wind_dir":211,"weather":{"icon":"c01d","code":800,"description":"Clear Sky"},"ghi":261.5,"dhi":70.48,"timestamp_local":"2022-06-25T07:30:00","solar_rad":250.48721,"vis":10,"dni":617.71,"temp":18.1,"slp":1011,"clouds":0,"ts":1656135000},{"precip_rate":0,"rh":82,"wind_spd":2.9,"timestamp_utc":"2022-06-25T05:45:00","snow_rate":0,"app_temp":18.6,"pres":1001.34283,"azimuth":77.89,"dewpt":15.4,"uv":2.3,"elev_angle":20.48,"wind_dir":208,"weather":{"icon":"c01d","code":800,"description":"Clear Sky"},"ghi":299.5,"dhi":75.01,"timestamp_local":"2022-06-25T07:45:00","solar_rad":286.90683,"vis":10,"dni":651.44,"temp":18.5,"slp":1011,"clouds":0,"ts":1656135900},{"precip_rate":0,"rh":79,"wind_spd":2.8,"timestamp_utc":"2022-06-25T06:00:00","snow_rate":0,"app_temp":18.9,"pres":1001.35504,"azimuth":80.67,"dewpt":15.2,"uv":2.4,"elev_angle":22.69,"wind_dir":204,"weather":{"icon":"c01d","code":800,"description":"Clear Sky"},"ghi":337.5,"dhi":79.53,"timestamp_local":"2022-06-25T08:00:00","solar_rad":323.51736,"vis":10,"dni":685.16,"temp":18.9,"slp":1011,"clouds":0,"ts":1656136800},{"precip_rate":0,"rh":76,"wind_spd":2.9,"timestamp_utc":"2022-06-25T06:15:00","snow_rate":0,"app_temp":19.3,"pres":1001.6178,"azimuth":83.57,"dewpt":15,"uv":2.6,"elev_angle":24.98,"wind_dir":205,"weather":{"icon":"c02d","code":801,"description":"Few clouds"},"ghi":376.5,"dhi":82.94,"timestamp_local":"2022-06-25T08:15:00","solar_rad":361.0783,"vis":10,"dni":706.64,"temp":19.4,"slp":1011.25,"clouds":4,"ts":1656137700},{"precip_rate":0,"rh":74,"wind_spd":3,"timestamp_utc":"2022-06-25T06:30:00","snow_rate":0,"app_temp":19.8,"pres":1001.8805,"azimuth":86.47,"dewpt":15,"uv":2.7,"elev_angle":27.27,"wind_dir":206,"weather":{"icon":"c02d","code":801,"description":"Few clouds"},"ghi":415.6,"dhi":86.35,"timestamp_local":"2022-06-25T08:30:00","solar_rad":398.5355,"vis":10,"dni":728.11,"temp":19.8,"slp":1011.5,"clouds":7,"ts":1656138600},{"precip_rate":0,"rh":72,"wind_spd":3.1,"timestamp_utc":"2022-06-25T06:45:00","snow_rate":0,"app_temp":20.2,"pres":1002.14325,"azimuth":89.36,"dewpt":15,"uv":2.9,"elev_angle":29.55,"wind_dir":207,"weather":{"icon":"c02d","code":801,"description":"Few clouds"},"ghi":454.7,"dhi":89.75,"timestamp_local":"2022-06-25T08:45:00","solar_rad":435.92627,"vis":10,"dni":749.59,"temp":20.3,"slp":1011.75,"clouds":10,"ts":1656139500},{"precip_rate":0,"rh":69,"wind_spd":3.2,"timestamp_utc":"2022-06-25T07:00:00","snow_rate":0,"app_temp":20.6,"pres":1002.406,"azimuth":92.26,"dewpt":14.8,"uv":3.1,"elev_angle":31.84,"wind_dir":208,"weather":{"icon":"c02d","code":801,"description":"Few clouds"},"ghi":493.8,"dhi":93.16,"timestamp_local":"2022-06-25T09:00:00","solar_rad":473.35004,"vis":10,"dni":771.06,"temp":20.7,"slp":1012,"clouds":14,"ts":1656140400},{"precip_rate":0,"rh":68,"wind_spd":3.2,"timestamp_utc":"2022-06-25T07:15:00","snow_rate":0,"app_temp":20.9,"pres":1002.415,"azimuth":95.49,"dewpt":14.9,"uv":3.1,"elev_angle":34.11,"wind_dir":210,"weather":{"icon":"c02d","code":802,"description":"Scattered clouds"},"ghi":530.1,"dhi":95.72,"timestamp_local":"2022-06-25T09:15:00","solar_rad":505.44965,"vis":10,"dni":785.35,"temp":21,"slp":1012,"clouds":23,"ts":1656141300},{"precip_rate":0,"rh":66,"wind_spd":3.2,"timestamp_utc":"2022-06-25T07:30:00","snow_rate":0,"app_temp":21.2,"pres":1002.42395,"azimuth":98.72,"dewpt":14.7,"uv":3.2,"elev_angle":36.37,"wind_dir":211,"weather":{"icon":"c02d","code":802,"description":"Scattered clouds"},"ghi":566.5,"dhi":98.29,"timestamp_local":"2022-06-25T09:30:00","solar_rad":533.28625,"vis":10,"dni":799.64,"temp":21.3,"slp":1012,"clouds":32,"ts":1656142200},{"precip_rate":0,"rh":64,"wind_spd":3.2,"timestamp_utc":"2022-06-25T07:45:00","snow_rate":0,"app_temp":21.5,"pres":1002.433,"azimuth":101.94,"dewpt":14.5,"uv":3.2,"elev_angle":38.64,"wind_dir":212,"weather":{"icon":"c02d","code":802,"description":"Scattered clouds"},"ghi":602.8,"dhi":100.85,"timestamp_local":"2022-06-25T09:45:00","solar_rad":554.97235,"vis":10,"dni":813.93,"temp":21.6,"slp":1012,"clouds":40,"ts":1656143100},{"precip_rate":0,"rh":63,"wind_spd":3.2,"timestamp_utc":"2022-06-25T08:00:00","snow_rate":0,"app_temp":21.8,"pres":1002.44196,"azimuth":105.17,"dewpt":14.5,"uv":3.2,"elev_angle":40.9,"wind_dir":214,"weather":{"icon":"c03d","code":803,"description":"Broken clouds"},"ghi":639.2,"dhi":103.41,"timestamp_local":"2022-06-25T10:00:00","solar_rad":563.07446,"vis":10,"dni":828.22,"temp":21.9,"slp":1012,"clouds":49,"ts":1656144000},{"precip_rate":0,"rh":61,"wind_spd":3.1,"timestamp_utc":"2022-06-25T08:15:00","snow_rate":0,"app_temp":22.1,"pres":1002.45386,"azimuth":109.04,"dewpt":14.4,"uv":3.2,"elev_angle":43.01,"wind_dir":211,"weather":{"icon":"c03d","code":803,"description":"Broken clouds"},"ghi":669.6,"dhi":105.26,"timestamp_local":"2022-06-25T10:15:00","solar_rad":559.5327,"vis":10,"dni":837.66,"temp":22.3,"slp":1012,"clouds":56,"ts":1656144900},{"precip_rate":0,"rh":60,"wind_spd":3,"timestamp_utc":"2022-06-25T08:30:00","snow_rate":0,"app_temp":22.5,"pres":1002.4657,"azimuth":112.91,"dewpt":14.4,"uv":3.2,"elev_angle":45.13,"wind_dir":208,"weather":{"icon":"c03d","code":803,"description":"Broken clouds"},"ghi":700,"dhi":107.11,"timestamp_local":"2022-06-25T10:30:00","solar_rad":548.54565,"vis":10,"dni":847.1,"temp":22.6,"slp":1012,"clouds":62,"ts":1656145800},{"precip_rate":0,"rh":58,"wind_spd":2.9,"timestamp_utc":"2022-06-25T08:45:00","snow_rate":0,"app_temp":22.8,"pres":1002.47754,"azimuth":116.78,"dewpt":14.2,"uv":3.1,"elev_angle":47.24,"wind_dir":205,"weather":{"icon":"c03d","code":803,"description":"Broken clouds"},"ghi":730.4,"dhi":108.95,"timestamp_local":"2022-06-25T10:45:00","solar_rad":515.9857,"vis":10,"dni":856.54,"temp":22.9,"slp":1012,"clouds":69,"ts":1656146700},{"precip_rate":0,"rh":56,"wind_spd":2.8,"timestamp_utc":"2022-06-25T09:00:00","snow_rate":0,"app_temp":23.1,"pres":1002.48944,"azimuth":120.65,"dewpt":14,"uv":3,"elev_angle":49.35,"wind_dir":202,"weather":{"icon":"c04d","code":804,"description":"Overcast clouds"},"ghi":760.8,"dhi":110.8,"timestamp_local":"2022-06-25T11:00:00","solar_rad":462.47,"vis":10,"dni":865.98,"temp":23.3,"slp":1012,"clouds":76,"ts":1656147600},{"precip_rate":0,"rh":55,"wind_spd":3,"timestamp_utc":"2022-06-25T09:15:00","snow_rate":0,"app_temp":23.3,"pres":1002.49536,"azimuth":125.59,"dewpt":13.9,"uv":3.2,"elev_angle":51.1,"wind_dir":204,"weather":{"icon":"c04d","code":804,"description":"Overcast clouds"},"ghi":782.6,"dhi":112,"timestamp_local":"2022-06-25T11:15:00","solar_rad":463.31802,"vis":10,"dni":871.77,"temp":23.5,"slp":1012,"clouds":77,"ts":1656148500},{"precip_rate":0,"rh":54,"wind_spd":3.2,"timestamp_utc":"2022-06-25T09:30:00","snow_rate":0,"app_temp":23.5,"pres":1002.5012,"azimuth":130.54,"dewpt":13.8,"uv":3.3,"elev_angle":52.85,"wind_dir":205,"weather":{"icon":"c04d","code":804,"description":"Overcast clouds"},"ghi":804.5,"dhi":113.21,"timestamp_local":"2022-06-25T11:30:00","solar_rad":463.13205,"vis":10,"dni":877.56,"temp":23.7,"slp":1012,"clouds":78,"ts":1656149400},{"precip_rate":0,"rh":53,"wind_spd":3.4,"timestamp_utc":"2022-06-25T09:45:00","snow_rate":0,"app_temp":23.7,"pres":1002.5071,"azimuth":135.48,"dewpt":13.7,"uv":3.3,"elev_angle":54.59,"wind_dir":206,"weather":{"icon":"c04d","code":804,"description":"Overcast clouds"},"ghi":826.3,"dhi":114.41,"timestamp_local":"2022-06-25T11:45:00","solar_rad":447.17548,"vis":10,"dni":883.35,"temp":23.9,"slp":1012,"clouds":80,"ts":1656150300},{"precip_rate":0,"rh":52,"wind_spd":3.6,"timestamp_utc":"2022-06-25T10:00:00","snow_rate":0,"app_temp":23.9,"pres":1002.513,"azimuth":140.42,"dewpt":13.6,"uv":3.4,"elev_angle":56.34,"wind_dir":208,"weather":{"icon":"c04d","code":804,"description":"Overcast clouds"},"ghi":848.1,"dhi":115.61,"timestamp_local":"2022-06-25T12:00:00","solar_rad":443.7857,"vis":10,"dni":889.14,"temp":24.1,"slp":1012,"clouds":81,"ts":1656151200},{"precip_rate":0,"rh":51,"wind_spd":3.7,"timestamp_utc":"2022-06-25T10:15:00","snow_rate":0,"app_temp":24.2,"pres":1002.5218,"azimuth":146.73,"dewpt":13.6,"uv":3.5,"elev_angle":57.39,"wind_dir":209,"weather":{"icon":"c04d","code":804,"description":"Overcast clouds"},"ghi":859.6,"dhi":116.21,"timestamp_local":"2022-06-25T12:15:00","solar_rad":433.81168,"vis":10,"dni":891.91,"temp":24.4,"slp":1012,"clouds":82,"ts":1656152100},{"precip_rate":0,"rh":50,"wind_spd":3.8,"timestamp_utc":"2022-06-25T10:30:00","snow_rate":0,"app_temp":24.5,"pres":1002.5306,"azimuth":153.04,"dewpt":13.5,"uv":3.4,"elev_angle":58.44,"wind_dir":210,"weather":{"icon":"c04d","code":804,"description":"Overcast clouds"},"ghi":871,"dhi":116.8,"timestamp_local":"2022-06-25T12:30:00","solar_rad":405.59943,"vis":10,"dni":894.68,"temp":24.7,"slp":1012,"clouds":84,"ts":1656153000},{"precip_rate":0,"rh":48,"wind_spd":3.9,"timestamp_utc":"2022-06-25T10:45:00","snow_rate":0,"app_temp":24.7,"pres":1002.53937,"azimuth":159.35,"dewpt":13.2,"uv":3.5,"elev_angle":59.48,"wind_dir":211,"weather":{"icon":"c04d","code":804,"description":"Overcast clouds"},"ghi":882.4,"dhi":117.4,"timestamp_local":"2022-06-25T12:45:00","solar_rad":393.6812,"vis":10,"dni":897.45,"temp":24.9,"slp":1012,"clouds":85,"ts":1656153900},{"precip_rate":0,"rh":47,"wind_spd":4,"timestamp_utc":"2022-06-25T11:00:00","snow_rate":0,"app_temp":25,"pres":1002.54816,"azimuth":165.66,"dewpt":13.1,"uv":3.5,"elev_angle":60.53,"wind_dir":212,"weather":{"icon":"c04d","code":804,"description":"Overcast clouds"},"ghi":893.9,"dhi":117.99,"timestamp_local":"2022-06-25T13:00:00","solar_rad":380.19324,"vis":10,"dni":900.22,"temp":25.2,"slp":1012,"clouds":86,"ts":1656154800},{"precip_rate":0,"rh":46,"wind_spd":3.9,"timestamp_utc":"2022-06-25T11:15:00","snow_rate":0,"app_temp":25.1,"pres":1002.5511,"azimuth":172.71,"dewpt":12.9,"uv":3.5,"elev_angle":60.54,"wind_dir":210,"weather":{"icon":"c04d","code":804,"description":"Overcast clouds"},"ghi":894,"dhi":118,"timestamp_local":"2022-06-25T13:15:00","solar_rad":380.73383,"vis":10,"dni":900.24,"temp":25.3,"slp":1012,"clouds":86,"ts":1656155700},{"precip_rate":0,"rh":46,"wind_spd":3.8,"timestamp_utc":"2022-06-25T11:30:00","snow_rate":0,"app_temp":25.2,"pres":1002.55396,"azimuth":179.76,"dewpt":12.9,"uv":3.5,"elev_angle":60.55,"wind_dir":209,"weather":{"icon":"c04d","code":804,"description":"Overcast clouds"},"ghi":894.1,"dhi":118,"timestamp_local":"2022-06-25T13:30:00","solar_rad":380.59357,"vis":10,"dni":900.27,"temp":25.4,"slp":1012,"clouds":86,"ts":1656156600},{"precip_rate":0,"rh":46,"wind_spd":3.7,"timestamp_utc":"2022-06-25T11:45:00","snow_rate":0,"app_temp":25.3,"pres":1002.5569,"azimuth":186.81,"dewpt":13,"uv":3.5,"elev_angle":60.56,"wind_dir":208,"weather":{"icon":"c04d","code":804,"description":"Overcast clouds"},"ghi":894.2,"dhi":118.01,"timestamp_local":"2022-06-25T13:45:00","solar_rad":399.24048,"vis":10,"dni":900.29,"temp":25.5,"slp":1012,"clouds":85,"ts":1656157500},{"precip_rate":0,"rh":45,"wind_spd":3.6,"timestamp_utc":"2022-06-25T12:00:00","snow_rate":0,"app_temp":25.4,"pres":1002.5598,"azimuth":193.86,"dewpt":12.8,"uv":3.5,"elev_angle":60.57,"wind_dir":206,"weather":{"icon":"c04d","code":804,"description":"Overcast clouds"},"ghi":894.3,"dhi":118.01,"timestamp_local":"2022-06-25T14:00:00","solar_rad":399.79642,"vis":10,"dni":900.31,"temp":25.6,"slp":1012,"clouds":85,"ts":1656158400},{"precip_rate":0,"rh":45,"wind_spd":3.5,"timestamp_utc":"2022-06-25T12:15:00","snow_rate":0,"app_temp":25.5,"pres":1002.56274,"azimuth":200.19,"dewpt":12.9,"uv":3.5,"elev_angle":59.54,"wind_dir":206,"weather":{"icon":"c04d","code":804,"description":"Overcast clouds"},"ghi":883,"dhi":117.43,"timestamp_local":"2022-06-25T14:15:00","solar_rad":412.64658,"vis":10,"dni":897.59,"temp":25.7,"slp":1012,"clouds":84,"ts":1656159300},{"precip_rate":0,"rh":44,"wind_spd":3.4,"timestamp_utc":"2022-06-25T12:30:00","snow_rate":0,"app_temp":25.5,"pres":1002.5656,"azimuth":206.53,"dewpt":12.6,"uv":3.4,"elev_angle":58.51,"wind_dir":206,"weather":{"icon":"c04d","code":804,"description":"Overcast clouds"},"ghi":871.8,"dhi":116.84,"timestamp_local":"2022-06-25T14:30:00","solar_rad":407.96375,"vis":10,"dni":894.87,"temp":25.8,"slp":1012,"clouds":84,"ts":1656160200},{"precip_rate":0,"rh":44,"wind_spd":3.3,"timestamp_utc":"2022-06-25T12:45:00","snow_rate":0,"app_temp":25.6,"pres":1002.5685,"azimuth":212.86,"dewpt":12.6,"uv":3.4,"elev_angle":57.47,"wind_dir":206,"weather":{"icon":"c04d","code":804,"description":"Overcast clouds"},"ghi":860.5,"dhi":116.26,"timestamp_local":"2022-06-25T14:45:00","solar_rad":419.6283,"vis":10,"dni":892.14,"temp":25.8,"slp":1012,"clouds":83,"ts":1656161100},{"precip_rate":0,"rh":44,"wind_spd":3.2,"timestamp_utc":"2022-06-25T13:00:00","snow_rate":0,"app_temp":25.7,"pres":1002.5714,"azimuth":219.19,"dewpt":12.7,"uv":3.4,"elev_angle":56.44,"wind_dir":206,"weather":{"icon":"c04d","code":804,"description":"Overcast clouds"},"ghi":849.2,"dhi":115.67,"timestamp_local":"2022-06-25T15:00:00","solar_rad":430.3667,"vis":10,"dni":889.42,"temp":25.9,"slp":1012,"clouds":82,"ts":1656162000},{"precip_rate":0,"rh":43,"wind_spd":3.1,"timestamp_utc":"2022-06-25T13:15:00","snow_rate":0,"app_temp":25.9,"pres":1002.5772,"azimuth":224.16,"dewpt":12.5,"uv":3.2,"elev_angle":54.7,"wind_dir":206,"weather":{"icon":"c04d","code":804,"description":"Overcast clouds"},"ghi":827.6,"dhi":114.48,"timestamp_local":"2022-06-25T15:15:00","solar_rad":419.74823,"vis":10,"dni":883.68,"temp":26.1,"slp":1012,"clouds":82,"ts":1656162900},{"precip_rate":0,"rh":42,"wind_spd":3,"timestamp_utc":"2022-06-25T13:30:00","snow_rate":0,"app_temp":26.1,"pres":1002.583,"azimuth":229.12,"dewpt":12.4,"uv":3.1,"elev_angle":52.96,"wind_dir":205,"weather":{"icon":"c04d","code":804,"description":"Overcast clouds"},"ghi":805.9,"dhi":113.29,"timestamp_local":"2022-06-25T15:30:00","solar_rad":424.16696,"vis":10,"dni":877.95,"temp":26.3,"slp":1012,"clouds":81,"ts":1656163800},{"precip_rate":0,"rh":42,"wind_spd":2.9,"timestamp_utc":"2022-06-25T13:45:00","snow_rate":0,"app_temp":26.3,"pres":1002.5888,"azimuth":234.09,"dewpt":12.5,"uv":3,"elev_angle":51.22,"wind_dir":204,"weather":{"icon":"c04d","code":804,"description":"Overcast clouds"},"ghi":784.2,"dhi":112.09,"timestamp_local":"2022-06-25T15:45:00","solar_rad":426.6948,"vis":10,"dni":872.21,"temp":26.5,"slp":1012,"clouds":80,"ts":1656164700},{"precip_rate":0,"rh":41,"wind_spd":2.8,"timestamp_utc":"2022-06-25T14:00:00","snow_rate":0,"app_temp":26.7,"pres":1002.5946,"azimuth":239.05,"dewpt":12.4,"uv":2.9,"elev_angle":49.48,"wind_dir":204,"weather":{"icon":"c04d","code":804,"description":"Overcast clouds"},"ghi":762.5,"dhi":110.9,"timestamp_local":"2022-06-25T16:00:00","solar_rad":415.21616,"vis":10,"dni":866.47,"temp":26.7,"slp":1012,"clouds":80,"ts":1656165600},{"precip_rate":0,"rh":41,"wind_spd":2.8,"timestamp_utc":"2022-06-25T14:15:00","snow_rate":0,"app_temp":26.7,"pres":1002.5946,"azimuth":242.93,"dewpt":12.4,"uv":2.6,"elev_angle":47.37,"wind_dir":203,"weather":{"icon":"c04d","code":804,"description":"Overcast clouds"},"ghi":732.3,"dhi":109.07,"timestamp_local":"2022-06-25T16:15:00","solar_rad":357.6187,"vis":10,"dni":857.1,"temp":26.7,"slp":1012,"clouds":83,"ts":1656166500},{"precip_rate":0,"rh":42,"wind_spd":2.8,"timestamp_utc":"2022-06-25T14:30:00","snow_rate":0,"app_temp":26.7,"pres":1002.5946,"azimuth":246.82,"dewpt":12.7,"uv":2.3,"elev_angle":45.27,"wind_dir":202,"weather":{"icon":"c04d","code":804,"description":"Overcast clouds"},"ghi":702,"dhi":107.23,"timestamp_local":"2022-06-25T16:30:00","solar_rad":299.21536,"vis":10,"dni":847.73,"temp":26.7,"slp":1012,"clouds":86,"ts":1656167400},{"precip_rate":0,"rh":42,"wind_spd":2.8,"timestamp_utc":"2022-06-25T14:45:00","snow_rate":0,"app_temp":26.7,"pres":1002.5946,"azimuth":250.7,"dewpt":12.7,"uv":2,"elev_angle":43.16,"wind_dir":201,"weather":{"icon":"c04d","code":804,"description":"Overcast clouds"},"ghi":671.7,"dhi":105.4,"timestamp_local":"2022-06-25T16:45:00","solar_rad":241.53859,"vis":10,"dni":838.35,"temp":26.7,"slp":1012,"clouds":89,"ts":1656168300},{"precip_rate":0,"rh":42,"wind_spd":2.8,"timestamp_utc":"2022-06-25T15:00:00","snow_rate":0,"app_temp":26.7,"pres":1002.5946,"azimuth":254.58,"dewpt":12.7,"uv":1.8,"elev_angle":41.05,"wind_dir":200,"weather":{"icon":"c04d","code":804,"description":"Overcast clouds"},"ghi":641.4,"dhi":103.56,"timestamp_local":"2022-06-25T17:00:00","solar_rad":184.29875,"vis":10,"dni":828.98,"temp":26.7,"slp":1012,"clouds":92,"ts":1656169200},{"precip_rate":0,"rh":42,"wind_spd":2.8,"timestamp_utc":"2022-06-25T15:15:00","snow_rate":0,"app_temp":26.4,"pres":1002.5917,"azimuth":257.82,"dewpt":12.6,"uv":1.6,"elev_angle":38.79,"wind_dir":198,"weather":{"icon":"c04d","code":804,"description":"Overcast clouds"},"ghi":605.1,"dhi":101.01,"timestamp_local":"2022-06-25T17:15:00","solar_rad":158.63257,"vis":10,"dni":814.78,"temp":26.6,"slp":1012,"clouds":93,"ts":1656170100},{"precip_rate":0,"rh":43,"wind_spd":2.8,"timestamp_utc":"2022-06-25T15:30:00","snow_rate":0,"app_temp":26.3,"pres":1002.5888,"azimuth":261.05,"dewpt":12.9,"uv":1.4,"elev_angle":36.52,"wind_dir":195,"weather":{"icon":"c04d","code":804,"description":"Overcast clouds"},"ghi":568.9,"dhi":98.46,"timestamp_local":"2022-06-25T17:30:00","solar_rad":133.97365,"vis":10,"dni":800.59,"temp":26.5,"slp":1012,"clouds":94,"ts":1656171000},{"precip_rate":0,"rh":44,"wind_spd":2.8,"timestamp_utc":"2022-06-25T15:45:00","snow_rate":0,"app_temp":26.2,"pres":1002.58594,"azimuth":264.29,"dewpt":13.2,"uv":1.3,"elev_angle":34.26,"wind_dir":192,"weather":{"icon":"c04d","code":804,"description":"Overcast clouds"},"ghi":532.6,"dhi":95.91,"timestamp_local":"2022-06-25T17:45:00","solar_rad":110.87006,"vis":10,"dni":786.39,"temp":26.4,"slp":1012,"clouds":95,"ts":1656171900},{"precip_rate":0,"rh":44,"wind_spd":2.8,"timestamp_utc":"2022-06-25T16:00:00","snow_rate":0,"app_temp":26.1,"pres":1002.583,"azimuth":267.52,"dewpt":13.1,"uv":1.2,"elev_angle":31.99,"wind_dir":190,"weather":{"icon":"c04d","code":804,"description":"Overcast clouds"},"ghi":496.3,"dhi":93.36,"timestamp_local":"2022-06-25T18:00:00","solar_rad":182.06792,"vis":10,"dni":772.19,"temp":26.3,"slp":1012,"clouds":96,"ts":1656172800},{"precip_rate":0,"rh":44,"wind_spd":2.7,"timestamp_utc":"2022-06-25T16:15:00","snow_rate":0,"app_temp":26.1,"pres":1002.3353,"azimuth":270.42,"dewpt":13.1,"uv":1.2,"elev_angle":29.7,"wind_dir":190,"weather":{"icon":"c04d","code":804,"description":"Overcast clouds"},"ghi":457.2,"dhi":89.97,"timestamp_local":"2022-06-25T18:15:00","solar_rad":130.99234,"vis":10,"dni":750.86,"temp":26.3,"slp":1011.75,"clouds":92,"ts":1656173700},{"precip_rate":0,"rh":44,"wind_spd":2.6,"timestamp_utc":"2022-06-25T16:30:00","snow_rate":0,"app_temp":26.1,"pres":1002.08765,"azimuth":273.33,"dewpt":13.1,"uv":1.1,"elev_angle":27.42,"wind_dir":189,"weather":{"icon":"c04d","code":804,"description":"Overcast clouds"},"ghi":418.1,"dhi":86.57,"timestamp_local":"2022-06-25T18:30:00","solar_rad":159.54224,"vis":10,"dni":729.52,"temp":26.3,"slp":1011.5,"clouds":88,"ts":1656174600},{"precip_rate":0,"rh":43,"wind_spd":2.5,"timestamp_utc":"2022-06-25T16:45:00","snow_rate":0,"app_temp":26.1,"pres":1001.84,"azimuth":276.23,"dewpt":12.7,"uv":1.1,"elev_angle":25.13,"wind_dir":188,"weather":{"icon":"c04d","code":804,"description":"Overcast clouds"},"ghi":379.1,"dhi":83.18,"timestamp_local":"2022-06-25T18:45:00","solar_rad":169.54335,"vis":10,"dni":708.19,"temp":26.3,"slp":1011.25,"clouds":85,"ts":1656175500},{"precip_rate":0,"rh":43,"wind_spd":2.4,"timestamp_utc":"2022-06-25T17:00:00","snow_rate":0,"app_temp":26.1,"pres":1001.59235,"azimuth":279.13,"dewpt":12.7,"uv":1.1,"elev_angle":22.84,"wind_dir":188,"weather":{"icon":"c04d","code":804,"description":"Overcast clouds"},"ghi":340,"dhi":79.78,"timestamp_local":"2022-06-25T19:00:00","solar_rad":178.67564,"vis":10,"dni":686.85,"temp":26.3,"slp":1011,"clouds":81,"ts":1656176400},{"precip_rate":0,"rh":44,"wind_spd":2.2,"timestamp_utc":"2022-06-25T17:15:00","snow_rate":0,"app_temp":25.9,"pres":1001.58655,"azimuth":281.91,"dewpt":12.9,"uv":0.9,"elev_angle":20.62,"wind_dir":188,"weather":{"icon":"c04d","code":804,"description":"Overcast clouds"},"ghi":302,"dhi":75.28,"timestamp_local":"2022-06-25T19:15:00","solar_rad":134.92555,"vis":10,"dni":653.38,"temp":26.1,"slp":1011,"clouds":85,"ts":1656177300},{"precip_rate":0,"rh":44,"wind_spd":2,"timestamp_utc":"2022-06-25T17:30:00","snow_rate":0,"app_temp":25.7,"pres":1001.5807,"azimuth":284.69,"dewpt":12.8,"uv":0.8,"elev_angle":18.41,"wind_dir":189,"weather":{"icon":"c04d","code":804,"description":"Overcast clouds"},"ghi":263.9,"dhi":70.77,"timestamp_local":"2022-06-25T19:30:00","solar_rad":94.866035,"vis":10,"dni":619.91,"temp":25.9,"slp":1011,"clouds":89,"ts":1656178200},{"precip_rate":0,"rh":45,"wind_spd":1.8,"timestamp_utc":"2022-06-25T17:45:00","snow_rate":0,"app_temp":25.6,"pres":1001.5749,"azimuth":287.46,"dewpt":12.9,"uv":0.7,"elev_angle":16.19,"wind_dir":190,"weather":{"icon":"c04d","code":804,"description":"Overcast clouds"},"ghi":225.9,"dhi":66.27,"timestamp_local":"2022-06-25T19:45:00","solar_rad":124.54073,"vis":10,"dni":586.43,"temp":25.8,"slp":1011,"clouds":93,"ts":1656179100},{"precip_rate":0,"rh":46,"wind_spd":1.6,"timestamp_utc":"2022-06-25T18:00:00","snow_rate":0,"app_temp":25.4,"pres":1001.5691,"azimuth":290.24,"dewpt":13.1,"uv":0.6,"elev_angle":13.97,"wind_dir":190,"weather":{"icon":"c04d","code":804,"description":"Overcast clouds"},"ghi":187.9,"dhi":61.76,"timestamp_local":"2022-06-25T20:00:00","solar_rad":89.7223,"vis":10,"dni":552.96,"temp":25.6,"slp":1011,"clouds":97,"ts":1656180000},{"precip_rate":0,"rh":49,"wind_spd":1.4,"timestamp_utc":"2022-06-25T18:15:00","snow_rate":0,"app_temp":25,"pres":1001.8021,"azimuth":293.04,"dewpt":13.7,"uv":0.6,"elev_angle":11.91,"wind_dir":186,"weather":{"icon":"c04d","code":804,"description":"Overcast clouds"},"ghi":155.7,"dhi":55.43,"timestamp_local":"2022-06-25T20:15:00","solar_rad":73.83971,"vis":10,"dni":493.86,"temp":25.1,"slp":1011.25,"clouds":98,"ts":1656180900},{"precip_rate":0,"rh":52,"wind_spd":1.2,"timestamp_utc":"2022-06-25T18:30:00","snow_rate":0,"app_temp":24.5,"pres":1002.03516,"azimuth":295.83,"dewpt":14.1,"uv":0.6,"elev_angle":9.85,"wind_dir":181,"weather":{"icon":"c04d","code":804,"description":"Overcast clouds"},"ghi":123.5,"dhi":49.09,"timestamp_local":"2022-06-25T20:30:00","solar_rad":63.461254,"vis":10,"dni":434.75,"temp":24.7,"slp":1011.5,"clouds":98,"ts":1656181800},{"precip_rate":0,"rh":54,"wind_spd":1,"timestamp_utc":"2022-06-25T18:45:00","snow_rate":0,"app_temp":24.1,"pres":1002.2682,"azimuth":298.63,"dewpt":14.3,"uv":0.6,"elev_angle":7.78,"wind_dir":176,"weather":{"icon":"c04d","code":804,"description":"Overcast clouds"},"ghi":91.2,"dhi":42.76,"timestamp_local":"2022-06-25T20:45:00","solar_rad":50.5573,"vis":10,"dni":375.65,"temp":24.2,"slp":1011.75,"clouds":99,"ts":1656182700},{"precip_rate":0,"rh":57,"wind_spd":0.8,"timestamp_utc":"2022-06-25T19:00:00","snow_rate":0,"app_temp":23.6,"pres":1002.5012,"azimuth":301.42,"dewpt":14.7,"uv":0.5,"elev_angle":5.72,"wind_dir":172,"weather":{"icon":"c04d","code":804,"description":"Overcast clouds"},"ghi":59,"dhi":36.42,"timestamp_local":"2022-06-25T21:00:00","solar_rad":39.494125,"vis":10,"dni":316.54,"temp":23.7,"slp":1012,"clouds":100,"ts":1656183600},{"precip_rate":0,"rh":59,"wind_spd":0.8,"timestamp_utc":"2022-06-25T19:15:00","snow_rate":0,"app_temp":23.3,"pres":1002.4894,"azimuth":304.34,"dewpt":14.9,"uv":0.5,"elev_angle":3.9,"wind_dir":152,"weather":{"icon":"c04n","code":804,"description":"Overcast clouds"},"ghi":44.3,"dhi":27.32,"timestamp_local":"2022-06-25T21:15:00","solar_rad":29.6018,"vis":10,"dni":237.41,"temp":23.3,"slp":1012,"clouds":100,"ts":1656184500},{"precip_rate":0,"rh":60,"wind_spd":0.8,"timestamp_utc":"2022-06-25T19:30:00","snow_rate":0,"app_temp":22.9,"pres":1002.47754,"azimuth":307.27,"dewpt":14.8,"uv":0.5,"elev_angle":2.07,"wind_dir":133,"weather":{"icon":"c04n","code":804,"description":"Overcast clouds"},"ghi":29.5,"dhi":18.21,"timestamp_local":"2022-06-25T21:30:00","solar_rad":19.73667,"vis":10,"dni":158.27,"temp":22.9,"slp":1012,"clouds":100,"ts":1656185400},{"precip_rate":0,"rh":62,"wind_spd":0.8,"timestamp_utc":"2022-06-25T19:45:00","snow_rate":0,"app_temp":22.5,"pres":1002.4657,"azimuth":310.19,"dewpt":14.9,"uv":0.5,"elev_angle":0.25,"wind_dir":114,"weather":{"icon":"c04n","code":804,"description":"Overcast clouds"},"ghi":14.8,"dhi":9.11,"timestamp_local":"2022-06-25T21:45:00","solar_rad":9.868561,"vis":10,"dni":79.14,"temp":22.6,"slp":1012,"clouds":100,"ts":1656186300},{"precip_rate":0,"rh":64,"wind_spd":0.8,"timestamp_utc":"2022-06-25T20:00:00","snow_rate":0,"app_temp":22.1,"pres":1002.45386,"azimuth":313.11,"dewpt":15.1,"uv":0,"elev_angle":-1.58,"wind_dir":94,"weather":{"icon":"c04n","code":804,"description":"Overcast clouds"},"ghi":0,"dhi":0,"timestamp_local":"2022-06-25T22:00:00","solar_rad":0,"vis":10,"dni":0,"temp":22.2,"slp":1012,"clouds":100,"ts":1656187200},{"precip_rate":0,"rh":64,"wind_spd":0.9,"timestamp_utc":"2022-06-25T20:15:00","snow_rate":0,"app_temp":22.1,"pres":1002.45087,"azimuth":316.22,"dewpt":15,"uv":0,"elev_angle":-3.08,"wind_dir":92,"weather":{"icon":"c04n","code":804,"description":"Overcast clouds"},"ghi":0,"dhi":0,"timestamp_local":"2022-06-25T22:15:00","solar_rad":0,"vis":10,"dni":0,"temp":22.1,"slp":1012,"clouds":100,"ts":1656188100},{"precip_rate":0,"rh":64,"wind_spd":1,"timestamp_utc":"2022-06-25T20:30:00","snow_rate":0,"app_temp":22,"pres":1002.4479,"azimuth":319.33,"dewpt":14.9,"uv":0,"elev_angle":-4.58,"wind_dir":91,"weather":{"icon":"c04n","code":804,"description":"Overcast clouds"},"ghi":0,"dhi":0,"timestamp_local":"2022-06-25T22:30:00","solar_rad":0,"vis":10,"dni":0,"temp":22.1,"slp":1012,"clouds":99,"ts":1656189000},{"precip_rate":0,"rh":63,"wind_spd":1.1,"timestamp_utc":"2022-06-25T20:45:00","snow_rate":0,"app_temp":21.9,"pres":1002.44495,"azimuth":322.44,"dewpt":14.6,"uv":0,"elev_angle":-6.07,"wind_dir":90,"weather":{"icon":"c04n","code":804,"description":"Overcast clouds"},"ghi":0,"dhi":0,"timestamp_local":"2022-06-25T22:45:00","solar_rad":0,"vis":10,"dni":0,"temp":22,"slp":1012,"clouds":98,"ts":1656189900},{"precip_rate":0,"rh":63,"wind_spd":1.2,"timestamp_utc":"2022-06-25T21:00:00","snow_rate":0,"app_temp":21.8,"pres":1002.44196,"azimuth":325.55,"dewpt":14.5,"uv":0,"elev_angle":-7.57,"wind_dir":88,"weather":{"icon":"c04n","code":804,"description":"Overcast clouds"},"ghi":0,"dhi":0,"timestamp_local":"2022-06-25T23:00:00","solar_rad":0,"vis":10,"dni":0,"temp":21.9,"slp":1012,"clouds":98,"ts":1656190800},{"precip_rate":0,"rh":64,"wind_spd":1.4,"timestamp_utc":"2022-06-25T21:15:00","snow_rate":0,"app_temp":21.4,"pres":1002.42993,"azimuth":328.87,"dewpt":14.4,"uv":0,"elev_angle":-8.64,"wind_dir":99,"weather":{"icon":"c04n","code":804,"description":"Overcast clouds"},"ghi":0,"dhi":0,"timestamp_local":"2022-06-25T23:15:00","solar_rad":0,"vis":10,"dni":0,"temp":21.5,"slp":1012,"clouds":97,"ts":1656191700},{"precip_rate":0,"rh":65,"wind_spd":1.6,"timestamp_utc":"2022-06-25T21:30:00","snow_rate":0,"app_temp":21,"pres":1002.41797,"azimuth":332.19,"dewpt":14.3,"uv":0,"elev_angle":-9.71,"wind_dir":110,"weather":{"icon":"c04n","code":804,"description":"Overcast clouds"},"ghi":0,"dhi":0,"timestamp_local":"2022-06-25T23:30:00","solar_rad":0,"vis":10,"dni":0,"temp":21.1,"slp":1012,"clouds":96,"ts":1656192600},{"precip_rate":0,"rh":66,"wind_spd":1.8,"timestamp_utc":"2022-06-25T21:45:00","snow_rate":0,"app_temp":20.6,"pres":1002.406,"azimuth":335.5,"dewpt":14.2,"uv":0,"elev_angle":-10.78,"wind_dir":121,"weather":{"icon":"c04n","code":804,"description":"Overcast clouds"},"ghi":0,"dhi":0,"timestamp_local":"2022-06-25T23:45:00","solar_rad":0,"vis":10,"dni":0,"temp":20.8,"slp":1012,"clouds":95,"ts":1656193500},{"precip_rate":0,"rh":67,"wind_spd":2,"timestamp_utc":"2022-06-25T22:00:00","snow_rate":0,"app_temp":20.2,"pres":1002.394,"azimuth":338.82,"dewpt":14.1,"uv":0,"elev_angle":-11.85,"wind_dir":132,"weather":{"icon":"c04n","code":804,"description":"Overcast clouds"},"ghi":0,"dhi":0,"timestamp_local":"2022-06-26T00:00:00","solar_rad":0,"vis":10,"dni":0,"temp":20.4,"slp":1012,"clouds":94,"ts":1656194400},{"precip_rate":0,"rh":68,"wind_spd":2.1,"timestamp_utc":"2022-06-25T22:15:00","snow_rate":0,"app_temp":20,"pres":1002.3849,"azimuth":342.31,"dewpt":14,"uv":0,"elev_angle":-12.42,"wind_dir":130,"weather":{"icon":"c04n","code":804,"description":"Overcast clouds"},"ghi":0,"dhi":0,"timestamp_local":"2022-06-26T00:15:00","solar_rad":0,"vis":10,"dni":0,"temp":20.1,"slp":1012,"clouds":93,"ts":1656195300},{"precip_rate":0,"rh":68,"wind_spd":2.2,"timestamp_utc":"2022-06-25T22:30:00","snow_rate":0,"app_temp":19.7,"pres":1002.37585,"azimuth":345.79,"dewpt":13.8,"uv":0,"elev_angle":-12.98,"wind_dir":128,"weather":{"icon":"c04n","code":804,"description":"Overcast clouds"},"ghi":0,"dhi":0,"timestamp_local":"2022-06-26T00:30:00","solar_rad":0,"vis":10,"dni":0,"temp":19.8,"slp":1012,"clouds":92,"ts":1656196200},{"precip_rate":0,"rh":69,"wind_spd":2.3,"timestamp_utc":"2022-06-25T22:45:00","snow_rate":0,"app_temp":19.4,"pres":1002.36676,"azimuth":349.28,"dewpt":13.7,"uv":0,"elev_angle":-13.55,"wind_dir":126,"weather":{"icon":"c04n","code":804,"description":"Overcast clouds"},"ghi":0,"dhi":0,"timestamp_local":"2022-06-26T00:45:00","solar_rad":0,"vis":10,"dni":0,"temp":19.6,"slp":1012,"clouds":90,"ts":1656197100},{"precip_rate":0,"rh":70,"wind_spd":2.4,"timestamp_utc":"2022-06-25T23:00:00","snow_rate":0,"app_temp":19.1,"pres":1002.35767,"azimuth":352.76,"dewpt":13.7,"uv":0,"elev_angle":-14.11,"wind_dir":124,"weather":{"icon":"c04n","code":804,"description":"Overcast clouds"},"ghi":0,"dhi":0,"timestamp_local":"2022-06-26T01:00:00","solar_rad":0,"vis":10,"dni":0,"temp":19.3,"slp":1012,"clouds":89,"ts":1656198000},{"precip_rate":0,"rh":70,"wind_spd":2.5,"timestamp_utc":"2022-06-25T23:15:00","snow_rate":0,"app_temp":19,"pres":1002.3546,"azimuth":266.31,"dewpt":13.6,"uv":0,"elev_angle":-14.12,"wind_dir":131,"weather":{"icon":"c04n","code":804,"description":"Overcast clouds"},"ghi":0,"dhi":0,"timestamp_local":"2022-06-26T01:15:00","solar_rad":0,"vis":10,"dni":0,"temp":19.2,"slp":1012,"clouds":87,"ts":1656198900},{"precip_rate":0,"rh":71,"wind_spd":2.6,"timestamp_utc":"2022-06-25T23:30:00","snow_rate":0,"app_temp":18.9,"pres":1002.35156,"azimuth":179.86,"dewpt":13.7,"uv":0,"elev_angle":-14.12,"wind_dir":138,"weather":{"icon":"c04n","code":804,"description":"Overcast clouds"},"ghi":0,"dhi":0,"timestamp_local":"2022-06-26T01:30:00","solar_rad":0,"vis":10,"dni":0,"temp":19.1,"slp":1012,"clouds":85,"ts":1656199800},{"precip_rate":0,"rh":72,"wind_spd":2.7,"timestamp_utc":"2022-06-25T23:45:00","snow_rate":0,"app_temp":18.8,"pres":1002.3486,"azimuth":93.4,"dewpt":13.8,"uv":0,"elev_angle":-14.13,"wind_dir":145,"weather":{"icon":"c04n","code":804,"description":"Overcast clouds"},"ghi":0,"dhi":0,"timestamp_local":"2022-06-26T01:45:00","solar_rad":0,"vis":10,"dni":0,"temp":19,"slp":1012,"clouds":83,"ts":1656200700}],"sources":["103150-99999","imerg","merra2","era5","modis"],"city_id":"2856883"}
