{"timezone":"Europe\/Berlin","state_code":"06","country_code":"DE","lat":52.2833,"lon":8,"city_name":"Osnabr�ck","station_id":"103150-99999","data":[{"precip_rate":0,"rh":91,"wind_spd":1.6,"timestamp_utc":"2022-07-11T00:00:00","snow_rate":0,"app_temp":14.4,"pres":1013.09064,"azimuth":6.42,"dewpt":13,"uv":0,"elev_angle":-15.45,"wind_dir":288,"weather":{"icon":"c04n","code":804,"description":"Overcast clouds"},"ghi":0,"dhi":0,"timestamp_local":"2022-07-11T02:00:00","solar_rad":0,"vis":10,"dni":0,"temp":14.4,"slp":1023,"clouds":100,"ts":1657497600},{"precip_rate":0,"rh":91,"wind_spd":1.7,"timestamp_utc":"2022-07-11T00:15:00","snow_rate":0,"app_temp":14.4,"pres":1013.09064,"azimuth":9.96,"dewpt":13,"uv":0,"elev_angle":-14.92,"wind_dir":292,"weather":{"icon":"c04n","code":804,"description":"Overcast clouds"},"ghi":0,"dhi":0,"timestamp_local":"2022-07-11T02:15:00","solar_rad":0,"vis":10,"dni":0,"temp":14.4,"slp":1023,"clouds":100,"ts":1657498500},{"precip_rate":0,"rh":91,"wind_spd":1.8,"timestamp_utc":"2022-07-11T00:30:00","snow_rate":0,"app_temp":14.4,"pres":1013.09064,"azimuth":13.51,"dewpt":13,"uv":0,"elev_angle":-14.38,"wind_dir":297,"weather":{"icon":"c04n","code":804,"description":"Overcast clouds"},"ghi":0,"dhi":0,"timestamp_local":"2022-07-11T02:30:00","solar_rad":0,"vis":10,"dni":0,"temp":14.4,"slp":1023,"clouds":100,"ts":1657499400},{"precip_rate":0,"rh":91,"wind_spd":1.9,"timestamp_utc":"2022-07-11T00:45:00","snow_rate":0,"app_temp":14.4,"pres":1013.09064,"azimuth":17.05,"dewpt":13,"uv":0,"elev_angle":-13.85,"wind_dir":302,"weather":{"icon":"c04n","code":804,"description":"Overcast clouds"},"ghi":0,"dhi":0,"timestamp_local":"2022-07-11T02:45:00","solar_rad":0,"vis":10,"dni":0,"temp":14.4,"slp":1023,"clouds":100,"ts":1657500300},{"precip_rate":0,"rh":91,"wind_spd":2,"timestamp_utc":"2022-07-11T01:00:00","snow_rate":0,"app_temp":14.4,"pres":1013.09064,"azimuth":20.59,"dewpt":13,"uv":0,"elev_angle":-13.31,"wind_dir":306,"weather":{"icon":"c04n","code":804,"description":"Overcast clouds"},"ghi":0,"dhi":0,"timestamp_local":"2022-07-11T03:00:00","solar_rad":0,"vis":10,"dni":0,"temp":14.4,"slp":1023,"clouds":100,"ts":1657501200},{"precip_rate":0,"rh":92,"wind_spd":2.1,"timestamp_utc":"2022-07-11T01:15:00","snow_rate":0,"app_temp":14.2,"pres":1013.0843,"azimuth":23.97,"dewpt":12.9,"uv":0,"elev_angle":-12.26,"wind_dir":307,"weather":{"icon":"c04n","code":804,"description":"Overcast clouds"},"ghi":0,"dhi":0,"timestamp_local":"2022-07-11T03:15:00","solar_rad":0,"vis":10,"dni":0,"temp":14.2,"slp":1023,"clouds":100,"ts":1657502100},{"precip_rate":0,"rh":93,"wind_spd":2.2,"timestamp_utc":"2022-07-11T01:30:00","snow_rate":0,"app_temp":14,"pres":1013.0779,"azimuth":27.35,"dewpt":12.9,"uv":0,"elev_angle":-11.21,"wind_dir":308,"weather":{"icon":"c04n","code":804,"description":"Overcast clouds"},"ghi":0,"dhi":0,"timestamp_local":"2022-07-11T03:30:00","solar_rad":0,"vis":10,"dni":0,"temp":14,"slp":1023,"clouds":99,"ts":1657503000},{"precip_rate":0,"rh":94,"wind_spd":2.3,"timestamp_utc":"2022-07-11T01:45:00","snow_rate":0,"app_temp":13.9,"pres":1013.07153,"azimuth":30.72,"dewpt":12.9,"uv":0,"elev_angle":-10.15,"wind_dir":309,"weather":{"icon":"c04n","code":804,"description":"Overcast clouds"},"ghi":0,"dhi":0,"timestamp_local":"2022-07-11T03:45:00","solar_rad":0,"vis":10,"dni":0,"temp":13.9,"slp":1023,"clouds":98,"ts":1657503900},{"precip_rate":0,"rh":95,"wind_spd":2.4,"timestamp_utc":"2022-07-11T02:00:00","snow_rate":0,"app_temp":13.7,"pres":1013.0652,"azimuth":34.1,"dewpt":12.9,"uv":0,"elev_angle":-9.1,"wind_dir":310,"weather":{"icon":"c04n","code":804,"description":"Overcast clouds"},"ghi":0,"dhi":0,"timestamp_local":"2022-07-11T04:00:00","solar_rad":0,"vis":10,"dni":0,"temp":13.7,"slp":1023,"clouds":98,"ts":1657504800},{"precip_rate":0,"rh":95,"wind_spd":2.4,"timestamp_utc":"2022-07-11T02:15:00","snow_rate":0,"app_temp":13.8,"pres":1013.06836,"azimuth":37.26,"dewpt":13,"uv":0,"elev_angle":-7.62,"wind_dir":312,"weather":{"icon":"c04n","code":804,"description":"Overcast clouds"},"ghi":0,"dhi":0,"timestamp_local":"2022-07-11T04:15:00","solar_rad":0,"vis":10,"dni":0,"temp":13.8,"slp":1023,"clouds":96,"ts":1657505700},{"precip_rate":0,"rh":95,"wind_spd":2.4,"timestamp_utc":"2022-07-11T02:30:00","snow_rate":0,"app_temp":13.9,"pres":1013.07153,"azimuth":40.42,"dewpt":13.1,"uv":0,"elev_angle":-6.13,"wind_dir":313,"weather":{"icon":"c04n","code":804,"description":"Overcast clouds"},"ghi":0,"dhi":0,"timestamp_local":"2022-07-11T04:30:00","solar_rad":0,"vis":10,"dni":0,"temp":13.9,"slp":1023,"clouds":93,"ts":1657506600},{"precip_rate":0,"rh":95,"wind_spd":2.4,"timestamp_utc":"2022-07-11T02:45:00","snow_rate":0,"app_temp":14,"pres":1013.07477,"azimuth":43.57,"dewpt":13.2,"uv":0,"elev_angle":-4.65,"wind_dir":314,"weather":{"icon":"c04n","code":804,"description":"Overcast clouds"},"ghi":0,"dhi":0,"timestamp_local":"2022-07-11T04:45:00","solar_rad":0,"vis":10,"dni":0,"temp":14,"slp":1023,"clouds":90,"ts":1657507500},{"precip_rate":0,"rh":95,"wind_spd":2.4,"timestamp_utc":"2022-07-11T03:00:00","snow_rate":0,"app_temp":14.1,"pres":1013.07794,"azimuth":46.73,"dewpt":13.3,"uv":0,"elev_angle":-3.16,"wind_dir":316,"weather":{"icon":"c04n","code":804,"description":"Overcast clouds"},"ghi":0,"dhi":0,"timestamp_local":"2022-07-11T05:00:00","solar_rad":0,"vis":10,"dni":0,"temp":14.1,"slp":1023,"clouds":88,"ts":1657508400},{"precip_rate":0,"rh":94,"wind_spd":2.3,"timestamp_utc":"2022-07-11T03:15:00","snow_rate":0,"app_temp":14.2,"pres":1013.0811,"azimuth":49.69,"dewpt":13.2,"uv":0,"elev_angle":-1.34,"wind_dir":316,"weather":{"icon":"c04n","code":804,"description":"Overcast clouds"},"ghi":9.5,"dhi":7.41,"timestamp_local":"2022-07-11T05:15:00","solar_rad":11.14129,"vis":10,"dni":60.88,"temp":14.2,"slp":1023,"clouds":87,"ts":1657509300},{"precip_rate":0,"rh":94,"wind_spd":2.2,"timestamp_utc":"2022-07-11T03:30:00","snow_rate":0,"app_temp":14.3,"pres":1013.0843,"azimuth":52.65,"dewpt":13.3,"uv":0.7,"elev_angle":0.49,"wind_dir":315,"weather":{"icon":"c04n","code":804,"description":"Overcast clouds"},"ghi":19.1,"dhi":14.81,"timestamp_local":"2022-07-11T05:30:00","solar_rad":22.721542,"vis":10,"dni":121.75,"temp":14.3,"slp":1023,"clouds":86,"ts":1657510200},{"precip_rate":0,"rh":94,"wind_spd":2.1,"timestamp_utc":"2022-07-11T03:45:00","snow_rate":0,"app_temp":14.3,"pres":1013.08746,"azimuth":55.61,"dewpt":13.4,"uv":0.7,"elev_angle":2.31,"wind_dir":314,"weather":{"icon":"c04n","code":804,"description":"Overcast clouds"},"ghi":28.6,"dhi":22.22,"timestamp_local":"2022-07-11T05:45:00","solar_rad":34.059933,"vis":10,"dni":182.63,"temp":14.3,"slp":1023,"clouds":86,"ts":1657511100},{"precip_rate":0,"rh":93,"wind_spd":2,"timestamp_utc":"2022-07-11T04:00:00","snow_rate":0,"app_temp":14.4,"pres":1013.09064,"azimuth":58.57,"dewpt":13.3,"uv":0.7,"elev_angle":4.13,"wind_dir":314,"weather":{"icon":"c04n","code":804,"description":"Overcast clouds"},"ghi":38.2,"dhi":29.62,"timestamp_local":"2022-07-11T06:00:00","solar_rad":46.24853,"vis":10,"dni":243.5,"temp":14.4,"slp":1023,"clouds":85,"ts":1657512000},{"precip_rate":0,"rh":93,"wind_spd":2.1,"timestamp_utc":"2022-07-11T04:15:00","snow_rate":0,"app_temp":14.4,"pres":1013.09064,"azimuth":61.4,"dewpt":13.3,"uv":0.8,"elev_angle":6.19,"wind_dir":315,"weather":{"icon":"c04d","code":804,"description":"Overcast clouds"},"ghi":69,"dhi":36.65,"timestamp_local":"2022-07-11T06:15:00","solar_rad":37.355274,"vis":10,"dni":312.51,"temp":14.4,"slp":1023,"clouds":80,"ts":1657512900},{"precip_rate":0,"rh":93,"wind_spd":2.2,"timestamp_utc":"2022-07-11T04:30:00","snow_rate":0,"app_temp":14.4,"pres":1013.09064,"azimuth":64.23,"dewpt":13.3,"uv":0.9,"elev_angle":8.26,"wind_dir":316,"weather":{"icon":"c04d","code":804,"description":"Overcast clouds"},"ghi":99.8,"dhi":43.69,"timestamp_local":"2022-07-11T06:30:00","solar_rad":60.7611,"vis":10,"dni":381.52,"temp":14.4,"slp":1023,"clouds":76,"ts":1657513800},{"precip_rate":0,"rh":93,"wind_spd":2.3,"timestamp_utc":"2022-07-11T04:45:00","snow_rate":0,"app_temp":14.4,"pres":1013.09064,"azimuth":67.05,"dewpt":13.3,"uv":0.9,"elev_angle":10.32,"wind_dir":317,"weather":{"icon":"c04d","code":804,"description":"Overcast clouds"},"ghi":130.7,"dhi":50.72,"timestamp_local":"2022-07-11T06:45:00","solar_rad":89.13126,"vis":10,"dni":450.52,"temp":14.4,"slp":1023,"clouds":71,"ts":1657514700},{"precip_rate":0,"rh":93,"wind_spd":2.4,"timestamp_utc":"2022-07-11T05:00:00","snow_rate":0,"app_temp":14.4,"pres":1013.09064,"azimuth":69.88,"dewpt":13.3,"uv":1,"elev_angle":12.38,"wind_dir":318,"weather":{"icon":"c03d","code":803,"description":"Broken clouds"},"ghi":161.5,"dhi":57.75,"timestamp_local":"2022-07-11T07:00:00","solar_rad":120.108864,"vis":10,"dni":519.53,"temp":14.4,"slp":1023,"clouds":66,"ts":1657515600},{"precip_rate":0,"rh":93,"wind_spd":2.4,"timestamp_utc":"2022-07-11T05:15:00","snow_rate":0,"app_temp":14.5,"pres":1013.0938,"azimuth":72.68,"dewpt":13.4,"uv":1,"elev_angle":14.6,"wind_dir":320,"weather":{"icon":"c04d","code":804,"description":"Overcast clouds"},"ghi":199.3,"dhi":62.56,"timestamp_local":"2022-07-11T07:15:00","solar_rad":133.14178,"vis":10,"dni":556.56,"temp":14.5,"slp":1023,"clouds":72,"ts":1657516500},{"precip_rate":0,"rh":93,"wind_spd":2.4,"timestamp_utc":"2022-07-11T05:30:00","snow_rate":0,"app_temp":14.6,"pres":1013.0969,"azimuth":75.48,"dewpt":13.5,"uv":1,"elev_angle":16.82,"wind_dir":322,"weather":{"icon":"c04d","code":804,"description":"Overcast clouds"},"ghi":237,"dhi":67.37,"timestamp_local":"2022-07-11T07:30:00","solar_rad":140.37169,"vis":10,"dni":593.6,"temp":14.6,"slp":1023,"clouds":77,"ts":1657517400},{"precip_rate":0,"rh":93,"wind_spd":2.4,"timestamp_utc":"2022-07-11T05:45:00","snow_rate":0,"app_temp":14.7,"pres":1013.1001,"azimuth":78.27,"dewpt":13.6,"uv":0.9,"elev_angle":19.03,"wind_dir":324,"weather":{"icon":"c04d","code":804,"description":"Overcast clouds"},"ghi":274.8,"dhi":72.17,"timestamp_local":"2022-07-11T07:45:00","solar_rad":138.4405,"vis":10,"dni":630.63,"temp":14.7,"slp":1023,"clouds":82,"ts":1657518300},{"precip_rate":0,"rh":93,"wind_spd":2.4,"timestamp_utc":"2022-07-11T06:00:00","snow_rate":0,"app_temp":14.8,"pres":1013.1033,"azimuth":81.07,"dewpt":13.7,"uv":0.9,"elev_angle":21.25,"wind_dir":326,"weather":{"icon":"c04d","code":804,"description":"Overcast clouds"},"ghi":312.5,"dhi":76.98,"timestamp_local":"2022-07-11T08:00:00","solar_rad":118.48974,"vis":10,"dni":667.66,"temp":14.8,"slp":1023,"clouds":88,"ts":1657519200},{"precip_rate":0.125,"rh":93,"wind_spd":2.4,"timestamp_utc":"2022-07-11T06:15:00","snow_rate":0,"app_temp":14.8,"pres":1013.3508,"azimuth":83.98,"dewpt":13.7,"uv":0.9,"elev_angle":23.54,"wind_dir":324,"weather":{"icon":"c04d","code":804,"description":"Overcast clouds"},"ghi":351.8,"dhi":80.55,"timestamp_local":"2022-07-11T08:15:00","solar_rad":108.64061,"vis":10,"dni":690.68,"temp":14.8,"slp":1023.25,"clouds":91,"ts":1657520100},{"precip_rate":0.25,"rh":93,"wind_spd":2.4,"timestamp_utc":"2022-07-11T06:30:00","snow_rate":0,"app_temp":14.8,"pres":1013.59845,"azimuth":86.9,"dewpt":13.7,"uv":1,"elev_angle":25.83,"wind_dir":323,"weather":{"icon":"c04d","code":804,"description":"Overcast clouds"},"ghi":391,"dhi":84.12,"timestamp_local":"2022-07-11T08:30:00","solar_rad":90.97304,"vis":10,"dni":713.71,"temp":14.8,"slp":1023.5,"clouds":94,"ts":1657521000},{"precip_rate":0.375,"rh":93,"wind_spd":2.4,"timestamp_utc":"2022-07-11T06:45:00","snow_rate":0,"app_temp":14.8,"pres":1013.84607,"azimuth":89.81,"dewpt":13.7,"uv":1,"elev_angle":28.11,"wind_dir":322,"weather":{"icon":"c04d","code":804,"description":"Overcast clouds"},"ghi":430.3,"dhi":87.69,"timestamp_local":"2022-07-11T08:45:00","solar_rad":151.31993,"vis":10,"dni":736.73,"temp":14.8,"slp":1023.75,"clouds":97,"ts":1657521900},{"precip_rate":0.5,"rh":93,"wind_spd":2.4,"timestamp_utc":"2022-07-11T07:00:00","snow_rate":0,"app_temp":14.8,"pres":1014.0936,"azimuth":92.72,"dewpt":13.7,"uv":1,"elev_angle":30.4,"wind_dir":320,"weather":{"icon":"c04d","code":804,"description":"Overcast clouds"},"ghi":469.6,"dhi":91.26,"timestamp_local":"2022-07-11T09:00:00","solar_rad":119.178696,"vis":10,"dni":759.75,"temp":14.8,"slp":1024,"clouds":100,"ts":1657522800},{"precip_rate":0.375,"rh":93,"wind_spd":2.5,"timestamp_utc":"2022-07-11T07:15:00","snow_rate":0,"app_temp":14.9,"pres":1013.8492,"azimuth":95.95,"dewpt":13.8,"uv":1.1,"elev_angle":32.66,"wind_dir":318,"weather":{"icon":"c04d","code":804,"description":"Overcast clouds"},"ghi":506.4,"dhi":93.93,"timestamp_local":"2022-07-11T09:15:00","solar_rad":123.96872,"vis":10,"dni":774.89,"temp":14.9,"slp":1023.75,"clouds":100,"ts":1657523700},{"precip_rate":0.25,"rh":93,"wind_spd":2.6,"timestamp_utc":"2022-07-11T07:30:00","snow_rate":0,"app_temp":15,"pres":1013.60474,"azimuth":99.18,"dewpt":13.9,"uv":1.2,"elev_angle":34.93,"wind_dir":316,"weather":{"icon":"c04d","code":804,"description":"Overcast clouds"},"ghi":543.1,"dhi":96.6,"timestamp_local":"2022-07-11T09:30:00","solar_rad":128.73434,"vis":10,"dni":790.04,"temp":15,"slp":1023.5,"clouds":100,"ts":1657524600},{"precip_rate":0.125,"rh":93,"wind_spd":2.7,"timestamp_utc":"2022-07-11T07:45:00","snow_rate":0,"app_temp":15.1,"pres":1013.36035,"azimuth":102.4,"dewpt":14,"uv":1.3,"elev_angle":37.19,"wind_dir":314,"weather":{"icon":"c04d","code":804,"description":"Overcast clouds"},"ghi":579.9,"dhi":99.26,"timestamp_local":"2022-07-11T09:45:00","solar_rad":133.47783,"vis":10,"dni":805.18,"temp":15.1,"slp":1023.25,"clouds":100,"ts":1657525500},{"precip_rate":0,"rh":93,"wind_spd":2.8,"timestamp_utc":"2022-07-11T08:00:00","snow_rate":0,"app_temp":15.2,"pres":1013.1159,"azimuth":105.63,"dewpt":14.1,"uv":1.4,"elev_angle":39.45,"wind_dir":312,"weather":{"icon":"c04d","code":804,"description":"Overcast clouds"},"ghi":616.7,"dhi":101.93,"timestamp_local":"2022-07-11T10:00:00","solar_rad":138.21263,"vis":10,"dni":820.32,"temp":15.2,"slp":1023,"clouds":100,"ts":1657526400},{"precip_rate":0,"rh":92,"wind_spd":2.8,"timestamp_utc":"2022-07-11T08:15:00","snow_rate":0,"app_temp":15.4,"pres":1013.1222,"azimuth":109.47,"dewpt":14.1,"uv":1.5,"elev_angle":41.56,"wind_dir":312,"weather":{"icon":"c04d","code":804,"description":"Overcast clouds"},"ghi":647.7,"dhi":103.86,"timestamp_local":"2022-07-11T10:15:00","solar_rad":142.01324,"vis":10,"dni":830.27,"temp":15.4,"slp":1023,"clouds":100,"ts":1657527300},{"precip_rate":0,"rh":91,"wind_spd":2.8,"timestamp_utc":"2022-07-11T08:30:00","snow_rate":0,"app_temp":15.5,"pres":1013.12854,"azimuth":113.31,"dewpt":14.1,"uv":1.6,"elev_angle":43.66,"wind_dir":311,"weather":{"icon":"c04d","code":804,"description":"Overcast clouds"},"ghi":678.6,"dhi":105.78,"timestamp_local":"2022-07-11T10:30:00","solar_rad":145.80182,"vis":10,"dni":840.23,"temp":15.5,"slp":1023,"clouds":100,"ts":1657528200},{"precip_rate":0,"rh":90,"wind_spd":2.8,"timestamp_utc":"2022-07-11T08:45:00","snow_rate":0,"app_temp":15.7,"pres":1013.1348,"azimuth":117.15,"dewpt":14.1,"uv":1.8,"elev_angle":45.77,"wind_dir":310,"weather":{"icon":"c04d","code":804,"description":"Overcast clouds"},"ghi":709.6,"dhi":107.71,"timestamp_local":"2022-07-11T10:45:00","solar_rad":149.6108,"vis":10,"dni":850.18,"temp":15.7,"slp":1023,"clouds":100,"ts":1657529100},{"precip_rate":0,"rh":89,"wind_spd":2.8,"timestamp_utc":"2022-07-11T09:00:00","snow_rate":0,"app_temp":15.9,"pres":1013.1411,"azimuth":120.99,"dewpt":14.1,"uv":1.9,"elev_angle":47.87,"wind_dir":310,"weather":{"icon":"c04d","code":804,"description":"Overcast clouds"},"ghi":740.6,"dhi":109.63,"timestamp_local":"2022-07-11T11:00:00","solar_rad":153.41489,"vis":10,"dni":860.13,"temp":15.9,"slp":1023,"clouds":100,"ts":1657530000},{"precip_rate":0.125,"rh":88,"wind_spd":2.9,"timestamp_utc":"2022-07-11T09:15:00","snow_rate":0,"app_temp":16.1,"pres":1013.39496,"azimuth":125.84,"dewpt":14.1,"uv":2,"elev_angle":49.61,"wind_dir":316,"weather":{"icon":"c04d","code":804,"description":"Overcast clouds"},"ghi":763,"dhi":110.89,"timestamp_local":"2022-07-11T11:15:00","solar_rad":156.00075,"vis":10,"dni":866.25,"temp":16.1,"slp":1023.25,"clouds":100,"ts":1657530900},{"precip_rate":0.25,"rh":88,"wind_spd":3,"timestamp_utc":"2022-07-11T09:30:00","snow_rate":0,"app_temp":16.3,"pres":1013.6488,"azimuth":130.69,"dewpt":14.3,"uv":2.1,"elev_angle":51.36,"wind_dir":321,"weather":{"icon":"c04d","code":804,"description":"Overcast clouds"},"ghi":785.5,"dhi":112.14,"timestamp_local":"2022-07-11T11:30:00","solar_rad":158.21674,"vis":10,"dni":872.37,"temp":16.3,"slp":1023.5,"clouds":100,"ts":1657531800},{"precip_rate":0.375,"rh":88,"wind_spd":3.1,"timestamp_utc":"2022-07-11T09:45:00","snow_rate":0,"app_temp":16.5,"pres":1013.9027,"azimuth":135.53,"dewpt":14.5,"uv":2.2,"elev_angle":53.1,"wind_dir":326,"weather":{"icon":"c04d","code":804,"description":"Overcast clouds"},"ghi":807.9,"dhi":113.4,"timestamp_local":"2022-07-11T11:45:00","solar_rad":160.41019,"vis":10,"dni":878.48,"temp":16.5,"slp":1023.75,"clouds":100,"ts":1657532700},{"precip_rate":0.5,"rh":87,"wind_spd":3.2,"timestamp_utc":"2022-07-11T10:00:00","snow_rate":0,"app_temp":16.7,"pres":1014.15656,"azimuth":140.38,"dewpt":14.5,"uv":2.3,"elev_angle":54.84,"wind_dir":332,"weather":{"icon":"c04d","code":804,"description":"Overcast clouds"},"ghi":830.4,"dhi":114.65,"timestamp_local":"2022-07-11T12:00:00","solar_rad":162.97209,"vis":10,"dni":884.6,"temp":16.7,"slp":1024,"clouds":100,"ts":1657533600},{"precip_rate":0.375,"rh":86,"wind_spd":3.1,"timestamp_utc":"2022-07-11T10:15:00","snow_rate":0,"app_temp":16.8,"pres":1014.15967,"azimuth":146.49,"dewpt":14.4,"uv":2.4,"elev_angle":55.9,"wind_dir":331,"weather":{"icon":"c04d","code":804,"description":"Overcast clouds"},"ghi":842.4,"dhi":115.29,"timestamp_local":"2022-07-11T12:15:00","solar_rad":164.5706,"vis":10,"dni":887.58,"temp":16.8,"slp":1024,"clouds":100,"ts":1657534500},{"precip_rate":0.25,"rh":86,"wind_spd":3,"timestamp_utc":"2022-07-11T10:30:00","snow_rate":0,"app_temp":16.9,"pres":1014.16284,"azimuth":152.61,"dewpt":14.5,"uv":2.4,"elev_angle":56.96,"wind_dir":330,"weather":{"icon":"c04d","code":804,"description":"Overcast clouds"},"ghi":854.5,"dhi":115.93,"timestamp_local":"2022-07-11T12:30:00","solar_rad":165.77101,"vis":10,"dni":890.57,"temp":16.9,"slp":1024,"clouds":100,"ts":1657535400},{"precip_rate":0.125,"rh":86,"wind_spd":2.9,"timestamp_utc":"2022-07-11T10:45:00","snow_rate":0,"app_temp":16.9,"pres":1014.16595,"azimuth":158.72,"dewpt":14.6,"uv":2.5,"elev_angle":58.02,"wind_dir":329,"weather":{"icon":"c04d","code":804,"description":"Overcast clouds"},"ghi":866.5,"dhi":116.56,"timestamp_local":"2022-07-11T12:45:00","solar_rad":166.95042,"vis":10,"dni":893.55,"temp":16.9,"slp":1024,"clouds":100,"ts":1657536300},{"precip_rate":0,"rh":85,"wind_spd":2.8,"timestamp_utc":"2022-07-11T11:00:00","snow_rate":0,"app_temp":17,"pres":1014.16907,"azimuth":164.83,"dewpt":14.5,"uv":2.6,"elev_angle":59.08,"wind_dir":328,"weather":{"icon":"c04d","code":804,"description":"Overcast clouds"},"ghi":878.6,"dhi":117.2,"timestamp_local":"2022-07-11T13:00:00","solar_rad":168.56985,"vis":10,"dni":896.53,"temp":17,"slp":1024,"clouds":100,"ts":1657537200},{"precip_rate":0,"rh":84,"wind_spd":2.7,"timestamp_utc":"2022-07-11T11:15:00","snow_rate":0,"app_temp":17.2,"pres":1014.1753,"azimuth":171.66,"dewpt":14.5,"uv":2.6,"elev_angle":59.14,"wind_dir":328,"weather":{"icon":"c04d","code":804,"description":"Overcast clouds"},"ghi":879.2,"dhi":117.23,"timestamp_local":"2022-07-11T13:15:00","solar_rad":168.62721,"vis":10,"dni":896.68,"temp":17.2,"slp":1024,"clouds":100,"ts":1657538100},{"precip_rate":0,"rh":82,"wind_spd":2.6,"timestamp_utc":"2022-07-11T11:30:00","snow_rate":0,"app_temp":17.4,"pres":1014.1815,"azimuth":178.5,"dewpt":14.3,"uv":2.6,"elev_angle":59.2,"wind_dir":327,"weather":{"icon":"c04d","code":804,"description":"Overcast clouds"},"ghi":879.9,"dhi":117.27,"timestamp_local":"2022-07-11T13:30:00","solar_rad":169.14636,"vis":10,"dni":896.84,"temp":17.4,"slp":1024,"clouds":100,"ts":1657539000},{"precip_rate":0,"rh":80,"wind_spd":2.5,"timestamp_utc":"2022-07-11T11:45:00","snow_rate":0,"app_temp":17.6,"pres":1014.1877,"azimuth":185.33,"dewpt":14.1,"uv":2.6,"elev_angle":59.26,"wind_dir":326,"weather":{"icon":"c04d","code":804,"description":"Overcast clouds"},"ghi":880.5,"dhi":117.3,"timestamp_local":"2022-07-11T13:45:00","solar_rad":169.6665,"vis":10,"dni":896.99,"temp":17.6,"slp":1024,"clouds":100,"ts":1657539900},{"precip_rate":0,"rh":79,"wind_spd":2.4,"timestamp_utc":"2022-07-11T12:00:00","snow_rate":0,"app_temp":17.8,"pres":1014.1939,"azimuth":192.16,"dewpt":14.1,"uv":2.6,"elev_angle":59.32,"wind_dir":326,"weather":{"icon":"c04d","code":804,"description":"Overcast clouds"},"ghi":881.1,"dhi":117.33,"timestamp_local":"2022-07-11T14:00:00","solar_rad":169.75212,"vis":10,"dni":897.14,"temp":17.8,"slp":1024,"clouds":100,"ts":1657540800},{"precip_rate":0,"rh":78,"wind_spd":2.4,"timestamp_utc":"2022-07-11T12:15:00","snow_rate":0,"app_temp":18,"pres":1014.2001,"azimuth":198.4,"dewpt":14.1,"uv":2.5,"elev_angle":58.36,"wind_dir":324,"weather":{"icon":"c04d","code":804,"description":"Overcast clouds"},"ghi":870.3,"dhi":116.76,"timestamp_local":"2022-07-11T14:15:00","solar_rad":168.60631,"vis":10,"dni":894.48,"temp":18,"slp":1024,"clouds":100,"ts":1657541700},{"precip_rate":0,"rh":77,"wind_spd":2.4,"timestamp_utc":"2022-07-11T12:30:00","snow_rate":0,"app_temp":18.1,"pres":1014.2063,"azimuth":204.64,"dewpt":14.1,"uv":2.5,"elev_angle":57.39,"wind_dir":321,"weather":{"icon":"c04d","code":804,"description":"Overcast clouds"},"ghi":859.5,"dhi":116.19,"timestamp_local":"2022-07-11T14:30:00","solar_rad":167.46436,"vis":10,"dni":891.82,"temp":18.1,"slp":1024,"clouds":100,"ts":1657542600},{"precip_rate":0,"rh":76,"wind_spd":2.4,"timestamp_utc":"2022-07-11T12:45:00","snow_rate":0,"app_temp":18.3,"pres":1014.2125,"azimuth":210.88,"dewpt":14,"uv":2.4,"elev_angle":56.43,"wind_dir":318,"weather":{"icon":"c04d","code":804,"description":"Overcast clouds"},"ghi":848.6,"dhi":115.62,"timestamp_local":"2022-07-11T14:45:00","solar_rad":166.32005,"vis":10,"dni":889.15,"temp":18.3,"slp":1024,"clouds":100,"ts":1657543500},{"precip_rate":0,"rh":75,"wind_spd":2.4,"timestamp_utc":"2022-07-11T13:00:00","snow_rate":0,"app_temp":18.4,"pres":1014.2187,"azimuth":217.12,"dewpt":14,"uv":2.4,"elev_angle":55.46,"wind_dir":316,"weather":{"icon":"c04d","code":804,"description":"Overcast clouds"},"ghi":837.8,"dhi":115.05,"timestamp_local":"2022-07-11T15:00:00","solar_rad":165.18558,"vis":10,"dni":886.49,"temp":18.5,"slp":1024,"clouds":100,"ts":1657544400},{"precip_rate":0,"rh":74,"wind_spd":2.4,"timestamp_utc":"2022-07-11T13:15:00","snow_rate":0,"app_temp":18.6,"pres":1014.22485,"azimuth":222.1,"dewpt":14,"uv":2.3,"elev_angle":53.78,"wind_dir":316,"weather":{"icon":"c04d","code":804,"description":"Overcast clouds"},"ghi":816.4,"dhi":113.86,"timestamp_local":"2022-07-11T15:15:00","solar_rad":162.73935,"vis":10,"dni":880.74,"temp":18.7,"slp":1024,"clouds":100,"ts":1657545300},{"precip_rate":0,"rh":74,"wind_spd":2.4,"timestamp_utc":"2022-07-11T13:30:00","snow_rate":0,"app_temp":18.8,"pres":1014.231,"azimuth":227.08,"dewpt":14.2,"uv":2.1,"elev_angle":52.09,"wind_dir":316,"weather":{"icon":"c04d","code":804,"description":"Overcast clouds"},"ghi":795,"dhi":112.68,"timestamp_local":"2022-07-11T15:30:00","solar_rad":159.87009,"vis":10,"dni":874.99,"temp":18.9,"slp":1024,"clouds":100,"ts":1657546200},{"precip_rate":0,"rh":73,"wind_spd":2.4,"timestamp_utc":"2022-07-11T13:45:00","snow_rate":0,"app_temp":19,"pres":1014.2372,"azimuth":232.06,"dewpt":14.1,"uv":2,"elev_angle":50.41,"wind_dir":316,"weather":{"icon":"c04d","code":804,"description":"Overcast clouds"},"ghi":773.6,"dhi":111.49,"timestamp_local":"2022-07-11T15:45:00","solar_rad":157.4372,"vis":10,"dni":869.23,"temp":19.1,"slp":1024,"clouds":100,"ts":1657547100},{"precip_rate":0,"rh":72,"wind_spd":2.4,"timestamp_utc":"2022-07-11T14:00:00","snow_rate":0,"app_temp":19.2,"pres":1014.24335,"azimuth":237.04,"dewpt":14.1,"uv":1.9,"elev_angle":48.72,"wind_dir":316,"weather":{"icon":"c04d","code":804,"description":"Overcast clouds"},"ghi":752.2,"dhi":110.3,"timestamp_local":"2022-07-11T16:00:00","solar_rad":155.00752,"vis":10,"dni":863.48,"temp":19.3,"slp":1024,"clouds":100,"ts":1657548000},{"precip_rate":0,"rh":72,"wind_spd":2.4,"timestamp_utc":"2022-07-11T14:15:00","snow_rate":0,"app_temp":19.2,"pres":1014.24335,"azimuth":240.97,"dewpt":14.1,"uv":1.8,"elev_angle":46.64,"wind_dir":318,"weather":{"icon":"c04d","code":804,"description":"Overcast clouds"},"ghi":722,"dhi":108.45,"timestamp_local":"2022-07-11T16:15:00","solar_rad":151.32932,"vis":10,"dni":853.99,"temp":19.3,"slp":1024,"clouds":100,"ts":1657548900},{"precip_rate":0,"rh":73,"wind_spd":2.4,"timestamp_utc":"2022-07-11T14:30:00","snow_rate":0,"app_temp":19.2,"pres":1014.24335,"azimuth":244.9,"dewpt":14.3,"uv":1.7,"elev_angle":44.56,"wind_dir":320,"weather":{"icon":"c04d","code":804,"description":"Overcast clouds"},"ghi":691.8,"dhi":106.61,"timestamp_local":"2022-07-11T16:30:00","solar_rad":147.27031,"vis":10,"dni":844.5,"temp":19.3,"slp":1024,"clouds":100,"ts":1657549800},{"precip_rate":0,"rh":74,"wind_spd":2.4,"timestamp_utc":"2022-07-11T14:45:00","snow_rate":0,"app_temp":19.2,"pres":1014.24335,"azimuth":248.83,"dewpt":14.6,"uv":1.6,"elev_angle":42.48,"wind_dir":322,"weather":{"icon":"c04d","code":804,"description":"Overcast clouds"},"ghi":661.7,"dhi":104.76,"timestamp_local":"2022-07-11T16:45:00","solar_rad":143.24057,"vis":10,"dni":835.01,"temp":19.3,"slp":1024,"clouds":100,"ts":1657550700},{"precip_rate":0,"rh":74,"wind_spd":2.4,"timestamp_utc":"2022-07-11T15:00:00","snow_rate":0,"app_temp":19.2,"pres":1014.24335,"azimuth":252.76,"dewpt":14.6,"uv":1.5,"elev_angle":40.4,"wind_dir":324,"weather":{"icon":"c04d","code":804,"description":"Overcast clouds"},"ghi":631.5,"dhi":102.91,"timestamp_local":"2022-07-11T17:00:00","solar_rad":139.59547,"vis":10,"dni":825.52,"temp":19.3,"slp":1024,"clouds":100,"ts":1657551600},{"precip_rate":0,"rh":74,"wind_spd":2.5,"timestamp_utc":"2022-07-11T15:15:00","snow_rate":0,"app_temp":19.2,"pres":1014.24335,"azimuth":256.04,"dewpt":14.6,"uv":1.4,"elev_angle":38.15,"wind_dir":324,"weather":{"icon":"c04d","code":804,"description":"Overcast clouds"},"ghi":595.2,"dhi":100.33,"timestamp_local":"2022-07-11T17:15:00","solar_rad":134.86252,"vis":10,"dni":811.03,"temp":19.3,"slp":1024,"clouds":100,"ts":1657552500},{"precip_rate":0,"rh":74,"wind_spd":2.6,"timestamp_utc":"2022-07-11T15:30:00","snow_rate":0,"app_temp":19.2,"pres":1014.24335,"azimuth":259.32,"dewpt":14.6,"uv":1.2,"elev_angle":35.9,"wind_dir":325,"weather":{"icon":"c04d","code":804,"description":"Overcast clouds"},"ghi":558.8,"dhi":97.74,"timestamp_local":"2022-07-11T17:30:00","solar_rad":130.11368,"vis":10,"dni":796.54,"temp":19.3,"slp":1024,"clouds":100,"ts":1657553400},{"precip_rate":0,"rh":74,"wind_spd":2.7,"timestamp_utc":"2022-07-11T15:45:00","snow_rate":0,"app_temp":19.2,"pres":1014.24335,"azimuth":262.59,"dewpt":14.6,"uv":1.1,"elev_angle":33.64,"wind_dir":326,"weather":{"icon":"c04d","code":804,"description":"Overcast clouds"},"ghi":522.5,"dhi":95.16,"timestamp_local":"2022-07-11T17:45:00","solar_rad":125.380714,"vis":10,"dni":782.04,"temp":19.3,"slp":1024,"clouds":100,"ts":1657554300},{"precip_rate":0,"rh":74,"wind_spd":2.8,"timestamp_utc":"2022-07-11T16:00:00","snow_rate":0,"app_temp":19.2,"pres":1014.24335,"azimuth":265.87,"dewpt":14.6,"uv":1,"elev_angle":31.39,"wind_dir":326,"weather":{"icon":"c04d","code":804,"description":"Overcast clouds"},"ghi":486.2,"dhi":92.57,"timestamp_local":"2022-07-11T18:00:00","solar_rad":120.63789,"vis":10,"dni":767.55,"temp":19.3,"slp":1024,"clouds":100,"ts":1657555200},{"precip_rate":0,"rh":74,"wind_spd":2.7,"timestamp_utc":"2022-07-11T16:15:00","snow_rate":0,"app_temp":19.2,"pres":1014.24335,"azimuth":268.81,"dewpt":14.6,"uv":1,"elev_angle":29.1,"wind_dir":328,"weather":{"icon":"c04d","code":804,"description":"Overcast clouds"},"ghi":447,"dhi":89.11,"timestamp_local":"2022-07-11T18:15:00","solar_rad":114.86187,"vis":10,"dni":745.55,"temp":19.3,"slp":1024,"clouds":100,"ts":1657556100},{"precip_rate":0,"rh":74,"wind_spd":2.6,"timestamp_utc":"2022-07-11T16:30:00","snow_rate":0,"app_temp":19.2,"pres":1014.24335,"azimuth":271.74,"dewpt":14.6,"uv":0.9,"elev_angle":26.81,"wind_dir":329,"weather":{"icon":"c04d","code":804,"description":"Overcast clouds"},"ghi":407.7,"dhi":85.64,"timestamp_local":"2022-07-11T18:30:00","solar_rad":109.069954,"vis":10,"dni":723.56,"temp":19.3,"slp":1024,"clouds":100,"ts":1657557000},{"precip_rate":0,"rh":74,"wind_spd":2.5,"timestamp_utc":"2022-07-11T16:45:00","snow_rate":0,"app_temp":19.2,"pres":1014.24335,"azimuth":274.68,"dewpt":14.6,"uv":0.8,"elev_angle":24.52,"wind_dir":330,"weather":{"icon":"c04d","code":804,"description":"Overcast clouds"},"ghi":368.5,"dhi":82.18,"timestamp_local":"2022-07-11T18:45:00","solar_rad":103.29393,"vis":10,"dni":701.56,"temp":19.3,"slp":1024,"clouds":100,"ts":1657557900},{"precip_rate":0,"rh":74,"wind_spd":2.4,"timestamp_utc":"2022-07-11T17:00:00","snow_rate":0,"app_temp":19.2,"pres":1014.24335,"azimuth":277.61,"dewpt":14.6,"uv":0.7,"elev_angle":22.23,"wind_dir":332,"weather":{"icon":"c04d","code":804,"description":"Overcast clouds"},"ghi":329.3,"dhi":78.71,"timestamp_local":"2022-07-11T19:00:00","solar_rad":97.50803,"vis":10,"dni":679.56,"temp":19.3,"slp":1024,"clouds":100,"ts":1657558800},{"precip_rate":0,"rh":74,"wind_spd":2.4,"timestamp_utc":"2022-07-11T17:15:00","snow_rate":0,"app_temp":19.2,"pres":1014.24335,"azimuth":280.41,"dewpt":14.6,"uv":0.7,"elev_angle":20,"wind_dir":334,"weather":{"icon":"c04d","code":804,"description":"Overcast clouds"},"ghi":291.1,"dhi":74.06,"timestamp_local":"2022-07-11T19:15:00","solar_rad":90.61803,"vis":10,"dni":644.47,"temp":19.3,"slp":1024,"clouds":100,"ts":1657559700},{"precip_rate":0,"rh":74,"wind_spd":2.4,"timestamp_utc":"2022-07-11T17:30:00","snow_rate":0,"app_temp":19.2,"pres":1014.24335,"azimuth":283.22,"dewpt":14.6,"uv":0.7,"elev_angle":17.77,"wind_dir":337,"weather":{"icon":"c04d","code":804,"description":"Overcast clouds"},"ghi":252.9,"dhi":69.4,"timestamp_local":"2022-07-11T19:30:00","solar_rad":83.718155,"vis":10,"dni":609.38,"temp":19.3,"slp":1024,"clouds":100,"ts":1657560600},{"precip_rate":0,"rh":74,"wind_spd":2.4,"timestamp_utc":"2022-07-11T17:45:00","snow_rate":0,"app_temp":19.2,"pres":1014.24335,"azimuth":286.02,"dewpt":14.6,"uv":0.6,"elev_angle":15.53,"wind_dir":340,"weather":{"icon":"c04d","code":804,"description":"Overcast clouds"},"ghi":214.8,"dhi":64.75,"timestamp_local":"2022-07-11T19:45:00","solar_rad":83.328545,"vis":10,"dni":574.28,"temp":19.3,"slp":1024,"clouds":99,"ts":1657561500},{"precip_rate":0,"rh":74,"wind_spd":2.4,"timestamp_utc":"2022-07-11T18:00:00","snow_rate":0,"app_temp":19.2,"pres":1014.24335,"azimuth":288.82,"dewpt":14.6,"uv":0.6,"elev_angle":13.3,"wind_dir":342,"weather":{"icon":"c04d","code":804,"description":"Overcast clouds"},"ghi":176.6,"dhi":60.09,"timestamp_local":"2022-07-11T20:00:00","solar_rad":75.27371,"vis":10,"dni":539.19,"temp":19.3,"slp":1024,"clouds":99,"ts":1657562400},{"precip_rate":0,"rh":75,"wind_spd":2.3,"timestamp_utc":"2022-07-11T18:15:00","snow_rate":0,"app_temp":19,"pres":1014.2372,"azimuth":291.64,"dewpt":14.6,"uv":0.6,"elev_angle":11.21,"wind_dir":346,"weather":{"icon":"c04d","code":804,"description":"Overcast clouds"},"ghi":144.6,"dhi":53.38,"timestamp_local":"2022-07-11T20:15:00","solar_rad":65.74764,"vis":10,"dni":475.06,"temp":19.1,"slp":1024,"clouds":99,"ts":1657563300},{"precip_rate":0,"rh":76,"wind_spd":2.2,"timestamp_utc":"2022-07-11T18:30:00","snow_rate":0,"app_temp":18.8,"pres":1014.231,"azimuth":294.46,"dewpt":14.6,"uv":0.6,"elev_angle":9.12,"wind_dir":350,"weather":{"icon":"c04d","code":804,"description":"Overcast clouds"},"ghi":112.6,"dhi":46.66,"timestamp_local":"2022-07-11T20:30:00","solar_rad":52.81222,"vis":10,"dni":410.93,"temp":18.9,"slp":1024,"clouds":100,"ts":1657564200},{"precip_rate":0,"rh":76,"wind_spd":2.1,"timestamp_utc":"2022-07-11T18:45:00","snow_rate":0,"app_temp":18.6,"pres":1014.22485,"azimuth":297.27,"dewpt":14.4,"uv":0.6,"elev_angle":7.03,"wind_dir":354,"weather":{"icon":"c04d","code":804,"description":"Overcast clouds"},"ghi":80.6,"dhi":39.95,"timestamp_local":"2022-07-11T20:45:00","solar_rad":44.311382,"vis":10,"dni":346.79,"temp":18.7,"slp":1024,"clouds":100,"ts":1657565100},{"precip_rate":0,"rh":77,"wind_spd":2,"timestamp_utc":"2022-07-11T19:00:00","snow_rate":0,"app_temp":18.4,"pres":1014.2187,"azimuth":300.09,"dewpt":14.4,"uv":0.5,"elev_angle":4.94,"wind_dir":358,"weather":{"icon":"c04n","code":804,"description":"Overcast clouds"},"ghi":48.6,"dhi":33.23,"timestamp_local":"2022-07-11T21:00:00","solar_rad":35.73729,"vis":10,"dni":282.66,"temp":18.5,"slp":1024,"clouds":100,"ts":1657566000},{"precip_rate":0,"rh":78,"wind_spd":2,"timestamp_utc":"2022-07-11T19:15:00","snow_rate":0,"app_temp":18.2,"pres":1014.2094,"azimuth":303.03,"dewpt":14.3,"uv":0.5,"elev_angle":3.09,"wind_dir":269,"weather":{"icon":"c04n","code":804,"description":"Overcast clouds"},"ghi":36.4,"dhi":24.92,"timestamp_local":"2022-07-11T21:15:00","solar_rad":26.803816,"vis":10,"dni":212,"temp":18.2,"slp":1024,"clouds":100,"ts":1657566900},{"precip_rate":0,"rh":80,"wind_spd":2,"timestamp_utc":"2022-07-11T19:30:00","snow_rate":0,"app_temp":17.9,"pres":1014.2001,"azimuth":305.98,"dewpt":14.5,"uv":0.5,"elev_angle":1.23,"wind_dir":180,"weather":{"icon":"c04n","code":804,"description":"Overcast clouds"},"ghi":24.3,"dhi":16.62,"timestamp_local":"2022-07-11T21:30:00","solar_rad":17.867466,"vis":10,"dni":141.33,"temp":17.9,"slp":1024,"clouds":100,"ts":1657567800},{"precip_rate":0,"rh":82,"wind_spd":2,"timestamp_utc":"2022-07-11T19:45:00","snow_rate":0,"app_temp":17.7,"pres":1014.1908,"azimuth":308.92,"dewpt":14.6,"uv":0,"elev_angle":-0.63,"wind_dir":91,"weather":{"icon":"c04n","code":804,"description":"Overcast clouds"},"ghi":12.1,"dhi":8.31,"timestamp_local":"2022-07-11T21:45:00","solar_rad":8.925894,"vis":10,"dni":70.67,"temp":17.7,"slp":1024,"clouds":100,"ts":1657568700},{"precip_rate":0,"rh":83,"wind_spd":2,"timestamp_utc":"2022-07-11T20:00:00","snow_rate":0,"app_temp":17.4,"pres":1014.1815,"azimuth":311.86,"dewpt":14.5,"uv":0,"elev_angle":-2.48,"wind_dir":2,"weather":{"icon":"c04n","code":804,"description":"Overcast clouds"},"ghi":0,"dhi":0,"timestamp_local":"2022-07-11T22:00:00","solar_rad":0,"vis":10,"dni":0,"temp":17.4,"slp":1024,"clouds":100,"ts":1657569600},{"precip_rate":0,"rh":84,"wind_spd":1.9,"timestamp_utc":"2022-07-11T20:15:00","snow_rate":0,"app_temp":17.1,"pres":1014.1721,"azimuth":315,"dewpt":14.4,"uv":0,"elev_angle":-4.01,"wind_dir":4,"weather":{"icon":"c04n","code":804,"description":"Overcast clouds"},"ghi":0,"dhi":0,"timestamp_local":"2022-07-11T22:15:00","solar_rad":0,"vis":10,"dni":0,"temp":17.1,"slp":1024,"clouds":100,"ts":1657570500},{"precip_rate":0,"rh":85,"wind_spd":1.8,"timestamp_utc":"2022-07-11T20:30:00","snow_rate":0,"app_temp":16.8,"pres":1014.1628,"azimuth":318.13,"dewpt":14.3,"uv":0,"elev_angle":-5.55,"wind_dir":6,"weather":{"icon":"c04n","code":804,"description":"Overcast clouds"},"ghi":0,"dhi":0,"timestamp_local":"2022-07-11T22:30:00","solar_rad":0,"vis":10,"dni":0,"temp":16.8,"slp":1024,"clouds":100,"ts":1657571400},{"precip_rate":0,"rh":86,"wind_spd":1.7,"timestamp_utc":"2022-07-11T20:45:00","snow_rate":0,"app_temp":16.6,"pres":1014.15344,"azimuth":321.27,"dewpt":14.2,"uv":0,"elev_angle":-7.08,"wind_dir":8,"weather":{"icon":"c04n","code":804,"description":"Overcast clouds"},"ghi":0,"dhi":0,"timestamp_local":"2022-07-11T22:45:00","solar_rad":0,"vis":10,"dni":0,"temp":16.6,"slp":1024,"clouds":100,"ts":1657572300},{"precip_rate":0,"rh":87,"wind_spd":1.6,"timestamp_utc":"2022-07-11T21:00:00","snow_rate":0,"app_temp":16.3,"pres":1014.14404,"azimuth":324.4,"dewpt":14.1,"uv":0,"elev_angle":-8.61,"wind_dir":10,"weather":{"icon":"c04n","code":804,"description":"Overcast clouds"},"ghi":0,"dhi":0,"timestamp_local":"2022-07-11T23:00:00","solar_rad":0,"vis":10,"dni":0,"temp":16.3,"slp":1024,"clouds":100,"ts":1657573200},{"precip_rate":0,"rh":88,"wind_spd":1.7,"timestamp_utc":"2022-07-11T21:15:00","snow_rate":0,"app_temp":16.1,"pres":1014.13776,"azimuth":327.76,"dewpt":14.1,"uv":0,"elev_angle":-9.72,"wind_dir":11,"weather":{"icon":"c04n","code":804,"description":"Overcast clouds"},"ghi":0,"dhi":0,"timestamp_local":"2022-07-11T23:15:00","solar_rad":0,"vis":10,"dni":0,"temp":16.1,"slp":1024,"clouds":100,"ts":1657574100},{"precip_rate":0,"rh":88,"wind_spd":1.8,"timestamp_utc":"2022-07-11T21:30:00","snow_rate":0,"app_temp":15.9,"pres":1014.1315,"azimuth":331.11,"dewpt":14,"uv":0,"elev_angle":-10.84,"wind_dir":12,"weather":{"icon":"c04n","code":804,"description":"Overcast clouds"},"ghi":0,"dhi":0,"timestamp_local":"2022-07-11T23:30:00","solar_rad":0,"vis":10,"dni":0,"temp":15.9,"slp":1024,"clouds":100,"ts":1657575000},{"precip_rate":0,"rh":88,"wind_spd":1.9,"timestamp_utc":"2022-07-11T21:45:00","snow_rate":0,"app_temp":15.8,"pres":1014.1252,"azimuth":334.47,"dewpt":13.8,"uv":0,"elev_angle":-11.95,"wind_dir":13,"weather":{"icon":"c04n","code":804,"description":"Overcast clouds"},"ghi":0,"dhi":0,"timestamp_local":"2022-07-11T23:45:00","solar_rad":0,"vis":10,"dni":0,"temp":15.8,"slp":1024,"clouds":99,"ts":1657575900},{"precip_rate":0,"rh":89,"wind_spd":2,"timestamp_utc":"2022-07-11T22:00:00","snow_rate":0,"app_temp":15.6,"pres":1014.1189,"azimuth":337.82,"dewpt":13.8,"uv":0,"elev_angle":-13.06,"wind_dir":14,"weather":{"icon":"c04n","code":804,"description":"Overcast clouds"},"ghi":0,"dhi":0,"timestamp_local":"2022-07-12T00:00:00","solar_rad":0,"vis":10,"dni":0,"temp":15.6,"slp":1024,"clouds":99,"ts":1657576800},{"precip_rate":0,"rh":90,"wind_spd":1.8,"timestamp_utc":"2022-07-11T22:15:00","snow_rate":0,"app_temp":15.4,"pres":1014.36017,"azimuth":341.36,"dewpt":13.8,"uv":0,"elev_angle":-13.66,"wind_dir":10,"weather":{"icon":"c04n","code":804,"description":"Overcast clouds"},"ghi":0,"dhi":0,"timestamp_local":"2022-07-12T00:15:00","solar_rad":0,"vis":10,"dni":0,"temp":15.4,"slp":1024.25,"clouds":97,"ts":1657577700},{"precip_rate":0,"rh":91,"wind_spd":1.6,"timestamp_utc":"2022-07-11T22:30:00","snow_rate":0,"app_temp":15.2,"pres":1014.60144,"azimuth":344.89,"dewpt":13.7,"uv":0,"elev_angle":-14.26,"wind_dir":7,"weather":{"icon":"c04n","code":804,"description":"Overcast clouds"},"ghi":0,"dhi":0,"timestamp_local":"2022-07-12T00:30:00","solar_rad":0,"vis":10,"dni":0,"temp":15.2,"slp":1024.5,"clouds":96,"ts":1657578600},{"precip_rate":0,"rh":92,"wind_spd":1.4,"timestamp_utc":"2022-07-11T22:45:00","snow_rate":0,"app_temp":15,"pres":1014.84265,"azimuth":348.43,"dewpt":13.7,"uv":0,"elev_angle":-14.85,"wind_dir":4,"weather":{"icon":"c04n","code":804,"description":"Overcast clouds"},"ghi":0,"dhi":0,"timestamp_local":"2022-07-12T00:45:00","solar_rad":0,"vis":10,"dni":0,"temp":15,"slp":1024.75,"clouds":94,"ts":1657579500},{"precip_rate":0,"rh":93,"wind_spd":1.2,"timestamp_utc":"2022-07-11T23:00:00","snow_rate":0,"app_temp":14.8,"pres":1015.0839,"azimuth":351.96,"dewpt":13.7,"uv":0,"elev_angle":-15.45,"wind_dir":0,"weather":{"icon":"c04n","code":804,"description":"Overcast clouds"},"ghi":0,"dhi":0,"timestamp_local":"2022-07-12T01:00:00","solar_rad":0,"vis":10,"dni":0,"temp":14.8,"slp":1025,"clouds":92,"ts":1657580400},{"precip_rate":0,"rh":94,"wind_spd":1.2,"timestamp_utc":"2022-07-11T23:15:00","snow_rate":0,"app_temp":14.5,"pres":1015.0744,"azimuth":265.57,"dewpt":13.6,"uv":0,"elev_angle":-15.49,"wind_dir":10,"weather":{"icon":"c04n","code":804,"description":"Overcast clouds"},"ghi":0,"dhi":0,"timestamp_local":"2022-07-12T01:15:00","solar_rad":0,"vis":10,"dni":0,"temp":14.5,"slp":1025,"clouds":91,"ts":1657581300},{"precip_rate":0,"rh":94,"wind_spd":1.2,"timestamp_utc":"2022-07-11T23:30:00","snow_rate":0,"app_temp":14.3,"pres":1015.0648,"azimuth":179.18,"dewpt":13.3,"uv":0,"elev_angle":-15.52,"wind_dir":21,"weather":{"icon":"c04n","code":804,"description":"Overcast clouds"},"ghi":0,"dhi":0,"timestamp_local":"2022-07-12T01:30:00","solar_rad":0,"vis":10,"dni":0,"temp":14.3,"slp":1025,"clouds":90,"ts":1657582200},{"precip_rate":0,"rh":94,"wind_spd":1.2,"timestamp_utc":"2022-07-11T23:45:00","snow_rate":0,"app_temp":14,"pres":1015.0553,"azimuth":92.79,"dewpt":13,"uv":0,"elev_angle":-15.56,"wind_dir":32,"weather":{"icon":"c04n","code":804,"description":"Overcast clouds"},"ghi":0,"dhi":0,"timestamp_local":"2022-07-12T01:45:00","solar_rad":0,"vis":10,"dni":0,"temp":14,"slp":1025,"clouds":88,"ts":1657583100}],"sources":["103150-99999","imerg","merra2","era5","modis"],"city_id":"2856883"}
