{"timezone":"Europe\/Berlin","state_code":"06","country_code":"DE","lat":52.2833,"lon":8,"city_name":"Osnabr�ck","station_id":"103150-99999","data":[{"precip_rate":0,"rh":90,"wind_spd":1.2,"timestamp_utc":"2022-06-14T00:00:00","snow_rate":0,"app_temp":8.5,"pres":1013.8735,"azimuth":7.56,"dewpt":7,"uv":0,"elev_angle":-14.16,"wind_dir":318,"weather":{"icon":"c04n","code":804,"description":"Overcast clouds"},"ghi":0,"dhi":0,"timestamp_local":"2022-06-14T02:00:00","solar_rad":0,"vis":10,"dni":0,"temp":8.5,"slp":1024,"clouds":91,"ts":1655164800},{"precip_rate":0,"rh":91,"wind_spd":1.2,"timestamp_utc":"2022-06-14T00:15:00","snow_rate":0,"app_temp":8.3,"pres":1013.8668,"azimuth":11.05,"dewpt":6.9,"uv":0,"elev_angle":-13.58,"wind_dir":314,"weather":{"icon":"c04n","code":804,"description":"Overcast clouds"},"ghi":0,"dhi":0,"timestamp_local":"2022-06-14T02:15:00","solar_rad":0,"vis":10,"dni":0,"temp":8.3,"slp":1024,"clouds":90,"ts":1655165700},{"precip_rate":0,"rh":92,"wind_spd":1.2,"timestamp_utc":"2022-06-14T00:30:00","snow_rate":0,"app_temp":8.2,"pres":1013.8602,"azimuth":14.53,"dewpt":6.9,"uv":0,"elev_angle":-13.01,"wind_dir":309,"weather":{"icon":"c04n","code":804,"description":"Overcast clouds"},"ghi":0,"dhi":0,"timestamp_local":"2022-06-14T02:30:00","solar_rad":0,"vis":10,"dni":0,"temp":8.2,"slp":1024,"clouds":88,"ts":1655166600},{"precip_rate":0,"rh":92,"wind_spd":1.2,"timestamp_utc":"2022-06-14T00:45:00","snow_rate":0,"app_temp":8,"pres":1013.8536,"azimuth":18.02,"dewpt":6.8,"uv":0,"elev_angle":-12.43,"wind_dir":304,"weather":{"icon":"c04n","code":804,"description":"Overcast clouds"},"ghi":0,"dhi":0,"timestamp_local":"2022-06-14T02:45:00","solar_rad":0,"vis":10,"dni":0,"temp":8,"slp":1024,"clouds":86,"ts":1655167500},{"precip_rate":0,"rh":93,"wind_spd":1.2,"timestamp_utc":"2022-06-14T01:00:00","snow_rate":0,"app_temp":7.8,"pres":1013.8469,"azimuth":21.5,"dewpt":6.7,"uv":0,"elev_angle":-11.85,"wind_dir":300,"weather":{"icon":"c04n","code":804,"description":"Overcast clouds"},"ghi":0,"dhi":0,"timestamp_local":"2022-06-14T03:00:00","solar_rad":0,"vis":10,"dni":0,"temp":7.8,"slp":1024,"clouds":85,"ts":1655168400},{"precip_rate":0,"rh":94,"wind_spd":1.2,"timestamp_utc":"2022-06-14T01:15:00","snow_rate":0,"app_temp":7.6,"pres":1013.8403,"azimuth":24.82,"dewpt":6.7,"uv":0,"elev_angle":-10.77,"wind_dir":294,"weather":{"icon":"c04n","code":804,"description":"Overcast clouds"},"ghi":0,"dhi":0,"timestamp_local":"2022-06-14T03:15:00","solar_rad":0,"vis":10,"dni":0,"temp":7.6,"slp":1024,"clouds":88,"ts":1655169300},{"precip_rate":0,"rh":94,"wind_spd":1.2,"timestamp_utc":"2022-06-14T01:30:00","snow_rate":0,"app_temp":7.4,"pres":1013.8336,"azimuth":28.14,"dewpt":6.5,"uv":0,"elev_angle":-9.69,"wind_dir":288,"weather":{"icon":"c04n","code":804,"description":"Overcast clouds"},"ghi":0,"dhi":0,"timestamp_local":"2022-06-14T03:30:00","solar_rad":0,"vis":10,"dni":0,"temp":7.4,"slp":1024,"clouds":92,"ts":1655170200},{"precip_rate":0,"rh":94,"wind_spd":1.2,"timestamp_utc":"2022-06-14T01:45:00","snow_rate":0,"app_temp":6.8,"pres":1013.8269,"azimuth":31.45,"dewpt":6.3,"uv":0,"elev_angle":-8.6,"wind_dir":282,"weather":{"icon":"c04n","code":804,"description":"Overcast clouds"},"ghi":0,"dhi":0,"timestamp_local":"2022-06-14T03:45:00","solar_rad":0,"vis":10,"dni":0,"temp":7.2,"slp":1024,"clouds":96,"ts":1655171100},{"precip_rate":0,"rh":95,"wind_spd":1.2,"timestamp_utc":"2022-06-14T02:00:00","snow_rate":0,"app_temp":6.6,"pres":1013.82025,"azimuth":34.77,"dewpt":6.3,"uv":0,"elev_angle":-7.52,"wind_dir":276,"weather":{"icon":"c04n","code":804,"description":"Overcast clouds"},"ghi":0,"dhi":0,"timestamp_local":"2022-06-14T04:00:00","solar_rad":0,"vis":10,"dni":0,"temp":7,"slp":1024,"clouds":99,"ts":1655172000},{"precip_rate":0,"rh":96,"wind_spd":1.2,"timestamp_utc":"2022-06-14T02:15:00","snow_rate":0,"app_temp":6.5,"pres":1013.8169,"azimuth":37.88,"dewpt":6.3,"uv":0,"elev_angle":-6.02,"wind_dir":277,"weather":{"icon":"c04n","code":804,"description":"Overcast clouds"},"ghi":0,"dhi":0,"timestamp_local":"2022-06-14T04:15:00","solar_rad":0,"vis":10,"dni":0,"temp":6.9,"slp":1024,"clouds":99,"ts":1655172900},{"precip_rate":0,"rh":96,"wind_spd":1.2,"timestamp_utc":"2022-06-14T02:30:00","snow_rate":0,"app_temp":6.5,"pres":1013.8136,"azimuth":40.99,"dewpt":6.3,"uv":0,"elev_angle":-4.51,"wind_dir":278,"weather":{"icon":"c04n","code":804,"description":"Overcast clouds"},"ghi":0,"dhi":0,"timestamp_local":"2022-06-14T04:30:00","solar_rad":0,"vis":10,"dni":0,"temp":6.8,"slp":1024,"clouds":100,"ts":1655173800},{"precip_rate":0,"rh":96,"wind_spd":1.2,"timestamp_utc":"2022-06-14T02:45:00","snow_rate":0,"app_temp":6.4,"pres":1013.81024,"azimuth":44.09,"dewpt":6.2,"uv":0,"elev_angle":-3.01,"wind_dir":279,"weather":{"icon":"c04n","code":804,"description":"Overcast clouds"},"ghi":0,"dhi":0,"timestamp_local":"2022-06-14T04:45:00","solar_rad":0,"vis":10,"dni":0,"temp":6.8,"slp":1024,"clouds":100,"ts":1655174700},{"precip_rate":0,"rh":97,"wind_spd":1.2,"timestamp_utc":"2022-06-14T03:00:00","snow_rate":0,"app_temp":6.3,"pres":1013.8069,"azimuth":47.2,"dewpt":6.3,"uv":0,"elev_angle":-1.5,"wind_dir":280,"weather":{"icon":"c04n","code":804,"description":"Overcast clouds"},"ghi":0,"dhi":0,"timestamp_local":"2022-06-14T05:00:00","solar_rad":0,"vis":10,"dni":0,"temp":6.7,"slp":1024,"clouds":100,"ts":1655175600},{"precip_rate":0,"rh":97,"wind_spd":1.2,"timestamp_utc":"2022-06-14T03:15:00","snow_rate":0,"app_temp":6.4,"pres":1013.81024,"azimuth":50.12,"dewpt":6.3,"uv":0.5,"elev_angle":0.33,"wind_dir":280,"weather":{"icon":"c04n","code":804,"description":"Overcast clouds"},"ghi":15.2,"dhi":9.23,"timestamp_local":"2022-06-14T05:15:00","solar_rad":10.75,"vis":10,"dni":80.4,"temp":6.8,"slp":1024,"clouds":100,"ts":1655176500},{"precip_rate":0,"rh":97,"wind_spd":1.2,"timestamp_utc":"2022-06-14T03:30:00","snow_rate":0,"app_temp":6.5,"pres":1013.8136,"azimuth":53.04,"dewpt":6.4,"uv":0.5,"elev_angle":2.17,"wind_dir":280,"weather":{"icon":"c04n","code":804,"description":"Overcast clouds"},"ghi":30.3,"dhi":18.46,"timestamp_local":"2022-06-14T05:30:00","solar_rad":21.49,"vis":10,"dni":160.8,"temp":6.8,"slp":1024,"clouds":100,"ts":1655177400},{"precip_rate":0,"rh":97,"wind_spd":1.2,"timestamp_utc":"2022-06-14T03:45:00","snow_rate":0,"app_temp":6.5,"pres":1013.8169,"azimuth":55.95,"dewpt":6.5,"uv":0.5,"elev_angle":4,"wind_dir":280,"weather":{"icon":"c04n","code":804,"description":"Overcast clouds"},"ghi":45.5,"dhi":27.68,"timestamp_local":"2022-06-14T05:45:00","solar_rad":32.23,"vis":10,"dni":241.19,"temp":6.9,"slp":1024,"clouds":100,"ts":1655178300},{"precip_rate":0,"rh":97,"wind_spd":1.2,"timestamp_utc":"2022-06-14T04:00:00","snow_rate":0,"app_temp":6.6,"pres":1013.82025,"azimuth":58.87,"dewpt":6.6,"uv":0.5,"elev_angle":5.83,"wind_dir":280,"weather":{"icon":"c04d","code":804,"description":"Overcast clouds"},"ghi":60.6,"dhi":36.91,"timestamp_local":"2022-06-14T06:00:00","solar_rad":42.97,"vis":10,"dni":321.59,"temp":7,"slp":1024,"clouds":100,"ts":1655179200},{"precip_rate":0,"rh":95,"wind_spd":1.1,"timestamp_utc":"2022-06-14T04:15:00","snow_rate":0,"app_temp":7.5,"pres":1013.83685,"azimuth":61.67,"dewpt":6.7,"uv":0.6,"elev_angle":7.9,"wind_dir":278,"weather":{"icon":"c04d","code":804,"description":"Overcast clouds"},"ghi":93.1,"dhi":43.23,"timestamp_local":"2022-06-14T06:15:00","solar_rad":52.54,"vis":10,"dni":380.28,"temp":7.5,"slp":1024,"clouds":100,"ts":1655180100},{"precip_rate":0,"rh":94,"wind_spd":1,"timestamp_utc":"2022-06-14T04:30:00","snow_rate":0,"app_temp":8,"pres":1013.8535,"azimuth":64.47,"dewpt":7,"uv":0.6,"elev_angle":9.97,"wind_dir":276,"weather":{"icon":"c04d","code":804,"description":"Overcast clouds"},"ghi":125.5,"dhi":49.54,"timestamp_local":"2022-06-14T06:30:00","solar_rad":62.09,"vis":10,"dni":438.98,"temp":8,"slp":1024,"clouds":100,"ts":1655181000},{"precip_rate":0,"rh":92,"wind_spd":0.9,"timestamp_utc":"2022-06-14T04:45:00","snow_rate":0,"app_temp":8.4,"pres":1013.8701,"azimuth":67.26,"dewpt":7.2,"uv":0.6,"elev_angle":12.03,"wind_dir":274,"weather":{"icon":"c04d","code":804,"description":"Overcast clouds"},"ghi":157.9,"dhi":55.86,"timestamp_local":"2022-06-14T06:45:00","solar_rad":71.65,"vis":10,"dni":497.67,"temp":8.4,"slp":1024,"clouds":100,"ts":1655181900},{"precip_rate":0,"rh":90,"wind_spd":0.8,"timestamp_utc":"2022-06-14T05:00:00","snow_rate":0,"app_temp":8.9,"pres":1013.8867,"azimuth":70.06,"dewpt":7.4,"uv":0.6,"elev_angle":14.1,"wind_dir":272,"weather":{"icon":"c04d","code":804,"description":"Overcast clouds"},"ghi":190.3,"dhi":62.17,"timestamp_local":"2022-06-14T07:00:00","solar_rad":81.2,"vis":10,"dni":556.36,"temp":8.9,"slp":1024,"clouds":100,"ts":1655182800},{"precip_rate":0,"rh":88,"wind_spd":0.8,"timestamp_utc":"2022-06-14T05:15:00","snow_rate":0,"app_temp":9.5,"pres":1013.9096,"azimuth":72.84,"dewpt":7.7,"uv":0.6,"elev_angle":16.32,"wind_dir":275,"weather":{"icon":"c04d","code":804,"description":"Overcast clouds"},"ghi":228.5,"dhi":66.66,"timestamp_local":"2022-06-14T07:15:00","solar_rad":89.51,"vis":10,"dni":589.65,"temp":9.5,"slp":1024,"clouds":100,"ts":1655183700},{"precip_rate":0,"rh":85,"wind_spd":0.8,"timestamp_utc":"2022-06-14T05:30:00","snow_rate":0,"app_temp":10.2,"pres":1013.9325,"azimuth":75.62,"dewpt":7.8,"uv":0.7,"elev_angle":18.54,"wind_dir":278,"weather":{"icon":"c04d","code":804,"description":"Overcast clouds"},"ghi":266.7,"dhi":71.16,"timestamp_local":"2022-06-14T07:30:00","solar_rad":105.89355,"vis":10,"dni":622.94,"temp":10.2,"slp":1024,"clouds":99,"ts":1655184600},{"precip_rate":0,"rh":82,"wind_spd":0.8,"timestamp_utc":"2022-06-14T05:45:00","snow_rate":0,"app_temp":10.8,"pres":1013.9554,"azimuth":78.4,"dewpt":7.9,"uv":0.7,"elev_angle":20.76,"wind_dir":281,"weather":{"icon":"c04d","code":804,"description":"Overcast clouds"},"ghi":304.8,"dhi":75.65,"timestamp_local":"2022-06-14T07:45:00","solar_rad":124.34024,"vis":10,"dni":656.22,"temp":10.8,"slp":1024,"clouds":98,"ts":1655185500},{"precip_rate":0,"rh":80,"wind_spd":0.8,"timestamp_utc":"2022-06-14T06:00:00","snow_rate":0,"app_temp":11.5,"pres":1013.9783,"azimuth":81.18,"dewpt":8.2,"uv":0.8,"elev_angle":22.98,"wind_dir":284,"weather":{"icon":"c04d","code":804,"description":"Overcast clouds"},"ghi":343,"dhi":80.14,"timestamp_local":"2022-06-14T08:00:00","solar_rad":134.9325,"vis":10,"dni":689.51,"temp":11.5,"slp":1024,"clouds":98,"ts":1655186400},{"precip_rate":0,"rh":76,"wind_spd":0.9,"timestamp_utc":"2022-06-14T06:15:00","snow_rate":0,"app_temp":11.9,"pres":1013.9944,"azimuth":84.09,"dewpt":7.9,"uv":0.9,"elev_angle":25.27,"wind_dir":286,"weather":{"icon":"c04d","code":804,"description":"Overcast clouds"},"ghi":382.1,"dhi":83.53,"timestamp_local":"2022-06-14T08:15:00","solar_rad":144.56853,"vis":10,"dni":710.74,"temp":11.9,"slp":1024,"clouds":98,"ts":1655187300},{"precip_rate":0,"rh":73,"wind_spd":1,"timestamp_utc":"2022-06-14T06:30:00","snow_rate":0,"app_temp":12.4,"pres":1014.0105,"azimuth":87,"dewpt":7.7,"uv":0.9,"elev_angle":27.56,"wind_dir":289,"weather":{"icon":"c04d","code":804,"description":"Overcast clouds"},"ghi":421.2,"dhi":86.91,"timestamp_local":"2022-06-14T08:30:00","solar_rad":154.19455,"vis":10,"dni":731.97,"temp":12.4,"slp":1024,"clouds":98,"ts":1655188200},{"precip_rate":0,"rh":70,"wind_spd":1.1,"timestamp_utc":"2022-06-14T06:45:00","snow_rate":0,"app_temp":12.8,"pres":1014.02655,"azimuth":89.9,"dewpt":7.5,"uv":1,"elev_angle":29.85,"wind_dir":292,"weather":{"icon":"c04d","code":804,"description":"Overcast clouds"},"ghi":460.3,"dhi":90.3,"timestamp_local":"2022-06-14T08:45:00","solar_rad":177.08557,"vis":10,"dni":753.19,"temp":12.8,"slp":1024,"clouds":97,"ts":1655189100},{"precip_rate":0,"rh":66,"wind_spd":1.2,"timestamp_utc":"2022-06-14T07:00:00","snow_rate":0,"app_temp":13.3,"pres":1014.04266,"azimuth":92.81,"dewpt":7.1,"uv":1.1,"elev_angle":32.14,"wind_dir":294,"weather":{"icon":"c04d","code":804,"description":"Overcast clouds"},"ghi":499.4,"dhi":93.68,"timestamp_local":"2022-06-14T09:00:00","solar_rad":94.15754,"vis":10,"dni":774.42,"temp":13.3,"slp":1024,"clouds":97,"ts":1655190000},{"precip_rate":0,"rh":64,"wind_spd":1.2,"timestamp_utc":"2022-06-14T07:15:00","snow_rate":0,"app_temp":13.6,"pres":1014.05225,"azimuth":96.06,"dewpt":6.9,"uv":1.2,"elev_angle":34.4,"wind_dir":294,"weather":{"icon":"c04d","code":804,"description":"Overcast clouds"},"ghi":535.7,"dhi":96.22,"timestamp_local":"2022-06-14T09:15:00","solar_rad":101.00159,"vis":10,"dni":788.55,"temp":13.6,"slp":1024,"clouds":97,"ts":1655190900},{"precip_rate":0,"rh":63,"wind_spd":1.2,"timestamp_utc":"2022-06-14T07:30:00","snow_rate":0,"app_temp":13.8,"pres":1014.06177,"azimuth":99.3,"dewpt":6.9,"uv":1.4,"elev_angle":36.67,"wind_dir":293,"weather":{"icon":"c04d","code":804,"description":"Overcast clouds"},"ghi":572,"dhi":98.76,"timestamp_local":"2022-06-14T09:30:00","solar_rad":123.914665,"vis":10,"dni":802.67,"temp":13.8,"slp":1024,"clouds":96,"ts":1655191800},{"precip_rate":0,"rh":62,"wind_spd":1.2,"timestamp_utc":"2022-06-14T07:45:00","snow_rate":0,"app_temp":14.1,"pres":1014.07135,"azimuth":102.55,"dewpt":7,"uv":1.5,"elev_angle":38.93,"wind_dir":292,"weather":{"icon":"c04d","code":804,"description":"Overcast clouds"},"ghi":608.2,"dhi":101.3,"timestamp_local":"2022-06-14T09:45:00","solar_rad":131.75682,"vis":10,"dni":816.8,"temp":14.1,"slp":1024,"clouds":96,"ts":1655192700},{"precip_rate":0,"rh":60,"wind_spd":1.2,"timestamp_utc":"2022-06-14T08:00:00","snow_rate":0,"app_temp":14.4,"pres":1014.08093,"azimuth":105.79,"dewpt":6.7,"uv":1.6,"elev_angle":41.19,"wind_dir":292,"weather":{"icon":"c04d","code":804,"description":"Overcast clouds"},"ghi":644.5,"dhi":103.84,"timestamp_local":"2022-06-14T10:00:00","solar_rad":139.62064,"vis":10,"dni":830.92,"temp":14.4,"slp":1024,"clouds":96,"ts":1655193600},{"precip_rate":0,"rh":58,"wind_spd":1.2,"timestamp_utc":"2022-06-14T08:15:00","snow_rate":0,"app_temp":14.7,"pres":1014.09045,"azimuth":109.69,"dewpt":6.5,"uv":1.8,"elev_angle":43.29,"wind_dir":292,"weather":{"icon":"c04d","code":804,"description":"Overcast clouds"},"ghi":674.7,"dhi":105.67,"timestamp_local":"2022-06-14T10:15:00","solar_rad":146.16298,"vis":10,"dni":840.24,"temp":14.7,"slp":1024,"clouds":96,"ts":1655194500},{"precip_rate":0,"rh":57,"wind_spd":1.2,"timestamp_utc":"2022-06-14T08:30:00","snow_rate":0,"app_temp":15,"pres":1014.0999,"azimuth":113.6,"dewpt":6.6,"uv":1.9,"elev_angle":45.39,"wind_dir":293,"weather":{"icon":"c04d","code":804,"description":"Overcast clouds"},"ghi":704.8,"dhi":107.5,"timestamp_local":"2022-06-14T10:30:00","solar_rad":152.68367,"vis":10,"dni":849.55,"temp":15,"slp":1024,"clouds":96,"ts":1655195400},{"precip_rate":0,"rh":56,"wind_spd":1.2,"timestamp_utc":"2022-06-14T08:45:00","snow_rate":0,"app_temp":15.3,"pres":1014.1094,"azimuth":117.5,"dewpt":6.6,"uv":2.1,"elev_angle":47.49,"wind_dir":294,"weather":{"icon":"c04d","code":804,"description":"Overcast clouds"},"ghi":735,"dhi":109.32,"timestamp_local":"2022-06-14T10:45:00","solar_rad":179.36435,"vis":10,"dni":858.87,"temp":15.3,"slp":1024,"clouds":95,"ts":1655196300},{"precip_rate":0,"rh":54,"wind_spd":1.2,"timestamp_utc":"2022-06-14T09:00:00","snow_rate":0,"app_temp":15.6,"pres":1014.1189,"azimuth":121.4,"dewpt":6.3,"uv":2.2,"elev_angle":49.59,"wind_dir":294,"weather":{"icon":"c04d","code":804,"description":"Overcast clouds"},"ghi":765.2,"dhi":111.15,"timestamp_local":"2022-06-14T11:00:00","solar_rad":186.73415,"vis":10,"dni":868.18,"temp":15.6,"slp":1024,"clouds":95,"ts":1655197200},{"precip_rate":0,"rh":54,"wind_spd":1.1,"timestamp_utc":"2022-06-14T09:15:00","snow_rate":0,"app_temp":15.7,"pres":1014.1221,"azimuth":126.39,"dewpt":6.4,"uv":2.3,"elev_angle":51.32,"wind_dir":298,"weather":{"icon":"c04d","code":804,"description":"Overcast clouds"},"ghi":786.7,"dhi":112.33,"timestamp_local":"2022-06-14T11:15:00","solar_rad":191.98085,"vis":10,"dni":873.86,"temp":15.7,"slp":1024,"clouds":95,"ts":1655198100},{"precip_rate":0,"rh":54,"wind_spd":1,"timestamp_utc":"2022-06-14T09:30:00","snow_rate":0,"app_temp":15.8,"pres":1014.1252,"azimuth":131.38,"dewpt":6.5,"uv":2.4,"elev_angle":53.05,"wind_dir":303,"weather":{"icon":"c04d","code":804,"description":"Overcast clouds"},"ghi":808.2,"dhi":113.51,"timestamp_local":"2022-06-14T11:30:00","solar_rad":175.08362,"vis":10,"dni":879.55,"temp":15.8,"slp":1024,"clouds":96,"ts":1655199000},{"precip_rate":0,"rh":54,"wind_spd":0.9,"timestamp_utc":"2022-06-14T09:45:00","snow_rate":0,"app_temp":15.8,"pres":1014.1283,"azimuth":136.37,"dewpt":6.5,"uv":2.5,"elev_angle":54.77,"wind_dir":308,"weather":{"icon":"c04d","code":804,"description":"Overcast clouds"},"ghi":829.7,"dhi":114.69,"timestamp_local":"2022-06-14T11:45:00","solar_rad":179.74126,"vis":10,"dni":885.23,"temp":15.8,"slp":1024,"clouds":96,"ts":1655199900},{"precip_rate":0,"rh":54,"wind_spd":0.8,"timestamp_utc":"2022-06-14T10:00:00","snow_rate":0,"app_temp":15.9,"pres":1014.1315,"azimuth":141.36,"dewpt":6.6,"uv":2.6,"elev_angle":56.5,"wind_dir":312,"weather":{"icon":"c04d","code":804,"description":"Overcast clouds"},"ghi":851.2,"dhi":115.87,"timestamp_local":"2022-06-14T12:00:00","solar_rad":184.39888,"vis":10,"dni":890.91,"temp":15.9,"slp":1024,"clouds":96,"ts":1655200800},{"precip_rate":0,"rh":54,"wind_spd":0.8,"timestamp_utc":"2022-06-14T10:15:00","snow_rate":0,"app_temp":16.1,"pres":1014.13776,"azimuth":147.71,"dewpt":6.8,"uv":2.7,"elev_angle":57.51,"wind_dir":312,"weather":{"icon":"c04d","code":804,"description":"Overcast clouds"},"ghi":862.2,"dhi":116.45,"timestamp_local":"2022-06-14T12:15:00","solar_rad":186.78186,"vis":10,"dni":893.58,"temp":16.1,"slp":1024,"clouds":96,"ts":1655201700},{"precip_rate":0,"rh":53,"wind_spd":0.8,"timestamp_utc":"2022-06-14T10:30:00","snow_rate":0,"app_temp":16.3,"pres":1014.14404,"azimuth":154.07,"dewpt":6.7,"uv":2.8,"elev_angle":58.52,"wind_dir":311,"weather":{"icon":"c04d","code":804,"description":"Overcast clouds"},"ghi":873.3,"dhi":117.02,"timestamp_local":"2022-06-14T12:30:00","solar_rad":189.1865,"vis":10,"dni":896.25,"temp":16.3,"slp":1024,"clouds":96,"ts":1655202600},{"precip_rate":0,"rh":52,"wind_spd":0.8,"timestamp_utc":"2022-06-14T10:45:00","snow_rate":0,"app_temp":16.5,"pres":1014.15027,"azimuth":160.42,"dewpt":6.6,"uv":2.8,"elev_angle":59.53,"wind_dir":310,"weather":{"icon":"c04d","code":804,"description":"Overcast clouds"},"ghi":884.3,"dhi":117.6,"timestamp_local":"2022-06-14T12:45:00","solar_rad":166.7271,"vis":10,"dni":898.91,"temp":16.5,"slp":1024,"clouds":97,"ts":1655203500},{"precip_rate":0,"rh":52,"wind_spd":0.8,"timestamp_utc":"2022-06-14T11:00:00","snow_rate":0,"app_temp":16.7,"pres":1014.15656,"azimuth":166.77,"dewpt":6.8,"uv":2.8,"elev_angle":60.54,"wind_dir":310,"weather":{"icon":"c04d","code":804,"description":"Overcast clouds"},"ghi":895.3,"dhi":118.17,"timestamp_local":"2022-06-14T13:00:00","solar_rad":168.80106,"vis":10,"dni":901.58,"temp":16.7,"slp":1024,"clouds":97,"ts":1655204400},{"precip_rate":0,"rh":51,"wind_spd":0.8,"timestamp_utc":"2022-06-14T11:15:00","snow_rate":0,"app_temp":17.1,"pres":1013.9214,"azimuth":173.81,"dewpt":6.8,"uv":3.1,"elev_angle":60.51,"wind_dir":315,"weather":{"icon":"c04d","code":804,"description":"Overcast clouds"},"ghi":895,"dhi":118.15,"timestamp_local":"2022-06-14T13:15:00","solar_rad":288.34167,"vis":10,"dni":901.5,"temp":17.1,"slp":1023.75,"clouds":92,"ts":1655205300},{"precip_rate":0,"rh":50,"wind_spd":0.8,"timestamp_utc":"2022-06-14T11:30:00","snow_rate":0,"app_temp":17.4,"pres":1013.6862,"azimuth":180.85,"dewpt":6.9,"uv":3.4,"elev_angle":60.48,"wind_dir":320,"weather":{"icon":"c04d","code":804,"description":"Overcast clouds"},"ghi":894.6,"dhi":118.14,"timestamp_local":"2022-06-14T13:30:00","solar_rad":373.27026,"vis":10,"dni":901.42,"temp":17.4,"slp":1023.5,"clouds":88,"ts":1655206200},{"precip_rate":0,"rh":48,"wind_spd":0.8,"timestamp_utc":"2022-06-14T11:45:00","snow_rate":0,"app_temp":17.8,"pres":1013.45105,"azimuth":187.88,"dewpt":6.6,"uv":3.6,"elev_angle":60.44,"wind_dir":325,"weather":{"icon":"c04d","code":804,"description":"Overcast clouds"},"ghi":894.3,"dhi":118.12,"timestamp_local":"2022-06-14T13:45:00","solar_rad":449.38678,"vis":10,"dni":901.34,"temp":17.8,"slp":1023.25,"clouds":84,"ts":1655207100},{"precip_rate":0,"rh":47,"wind_spd":0.8,"timestamp_utc":"2022-06-14T12:00:00","snow_rate":0,"app_temp":18.1,"pres":1013.2159,"azimuth":194.92,"dewpt":6.6,"uv":3.9,"elev_angle":60.41,"wind_dir":330,"weather":{"icon":"c04d","code":804,"description":"Overcast clouds"},"ghi":893.9,"dhi":118.1,"timestamp_local":"2022-06-14T14:00:00","solar_rad":532.9363,"vis":10,"dni":901.26,"temp":18.1,"slp":1023,"clouds":79,"ts":1655208000},{"precip_rate":0,"rh":47,"wind_spd":0.9,"timestamp_utc":"2022-06-14T12:15:00","snow_rate":0,"app_temp":18.2,"pres":1012.9714,"azimuth":201.2,"dewpt":6.7,"uv":4.2,"elev_angle":59.34,"wind_dir":336,"weather":{"icon":"c04d","code":804,"description":"Overcast clouds"},"ghi":882.2,"dhi":117.49,"timestamp_local":"2022-06-14T14:15:00","solar_rad":622.33966,"vis":10,"dni":898.42,"temp":18.2,"slp":1022.75,"clouds":72,"ts":1655208900},{"precip_rate":0,"rh":46,"wind_spd":1,"timestamp_utc":"2022-06-14T12:30:00","snow_rate":0,"app_temp":18.3,"pres":1012.7268,"azimuth":207.47,"dewpt":6.5,"uv":4.6,"elev_angle":58.28,"wind_dir":343,"weather":{"icon":"c03d","code":803,"description":"Broken clouds"},"ghi":870.5,"dhi":116.88,"timestamp_local":"2022-06-14T14:30:00","solar_rad":698.7,"vis":10,"dni":895.58,"temp":18.3,"slp":1022.5,"clouds":64,"ts":1655209800},{"precip_rate":0,"rh":46,"wind_spd":1.1,"timestamp_utc":"2022-06-14T12:45:00","snow_rate":0,"app_temp":17.5,"pres":1012.4823,"azimuth":213.75,"dewpt":6.6,"uv":4.9,"elev_angle":57.21,"wind_dir":350,"weather":{"icon":"c03d","code":803,"description":"Broken clouds"},"ghi":858.8,"dhi":116.27,"timestamp_local":"2022-06-14T14:45:00","solar_rad":751.16,"vis":10,"dni":892.73,"temp":18.4,"slp":1022.25,"clouds":56,"ts":1655210700},{"precip_rate":0,"rh":46,"wind_spd":1.2,"timestamp_utc":"2022-06-14T13:00:00","snow_rate":0,"app_temp":17.6,"pres":1012.2378,"azimuth":220.02,"dewpt":6.7,"uv":5.1,"elev_angle":56.14,"wind_dir":356,"weather":{"icon":"c03d","code":803,"description":"Broken clouds"},"ghi":847.1,"dhi":115.66,"timestamp_local":"2022-06-14T15:00:00","solar_rad":779.67145,"vis":10,"dni":889.89,"temp":18.5,"slp":1022,"clouds":49,"ts":1655211600},{"precip_rate":0,"rh":45,"wind_spd":1.2,"timestamp_utc":"2022-06-14T13:15:00","snow_rate":0,"app_temp":17.9,"pres":1012.247,"azimuth":224.93,"dewpt":6.6,"uv":5.3,"elev_angle":54.39,"wind_dir":270,"weather":{"icon":"c02d","code":802,"description":"Scattered clouds"},"ghi":825,"dhi":114.44,"timestamp_local":"2022-06-14T15:15:00","solar_rad":792.06177,"vis":10,"dni":884.01,"temp":18.8,"slp":1022,"clouds":40,"ts":1655212500},{"precip_rate":0,"rh":44,"wind_spd":1.2,"timestamp_utc":"2022-06-14T13:30:00","snow_rate":0,"app_temp":18.2,"pres":1012.2562,"azimuth":229.85,"dewpt":6.5,"uv":5.6,"elev_angle":52.63,"wind_dir":185,"weather":{"icon":"c02d","code":802,"description":"Scattered clouds"},"ghi":803,"dhi":113.22,"timestamp_local":"2022-06-14T15:30:00","solar_rad":790.9449,"vis":10,"dni":878.13,"temp":19.1,"slp":1022,"clouds":30,"ts":1655213400},{"precip_rate":0,"rh":43,"wind_spd":1.2,"timestamp_utc":"2022-06-14T13:45:00","snow_rate":0,"app_temp":18.4,"pres":1012.26544,"azimuth":234.76,"dewpt":6.4,"uv":5.8,"elev_angle":50.88,"wind_dir":100,"weather":{"icon":"c02d","code":801,"description":"Few clouds"},"ghi":780.9,"dhi":112,"timestamp_local":"2022-06-14T15:45:00","solar_rad":777.9465,"vis":10,"dni":872.25,"temp":19.3,"slp":1022,"clouds":20,"ts":1655214300},{"precip_rate":0,"rh":42,"wind_spd":1.2,"timestamp_utc":"2022-06-14T14:00:00","snow_rate":0,"app_temp":18.7,"pres":1012.27466,"azimuth":239.67,"dewpt":6.3,"uv":5.9,"elev_angle":49.12,"wind_dir":14,"weather":{"icon":"c02d","code":801,"description":"Few clouds"},"ghi":758.8,"dhi":110.78,"timestamp_local":"2022-06-14T16:00:00","solar_rad":758.4241,"vis":10,"dni":866.37,"temp":19.6,"slp":1022,"clouds":11,"ts":1655215200},{"precip_rate":0,"rh":42,"wind_spd":1.2,"timestamp_utc":"2022-06-14T14:15:00","snow_rate":0,"app_temp":18.8,"pres":1012.0301,"azimuth":243.52,"dewpt":6.4,"uv":5.2,"elev_angle":47,"wind_dir":12,"weather":{"icon":"c02d","code":801,"description":"Few clouds"},"ghi":728.2,"dhi":108.92,"timestamp_local":"2022-06-14T16:15:00","solar_rad":726.275,"vis":10,"dni":856.81,"temp":19.7,"slp":1021.75,"clouds":18,"ts":1655216100},{"precip_rate":0,"rh":42,"wind_spd":1.2,"timestamp_utc":"2022-06-14T14:30:00","snow_rate":0,"app_temp":18.9,"pres":1011.7855,"azimuth":247.37,"dewpt":6.5,"uv":4.6,"elev_angle":44.89,"wind_dir":10,"weather":{"icon":"c02d","code":802,"description":"Scattered clouds"},"ghi":697.5,"dhi":107.05,"timestamp_local":"2022-06-14T16:30:00","solar_rad":692.5965,"vis":10,"dni":847.25,"temp":19.8,"slp":1021.5,"clouds":24,"ts":1655217000},{"precip_rate":0,"rh":41,"wind_spd":1.2,"timestamp_utc":"2022-06-14T14:45:00","snow_rate":0,"app_temp":19,"pres":1011.54095,"azimuth":251.22,"dewpt":6.3,"uv":4.1,"elev_angle":42.77,"wind_dir":8,"weather":{"icon":"c02d","code":802,"description":"Scattered clouds"},"ghi":666.9,"dhi":105.19,"timestamp_local":"2022-06-14T16:45:00","solar_rad":656.8881,"vis":10,"dni":837.69,"temp":19.9,"slp":1021.25,"clouds":30,"ts":1655217900},{"precip_rate":0,"rh":41,"wind_spd":1.2,"timestamp_utc":"2022-06-14T15:00:00","snow_rate":0,"app_temp":19.1,"pres":1011.2964,"azimuth":255.07,"dewpt":6.4,"uv":3.6,"elev_angle":40.65,"wind_dir":6,"weather":{"icon":"c02d","code":802,"description":"Scattered clouds"},"ghi":636.3,"dhi":103.32,"timestamp_local":"2022-06-14T17:00:00","solar_rad":616.811,"vis":10,"dni":828.13,"temp":20,"slp":1021,"clouds":37,"ts":1655218800},{"precip_rate":0,"rh":41,"wind_spd":1.2,"timestamp_utc":"2022-06-14T15:15:00","snow_rate":0,"app_temp":19.2,"pres":1011.29944,"azimuth":258.29,"dewpt":6.4,"uv":3.3,"elev_angle":38.39,"wind_dir":94,"weather":{"icon":"c02d","code":802,"description":"Scattered clouds"},"ghi":599.8,"dhi":100.73,"timestamp_local":"2022-06-14T17:15:00","solar_rad":584.59174,"vis":10,"dni":813.66,"temp":20.1,"slp":1021,"clouds":35,"ts":1655219700},{"precip_rate":0,"rh":40,"wind_spd":1.2,"timestamp_utc":"2022-06-14T15:30:00","snow_rate":0,"app_temp":19.3,"pres":1011.3025,"azimuth":261.51,"dewpt":6.2,"uv":3.1,"elev_angle":36.12,"wind_dir":181,"weather":{"icon":"c02d","code":802,"description":"Scattered clouds"},"ghi":563.3,"dhi":98.15,"timestamp_local":"2022-06-14T17:30:00","solar_rad":551.6069,"vis":10,"dni":799.2,"temp":20.2,"slp":1021,"clouds":33,"ts":1655220600},{"precip_rate":0,"rh":40,"wind_spd":1.2,"timestamp_utc":"2022-06-14T15:45:00","snow_rate":0,"app_temp":19.4,"pres":1011.3055,"azimuth":264.73,"dewpt":6.3,"uv":2.9,"elev_angle":33.86,"wind_dir":268,"weather":{"icon":"c02d","code":802,"description":"Scattered clouds"},"ghi":526.8,"dhi":95.56,"timestamp_local":"2022-06-14T17:45:00","solar_rad":517.9587,"vis":10,"dni":784.73,"temp":20.3,"slp":1021,"clouds":31,"ts":1655221500},{"precip_rate":0,"rh":40,"wind_spd":1.2,"timestamp_utc":"2022-06-14T16:00:00","snow_rate":0,"app_temp":19.5,"pres":1011.30853,"azimuth":267.95,"dewpt":6.4,"uv":2.7,"elev_angle":31.59,"wind_dir":356,"weather":{"icon":"c02d","code":802,"description":"Scattered clouds"},"ghi":490.2,"dhi":92.97,"timestamp_local":"2022-06-14T18:00:00","solar_rad":483.64203,"vis":10,"dni":770.26,"temp":20.4,"slp":1021,"clouds":29,"ts":1655222400},{"precip_rate":0,"rh":40,"wind_spd":1.2,"timestamp_utc":"2022-06-14T16:15:00","snow_rate":0,"app_temp":19.4,"pres":1011.05786,"azimuth":270.85,"dewpt":6.3,"uv":2.6,"elev_angle":29.3,"wind_dir":268,"weather":{"icon":"c02d","code":802,"description":"Scattered clouds"},"ghi":451.1,"dhi":89.53,"timestamp_local":"2022-06-14T18:15:00","solar_rad":448.74088,"vis":10,"dni":748.5,"temp":20.3,"slp":1020.75,"clouds":22,"ts":1655223300},{"precip_rate":0,"rh":40,"wind_spd":1.2,"timestamp_utc":"2022-06-14T16:30:00","snow_rate":0,"app_temp":19.3,"pres":1010.8072,"azimuth":273.74,"dewpt":6.2,"uv":2.5,"elev_angle":27.02,"wind_dir":179,"weather":{"icon":"c02d","code":801,"description":"Few clouds"},"ghi":411.9,"dhi":86.09,"timestamp_local":"2022-06-14T18:30:00","solar_rad":411.17047,"vis":10,"dni":726.74,"temp":20.2,"slp":1020.5,"clouds":16,"ts":1655224200},{"precip_rate":0,"rh":41,"wind_spd":1.2,"timestamp_utc":"2022-06-14T16:45:00","snow_rate":0,"app_temp":19.2,"pres":1010.5565,"azimuth":276.64,"dewpt":6.4,"uv":2.4,"elev_angle":24.73,"wind_dir":90,"weather":{"icon":"c02d","code":801,"description":"Few clouds"},"ghi":372.8,"dhi":82.65,"timestamp_local":"2022-06-14T18:45:00","solar_rad":372.6664,"vis":10,"dni":704.97,"temp":20.1,"slp":1020.25,"clouds":10,"ts":1655225100},{"precip_rate":0,"rh":41,"wind_spd":1.2,"timestamp_utc":"2022-06-14T17:00:00","snow_rate":0,"app_temp":19.1,"pres":1010.30585,"azimuth":279.53,"dewpt":6.4,"uv":2.4,"elev_angle":22.44,"wind_dir":2,"weather":{"icon":"c02d","code":801,"description":"Few clouds"},"ghi":333.6,"dhi":79.21,"timestamp_local":"2022-06-14T19:00:00","solar_rad":333.598,"vis":10,"dni":683.21,"temp":20,"slp":1020,"clouds":3,"ts":1655226000},{"precip_rate":0,"rh":42,"wind_spd":1.4,"timestamp_utc":"2022-06-14T17:15:00","snow_rate":0,"app_temp":19,"pres":1010.29974,"azimuth":282.31,"dewpt":6.6,"uv":2.2,"elev_angle":20.23,"wind_dir":6,"weather":{"icon":"c02d","code":801,"description":"Few clouds"},"ghi":295.7,"dhi":74.64,"timestamp_local":"2022-06-14T19:15:00","solar_rad":295.69955,"vis":10,"dni":648.95,"temp":19.8,"slp":1020,"clouds":2,"ts":1655226900},{"precip_rate":0,"rh":42,"wind_spd":1.6,"timestamp_utc":"2022-06-14T17:30:00","snow_rate":0,"app_temp":18.8,"pres":1010.29364,"azimuth":285.09,"dewpt":6.4,"uv":2.1,"elev_angle":18.02,"wind_dir":11,"weather":{"icon":"c02d","code":801,"description":"Few clouds"},"ghi":257.7,"dhi":70.07,"timestamp_local":"2022-06-14T19:30:00","solar_rad":257.69962,"vis":10,"dni":614.69,"temp":19.6,"slp":1020,"clouds":2,"ts":1655227800},{"precip_rate":0,"rh":42,"wind_spd":1.8,"timestamp_utc":"2022-06-14T17:45:00","snow_rate":0,"app_temp":18.6,"pres":1010.28754,"azimuth":287.86,"dewpt":6.2,"uv":2,"elev_angle":15.8,"wind_dir":16,"weather":{"icon":"c02d","code":801,"description":"Few clouds"},"ghi":219.8,"dhi":65.49,"timestamp_local":"2022-06-14T19:45:00","solar_rad":219.79967,"vis":10,"dni":580.42,"temp":19.5,"slp":1020,"clouds":2,"ts":1655228700},{"precip_rate":0,"rh":43,"wind_spd":2,"timestamp_utc":"2022-06-14T18:00:00","snow_rate":0,"app_temp":18.4,"pres":1010.28143,"azimuth":290.64,"dewpt":6.4,"uv":1.9,"elev_angle":13.59,"wind_dir":20,"weather":{"icon":"c01d","code":800,"description":"Clear Sky"},"ghi":181.8,"dhi":60.92,"timestamp_local":"2022-06-14T20:00:00","solar_rad":181.79997,"vis":10,"dni":546.16,"temp":19.3,"slp":1020,"clouds":1,"ts":1655229600},{"precip_rate":0,"rh":44,"wind_spd":2.1,"timestamp_utc":"2022-06-14T18:15:00","snow_rate":0,"app_temp":18.1,"pres":1010.2722,"azimuth":293.44,"dewpt":6.5,"uv":1.8,"elev_angle":11.54,"wind_dir":22,"weather":{"icon":"c01d","code":800,"description":"Clear Sky"},"ghi":149.9,"dhi":54.46,"timestamp_local":"2022-06-14T20:15:00","solar_rad":149.89998,"vis":10,"dni":485.15,"temp":19,"slp":1020,"clouds":1,"ts":1655230500},{"precip_rate":0,"rh":46,"wind_spd":2.2,"timestamp_utc":"2022-06-14T18:30:00","snow_rate":0,"app_temp":17.8,"pres":1010.263,"azimuth":296.24,"dewpt":6.9,"uv":1.8,"elev_angle":9.48,"wind_dir":25,"weather":{"icon":"c01d","code":800,"description":"Clear Sky"},"ghi":118.1,"dhi":48,"timestamp_local":"2022-06-14T20:30:00","solar_rad":118.1,"vis":10,"dni":424.15,"temp":18.7,"slp":1020,"clouds":0,"ts":1655231400},{"precip_rate":0,"rh":48,"wind_spd":2.3,"timestamp_utc":"2022-06-14T18:45:00","snow_rate":0,"app_temp":17.5,"pres":1010.2538,"azimuth":299.04,"dewpt":7.2,"uv":1.8,"elev_angle":7.43,"wind_dir":28,"weather":{"icon":"c01d","code":800,"description":"Clear Sky"},"ghi":86.2,"dhi":41.53,"timestamp_local":"2022-06-14T20:45:00","solar_rad":86.2,"vis":10,"dni":363.14,"temp":18.4,"slp":1020,"clouds":0,"ts":1655232300},{"precip_rate":0,"rh":49,"wind_spd":2.4,"timestamp_utc":"2022-06-14T19:00:00","snow_rate":0,"app_temp":18.1,"pres":1010.24457,"azimuth":301.84,"dewpt":7.2,"uv":1.8,"elev_angle":5.37,"wind_dir":30,"weather":{"icon":"c01d","code":800,"description":"Clear Sky"},"ghi":54.4,"dhi":35.07,"timestamp_local":"2022-06-14T21:00:00","solar_rad":54.4,"vis":10,"dni":302.13,"temp":18.1,"slp":1020,"clouds":0,"ts":1655233200},{"precip_rate":0,"rh":51,"wind_spd":2.5,"timestamp_utc":"2022-06-14T19:15:00","snow_rate":0,"app_temp":17.5,"pres":1010.4704,"azimuth":304.77,"dewpt":7.2,"uv":1.8,"elev_angle":3.56,"wind_dir":32,"weather":{"icon":"c01n","code":800,"description":"Clear Sky"},"ghi":40.8,"dhi":26.3,"timestamp_local":"2022-06-14T21:15:00","solar_rad":40.8,"vis":10,"dni":226.6,"temp":17.5,"slp":1020.25,"clouds":0,"ts":1655234100},{"precip_rate":0,"rh":54,"wind_spd":2.6,"timestamp_utc":"2022-06-14T19:30:00","snow_rate":0,"app_temp":16.9,"pres":1010.69617,"azimuth":307.7,"dewpt":7.5,"uv":1.7,"elev_angle":1.74,"wind_dir":34,"weather":{"icon":"c01n","code":800,"description":"Clear Sky"},"ghi":27.2,"dhi":17.54,"timestamp_local":"2022-06-14T21:30:00","solar_rad":27.199997,"vis":10,"dni":151.07,"temp":16.9,"slp":1020.5,"clouds":1,"ts":1655235000},{"precip_rate":0,"rh":56,"wind_spd":2.7,"timestamp_utc":"2022-06-14T19:45:00","snow_rate":0,"app_temp":16.2,"pres":1010.922,"azimuth":310.63,"dewpt":7.4,"uv":0,"elev_angle":-0.08,"wind_dir":36,"weather":{"icon":"c02n","code":801,"description":"Few clouds"},"ghi":13.6,"dhi":8.77,"timestamp_local":"2022-06-14T21:45:00","solar_rad":13.599979,"vis":10,"dni":75.53,"temp":16.2,"slp":1020.75,"clouds":2,"ts":1655235900},{"precip_rate":0,"rh":58,"wind_spd":2.8,"timestamp_utc":"2022-06-14T20:00:00","snow_rate":0,"app_temp":15.6,"pres":1011.1478,"azimuth":313.56,"dewpt":7.4,"uv":0,"elev_angle":-1.89,"wind_dir":38,"weather":{"icon":"c02n","code":801,"description":"Few clouds"},"ghi":0,"dhi":0,"timestamp_local":"2022-06-14T22:00:00","solar_rad":0,"vis":10,"dni":0,"temp":15.6,"slp":1021,"clouds":2,"ts":1655236800},{"precip_rate":0,"rh":60,"wind_spd":2.8,"timestamp_utc":"2022-06-14T20:15:00","snow_rate":0,"app_temp":15.1,"pres":1011.132,"azimuth":316.68,"dewpt":7.4,"uv":0,"elev_angle":-3.37,"wind_dir":40,"weather":{"icon":"c02n","code":801,"description":"Few clouds"},"ghi":0,"dhi":0,"timestamp_local":"2022-06-14T22:15:00","solar_rad":0,"vis":10,"dni":0,"temp":15.1,"slp":1021,"clouds":3,"ts":1655237700},{"precip_rate":0,"rh":62,"wind_spd":2.8,"timestamp_utc":"2022-06-14T20:30:00","snow_rate":0,"app_temp":14.7,"pres":1011.1162,"azimuth":319.8,"dewpt":7.5,"uv":0,"elev_angle":-4.85,"wind_dir":41,"weather":{"icon":"c02n","code":801,"description":"Few clouds"},"ghi":0,"dhi":0,"timestamp_local":"2022-06-14T22:30:00","solar_rad":0,"vis":10,"dni":0,"temp":14.7,"slp":1021,"clouds":4,"ts":1655238600},{"precip_rate":0,"rh":64,"wind_spd":2.8,"timestamp_utc":"2022-06-14T20:45:00","snow_rate":0,"app_temp":14.2,"pres":1011.1004,"azimuth":322.92,"dewpt":7.5,"uv":0,"elev_angle":-6.33,"wind_dir":42,"weather":{"icon":"c02n","code":801,"description":"Few clouds"},"ghi":0,"dhi":0,"timestamp_local":"2022-06-14T22:45:00","solar_rad":0,"vis":10,"dni":0,"temp":14.2,"slp":1021,"clouds":4,"ts":1655239500},{"precip_rate":0,"rh":66,"wind_spd":2.8,"timestamp_utc":"2022-06-14T21:00:00","snow_rate":0,"app_temp":13.7,"pres":1011.0846,"azimuth":326.04,"dewpt":7.5,"uv":0,"elev_angle":-7.81,"wind_dir":44,"weather":{"icon":"c02n","code":801,"description":"Few clouds"},"ghi":0,"dhi":0,"timestamp_local":"2022-06-14T23:00:00","solar_rad":0,"vis":10,"dni":0,"temp":13.7,"slp":1021,"clouds":5,"ts":1655240400},{"precip_rate":0,"rh":67,"wind_spd":2.9,"timestamp_utc":"2022-06-14T21:15:00","snow_rate":0,"app_temp":13.5,"pres":1011.07825,"azimuth":329.37,"dewpt":7.5,"uv":0,"elev_angle":-8.86,"wind_dir":52,"weather":{"icon":"c02n","code":801,"description":"Few clouds"},"ghi":0,"dhi":0,"timestamp_local":"2022-06-14T23:15:00","solar_rad":0,"vis":10,"dni":0,"temp":13.5,"slp":1021,"clouds":4,"ts":1655241300},{"precip_rate":0,"rh":68,"wind_spd":3,"timestamp_utc":"2022-06-14T21:30:00","snow_rate":0,"app_temp":13.3,"pres":1011.07184,"azimuth":332.7,"dewpt":7.6,"uv":0,"elev_angle":-9.92,"wind_dir":60,"weather":{"icon":"c02n","code":801,"description":"Few clouds"},"ghi":0,"dhi":0,"timestamp_local":"2022-06-14T23:30:00","solar_rad":0,"vis":10,"dni":0,"temp":13.3,"slp":1021,"clouds":2,"ts":1655242200},{"precip_rate":0,"rh":70,"wind_spd":3.1,"timestamp_utc":"2022-06-14T21:45:00","snow_rate":0,"app_temp":13.2,"pres":1011.0654,"azimuth":336.02,"dewpt":7.8,"uv":0,"elev_angle":-10.97,"wind_dir":68,"weather":{"icon":"c01n","code":800,"description":"Clear Sky"},"ghi":0,"dhi":0,"timestamp_local":"2022-06-14T23:45:00","solar_rad":0,"vis":10,"dni":0,"temp":13.2,"slp":1021,"clouds":1,"ts":1655243100},{"precip_rate":0,"rh":71,"wind_spd":3.2,"timestamp_utc":"2022-06-14T22:00:00","snow_rate":0,"app_temp":13,"pres":1011.0591,"azimuth":339.35,"dewpt":7.9,"uv":0,"elev_angle":-12.02,"wind_dir":76,"weather":{"icon":"c01n","code":800,"description":"Clear Sky"},"ghi":0,"dhi":0,"timestamp_local":"2022-06-15T00:00:00","solar_rad":0,"vis":10,"dni":0,"temp":13,"slp":1021,"clouds":0,"ts":1655244000},{"precip_rate":0,"rh":72,"wind_spd":3.1,"timestamp_utc":"2022-06-14T22:15:00","snow_rate":0,"app_temp":12.7,"pres":1011.04944,"azimuth":342.84,"dewpt":7.8,"uv":0,"elev_angle":-12.56,"wind_dir":78,"weather":{"icon":"c02n","code":801,"description":"Few clouds"},"ghi":0,"dhi":0,"timestamp_local":"2022-06-15T00:15:00","solar_rad":0,"vis":10,"dni":0,"temp":12.7,"slp":1021,"clouds":5,"ts":1655244900},{"precip_rate":0,"rh":74,"wind_spd":3,"timestamp_utc":"2022-06-14T22:30:00","snow_rate":0,"app_temp":12.4,"pres":1011.0398,"azimuth":346.33,"dewpt":7.9,"uv":0,"elev_angle":-13.11,"wind_dir":81,"weather":{"icon":"c02n","code":801,"description":"Few clouds"},"ghi":0,"dhi":0,"timestamp_local":"2022-06-15T00:30:00","solar_rad":0,"vis":10,"dni":0,"temp":12.4,"slp":1021,"clouds":10,"ts":1655245800},{"precip_rate":0,"rh":75,"wind_spd":2.9,"timestamp_utc":"2022-06-14T22:45:00","snow_rate":0,"app_temp":12.2,"pres":1011.0302,"azimuth":349.82,"dewpt":7.9,"uv":0,"elev_angle":-13.65,"wind_dir":84,"weather":{"icon":"c02n","code":801,"description":"Few clouds"},"ghi":0,"dhi":0,"timestamp_local":"2022-06-15T00:45:00","solar_rad":0,"vis":10,"dni":0,"temp":12.2,"slp":1021,"clouds":15,"ts":1655246700},{"precip_rate":0,"rh":76,"wind_spd":2.8,"timestamp_utc":"2022-06-14T23:00:00","snow_rate":0,"app_temp":11.9,"pres":1011.02057,"azimuth":353.31,"dewpt":7.8,"uv":0,"elev_angle":-14.19,"wind_dir":86,"weather":{"icon":"c02n","code":801,"description":"Few clouds"},"ghi":0,"dhi":0,"timestamp_local":"2022-06-15T01:00:00","solar_rad":0,"vis":10,"dni":0,"temp":11.9,"slp":1021,"clouds":20,"ts":1655247600},{"precip_rate":0,"rh":76,"wind_spd":2.8,"timestamp_utc":"2022-06-14T23:15:00","snow_rate":0,"app_temp":11.8,"pres":1011.01733,"azimuth":266.86,"dewpt":7.7,"uv":0,"elev_angle":-14.17,"wind_dir":84,"weather":{"icon":"c02n","code":802,"description":"Scattered clouds"},"ghi":0,"dhi":0,"timestamp_local":"2022-06-15T01:15:00","solar_rad":0,"vis":10,"dni":0,"temp":11.8,"slp":1021,"clouds":26,"ts":1655248500},{"precip_rate":0,"rh":77,"wind_spd":2.8,"timestamp_utc":"2022-06-14T23:30:00","snow_rate":0,"app_temp":11.7,"pres":1011.0141,"azimuth":180.41,"dewpt":7.8,"uv":0,"elev_angle":-14.16,"wind_dir":81,"weather":{"icon":"c02n","code":802,"description":"Scattered clouds"},"ghi":0,"dhi":0,"timestamp_local":"2022-06-15T01:30:00","solar_rad":0,"vis":10,"dni":0,"temp":11.7,"slp":1021,"clouds":31,"ts":1655249400},{"precip_rate":0,"rh":78,"wind_spd":2.8,"timestamp_utc":"2022-06-14T23:45:00","snow_rate":0,"app_temp":11.6,"pres":1011.01086,"azimuth":93.96,"dewpt":7.9,"uv":0,"elev_angle":-14.14,"wind_dir":78,"weather":{"icon":"c02n","code":802,"description":"Scattered clouds"},"ghi":0,"dhi":0,"timestamp_local":"2022-06-15T01:45:00","solar_rad":0,"vis":10,"dni":0,"temp":11.6,"slp":1021,"clouds":36,"ts":1655250300}],"sources":["103150-99999","imerg","merra2","era5","modis"],"city_id":"2856883"}
