{"timezone":"Europe\/Berlin","state_code":"06","country_code":"DE","lat":52.2833,"lon":8,"city_name":"Osnabr�ck","station_id":"103150-99999","data":[{"precip_rate":0,"rh":76,"wind_spd":4,"timestamp_utc":"2022-07-10T00:00:00","snow_rate":0,"app_temp":13,"pres":1016.0104,"azimuth":6.44,"dewpt":8.9,"uv":0,"elev_angle":-15.32,"wind_dir":304,"weather":{"icon":"c04n","code":804,"description":"Overcast clouds"},"ghi":0,"dhi":0,"timestamp_local":"2022-07-10T02:00:00","solar_rad":0,"vis":10,"dni":0,"temp":13,"slp":1026,"clouds":72,"ts":1657411200},{"precip_rate":0,"rh":77,"wind_spd":4,"timestamp_utc":"2022-07-10T00:15:00","snow_rate":0,"app_temp":12.9,"pres":1015.7596,"azimuth":9.98,"dewpt":9,"uv":0,"elev_angle":-14.79,"wind_dir":304,"weather":{"icon":"c03n","code":803,"description":"Broken clouds"},"ghi":0,"dhi":0,"timestamp_local":"2022-07-10T02:15:00","solar_rad":0,"vis":10,"dni":0,"temp":12.9,"slp":1025.75,"clouds":68,"ts":1657412100},{"precip_rate":0,"rh":78,"wind_spd":4,"timestamp_utc":"2022-07-10T00:30:00","snow_rate":0,"app_temp":12.8,"pres":1015.5088,"azimuth":13.52,"dewpt":9.1,"uv":0,"elev_angle":-14.25,"wind_dir":304,"weather":{"icon":"c03n","code":803,"description":"Broken clouds"},"ghi":0,"dhi":0,"timestamp_local":"2022-07-10T02:30:00","solar_rad":0,"vis":10,"dni":0,"temp":12.8,"slp":1025.5,"clouds":64,"ts":1657413000},{"precip_rate":0,"rh":79,"wind_spd":4,"timestamp_utc":"2022-07-10T00:45:00","snow_rate":0,"app_temp":12.7,"pres":1015.25806,"azimuth":17.05,"dewpt":9.2,"uv":0,"elev_angle":-13.72,"wind_dir":304,"weather":{"icon":"c03n","code":803,"description":"Broken clouds"},"ghi":0,"dhi":0,"timestamp_local":"2022-07-10T02:45:00","solar_rad":0,"vis":10,"dni":0,"temp":12.7,"slp":1025.25,"clouds":60,"ts":1657413900},{"precip_rate":0,"rh":80,"wind_spd":4,"timestamp_utc":"2022-07-10T01:00:00","snow_rate":0,"app_temp":12.6,"pres":1015.00726,"azimuth":20.59,"dewpt":9.2,"uv":0,"elev_angle":-13.18,"wind_dir":304,"weather":{"icon":"c03n","code":803,"description":"Broken clouds"},"ghi":0,"dhi":0,"timestamp_local":"2022-07-10T03:00:00","solar_rad":0,"vis":10,"dni":0,"temp":12.6,"slp":1025,"clouds":56,"ts":1657414800},{"precip_rate":0,"rh":80,"wind_spd":3.9,"timestamp_utc":"2022-07-10T01:15:00","snow_rate":0,"app_temp":12.6,"pres":1015.00726,"azimuth":23.96,"dewpt":9.2,"uv":0,"elev_angle":-12.13,"wind_dir":304,"weather":{"icon":"c03n","code":803,"description":"Broken clouds"},"ghi":0,"dhi":0,"timestamp_local":"2022-07-10T03:15:00","solar_rad":0,"vis":10,"dni":0,"temp":12.6,"slp":1025,"clouds":54,"ts":1657415700},{"precip_rate":0,"rh":80,"wind_spd":3.8,"timestamp_utc":"2022-07-10T01:30:00","snow_rate":0,"app_temp":12.6,"pres":1015.00726,"azimuth":27.34,"dewpt":9.2,"uv":0,"elev_angle":-11.08,"wind_dir":303,"weather":{"icon":"c03n","code":803,"description":"Broken clouds"},"ghi":0,"dhi":0,"timestamp_local":"2022-07-10T03:30:00","solar_rad":0,"vis":10,"dni":0,"temp":12.6,"slp":1025,"clouds":53,"ts":1657416600},{"precip_rate":0,"rh":80,"wind_spd":3.7,"timestamp_utc":"2022-07-10T01:45:00","snow_rate":0,"app_temp":12.6,"pres":1015.00726,"azimuth":30.71,"dewpt":9.2,"uv":0,"elev_angle":-10.02,"wind_dir":302,"weather":{"icon":"c03n","code":803,"description":"Broken clouds"},"ghi":0,"dhi":0,"timestamp_local":"2022-07-10T03:45:00","solar_rad":0,"vis":10,"dni":0,"temp":12.6,"slp":1025,"clouds":52,"ts":1657417500},{"precip_rate":0,"rh":80,"wind_spd":3.6,"timestamp_utc":"2022-07-10T02:00:00","snow_rate":0,"app_temp":12.6,"pres":1015.00726,"azimuth":34.08,"dewpt":9.2,"uv":0,"elev_angle":-8.97,"wind_dir":302,"weather":{"icon":"c03n","code":803,"description":"Broken clouds"},"ghi":0,"dhi":0,"timestamp_local":"2022-07-10T04:00:00","solar_rad":0,"vis":10,"dni":0,"temp":12.6,"slp":1025,"clouds":50,"ts":1657418400},{"precip_rate":0,"rh":80,"wind_spd":3.6,"timestamp_utc":"2022-07-10T02:15:00","snow_rate":0,"app_temp":12.5,"pres":1015.004,"azimuth":37.24,"dewpt":9.1,"uv":0,"elev_angle":-7.49,"wind_dir":302,"weather":{"icon":"c03n","code":803,"description":"Broken clouds"},"ghi":0,"dhi":0,"timestamp_local":"2022-07-10T04:15:00","solar_rad":0,"vis":10,"dni":0,"temp":12.5,"slp":1025,"clouds":57,"ts":1657419300},{"precip_rate":0,"rh":81,"wind_spd":3.6,"timestamp_utc":"2022-07-10T02:30:00","snow_rate":0,"app_temp":12.4,"pres":1015.00085,"azimuth":40.39,"dewpt":9.2,"uv":0,"elev_angle":-6,"wind_dir":301,"weather":{"icon":"c03n","code":803,"description":"Broken clouds"},"ghi":0,"dhi":0,"timestamp_local":"2022-07-10T04:30:00","solar_rad":0,"vis":10,"dni":0,"temp":12.4,"slp":1025,"clouds":64,"ts":1657420200},{"precip_rate":0,"rh":82,"wind_spd":3.6,"timestamp_utc":"2022-07-10T02:45:00","snow_rate":0,"app_temp":12.3,"pres":1014.9976,"azimuth":43.55,"dewpt":9.3,"uv":0,"elev_angle":-4.52,"wind_dir":300,"weather":{"icon":"c03n","code":803,"description":"Broken clouds"},"ghi":0,"dhi":0,"timestamp_local":"2022-07-10T04:45:00","solar_rad":0,"vis":10,"dni":0,"temp":12.3,"slp":1025,"clouds":70,"ts":1657421100},{"precip_rate":0,"rh":82,"wind_spd":3.6,"timestamp_utc":"2022-07-10T03:00:00","snow_rate":0,"app_temp":12.2,"pres":1014.9944,"azimuth":46.7,"dewpt":9.2,"uv":0,"elev_angle":-3.03,"wind_dir":300,"weather":{"icon":"c04n","code":804,"description":"Overcast clouds"},"ghi":0,"dhi":0,"timestamp_local":"2022-07-10T05:00:00","solar_rad":0,"vis":10,"dni":0,"temp":12.2,"slp":1025,"clouds":77,"ts":1657422000},{"precip_rate":0,"rh":82,"wind_spd":3.6,"timestamp_utc":"2022-07-10T03:15:00","snow_rate":0,"app_temp":12.2,"pres":1014.9944,"azimuth":49.66,"dewpt":9.2,"uv":0,"elev_angle":-1.21,"wind_dir":300,"weather":{"icon":"c04n","code":804,"description":"Overcast clouds"},"ghi":9.9,"dhi":7.55,"timestamp_local":"2022-07-10T05:15:00","solar_rad":13.452304,"vis":10,"dni":62.46,"temp":12.2,"slp":1025,"clouds":79,"ts":1657422900},{"precip_rate":0,"rh":82,"wind_spd":3.6,"timestamp_utc":"2022-07-10T03:30:00","snow_rate":0,"app_temp":12.2,"pres":1014.9944,"azimuth":52.61,"dewpt":9.2,"uv":0.8,"elev_angle":0.62,"wind_dir":299,"weather":{"icon":"c04n","code":804,"description":"Overcast clouds"},"ghi":19.9,"dhi":15.1,"timestamp_local":"2022-07-10T05:30:00","solar_rad":26.613098,"vis":10,"dni":124.92,"temp":12.2,"slp":1025,"clouds":80,"ts":1657423800},{"precip_rate":0,"rh":82,"wind_spd":3.6,"timestamp_utc":"2022-07-10T03:45:00","snow_rate":0,"app_temp":12.2,"pres":1014.9944,"azimuth":55.57,"dewpt":9.2,"uv":0.8,"elev_angle":2.44,"wind_dir":298,"weather":{"icon":"c04n","code":804,"description":"Overcast clouds"},"ghi":29.8,"dhi":22.65,"timestamp_local":"2022-07-10T05:45:00","solar_rad":38.790783,"vis":10,"dni":187.37,"temp":12.2,"slp":1025,"clouds":82,"ts":1657424700},{"precip_rate":0,"rh":82,"wind_spd":3.6,"timestamp_utc":"2022-07-10T04:00:00","snow_rate":0,"app_temp":12.2,"pres":1014.9944,"azimuth":58.52,"dewpt":9.2,"uv":0.7,"elev_angle":4.26,"wind_dir":298,"weather":{"icon":"c04n","code":804,"description":"Overcast clouds"},"ghi":39.7,"dhi":30.2,"timestamp_local":"2022-07-10T06:00:00","solar_rad":50.149296,"vis":10,"dni":249.83,"temp":12.2,"slp":1025,"clouds":84,"ts":1657425600},{"precip_rate":0,"rh":82,"wind_spd":3.6,"timestamp_utc":"2022-07-10T04:15:00","snow_rate":0,"app_temp":12.4,"pres":1015.00085,"azimuth":61.35,"dewpt":9.4,"uv":0.8,"elev_angle":6.32,"wind_dir":296,"weather":{"icon":"c04d","code":804,"description":"Overcast clouds"},"ghi":70.7,"dhi":37.17,"timestamp_local":"2022-07-10T06:15:00","solar_rad":40.90332,"vis":10,"dni":317.93,"temp":12.4,"slp":1025,"clouds":80,"ts":1657426500},{"precip_rate":0,"rh":81,"wind_spd":3.6,"timestamp_utc":"2022-07-10T04:30:00","snow_rate":0,"app_temp":12.6,"pres":1015.00726,"azimuth":64.17,"dewpt":9.4,"uv":0.9,"elev_angle":8.39,"wind_dir":294,"weather":{"icon":"c04d","code":804,"description":"Overcast clouds"},"ghi":101.6,"dhi":44.14,"timestamp_local":"2022-07-10T06:30:00","solar_rad":65.63315,"vis":10,"dni":386.03,"temp":12.6,"slp":1025,"clouds":76,"ts":1657427400},{"precip_rate":0,"rh":80,"wind_spd":3.6,"timestamp_utc":"2022-07-10T04:45:00","snow_rate":0,"app_temp":12.8,"pres":1015.0137,"azimuth":67,"dewpt":9.4,"uv":0.9,"elev_angle":10.45,"wind_dir":292,"weather":{"icon":"c04d","code":804,"description":"Overcast clouds"},"ghi":132.6,"dhi":51.1,"timestamp_local":"2022-07-10T06:45:00","solar_rad":95.35531,"vis":10,"dni":454.13,"temp":12.8,"slp":1025,"clouds":71,"ts":1657428300},{"precip_rate":0,"rh":80,"wind_spd":3.6,"timestamp_utc":"2022-07-10T05:00:00","snow_rate":0,"app_temp":13,"pres":1015.02014,"azimuth":69.82,"dewpt":9.6,"uv":1,"elev_angle":12.51,"wind_dir":290,"weather":{"icon":"c03d","code":803,"description":"Broken clouds"},"ghi":163.5,"dhi":58.07,"timestamp_local":"2022-07-10T07:00:00","solar_rad":125.79364,"vis":10,"dni":522.23,"temp":13,"slp":1025,"clouds":67,"ts":1657429200},{"precip_rate":0,"rh":80,"wind_spd":3.8,"timestamp_utc":"2022-07-10T05:15:00","snow_rate":0,"app_temp":13.2,"pres":1015.02655,"azimuth":72.62,"dewpt":9.8,"uv":1.1,"elev_angle":14.73,"wind_dir":296,"weather":{"icon":"c03d","code":803,"description":"Broken clouds"},"ghi":201.3,"dhi":62.85,"timestamp_local":"2022-07-10T07:15:00","solar_rad":163.64314,"vis":10,"dni":558.96,"temp":13.2,"slp":1025,"clouds":63,"ts":1657430100},{"precip_rate":0,"rh":79,"wind_spd":4,"timestamp_utc":"2022-07-10T05:30:00","snow_rate":0,"app_temp":13.3,"pres":1015.03296,"azimuth":75.42,"dewpt":9.8,"uv":1.2,"elev_angle":16.95,"wind_dir":301,"weather":{"icon":"c03d","code":803,"description":"Broken clouds"},"ghi":239,"dhi":67.63,"timestamp_local":"2022-07-10T07:30:00","solar_rad":203.22849,"vis":10,"dni":595.68,"temp":13.3,"slp":1025,"clouds":59,"ts":1657431000},{"precip_rate":0,"rh":78,"wind_spd":4.2,"timestamp_utc":"2022-07-10T05:45:00","snow_rate":0,"app_temp":13.5,"pres":1015.03937,"azimuth":78.21,"dewpt":9.8,"uv":1.4,"elev_angle":19.16,"wind_dir":306,"weather":{"icon":"c03d","code":803,"description":"Broken clouds"},"ghi":276.8,"dhi":72.41,"timestamp_local":"2022-07-10T07:45:00","solar_rad":244.16815,"vis":10,"dni":632.41,"temp":13.5,"slp":1025,"clouds":55,"ts":1657431900},{"precip_rate":0,"rh":78,"wind_spd":4.4,"timestamp_utc":"2022-07-10T06:00:00","snow_rate":0,"app_temp":13.7,"pres":1015.0458,"azimuth":81.01,"dewpt":9.9,"uv":1.5,"elev_angle":21.38,"wind_dir":312,"weather":{"icon":"c03d","code":803,"description":"Broken clouds"},"ghi":314.6,"dhi":77.19,"timestamp_local":"2022-07-10T08:00:00","solar_rad":285.9094,"vis":10,"dni":669.13,"temp":13.7,"slp":1025,"clouds":51,"ts":1657432800},{"precip_rate":0,"rh":77,"wind_spd":4.7,"timestamp_utc":"2022-07-10T06:15:00","snow_rate":0,"app_temp":13.9,"pres":1015.0521,"azimuth":83.92,"dewpt":9.9,"uv":1.5,"elev_angle":23.67,"wind_dir":315,"weather":{"icon":"c03d","code":803,"description":"Broken clouds"},"ghi":353.8,"dhi":80.75,"timestamp_local":"2022-07-10T08:15:00","solar_rad":309.4555,"vis":10,"dni":692.02,"temp":13.9,"slp":1025,"clouds":56,"ts":1657433700},{"precip_rate":0,"rh":76,"wind_spd":5,"timestamp_utc":"2022-07-10T06:30:00","snow_rate":0,"app_temp":14,"pres":1015.0585,"azimuth":86.83,"dewpt":9.9,"uv":1.6,"elev_angle":25.95,"wind_dir":318,"weather":{"icon":"c03d","code":803,"description":"Broken clouds"},"ghi":393.1,"dhi":84.3,"timestamp_local":"2022-07-10T08:30:00","solar_rad":330.80405,"vis":10,"dni":714.9,"temp":14,"slp":1025,"clouds":60,"ts":1657434600},{"precip_rate":0,"rh":76,"wind_spd":5.3,"timestamp_utc":"2022-07-10T06:45:00","snow_rate":0,"app_temp":14.2,"pres":1015.0649,"azimuth":89.74,"dewpt":10.1,"uv":1.6,"elev_angle":28.24,"wind_dir":321,"weather":{"icon":"c03d","code":803,"description":"Broken clouds"},"ghi":432.3,"dhi":87.86,"timestamp_local":"2022-07-10T08:45:00","solar_rad":329.3728,"vis":10,"dni":737.79,"temp":14.2,"slp":1025,"clouds":65,"ts":1657435500},{"precip_rate":0,"rh":75,"wind_spd":5.6,"timestamp_utc":"2022-07-10T07:00:00","snow_rate":0,"app_temp":14.4,"pres":1015.0712,"azimuth":92.65,"dewpt":10,"uv":1.7,"elev_angle":30.52,"wind_dir":324,"weather":{"icon":"c03d","code":803,"description":"Broken clouds"},"ghi":471.6,"dhi":91.41,"timestamp_local":"2022-07-10T09:00:00","solar_rad":345.37375,"vis":10,"dni":760.67,"temp":14.4,"slp":1025,"clouds":70,"ts":1657436400},{"precip_rate":0,"rh":74,"wind_spd":5.5,"timestamp_utc":"2022-07-10T07:15:00","snow_rate":0,"app_temp":14.6,"pres":1015.0776,"azimuth":95.88,"dewpt":10,"uv":1.6,"elev_angle":32.78,"wind_dir":324,"weather":{"icon":"c04d","code":804,"description":"Overcast clouds"},"ghi":508.3,"dhi":94.07,"timestamp_local":"2022-07-10T09:15:00","solar_rad":311.74493,"vis":10,"dni":775.74,"temp":14.6,"slp":1025,"clouds":78,"ts":1657437300},{"precip_rate":0,"rh":73,"wind_spd":5.4,"timestamp_utc":"2022-07-10T07:30:00","snow_rate":0,"app_temp":14.8,"pres":1015.0839,"azimuth":99.11,"dewpt":10,"uv":1.6,"elev_angle":35.05,"wind_dir":323,"weather":{"icon":"c04d","code":804,"description":"Overcast clouds"},"ghi":545.1,"dhi":96.73,"timestamp_local":"2022-07-10T09:30:00","solar_rad":262.77908,"vis":10,"dni":790.81,"temp":14.8,"slp":1025,"clouds":85,"ts":1657438200},{"precip_rate":0,"rh":72,"wind_spd":5.3,"timestamp_utc":"2022-07-10T07:45:00","snow_rate":0,"app_temp":15,"pres":1015.0903,"azimuth":102.33,"dewpt":10,"uv":1.5,"elev_angle":37.31,"wind_dir":322,"weather":{"icon":"c04d","code":804,"description":"Overcast clouds"},"ghi":581.8,"dhi":99.39,"timestamp_local":"2022-07-10T09:45:00","solar_rad":187.4382,"vis":10,"dni":805.87,"temp":15,"slp":1025,"clouds":92,"ts":1657439100},{"precip_rate":0,"rh":71,"wind_spd":5.2,"timestamp_utc":"2022-07-10T08:00:00","snow_rate":0,"app_temp":15.2,"pres":1015.0966,"azimuth":105.56,"dewpt":10,"uv":1.4,"elev_angle":39.57,"wind_dir":322,"weather":{"icon":"c04d","code":804,"description":"Overcast clouds"},"ghi":618.6,"dhi":102.05,"timestamp_local":"2022-07-10T10:00:00","solar_rad":163.91,"vis":10,"dni":820.94,"temp":15.2,"slp":1025,"clouds":100,"ts":1657440000},{"precip_rate":0,"rh":71,"wind_spd":5.1,"timestamp_utc":"2022-07-10T08:15:00","snow_rate":0,"app_temp":15.3,"pres":1014.8522,"azimuth":109.4,"dewpt":10.1,"uv":1.5,"elev_angle":41.68,"wind_dir":320,"weather":{"icon":"c04d","code":804,"description":"Overcast clouds"},"ghi":649.5,"dhi":103.97,"timestamp_local":"2022-07-10T10:15:00","solar_rad":168.92,"vis":10,"dni":830.85,"temp":15.3,"slp":1024.75,"clouds":100,"ts":1657440900},{"precip_rate":0,"rh":71,"wind_spd":5,"timestamp_utc":"2022-07-10T08:30:00","snow_rate":0,"app_temp":15.4,"pres":1014.6078,"azimuth":113.24,"dewpt":10.2,"uv":1.7,"elev_angle":43.79,"wind_dir":319,"weather":{"icon":"c04d","code":804,"description":"Overcast clouds"},"ghi":680.4,"dhi":105.89,"timestamp_local":"2022-07-10T10:30:00","solar_rad":152.35132,"vis":10,"dni":840.76,"temp":15.4,"slp":1024.5,"clouds":100,"ts":1657441800},{"precip_rate":0,"rh":71,"wind_spd":4.9,"timestamp_utc":"2022-07-10T08:45:00","snow_rate":0,"app_temp":15.5,"pres":1014.36334,"azimuth":117.08,"dewpt":10.3,"uv":1.8,"elev_angle":45.89,"wind_dir":318,"weather":{"icon":"c04d","code":804,"description":"Overcast clouds"},"ghi":711.3,"dhi":107.8,"timestamp_local":"2022-07-10T10:45:00","solar_rad":156.26347,"vis":10,"dni":850.67,"temp":15.5,"slp":1024.25,"clouds":100,"ts":1657442700},{"precip_rate":0,"rh":71,"wind_spd":4.8,"timestamp_utc":"2022-07-10T09:00:00","snow_rate":0,"app_temp":15.6,"pres":1014.1189,"azimuth":120.92,"dewpt":10.4,"uv":1.9,"elev_angle":48,"wind_dir":316,"weather":{"icon":"c04d","code":804,"description":"Overcast clouds"},"ghi":742.3,"dhi":109.72,"timestamp_local":"2022-07-10T11:00:00","solar_rad":160.18008,"vis":10,"dni":860.58,"temp":15.6,"slp":1024,"clouds":100,"ts":1657443600},{"precip_rate":0,"rh":73,"wind_spd":4.7,"timestamp_utc":"2022-07-10T09:15:00","snow_rate":0,"app_temp":15.5,"pres":1014.36334,"azimuth":125.77,"dewpt":10.7,"uv":2,"elev_angle":49.74,"wind_dir":314,"weather":{"icon":"c04d","code":804,"description":"Overcast clouds"},"ghi":764.7,"dhi":110.97,"timestamp_local":"2022-07-10T11:15:00","solar_rad":162.43657,"vis":10,"dni":866.67,"temp":15.5,"slp":1024.25,"clouds":100,"ts":1657444500},{"precip_rate":0,"rh":75,"wind_spd":4.6,"timestamp_utc":"2022-07-10T09:30:00","snow_rate":0,"app_temp":15.4,"pres":1014.6078,"azimuth":130.63,"dewpt":11,"uv":2.1,"elev_angle":51.49,"wind_dir":311,"weather":{"icon":"c04d","code":804,"description":"Overcast clouds"},"ghi":787.1,"dhi":112.23,"timestamp_local":"2022-07-10T11:30:00","solar_rad":164.68001,"vis":10,"dni":872.77,"temp":15.4,"slp":1024.5,"clouds":100,"ts":1657445400},{"precip_rate":0,"rh":77,"wind_spd":4.5,"timestamp_utc":"2022-07-10T09:45:00","snow_rate":0,"app_temp":15.3,"pres":1014.8522,"azimuth":135.48,"dewpt":11.3,"uv":2.2,"elev_angle":53.23,"wind_dir":308,"weather":{"icon":"c04d","code":804,"description":"Overcast clouds"},"ghi":809.5,"dhi":113.48,"timestamp_local":"2022-07-10T11:45:00","solar_rad":166.89117,"vis":10,"dni":878.86,"temp":15.3,"slp":1024.75,"clouds":100,"ts":1657446300},{"precip_rate":0,"rh":79,"wind_spd":4.4,"timestamp_utc":"2022-07-10T10:00:00","snow_rate":0,"app_temp":15.2,"pres":1015.0966,"azimuth":140.33,"dewpt":11.6,"uv":2.3,"elev_angle":54.97,"wind_dir":306,"weather":{"icon":"c04d","code":804,"description":"Overcast clouds"},"ghi":831.9,"dhi":114.73,"timestamp_local":"2022-07-10T12:00:00","solar_rad":169.08052,"vis":9,"dni":884.95,"temp":15.2,"slp":1025,"clouds":100,"ts":1657447200},{"precip_rate":0,"rh":79,"wind_spd":4.5,"timestamp_utc":"2022-07-10T10:15:00","snow_rate":0,"app_temp":15.2,"pres":1015.0966,"azimuth":146.46,"dewpt":11.6,"uv":2.4,"elev_angle":56.03,"wind_dir":308,"weather":{"icon":"c04d","code":804,"description":"Overcast clouds"},"ghi":843.9,"dhi":115.36,"timestamp_local":"2022-07-10T12:15:00","solar_rad":170.50583,"vis":8,"dni":887.92,"temp":15.2,"slp":1025,"clouds":100,"ts":1657448100},{"precip_rate":0,"rh":80,"wind_spd":4.6,"timestamp_utc":"2022-07-10T10:30:00","snow_rate":0,"app_temp":15.2,"pres":1015.0966,"azimuth":152.59,"dewpt":11.8,"uv":2.5,"elev_angle":57.1,"wind_dir":309,"weather":{"icon":"c04d","code":804,"description":"Overcast clouds"},"ghi":856,"dhi":116,"timestamp_local":"2022-07-10T12:30:00","solar_rad":171.57239,"vis":6,"dni":890.89,"temp":15.2,"slp":1025,"clouds":100,"ts":1657449000},{"precip_rate":0,"rh":80,"wind_spd":4.7,"timestamp_utc":"2022-07-10T10:45:00","snow_rate":0,"app_temp":15.2,"pres":1015.0966,"azimuth":158.71,"dewpt":11.8,"uv":2.5,"elev_angle":58.16,"wind_dir":310,"weather":{"icon":"c04d","code":804,"description":"Overcast clouds"},"ghi":868,"dhi":116.63,"timestamp_local":"2022-07-10T12:45:00","solar_rad":172.99258,"vis":4,"dni":893.85,"temp":15.2,"slp":1025,"clouds":100,"ts":1657449900},{"precip_rate":0,"rh":80,"wind_spd":4.8,"timestamp_utc":"2022-07-10T11:00:00","snow_rate":0,"app_temp":15.2,"pres":1015.0966,"azimuth":164.84,"dewpt":11.8,"uv":2.6,"elev_angle":59.22,"wind_dir":312,"weather":{"icon":"c04d","code":804,"description":"Overcast clouds"},"ghi":880,"dhi":117.26,"timestamp_local":"2022-07-10T13:00:00","solar_rad":174.41278,"vis":7,"dni":896.82,"temp":15.2,"slp":1025,"clouds":100,"ts":1657450800},{"precip_rate":0,"rh":80,"wind_spd":4.8,"timestamp_utc":"2022-07-10T11:15:00","snow_rate":0,"app_temp":15.3,"pres":1014.8522,"azimuth":171.7,"dewpt":11.9,"uv":2.6,"elev_angle":59.28,"wind_dir":312,"weather":{"icon":"c04d","code":804,"description":"Overcast clouds"},"ghi":880.6,"dhi":117.29,"timestamp_local":"2022-07-10T13:15:00","solar_rad":174.29451,"vis":10,"dni":896.97,"temp":15.3,"slp":1024.75,"clouds":100,"ts":1657451700},{"precip_rate":0,"rh":80,"wind_spd":4.8,"timestamp_utc":"2022-07-10T11:30:00","snow_rate":0,"app_temp":15.4,"pres":1014.6078,"azimuth":178.55,"dewpt":12,"uv":2.6,"elev_angle":59.34,"wind_dir":312,"weather":{"icon":"c04d","code":804,"description":"Overcast clouds"},"ghi":881.2,"dhi":117.33,"timestamp_local":"2022-07-10T13:30:00","solar_rad":174.18478,"vis":10,"dni":897.12,"temp":15.4,"slp":1024.5,"clouds":100,"ts":1657452600},{"precip_rate":0,"rh":81,"wind_spd":4.8,"timestamp_utc":"2022-07-10T11:45:00","snow_rate":0,"app_temp":15.5,"pres":1014.36334,"azimuth":185.41,"dewpt":12.3,"uv":2.6,"elev_angle":59.39,"wind_dir":312,"weather":{"icon":"c04d","code":804,"description":"Overcast clouds"},"ghi":881.8,"dhi":117.36,"timestamp_local":"2022-07-10T13:45:00","solar_rad":173.67035,"vis":10,"dni":897.26,"temp":15.5,"slp":1024.25,"clouds":100,"ts":1657453500},{"precip_rate":0,"rh":81,"wind_spd":4.8,"timestamp_utc":"2022-07-10T12:00:00","snow_rate":0,"app_temp":15.6,"pres":1014.1189,"azimuth":192.26,"dewpt":12.4,"uv":2.6,"elev_angle":59.45,"wind_dir":312,"weather":{"icon":"c04d","code":804,"description":"Overcast clouds"},"ghi":882.4,"dhi":117.39,"timestamp_local":"2022-07-10T14:00:00","solar_rad":173.54538,"vis":10,"dni":897.41,"temp":15.6,"slp":1024,"clouds":100,"ts":1657454400},{"precip_rate":0,"rh":80,"wind_spd":4.7,"timestamp_utc":"2022-07-10T12:15:00","snow_rate":0,"app_temp":15.7,"pres":1014.1221,"azimuth":198.51,"dewpt":12.2,"uv":2.5,"elev_angle":58.48,"wind_dir":312,"weather":{"icon":"c04d","code":804,"description":"Overcast clouds"},"ghi":871.6,"dhi":116.82,"timestamp_local":"2022-07-10T14:15:00","solar_rad":172.52678,"vis":10,"dni":894.75,"temp":15.7,"slp":1024,"clouds":100,"ts":1657455300},{"precip_rate":0,"rh":79,"wind_spd":4.6,"timestamp_utc":"2022-07-10T12:30:00","snow_rate":0,"app_temp":15.8,"pres":1014.1252,"azimuth":204.77,"dewpt":12.1,"uv":2.5,"elev_angle":57.51,"wind_dir":313,"weather":{"icon":"c04d","code":804,"description":"Overcast clouds"},"ghi":860.7,"dhi":116.25,"timestamp_local":"2022-07-10T14:30:00","solar_rad":171.49852,"vis":10,"dni":892.09,"temp":15.8,"slp":1024,"clouds":100,"ts":1657456200},{"precip_rate":0,"rh":78,"wind_spd":4.5,"timestamp_utc":"2022-07-10T12:45:00","snow_rate":0,"app_temp":15.8,"pres":1014.1283,"azimuth":211.02,"dewpt":12,"uv":2.4,"elev_angle":56.54,"wind_dir":314,"weather":{"icon":"c04d","code":804,"description":"Overcast clouds"},"ghi":849.9,"dhi":115.68,"timestamp_local":"2022-07-10T14:45:00","solar_rad":170.47363,"vis":10,"dni":889.42,"temp":15.8,"slp":1024,"clouds":100,"ts":1657457100},{"precip_rate":0,"rh":77,"wind_spd":4.4,"timestamp_utc":"2022-07-10T13:00:00","snow_rate":0,"app_temp":15.9,"pres":1014.1315,"azimuth":217.27,"dewpt":11.9,"uv":2.4,"elev_angle":55.57,"wind_dir":314,"weather":{"icon":"c04d","code":804,"description":"Overcast clouds"},"ghi":839,"dhi":115.11,"timestamp_local":"2022-07-10T15:00:00","solar_rad":169.43886,"vis":9,"dni":886.76,"temp":15.9,"slp":1024,"clouds":100,"ts":1657458000},{"precip_rate":0,"rh":76,"wind_spd":4.4,"timestamp_utc":"2022-07-10T13:15:00","snow_rate":0,"app_temp":16,"pres":1014.13464,"azimuth":222.25,"dewpt":11.8,"uv":2.3,"elev_angle":53.88,"wind_dir":314,"weather":{"icon":"c04d","code":804,"description":"Overcast clouds"},"ghi":817.6,"dhi":113.93,"timestamp_local":"2022-07-10T15:15:00","solar_rad":167.05505,"vis":8,"dni":881.02,"temp":16,"slp":1024,"clouds":100,"ts":1657458900},{"precip_rate":0,"rh":76,"wind_spd":4.4,"timestamp_utc":"2022-07-10T13:30:00","snow_rate":0,"app_temp":16.1,"pres":1014.13776,"azimuth":227.23,"dewpt":11.9,"uv":2.2,"elev_angle":52.19,"wind_dir":314,"weather":{"icon":"c04d","code":804,"description":"Overcast clouds"},"ghi":796.2,"dhi":112.74,"timestamp_local":"2022-07-10T15:30:00","solar_rad":164.28516,"vis":9,"dni":875.28,"temp":16.1,"slp":1024,"clouds":100,"ts":1657459800},{"precip_rate":0,"rh":76,"wind_spd":4.4,"timestamp_utc":"2022-07-10T13:45:00","snow_rate":0,"app_temp":16.2,"pres":1014.14087,"azimuth":232.21,"dewpt":12,"uv":2.1,"elev_angle":50.5,"wind_dir":314,"weather":{"icon":"c04d","code":804,"description":"Overcast clouds"},"ghi":774.8,"dhi":111.56,"timestamp_local":"2022-07-10T15:45:00","solar_rad":161.53305,"vis":10,"dni":869.53,"temp":16.2,"slp":1024,"clouds":100,"ts":1657460700},{"precip_rate":0,"rh":75,"wind_spd":4.4,"timestamp_utc":"2022-07-10T14:00:00","snow_rate":0,"app_temp":16.3,"pres":1014.14404,"azimuth":237.19,"dewpt":11.9,"uv":2,"elev_angle":48.81,"wind_dir":314,"weather":{"icon":"c04d","code":804,"description":"Overcast clouds"},"ghi":753.4,"dhi":110.37,"timestamp_local":"2022-07-10T16:00:00","solar_rad":159.13339,"vis":10,"dni":863.79,"temp":16.3,"slp":1024,"clouds":100,"ts":1657461600},{"precip_rate":0,"rh":76,"wind_spd":4.3,"timestamp_utc":"2022-07-10T14:15:00","snow_rate":0,"app_temp":16.3,"pres":1014.14404,"azimuth":241.12,"dewpt":12.1,"uv":1.8,"elev_angle":46.73,"wind_dir":314,"weather":{"icon":"c04d","code":804,"description":"Overcast clouds"},"ghi":723.3,"dhi":108.53,"timestamp_local":"2022-07-10T16:15:00","solar_rad":154.9758,"vis":10,"dni":854.32,"temp":16.3,"slp":1024,"clouds":100,"ts":1657462500},{"precip_rate":0,"rh":77,"wind_spd":4.2,"timestamp_utc":"2022-07-10T14:30:00","snow_rate":0,"app_temp":16.3,"pres":1014.14404,"azimuth":245.05,"dewpt":12.3,"uv":1.7,"elev_angle":44.65,"wind_dir":313,"weather":{"icon":"c04d","code":804,"description":"Overcast clouds"},"ghi":693.1,"dhi":106.68,"timestamp_local":"2022-07-10T16:30:00","solar_rad":150.82932,"vis":10,"dni":844.86,"temp":16.3,"slp":1024,"clouds":100,"ts":1657463400},{"precip_rate":0,"rh":78,"wind_spd":4.1,"timestamp_utc":"2022-07-10T14:45:00","snow_rate":0,"app_temp":16.3,"pres":1014.14404,"azimuth":248.97,"dewpt":12.5,"uv":1.6,"elev_angle":42.57,"wind_dir":312,"weather":{"icon":"c04d","code":804,"description":"Overcast clouds"},"ghi":662.9,"dhi":104.84,"timestamp_local":"2022-07-10T16:45:00","solar_rad":146.72035,"vis":10,"dni":835.39,"temp":16.3,"slp":1024,"clouds":100,"ts":1657464300},{"precip_rate":0,"rh":79,"wind_spd":4,"timestamp_utc":"2022-07-10T15:00:00","snow_rate":0,"app_temp":16.3,"pres":1014.14404,"azimuth":252.9,"dewpt":12.7,"uv":1.5,"elev_angle":40.49,"wind_dir":312,"weather":{"icon":"c04d","code":804,"description":"Overcast clouds"},"ghi":632.8,"dhi":102.99,"timestamp_local":"2022-07-10T17:00:00","solar_rad":142.6356,"vis":10,"dni":825.92,"temp":16.3,"slp":1024,"clouds":100,"ts":1657465200},{"precip_rate":0,"rh":78,"wind_spd":3.9,"timestamp_utc":"2022-07-10T15:15:00","snow_rate":0,"app_temp":16.4,"pres":1014.14716,"azimuth":256.18,"dewpt":12.6,"uv":1.4,"elev_angle":38.24,"wind_dir":311,"weather":{"icon":"c04d","code":804,"description":"Overcast clouds"},"ghi":596.5,"dhi":100.41,"timestamp_local":"2022-07-10T17:15:00","solar_rad":137.89093,"vis":10,"dni":811.47,"temp":16.4,"slp":1024,"clouds":100,"ts":1657466100},{"precip_rate":0,"rh":77,"wind_spd":3.8,"timestamp_utc":"2022-07-10T15:30:00","snow_rate":0,"app_temp":16.5,"pres":1014.15027,"azimuth":259.45,"dewpt":12.5,"uv":1.2,"elev_angle":35.98,"wind_dir":310,"weather":{"icon":"c04d","code":804,"description":"Overcast clouds"},"ghi":560.2,"dhi":97.83,"timestamp_local":"2022-07-10T17:30:00","solar_rad":133.13121,"vis":10,"dni":797.02,"temp":16.5,"slp":1024,"clouds":100,"ts":1657467000},{"precip_rate":0,"rh":76,"wind_spd":3.7,"timestamp_utc":"2022-07-10T15:45:00","snow_rate":0,"app_temp":16.6,"pres":1014.15344,"azimuth":262.73,"dewpt":12.4,"uv":1.1,"elev_angle":33.73,"wind_dir":309,"weather":{"icon":"c04d","code":804,"description":"Overcast clouds"},"ghi":523.8,"dhi":95.25,"timestamp_local":"2022-07-10T17:45:00","solar_rad":128.34946,"vis":10,"dni":782.57,"temp":16.6,"slp":1024,"clouds":100,"ts":1657467900},{"precip_rate":0,"rh":75,"wind_spd":3.6,"timestamp_utc":"2022-07-10T16:00:00","snow_rate":0,"app_temp":16.7,"pres":1014.15656,"azimuth":266,"dewpt":12.3,"uv":1,"elev_angle":31.47,"wind_dir":308,"weather":{"icon":"c04d","code":804,"description":"Overcast clouds"},"ghi":487.5,"dhi":92.67,"timestamp_local":"2022-07-10T18:00:00","solar_rad":123.55824,"vis":10,"dni":768.12,"temp":16.7,"slp":1024,"clouds":100,"ts":1657468800},{"precip_rate":0,"rh":76,"wind_spd":3.5,"timestamp_utc":"2022-07-10T16:15:00","snow_rate":0,"app_temp":16.7,"pres":1014.15656,"azimuth":268.93,"dewpt":12.5,"uv":1,"elev_angle":29.18,"wind_dir":307,"weather":{"icon":"c04d","code":804,"description":"Overcast clouds"},"ghi":448.3,"dhi":89.22,"timestamp_local":"2022-07-10T18:15:00","solar_rad":117.35893,"vis":10,"dni":746.22,"temp":16.7,"slp":1024,"clouds":100,"ts":1657469700},{"precip_rate":0,"rh":76,"wind_spd":3.4,"timestamp_utc":"2022-07-10T16:30:00","snow_rate":0,"app_temp":16.7,"pres":1014.15656,"azimuth":271.87,"dewpt":12.5,"uv":0.9,"elev_angle":26.89,"wind_dir":306,"weather":{"icon":"c04d","code":804,"description":"Overcast clouds"},"ghi":409.1,"dhi":85.76,"timestamp_local":"2022-07-10T18:30:00","solar_rad":111.38789,"vis":10,"dni":724.31,"temp":16.7,"slp":1024,"clouds":100,"ts":1657470600},{"precip_rate":0,"rh":76,"wind_spd":3.3,"timestamp_utc":"2022-07-10T16:45:00","snow_rate":0,"app_temp":16.7,"pres":1014.15656,"azimuth":274.8,"dewpt":12.5,"uv":0.8,"elev_angle":24.6,"wind_dir":305,"weather":{"icon":"c04d","code":804,"description":"Overcast clouds"},"ghi":369.9,"dhi":82.31,"timestamp_local":"2022-07-10T18:45:00","solar_rad":105.42674,"vis":10,"dni":702.41,"temp":16.7,"slp":1024,"clouds":100,"ts":1657471500},{"precip_rate":0,"rh":77,"wind_spd":3.2,"timestamp_utc":"2022-07-10T17:00:00","snow_rate":0,"app_temp":16.7,"pres":1014.15656,"azimuth":277.73,"dewpt":12.7,"uv":0.7,"elev_angle":22.31,"wind_dir":304,"weather":{"icon":"c04d","code":804,"description":"Overcast clouds"},"ghi":330.7,"dhi":78.85,"timestamp_local":"2022-07-10T19:00:00","solar_rad":99.2917,"vis":10,"dni":680.5,"temp":16.7,"slp":1024,"clouds":100,"ts":1657472400},{"precip_rate":0,"rh":78,"wind_spd":3.1,"timestamp_utc":"2022-07-10T17:15:00","snow_rate":0,"app_temp":16.6,"pres":1013.9058,"azimuth":280.53,"dewpt":12.8,"uv":0.7,"elev_angle":20.08,"wind_dir":302,"weather":{"icon":"c04d","code":804,"description":"Overcast clouds"},"ghi":292.5,"dhi":74.21,"timestamp_local":"2022-07-10T19:15:00","solar_rad":92.16046,"vis":10,"dni":645.62,"temp":16.6,"slp":1023.75,"clouds":100,"ts":1657473300},{"precip_rate":0,"rh":78,"wind_spd":3,"timestamp_utc":"2022-07-10T17:30:00","snow_rate":0,"app_temp":16.5,"pres":1013.65515,"azimuth":283.33,"dewpt":12.7,"uv":0.7,"elev_angle":17.85,"wind_dir":301,"weather":{"icon":"c04d","code":804,"description":"Overcast clouds"},"ghi":254.4,"dhi":69.58,"timestamp_local":"2022-07-10T19:30:00","solar_rad":85.19208,"vis":10,"dni":610.73,"temp":16.5,"slp":1023.5,"clouds":100,"ts":1657474200},{"precip_rate":0,"rh":78,"wind_spd":2.9,"timestamp_utc":"2022-07-10T17:45:00","snow_rate":0,"app_temp":16.4,"pres":1013.4044,"azimuth":286.13,"dewpt":12.6,"uv":0.6,"elev_angle":15.61,"wind_dir":300,"weather":{"icon":"c04d","code":804,"description":"Overcast clouds"},"ghi":216.2,"dhi":64.94,"timestamp_local":"2022-07-10T19:45:00","solar_rad":78.19002,"vis":10,"dni":575.85,"temp":16.4,"slp":1023.25,"clouds":100,"ts":1657475100},{"precip_rate":0,"rh":79,"wind_spd":2.8,"timestamp_utc":"2022-07-10T18:00:00","snow_rate":0,"app_temp":16.3,"pres":1013.1537,"azimuth":288.93,"dewpt":12.7,"uv":0.6,"elev_angle":13.38,"wind_dir":298,"weather":{"icon":"c04d","code":804,"description":"Overcast clouds"},"ghi":178,"dhi":60.3,"timestamp_local":"2022-07-10T20:00:00","solar_rad":71.08192,"vis":10,"dni":540.96,"temp":16.3,"slp":1023,"clouds":100,"ts":1657476000},{"precip_rate":0,"rh":79,"wind_spd":2.7,"timestamp_utc":"2022-07-10T18:15:00","snow_rate":0,"app_temp":16.3,"pres":1013.1537,"azimuth":291.75,"dewpt":12.7,"uv":0.6,"elev_angle":11.3,"wind_dir":298,"weather":{"icon":"c04d","code":804,"description":"Overcast clouds"},"ghi":146,"dhi":53.63,"timestamp_local":"2022-07-10T20:15:00","solar_rad":62.424347,"vis":10,"dni":477.46,"temp":16.3,"slp":1023,"clouds":100,"ts":1657476900},{"precip_rate":0,"rh":79,"wind_spd":2.6,"timestamp_utc":"2022-07-10T18:30:00","snow_rate":0,"app_temp":16.3,"pres":1013.1537,"azimuth":294.56,"dewpt":12.7,"uv":0.6,"elev_angle":9.21,"wind_dir":298,"weather":{"icon":"c04d","code":804,"description":"Overcast clouds"},"ghi":113.9,"dhi":46.97,"timestamp_local":"2022-07-10T20:30:00","solar_rad":53.7702,"vis":10,"dni":413.95,"temp":16.3,"slp":1023,"clouds":100,"ts":1657477800},{"precip_rate":0,"rh":79,"wind_spd":2.5,"timestamp_utc":"2022-07-10T18:45:00","snow_rate":0,"app_temp":16.3,"pres":1013.1537,"azimuth":297.38,"dewpt":12.7,"uv":0.6,"elev_angle":7.13,"wind_dir":298,"weather":{"icon":"c04d","code":804,"description":"Overcast clouds"},"ghi":81.9,"dhi":40.3,"timestamp_local":"2022-07-10T20:45:00","solar_rad":45.11263,"vis":10,"dni":350.45,"temp":16.3,"slp":1023,"clouds":100,"ts":1657478700},{"precip_rate":0,"rh":79,"wind_spd":2.4,"timestamp_utc":"2022-07-10T19:00:00","snow_rate":0,"app_temp":16.3,"pres":1013.1537,"azimuth":300.19,"dewpt":12.7,"uv":0.5,"elev_angle":5.04,"wind_dir":298,"weather":{"icon":"c04n","code":804,"description":"Overcast clouds"},"ghi":49.8,"dhi":33.63,"timestamp_local":"2022-07-10T21:00:00","solar_rad":36.4486,"vis":10,"dni":286.94,"temp":16.3,"slp":1023,"clouds":100,"ts":1657479600},{"precip_rate":0,"rh":80,"wind_spd":2.4,"timestamp_utc":"2022-07-10T19:15:00","snow_rate":0,"app_temp":16.2,"pres":1013.1505,"azimuth":303.13,"dewpt":12.7,"uv":0.5,"elev_angle":3.19,"wind_dir":299,"weather":{"icon":"c04n","code":804,"description":"Overcast clouds"},"ghi":37.4,"dhi":25.22,"timestamp_local":"2022-07-10T21:15:00","solar_rad":27.326578,"vis":10,"dni":215.21,"temp":16.2,"slp":1023,"clouds":100,"ts":1657480500},{"precip_rate":0,"rh":81,"wind_spd":2.4,"timestamp_utc":"2022-07-10T19:30:00","snow_rate":0,"app_temp":16.1,"pres":1013.1474,"azimuth":306.07,"dewpt":12.8,"uv":0.5,"elev_angle":1.33,"wind_dir":300,"weather":{"icon":"c04n","code":804,"description":"Overcast clouds"},"ghi":24.9,"dhi":16.82,"timestamp_local":"2022-07-10T21:30:00","solar_rad":18.215206,"vis":10,"dni":143.47,"temp":16.1,"slp":1023,"clouds":100,"ts":1657481400},{"precip_rate":0,"rh":82,"wind_spd":2.4,"timestamp_utc":"2022-07-10T19:45:00","snow_rate":0,"app_temp":16,"pres":1013.1443,"azimuth":309.01,"dewpt":12.9,"uv":0,"elev_angle":-0.53,"wind_dir":301,"weather":{"icon":"c04n","code":804,"description":"Overcast clouds"},"ghi":12.5,"dhi":8.41,"timestamp_local":"2022-07-10T21:45:00","solar_rad":9.107384,"vis":10,"dni":71.74,"temp":16,"slp":1023,"clouds":100,"ts":1657482300},{"precip_rate":0,"rh":83,"wind_spd":2.4,"timestamp_utc":"2022-07-10T20:00:00","snow_rate":0,"app_temp":15.9,"pres":1013.1411,"azimuth":311.95,"dewpt":13,"uv":0,"elev_angle":-2.38,"wind_dir":302,"weather":{"icon":"c04n","code":804,"description":"Overcast clouds"},"ghi":0,"dhi":0,"timestamp_local":"2022-07-10T22:00:00","solar_rad":0,"vis":10,"dni":0,"temp":15.9,"slp":1023,"clouds":100,"ts":1657483200},{"precip_rate":0,"rh":84,"wind_spd":2.4,"timestamp_utc":"2022-07-10T20:15:00","snow_rate":0,"app_temp":15.8,"pres":1013.13794,"azimuth":315.08,"dewpt":13.1,"uv":0,"elev_angle":-3.91,"wind_dir":303,"weather":{"icon":"c04n","code":804,"description":"Overcast clouds"},"ghi":0,"dhi":0,"timestamp_local":"2022-07-10T22:15:00","solar_rad":0,"vis":10,"dni":0,"temp":15.8,"slp":1023,"clouds":100,"ts":1657484100},{"precip_rate":0,"rh":84,"wind_spd":2.4,"timestamp_utc":"2022-07-10T20:30:00","snow_rate":0,"app_temp":15.8,"pres":1013.1348,"azimuth":318.22,"dewpt":13.1,"uv":0,"elev_angle":-5.44,"wind_dir":304,"weather":{"icon":"c04n","code":804,"description":"Overcast clouds"},"ghi":0,"dhi":0,"timestamp_local":"2022-07-10T22:30:00","solar_rad":0,"vis":10,"dni":0,"temp":15.8,"slp":1023,"clouds":100,"ts":1657485000},{"precip_rate":0,"rh":84,"wind_spd":2.4,"timestamp_utc":"2022-07-10T20:45:00","snow_rate":0,"app_temp":15.7,"pres":1013.1317,"azimuth":321.35,"dewpt":13,"uv":0,"elev_angle":-6.97,"wind_dir":305,"weather":{"icon":"c04n","code":804,"description":"Overcast clouds"},"ghi":0,"dhi":0,"timestamp_local":"2022-07-10T22:45:00","solar_rad":0,"vis":10,"dni":0,"temp":15.7,"slp":1023,"clouds":100,"ts":1657485900},{"precip_rate":0,"rh":85,"wind_spd":2.4,"timestamp_utc":"2022-07-10T21:00:00","snow_rate":0,"app_temp":15.6,"pres":1013.12854,"azimuth":324.48,"dewpt":13.1,"uv":0,"elev_angle":-8.5,"wind_dir":306,"weather":{"icon":"c04n","code":804,"description":"Overcast clouds"},"ghi":0,"dhi":0,"timestamp_local":"2022-07-10T23:00:00","solar_rad":0,"vis":10,"dni":0,"temp":15.6,"slp":1023,"clouds":100,"ts":1657486800},{"precip_rate":0,"rh":86,"wind_spd":2.2,"timestamp_utc":"2022-07-10T21:15:00","snow_rate":0,"app_temp":15.5,"pres":1013.373,"azimuth":327.83,"dewpt":13.2,"uv":0,"elev_angle":-9.61,"wind_dir":300,"weather":{"icon":"c04n","code":804,"description":"Overcast clouds"},"ghi":0,"dhi":0,"timestamp_local":"2022-07-10T23:15:00","solar_rad":0,"vis":10,"dni":0,"temp":15.5,"slp":1023.25,"clouds":100,"ts":1657487700},{"precip_rate":0,"rh":86,"wind_spd":2,"timestamp_utc":"2022-07-10T21:30:00","snow_rate":0,"app_temp":15.4,"pres":1013.61743,"azimuth":331.19,"dewpt":13.1,"uv":0,"elev_angle":-10.72,"wind_dir":294,"weather":{"icon":"c04n","code":804,"description":"Overcast clouds"},"ghi":0,"dhi":0,"timestamp_local":"2022-07-10T23:30:00","solar_rad":0,"vis":10,"dni":0,"temp":15.4,"slp":1023.5,"clouds":100,"ts":1657488600},{"precip_rate":0,"rh":86,"wind_spd":1.8,"timestamp_utc":"2022-07-10T21:45:00","snow_rate":0,"app_temp":15.3,"pres":1013.8618,"azimuth":334.54,"dewpt":13,"uv":0,"elev_angle":-11.82,"wind_dir":288,"weather":{"icon":"c04n","code":804,"description":"Overcast clouds"},"ghi":0,"dhi":0,"timestamp_local":"2022-07-10T23:45:00","solar_rad":0,"vis":10,"dni":0,"temp":15.3,"slp":1023.75,"clouds":99,"ts":1657489500},{"precip_rate":0,"rh":87,"wind_spd":1.6,"timestamp_utc":"2022-07-10T22:00:00","snow_rate":0,"app_temp":15.2,"pres":1014.10626,"azimuth":337.89,"dewpt":13.1,"uv":0,"elev_angle":-12.93,"wind_dir":282,"weather":{"icon":"c04n","code":804,"description":"Overcast clouds"},"ghi":0,"dhi":0,"timestamp_local":"2022-07-11T00:00:00","solar_rad":0,"vis":10,"dni":0,"temp":15.2,"slp":1024,"clouds":99,"ts":1657490400},{"precip_rate":0,"rh":88,"wind_spd":1.6,"timestamp_utc":"2022-07-10T22:15:00","snow_rate":0,"app_temp":15.1,"pres":1014.1031,"azimuth":341.42,"dewpt":13.1,"uv":0,"elev_angle":-13.53,"wind_dir":281,"weather":{"icon":"c04n","code":804,"description":"Overcast clouds"},"ghi":0,"dhi":0,"timestamp_local":"2022-07-11T00:15:00","solar_rad":0,"vis":9,"dni":0,"temp":15.1,"slp":1024,"clouds":99,"ts":1657491300},{"precip_rate":0,"rh":88,"wind_spd":1.6,"timestamp_utc":"2022-07-10T22:30:00","snow_rate":0,"app_temp":15,"pres":1014.1,"azimuth":344.95,"dewpt":13,"uv":0,"elev_angle":-14.13,"wind_dir":280,"weather":{"icon":"c04n","code":804,"description":"Overcast clouds"},"ghi":0,"dhi":0,"timestamp_local":"2022-07-11T00:30:00","solar_rad":0,"vis":9,"dni":0,"temp":15,"slp":1024,"clouds":100,"ts":1657492200},{"precip_rate":0,"rh":88,"wind_spd":1.6,"timestamp_utc":"2022-07-10T22:45:00","snow_rate":0,"app_temp":14.9,"pres":1014.0968,"azimuth":348.47,"dewpt":12.9,"uv":0,"elev_angle":-14.72,"wind_dir":279,"weather":{"icon":"c04n","code":804,"description":"Overcast clouds"},"ghi":0,"dhi":0,"timestamp_local":"2022-07-11T00:45:00","solar_rad":0,"vis":9,"dni":0,"temp":14.9,"slp":1024,"clouds":100,"ts":1657493100},{"precip_rate":0,"rh":89,"wind_spd":1.6,"timestamp_utc":"2022-07-10T23:00:00","snow_rate":0,"app_temp":14.8,"pres":1014.0936,"azimuth":352,"dewpt":13,"uv":0,"elev_angle":-15.32,"wind_dir":278,"weather":{"icon":"c04n","code":804,"description":"Overcast clouds"},"ghi":0,"dhi":0,"timestamp_local":"2022-07-11T01:00:00","solar_rad":0,"vis":7,"dni":0,"temp":14.8,"slp":1024,"clouds":100,"ts":1657494000},{"precip_rate":0,"rh":90,"wind_spd":1.6,"timestamp_utc":"2022-07-10T23:15:00","snow_rate":0,"app_temp":14.7,"pres":1013.8429,"azimuth":265.61,"dewpt":13.1,"uv":0,"elev_angle":-15.35,"wind_dir":280,"weather":{"icon":"c04n","code":804,"description":"Overcast clouds"},"ghi":0,"dhi":0,"timestamp_local":"2022-07-11T01:15:00","solar_rad":0,"vis":5,"dni":0,"temp":14.7,"slp":1023.75,"clouds":100,"ts":1657494900},{"precip_rate":0,"rh":90,"wind_spd":1.6,"timestamp_utc":"2022-07-10T23:30:00","snow_rate":0,"app_temp":14.6,"pres":1013.59216,"azimuth":179.21,"dewpt":13,"uv":0,"elev_angle":-15.39,"wind_dir":283,"weather":{"icon":"c04n","code":804,"description":"Overcast clouds"},"ghi":0,"dhi":0,"timestamp_local":"2022-07-11T01:30:00","solar_rad":0,"vis":8,"dni":0,"temp":14.6,"slp":1023.5,"clouds":100,"ts":1657495800},{"precip_rate":0,"rh":90,"wind_spd":1.6,"timestamp_utc":"2022-07-10T23:45:00","snow_rate":0,"app_temp":14.5,"pres":1013.3414,"azimuth":92.82,"dewpt":12.9,"uv":0,"elev_angle":-15.42,"wind_dir":286,"weather":{"icon":"c04n","code":804,"description":"Overcast clouds"},"ghi":0,"dhi":0,"timestamp_local":"2022-07-11T01:45:00","solar_rad":0,"vis":10,"dni":0,"temp":14.5,"slp":1023.25,"clouds":100,"ts":1657496700}],"sources":["103150-99999","imerg","merra2","era5","modis"],"city_id":"2856883"}
