{"timezone":"Europe\/Berlin","state_code":"06","country_code":"DE","lat":52.2833,"lon":8,"city_name":"Osnabr�ck","station_id":"103150-99999","data":[{"precip_rate":0,"rh":93,"wind_spd":1.6,"timestamp_utc":"2022-07-09T00:00:00","snow_rate":0,"app_temp":15.2,"pres":1018.0676,"azimuth":6.46,"dewpt":14.1,"uv":0,"elev_angle":-15.19,"wind_dir":298,"weather":{"icon":"c04n","code":804,"description":"Overcast clouds"},"ghi":0,"dhi":0,"timestamp_local":"2022-07-09T02:00:00","solar_rad":0,"vis":10,"dni":0,"temp":15.2,"slp":1028,"clouds":96,"ts":1657324800},{"precip_rate":0,"rh":93,"wind_spd":1.7,"timestamp_utc":"2022-07-09T00:15:00","snow_rate":0,"app_temp":15.1,"pres":1018.06445,"azimuth":10,"dewpt":14,"uv":0,"elev_angle":-14.66,"wind_dir":296,"weather":{"icon":"c04n","code":804,"description":"Overcast clouds"},"ghi":0,"dhi":0,"timestamp_local":"2022-07-09T02:15:00","solar_rad":0,"vis":10,"dni":0,"temp":15.1,"slp":1028,"clouds":94,"ts":1657325700},{"precip_rate":0,"rh":93,"wind_spd":1.8,"timestamp_utc":"2022-07-09T00:30:00","snow_rate":0,"app_temp":15,"pres":1018.0613,"azimuth":13.53,"dewpt":13.9,"uv":0,"elev_angle":-14.12,"wind_dir":295,"weather":{"icon":"c04n","code":804,"description":"Overcast clouds"},"ghi":0,"dhi":0,"timestamp_local":"2022-07-09T02:30:00","solar_rad":0,"vis":10,"dni":0,"temp":15,"slp":1028,"clouds":91,"ts":1657326600},{"precip_rate":0,"rh":93,"wind_spd":1.9,"timestamp_utc":"2022-07-09T00:45:00","snow_rate":0,"app_temp":14.9,"pres":1018.0581,"azimuth":17.07,"dewpt":13.8,"uv":0,"elev_angle":-13.59,"wind_dir":294,"weather":{"icon":"c04n","code":804,"description":"Overcast clouds"},"ghi":0,"dhi":0,"timestamp_local":"2022-07-09T02:45:00","solar_rad":0,"vis":10,"dni":0,"temp":14.9,"slp":1028,"clouds":88,"ts":1657327500},{"precip_rate":0,"rh":93,"wind_spd":2,"timestamp_utc":"2022-07-09T01:00:00","snow_rate":0,"app_temp":14.8,"pres":1018.05493,"azimuth":20.6,"dewpt":13.7,"uv":0,"elev_angle":-13.05,"wind_dir":292,"weather":{"icon":"c04n","code":804,"description":"Overcast clouds"},"ghi":0,"dhi":0,"timestamp_local":"2022-07-09T03:00:00","solar_rad":0,"vis":10,"dni":0,"temp":14.8,"slp":1028,"clouds":86,"ts":1657328400},{"precip_rate":0,"rh":94,"wind_spd":2,"timestamp_utc":"2022-07-09T01:15:00","snow_rate":0,"app_temp":14.6,"pres":1017.80096,"azimuth":23.97,"dewpt":13.7,"uv":0,"elev_angle":-12,"wind_dir":291,"weather":{"icon":"c04n","code":804,"description":"Overcast clouds"},"ghi":0,"dhi":0,"timestamp_local":"2022-07-09T03:15:00","solar_rad":0,"vis":10,"dni":0,"temp":14.6,"slp":1027.75,"clouds":85,"ts":1657329300},{"precip_rate":0,"rh":96,"wind_spd":2,"timestamp_utc":"2022-07-09T01:30:00","snow_rate":0,"app_temp":14.5,"pres":1017.547,"azimuth":27.33,"dewpt":13.8,"uv":0,"elev_angle":-10.95,"wind_dir":290,"weather":{"icon":"c04n","code":804,"description":"Overcast clouds"},"ghi":0,"dhi":0,"timestamp_local":"2022-07-09T03:30:00","solar_rad":0,"vis":10,"dni":0,"temp":14.5,"slp":1027.5,"clouds":84,"ts":1657330200},{"precip_rate":0,"rh":97,"wind_spd":2,"timestamp_utc":"2022-07-09T01:45:00","snow_rate":0,"app_temp":14.3,"pres":1017.2931,"azimuth":30.7,"dewpt":13.8,"uv":0,"elev_angle":-9.89,"wind_dir":289,"weather":{"icon":"c04n","code":804,"description":"Overcast clouds"},"ghi":0,"dhi":0,"timestamp_local":"2022-07-09T03:45:00","solar_rad":0,"vis":10,"dni":0,"temp":14.3,"slp":1027.25,"clouds":84,"ts":1657331100},{"precip_rate":0,"rh":98,"wind_spd":2,"timestamp_utc":"2022-07-09T02:00:00","snow_rate":0,"app_temp":14.1,"pres":1017.0391,"azimuth":34.06,"dewpt":13.8,"uv":0,"elev_angle":-8.84,"wind_dir":288,"weather":{"icon":"c04n","code":804,"description":"Overcast clouds"},"ghi":0,"dhi":0,"timestamp_local":"2022-07-09T04:00:00","solar_rad":0,"vis":10,"dni":0,"temp":14.1,"slp":1027,"clouds":83,"ts":1657332000},{"precip_rate":0,"rh":98,"wind_spd":2,"timestamp_utc":"2022-07-09T02:15:00","snow_rate":0,"app_temp":14.1,"pres":1017.0391,"azimuth":37.21,"dewpt":13.8,"uv":0,"elev_angle":-7.36,"wind_dir":286,"weather":{"icon":"c04n","code":804,"description":"Overcast clouds"},"ghi":0,"dhi":0,"timestamp_local":"2022-07-09T04:15:00","solar_rad":0,"vis":10,"dni":0,"temp":14.1,"slp":1027,"clouds":85,"ts":1657332900},{"precip_rate":0,"rh":98,"wind_spd":2,"timestamp_utc":"2022-07-09T02:30:00","snow_rate":0,"app_temp":14.1,"pres":1017.0391,"azimuth":40.37,"dewpt":13.8,"uv":0,"elev_angle":-5.87,"wind_dir":285,"weather":{"icon":"c04n","code":804,"description":"Overcast clouds"},"ghi":0,"dhi":0,"timestamp_local":"2022-07-09T04:30:00","solar_rad":0,"vis":10,"dni":0,"temp":14.1,"slp":1027,"clouds":88,"ts":1657333800},{"precip_rate":0,"rh":98,"wind_spd":2,"timestamp_utc":"2022-07-09T02:45:00","snow_rate":0,"app_temp":14.1,"pres":1017.0391,"azimuth":43.52,"dewpt":13.8,"uv":0,"elev_angle":-4.39,"wind_dir":284,"weather":{"icon":"c04n","code":804,"description":"Overcast clouds"},"ghi":0,"dhi":0,"timestamp_local":"2022-07-09T04:45:00","solar_rad":0,"vis":10,"dni":0,"temp":14.1,"slp":1027,"clouds":90,"ts":1657334700},{"precip_rate":0,"rh":98,"wind_spd":2,"timestamp_utc":"2022-07-09T03:00:00","snow_rate":0,"app_temp":14.1,"pres":1017.0391,"azimuth":46.67,"dewpt":13.8,"uv":0,"elev_angle":-2.9,"wind_dir":282,"weather":{"icon":"c04n","code":804,"description":"Overcast clouds"},"ghi":0,"dhi":0,"timestamp_local":"2022-07-09T05:00:00","solar_rad":0,"vis":10,"dni":0,"temp":14.1,"slp":1027,"clouds":92,"ts":1657335600},{"precip_rate":0,"rh":98,"wind_spd":2.1,"timestamp_utc":"2022-07-09T03:15:00","snow_rate":0,"app_temp":14.2,"pres":1017.0423,"azimuth":49.62,"dewpt":13.9,"uv":0,"elev_angle":-1.08,"wind_dir":282,"weather":{"icon":"c04n","code":804,"description":"Overcast clouds"},"ghi":10.3,"dhi":7.69,"timestamp_local":"2022-07-09T05:15:00","solar_rad":10.511395,"vis":10,"dni":63.97,"temp":14.2,"slp":1027,"clouds":92,"ts":1657336500},{"precip_rate":0,"rh":98,"wind_spd":2.2,"timestamp_utc":"2022-07-09T03:30:00","snow_rate":0,"app_temp":14.3,"pres":1017.04553,"azimuth":52.58,"dewpt":13.9,"uv":0.6,"elev_angle":0.74,"wind_dir":281,"weather":{"icon":"c04n","code":804,"description":"Overcast clouds"},"ghi":20.6,"dhi":15.38,"timestamp_local":"2022-07-09T05:30:00","solar_rad":21.018248,"vis":10,"dni":127.93,"temp":14.3,"slp":1027,"clouds":92,"ts":1657337400},{"precip_rate":0,"rh":98,"wind_spd":2.3,"timestamp_utc":"2022-07-09T03:45:00","snow_rate":0,"app_temp":14.3,"pres":1017.0487,"azimuth":55.53,"dewpt":14,"uv":0.7,"elev_angle":2.56,"wind_dir":280,"weather":{"icon":"c04n","code":804,"description":"Overcast clouds"},"ghi":31,"dhi":23.06,"timestamp_local":"2022-07-09T05:45:00","solar_rad":32.305458,"vis":10,"dni":191.9,"temp":14.3,"slp":1027,"clouds":91,"ts":1657338300},{"precip_rate":0,"rh":98,"wind_spd":2.4,"timestamp_utc":"2022-07-09T04:00:00","snow_rate":0,"app_temp":14.4,"pres":1017.0519,"azimuth":58.48,"dewpt":14.1,"uv":0.7,"elev_angle":4.38,"wind_dir":280,"weather":{"icon":"c04n","code":804,"description":"Overcast clouds"},"ghi":41.3,"dhi":30.75,"timestamp_local":"2022-07-09T06:00:00","solar_rad":43.05779,"vis":10,"dni":255.86,"temp":14.4,"slp":1027,"clouds":91,"ts":1657339200},{"precip_rate":0,"rh":97,"wind_spd":2.6,"timestamp_utc":"2022-07-09T04:15:00","snow_rate":0,"app_temp":14.6,"pres":1017.0582,"azimuth":61.3,"dewpt":14.1,"uv":0.7,"elev_angle":6.44,"wind_dir":283,"weather":{"icon":"c04d","code":804,"description":"Overcast clouds"},"ghi":72.3,"dhi":37.66,"timestamp_local":"2022-07-09T06:15:00","solar_rad":59.41089,"vis":10,"dni":323.1,"temp":14.6,"slp":1027,"clouds":91,"ts":1657340100},{"precip_rate":0,"rh":96,"wind_spd":2.8,"timestamp_utc":"2022-07-09T04:30:00","snow_rate":0,"app_temp":14.8,"pres":1017.0646,"azimuth":64.13,"dewpt":14.2,"uv":0.7,"elev_angle":8.51,"wind_dir":286,"weather":{"icon":"c04d","code":804,"description":"Overcast clouds"},"ghi":103.4,"dhi":44.57,"timestamp_local":"2022-07-09T06:30:00","solar_rad":73.23371,"vis":10,"dni":390.34,"temp":14.8,"slp":1027,"clouds":92,"ts":1657341000},{"precip_rate":0,"rh":96,"wind_spd":3,"timestamp_utc":"2022-07-09T04:45:00","snow_rate":0,"app_temp":15,"pres":1017.0709,"azimuth":66.95,"dewpt":14.4,"uv":0.7,"elev_angle":10.57,"wind_dir":289,"weather":{"icon":"c04d","code":804,"description":"Overcast clouds"},"ghi":134.4,"dhi":51.47,"timestamp_local":"2022-07-09T06:45:00","solar_rad":88.73918,"vis":10,"dni":457.58,"temp":15,"slp":1027,"clouds":92,"ts":1657341900},{"precip_rate":0,"rh":95,"wind_spd":3.2,"timestamp_utc":"2022-07-09T05:00:00","snow_rate":0,"app_temp":15.2,"pres":1017.0773,"azimuth":69.77,"dewpt":14.4,"uv":0.7,"elev_angle":12.63,"wind_dir":292,"weather":{"icon":"c04d","code":804,"description":"Overcast clouds"},"ghi":165.5,"dhi":58.38,"timestamp_local":"2022-07-09T07:00:00","solar_rad":104.32729,"vis":10,"dni":524.82,"temp":15.2,"slp":1027,"clouds":92,"ts":1657342800},{"precip_rate":0,"rh":94,"wind_spd":3.2,"timestamp_utc":"2022-07-09T05:15:00","snow_rate":0,"app_temp":15.5,"pres":1017.08673,"azimuth":72.56,"dewpt":14.5,"uv":0.7,"elev_angle":14.85,"wind_dir":292,"weather":{"icon":"c04d","code":804,"description":"Overcast clouds"},"ghi":203.2,"dhi":63.14,"timestamp_local":"2022-07-09T07:15:00","solar_rad":109.16393,"vis":10,"dni":561.25,"temp":15.5,"slp":1027,"clouds":94,"ts":1657343700},{"precip_rate":0,"rh":92,"wind_spd":3.2,"timestamp_utc":"2022-07-09T05:30:00","snow_rate":0,"app_temp":15.8,"pres":1017.0962,"azimuth":75.36,"dewpt":14.5,"uv":0.7,"elev_angle":17.06,"wind_dir":293,"weather":{"icon":"c04d","code":804,"description":"Overcast clouds"},"ghi":241,"dhi":67.89,"timestamp_local":"2022-07-09T07:30:00","solar_rad":116.18159,"vis":10,"dni":597.69,"temp":15.8,"slp":1027,"clouds":95,"ts":1657344600},{"precip_rate":0,"rh":90,"wind_spd":3.2,"timestamp_utc":"2022-07-09T05:45:00","snow_rate":0,"app_temp":16,"pres":1017.1057,"azimuth":78.15,"dewpt":14.4,"uv":0.7,"elev_angle":19.28,"wind_dir":294,"weather":{"icon":"c04d","code":804,"description":"Overcast clouds"},"ghi":278.8,"dhi":72.65,"timestamp_local":"2022-07-09T07:45:00","solar_rad":121.01966,"vis":10,"dni":634.12,"temp":16,"slp":1027,"clouds":96,"ts":1657345500},{"precip_rate":0,"rh":89,"wind_spd":3.2,"timestamp_utc":"2022-07-09T06:00:00","snow_rate":0,"app_temp":16.3,"pres":1017.1152,"azimuth":80.94,"dewpt":14.5,"uv":0.8,"elev_angle":21.49,"wind_dir":294,"weather":{"icon":"c04d","code":804,"description":"Overcast clouds"},"ghi":316.6,"dhi":77.4,"timestamp_local":"2022-07-09T08:00:00","solar_rad":114.30957,"vis":10,"dni":670.55,"temp":16.3,"slp":1027,"clouds":98,"ts":1657346400},{"precip_rate":0,"rh":88,"wind_spd":3,"timestamp_utc":"2022-07-09T06:15:00","snow_rate":0,"app_temp":16.5,"pres":1017.12146,"azimuth":83.85,"dewpt":14.5,"uv":0.8,"elev_angle":23.78,"wind_dir":290,"weather":{"icon":"c04d","code":804,"description":"Overcast clouds"},"ghi":355.8,"dhi":80.94,"timestamp_local":"2022-07-09T08:15:00","solar_rad":122.510925,"vis":10,"dni":693.3,"temp":16.5,"slp":1027,"clouds":98,"ts":1657347300},{"precip_rate":0,"rh":87,"wind_spd":2.8,"timestamp_utc":"2022-07-09T06:30:00","snow_rate":0,"app_temp":16.6,"pres":1017.1277,"azimuth":86.76,"dewpt":14.5,"uv":0.9,"elev_angle":26.07,"wind_dir":286,"weather":{"icon":"c04d","code":804,"description":"Overcast clouds"},"ghi":395,"dhi":84.49,"timestamp_local":"2022-07-09T08:30:00","solar_rad":130.72673,"vis":10,"dni":716.06,"temp":16.6,"slp":1027,"clouds":98,"ts":1657348200},{"precip_rate":0,"rh":86,"wind_spd":2.6,"timestamp_utc":"2022-07-09T06:45:00","snow_rate":0,"app_temp":16.8,"pres":1017.134,"azimuth":89.67,"dewpt":14.5,"uv":1,"elev_angle":28.35,"wind_dir":282,"weather":{"icon":"c04d","code":804,"description":"Overcast clouds"},"ghi":434.3,"dhi":88.03,"timestamp_local":"2022-07-09T08:45:00","solar_rad":151.45625,"vis":10,"dni":738.81,"temp":16.8,"slp":1027,"clouds":97,"ts":1657349100},{"precip_rate":0,"rh":85,"wind_spd":2.4,"timestamp_utc":"2022-07-09T07:00:00","snow_rate":0,"app_temp":17,"pres":1017.14026,"azimuth":92.58,"dewpt":14.5,"uv":1.1,"elev_angle":30.64,"wind_dir":278,"weather":{"icon":"c04d","code":804,"description":"Overcast clouds"},"ghi":473.5,"dhi":91.57,"timestamp_local":"2022-07-09T09:00:00","solar_rad":160.8023,"vis":10,"dni":761.56,"temp":17,"slp":1027,"clouds":97,"ts":1657350000},{"precip_rate":0.125,"rh":83,"wind_spd":2.6,"timestamp_utc":"2022-07-09T07:15:00","snow_rate":0,"app_temp":17.3,"pres":1016.902,"azimuth":95.81,"dewpt":14.4,"uv":1.2,"elev_angle":32.9,"wind_dir":278,"weather":{"icon":"c04d","code":804,"description":"Overcast clouds"},"ghi":510.2,"dhi":94.22,"timestamp_local":"2022-07-09T09:15:00","solar_rad":154.3404,"vis":10,"dni":776.56,"temp":17.3,"slp":1026.75,"clouds":98,"ts":1657350900},{"precip_rate":0.25,"rh":81,"wind_spd":2.8,"timestamp_utc":"2022-07-09T07:30:00","snow_rate":0,"app_temp":17.6,"pres":1016.6637,"azimuth":99.03,"dewpt":14.3,"uv":1.3,"elev_angle":35.17,"wind_dir":278,"weather":{"icon":"c04d","code":804,"description":"Overcast clouds"},"ghi":546.9,"dhi":96.87,"timestamp_local":"2022-07-09T09:30:00","solar_rad":161.54747,"vis":10,"dni":791.55,"temp":17.6,"slp":1026.5,"clouds":98,"ts":1657351800},{"precip_rate":0.375,"rh":79,"wind_spd":3,"timestamp_utc":"2022-07-09T07:45:00","snow_rate":0,"app_temp":17.8,"pres":1016.4255,"azimuth":102.26,"dewpt":14.1,"uv":1.4,"elev_angle":37.43,"wind_dir":278,"weather":{"icon":"c04d","code":804,"description":"Overcast clouds"},"ghi":583.7,"dhi":99.52,"timestamp_local":"2022-07-09T09:45:00","solar_rad":168.8033,"vis":10,"dni":806.55,"temp":17.8,"slp":1026.25,"clouds":98,"ts":1657352700},{"precip_rate":0.5,"rh":77,"wind_spd":3.2,"timestamp_utc":"2022-07-09T08:00:00","snow_rate":0,"app_temp":18.1,"pres":1016.1872,"azimuth":105.48,"dewpt":14,"uv":1.5,"elev_angle":39.69,"wind_dir":278,"weather":{"icon":"c04d","code":804,"description":"Overcast clouds"},"ghi":620.4,"dhi":102.17,"timestamp_local":"2022-07-09T10:00:00","solar_rad":157.77837,"vis":10,"dni":821.54,"temp":18.1,"slp":1026,"clouds":99,"ts":1657353600},{"precip_rate":0.375,"rh":75,"wind_spd":3.2,"timestamp_utc":"2022-07-09T08:15:00","snow_rate":0,"app_temp":18.3,"pres":1016.1965,"azimuth":109.32,"dewpt":13.9,"uv":1.6,"elev_angle":41.8,"wind_dir":278,"weather":{"icon":"c04d","code":804,"description":"Overcast clouds"},"ghi":651.3,"dhi":104.08,"timestamp_local":"2022-07-09T10:15:00","solar_rad":162.71701,"vis":10,"dni":831.41,"temp":18.4,"slp":1026,"clouds":99,"ts":1657354500},{"precip_rate":0.25,"rh":74,"wind_spd":3.2,"timestamp_utc":"2022-07-09T08:30:00","snow_rate":0,"app_temp":18.6,"pres":1016.20575,"azimuth":113.17,"dewpt":14,"uv":1.7,"elev_angle":43.91,"wind_dir":279,"weather":{"icon":"c04d","code":804,"description":"Overcast clouds"},"ghi":682.1,"dhi":105.99,"timestamp_local":"2022-07-09T10:30:00","solar_rad":146.68976,"vis":10,"dni":841.28,"temp":18.7,"slp":1026,"clouds":100,"ts":1657355400},{"precip_rate":0.125,"rh":72,"wind_spd":3.2,"timestamp_utc":"2022-07-09T08:45:00","snow_rate":0,"app_temp":18.8,"pres":1016.215,"azimuth":117.01,"dewpt":13.8,"uv":1.8,"elev_angle":46.01,"wind_dir":280,"weather":{"icon":"c04d","code":804,"description":"Overcast clouds"},"ghi":713,"dhi":107.9,"timestamp_local":"2022-07-09T10:45:00","solar_rad":150.74983,"vis":10,"dni":851.15,"temp":19,"slp":1026,"clouds":100,"ts":1657356300},{"precip_rate":0,"rh":70,"wind_spd":3.2,"timestamp_utc":"2022-07-09T09:00:00","snow_rate":0,"app_temp":19.1,"pres":1016.2243,"azimuth":120.85,"dewpt":13.7,"uv":1.9,"elev_angle":48.12,"wind_dir":280,"weather":{"icon":"c04d","code":804,"description":"Overcast clouds"},"ghi":743.9,"dhi":109.81,"timestamp_local":"2022-07-09T11:00:00","solar_rad":154.8533,"vis":10,"dni":861.02,"temp":19.3,"slp":1026,"clouds":100,"ts":1657357200},{"precip_rate":0,"rh":71,"wind_spd":3,"timestamp_utc":"2022-07-09T09:15:00","snow_rate":0,"app_temp":18.9,"pres":1016.21814,"azimuth":125.71,"dewpt":13.7,"uv":2,"elev_angle":49.87,"wind_dir":277,"weather":{"icon":"c04d","code":804,"description":"Overcast clouds"},"ghi":766.3,"dhi":111.06,"timestamp_local":"2022-07-09T11:15:00","solar_rad":157.41832,"vis":10,"dni":867.09,"temp":19.1,"slp":1026,"clouds":100,"ts":1657358100},{"precip_rate":0,"rh":72,"wind_spd":2.8,"timestamp_utc":"2022-07-09T09:30:00","snow_rate":0,"app_temp":18.7,"pres":1016.2119,"azimuth":130.57,"dewpt":13.7,"uv":2.1,"elev_angle":51.61,"wind_dir":274,"weather":{"icon":"c04d","code":804,"description":"Overcast clouds"},"ghi":788.7,"dhi":112.31,"timestamp_local":"2022-07-09T11:30:00","solar_rad":159.98586,"vis":10,"dni":873.16,"temp":18.9,"slp":1026,"clouds":100,"ts":1657359000},{"precip_rate":0,"rh":74,"wind_spd":2.6,"timestamp_utc":"2022-07-09T09:45:00","snow_rate":0,"app_temp":18.6,"pres":1016.20575,"azimuth":135.42,"dewpt":14,"uv":2.2,"elev_angle":53.36,"wind_dir":271,"weather":{"icon":"c04d","code":804,"description":"Overcast clouds"},"ghi":811,"dhi":113.56,"timestamp_local":"2022-07-09T11:45:00","solar_rad":162.11026,"vis":10,"dni":879.23,"temp":18.7,"slp":1026,"clouds":100,"ts":1657359900},{"precip_rate":0,"rh":75,"wind_spd":2.4,"timestamp_utc":"2022-07-09T10:00:00","snow_rate":0,"app_temp":18.4,"pres":1016.1996,"azimuth":140.28,"dewpt":14,"uv":2.3,"elev_angle":55.1,"wind_dir":268,"weather":{"icon":"c04d","code":804,"description":"Overcast clouds"},"ghi":833.4,"dhi":114.81,"timestamp_local":"2022-07-09T12:00:00","solar_rad":164.67761,"vis":10,"dni":885.3,"temp":18.5,"slp":1026,"clouds":100,"ts":1657360800},{"precip_rate":0,"rh":74,"wind_spd":2.4,"timestamp_utc":"2022-07-09T10:15:00","snow_rate":0,"app_temp":18.6,"pres":1016.20575,"azimuth":146.43,"dewpt":14,"uv":2.4,"elev_angle":56.16,"wind_dir":270,"weather":{"icon":"c04d","code":804,"description":"Overcast clouds"},"ghi":845.4,"dhi":115.44,"timestamp_local":"2022-07-09T12:15:00","solar_rad":191.6474,"vis":10,"dni":888.25,"temp":18.7,"slp":1026,"clouds":99,"ts":1657361700},{"precip_rate":0,"rh":74,"wind_spd":2.4,"timestamp_utc":"2022-07-09T10:30:00","snow_rate":0,"app_temp":18.8,"pres":1016.2119,"azimuth":152.57,"dewpt":14.2,"uv":2.6,"elev_angle":57.23,"wind_dir":273,"weather":{"icon":"c04d","code":804,"description":"Overcast clouds"},"ghi":857.4,"dhi":116.07,"timestamp_local":"2022-07-09T12:30:00","solar_rad":218.25987,"vis":10,"dni":891.21,"temp":18.9,"slp":1026,"clouds":98,"ts":1657362600},{"precip_rate":0,"rh":73,"wind_spd":2.4,"timestamp_utc":"2022-07-09T10:45:00","snow_rate":0,"app_temp":19,"pres":1016.21814,"azimuth":158.72,"dewpt":14.1,"uv":2.7,"elev_angle":58.29,"wind_dir":276,"weather":{"icon":"c04d","code":804,"description":"Overcast clouds"},"ghi":869.4,"dhi":116.7,"timestamp_local":"2022-07-09T12:45:00","solar_rad":154.65697,"vis":10,"dni":894.16,"temp":19.1,"slp":1026,"clouds":96,"ts":1657363500},{"precip_rate":0,"rh":72,"wind_spd":2.4,"timestamp_utc":"2022-07-09T11:00:00","snow_rate":0,"app_temp":19.2,"pres":1016.2243,"azimuth":164.86,"dewpt":14.1,"uv":2.9,"elev_angle":59.35,"wind_dir":278,"weather":{"icon":"c04d","code":804,"description":"Overcast clouds"},"ghi":881.3,"dhi":117.33,"timestamp_local":"2022-07-09T13:00:00","solar_rad":180.983,"vis":10,"dni":897.11,"temp":19.3,"slp":1026,"clouds":95,"ts":1657364400},{"precip_rate":0,"rh":71,"wind_spd":2.7,"timestamp_utc":"2022-07-09T11:15:00","snow_rate":0,"app_temp":19.4,"pres":1015.98584,"azimuth":171.74,"dewpt":14.2,"uv":3.1,"elev_angle":59.41,"wind_dir":280,"weather":{"icon":"c04d","code":804,"description":"Overcast clouds"},"ghi":881.9,"dhi":117.36,"timestamp_local":"2022-07-09T13:15:00","solar_rad":271.73615,"vis":10,"dni":897.25,"temp":19.6,"slp":1025.75,"clouds":91,"ts":1657365300},{"precip_rate":0,"rh":70,"wind_spd":3,"timestamp_utc":"2022-07-09T11:30:00","snow_rate":0,"app_temp":19.7,"pres":1015.74744,"azimuth":178.61,"dewpt":14.2,"uv":3.3,"elev_angle":59.46,"wind_dir":283,"weather":{"icon":"c04d","code":804,"description":"Overcast clouds"},"ghi":882.5,"dhi":117.39,"timestamp_local":"2022-07-09T13:30:00","solar_rad":333.93164,"vis":10,"dni":897.39,"temp":19.8,"slp":1025.5,"clouds":88,"ts":1657366200},{"precip_rate":0,"rh":68,"wind_spd":3.3,"timestamp_utc":"2022-07-09T11:45:00","snow_rate":0,"app_temp":20,"pres":1015.50903,"azimuth":185.49,"dewpt":14,"uv":3.5,"elev_angle":59.52,"wind_dir":286,"weather":{"icon":"c04d","code":804,"description":"Overcast clouds"},"ghi":883.1,"dhi":117.42,"timestamp_local":"2022-07-09T13:45:00","solar_rad":409.87488,"vis":10,"dni":897.52,"temp":20.1,"slp":1025.25,"clouds":84,"ts":1657367100},{"precip_rate":0,"rh":67,"wind_spd":3.6,"timestamp_utc":"2022-07-09T12:00:00","snow_rate":0,"app_temp":20.2,"pres":1015.27057,"azimuth":192.36,"dewpt":14.1,"uv":3.8,"elev_angle":59.57,"wind_dir":288,"weather":{"icon":"c04d","code":804,"description":"Overcast clouds"},"ghi":883.7,"dhi":117.45,"timestamp_local":"2022-07-09T14:00:00","solar_rad":477.30273,"vis":10,"dni":897.66,"temp":20.4,"slp":1025,"clouds":80,"ts":1657368000},{"precip_rate":0.125,"rh":66,"wind_spd":3.8,"timestamp_utc":"2022-07-09T12:15:00","snow_rate":0,"app_temp":20.4,"pres":1015.2767,"azimuth":198.62,"dewpt":14,"uv":4.1,"elev_angle":58.6,"wind_dir":292,"weather":{"icon":"c04d","code":804,"description":"Overcast clouds"},"ghi":872.8,"dhi":116.88,"timestamp_local":"2022-07-09T14:15:00","solar_rad":569.97833,"vis":10,"dni":895,"temp":20.6,"slp":1025,"clouds":73,"ts":1657368900},{"precip_rate":0.25,"rh":65,"wind_spd":4,"timestamp_utc":"2022-07-09T12:30:00","snow_rate":0,"app_temp":20.6,"pres":1015.2827,"azimuth":204.89,"dewpt":13.9,"uv":4.4,"elev_angle":57.62,"wind_dir":296,"weather":{"icon":"c03d","code":803,"description":"Broken clouds"},"ghi":861.9,"dhi":116.31,"timestamp_local":"2022-07-09T14:30:00","solar_rad":640.2271,"vis":10,"dni":892.34,"temp":20.8,"slp":1025,"clouds":66,"ts":1657369800},{"precip_rate":0.375,"rh":64,"wind_spd":4.2,"timestamp_utc":"2022-07-09T12:45:00","snow_rate":0,"app_temp":20.7,"pres":1015.2888,"azimuth":211.15,"dewpt":13.9,"uv":4.6,"elev_angle":56.65,"wind_dir":300,"weather":{"icon":"c03d","code":803,"description":"Broken clouds"},"ghi":851.1,"dhi":115.74,"timestamp_local":"2022-07-09T14:45:00","solar_rad":683.9904,"vis":10,"dni":889.68,"temp":20.9,"slp":1025,"clouds":60,"ts":1657370700},{"precip_rate":0.5,"rh":63,"wind_spd":4.4,"timestamp_utc":"2022-07-09T13:00:00","snow_rate":0,"app_temp":20.9,"pres":1015.2949,"azimuth":217.41,"dewpt":13.8,"uv":4.8,"elev_angle":55.67,"wind_dir":304,"weather":{"icon":"c03d","code":803,"description":"Broken clouds"},"ghi":840.2,"dhi":115.17,"timestamp_local":"2022-07-09T15:00:00","solar_rad":721.2204,"vis":10,"dni":887.02,"temp":21.1,"slp":1025,"clouds":53,"ts":1657371600},{"precip_rate":0.375,"rh":62,"wind_spd":4.6,"timestamp_utc":"2022-07-09T13:15:00","snow_rate":0,"app_temp":20.8,"pres":1015.04425,"azimuth":222.39,"dewpt":13.4,"uv":4.3,"elev_angle":53.98,"wind_dir":308,"weather":{"icon":"c03d","code":803,"description":"Broken clouds"},"ghi":818.8,"dhi":113.99,"timestamp_local":"2022-07-09T15:15:00","solar_rad":666.07446,"vis":10,"dni":881.29,"temp":21,"slp":1024.75,"clouds":59,"ts":1657372500},{"precip_rate":0.25,"rh":62,"wind_spd":4.8,"timestamp_utc":"2022-07-09T13:30:00","snow_rate":0,"app_temp":20.7,"pres":1014.7936,"azimuth":227.38,"dewpt":13.4,"uv":3.8,"elev_angle":52.29,"wind_dir":313,"weather":{"icon":"c03d","code":803,"description":"Broken clouds"},"ghi":797.4,"dhi":112.8,"timestamp_local":"2022-07-09T15:30:00","solar_rad":602.2966,"vis":10,"dni":875.55,"temp":20.9,"slp":1024.5,"clouds":65,"ts":1657373400},{"precip_rate":0.125,"rh":61,"wind_spd":5,"timestamp_utc":"2022-07-09T13:45:00","snow_rate":0,"app_temp":20.5,"pres":1014.5429,"azimuth":232.36,"dewpt":13,"uv":3.4,"elev_angle":50.59,"wind_dir":318,"weather":{"icon":"c04d","code":804,"description":"Overcast clouds"},"ghi":776,"dhi":111.62,"timestamp_local":"2022-07-09T15:45:00","solar_rad":530.2332,"vis":10,"dni":869.82,"temp":20.8,"slp":1024.25,"clouds":71,"ts":1657374300},{"precip_rate":0,"rh":60,"wind_spd":5.2,"timestamp_utc":"2022-07-09T14:00:00","snow_rate":0,"app_temp":20.4,"pres":1014.29224,"azimuth":237.34,"dewpt":12.7,"uv":3,"elev_angle":48.9,"wind_dir":322,"weather":{"icon":"c04d","code":804,"description":"Overcast clouds"},"ghi":754.6,"dhi":110.43,"timestamp_local":"2022-07-09T16:00:00","solar_rad":448.89142,"vis":10,"dni":864.08,"temp":20.7,"slp":1024,"clouds":77,"ts":1657375200},{"precip_rate":0,"rh":60,"wind_spd":5.3,"timestamp_utc":"2022-07-09T14:15:00","snow_rate":0,"app_temp":20.4,"pres":1014.29224,"azimuth":241.27,"dewpt":12.7,"uv":2.6,"elev_angle":46.82,"wind_dir":324,"weather":{"icon":"c04d","code":804,"description":"Overcast clouds"},"ghi":724.4,"dhi":108.59,"timestamp_local":"2022-07-09T16:15:00","solar_rad":393.7216,"vis":10,"dni":854.63,"temp":20.7,"slp":1024,"clouds":80,"ts":1657376100},{"precip_rate":0,"rh":59,"wind_spd":5.4,"timestamp_utc":"2022-07-09T14:30:00","snow_rate":0,"app_temp":20.4,"pres":1014.29224,"azimuth":245.19,"dewpt":12.4,"uv":2.4,"elev_angle":44.74,"wind_dir":326,"weather":{"icon":"c04d","code":804,"description":"Overcast clouds"},"ghi":694.3,"dhi":106.75,"timestamp_local":"2022-07-09T16:30:00","solar_rad":338.75052,"vis":10,"dni":845.19,"temp":20.7,"slp":1024,"clouds":83,"ts":1657377000},{"precip_rate":0,"rh":58,"wind_spd":5.5,"timestamp_utc":"2022-07-09T14:45:00","snow_rate":0,"app_temp":20.3,"pres":1014.29224,"azimuth":249.12,"dewpt":12.1,"uv":2.1,"elev_angle":42.65,"wind_dir":328,"weather":{"icon":"c04d","code":804,"description":"Overcast clouds"},"ghi":664.1,"dhi":104.9,"timestamp_local":"2022-07-09T16:45:00","solar_rad":283.7023,"vis":10,"dni":835.74,"temp":20.7,"slp":1024,"clouds":86,"ts":1657377900},{"precip_rate":0,"rh":58,"wind_spd":5.6,"timestamp_utc":"2022-07-09T15:00:00","snow_rate":0,"app_temp":20.3,"pres":1014.29224,"azimuth":253.04,"dewpt":12.1,"uv":1.8,"elev_angle":40.57,"wind_dir":330,"weather":{"icon":"c04d","code":804,"description":"Overcast clouds"},"ghi":634,"dhi":103.06,"timestamp_local":"2022-07-09T17:00:00","solar_rad":228.59401,"vis":10,"dni":826.29,"temp":20.7,"slp":1024,"clouds":89,"ts":1657378800},{"precip_rate":0,"rh":58,"wind_spd":5.7,"timestamp_utc":"2022-07-09T15:15:00","snow_rate":0,"app_temp":20.1,"pres":1014.53375,"azimuth":256.31,"dewpt":12,"uv":2.2,"elev_angle":38.32,"wind_dir":332,"weather":{"icon":"c04d","code":804,"description":"Overcast clouds"},"ghi":597.7,"dhi":100.49,"timestamp_local":"2022-07-09T17:15:00","solar_rad":393.15637,"vis":10,"dni":811.88,"temp":20.5,"slp":1024.25,"clouds":73,"ts":1657379700},{"precip_rate":0,"rh":58,"wind_spd":5.8,"timestamp_utc":"2022-07-09T15:30:00","snow_rate":0,"app_temp":20,"pres":1014.77527,"azimuth":259.59,"dewpt":11.8,"uv":2.4,"elev_angle":36.06,"wind_dir":333,"weather":{"icon":"c03d","code":803,"description":"Broken clouds"},"ghi":561.4,"dhi":97.91,"timestamp_local":"2022-07-09T17:30:00","solar_rad":463.4982,"vis":10,"dni":797.48,"temp":20.4,"slp":1024.5,"clouds":58,"ts":1657380600},{"precip_rate":0,"rh":57,"wind_spd":5.9,"timestamp_utc":"2022-07-09T15:45:00","snow_rate":0,"app_temp":19.7,"pres":1015.01685,"azimuth":262.86,"dewpt":11.4,"uv":2.6,"elev_angle":33.81,"wind_dir":334,"weather":{"icon":"c03d","code":803,"description":"Broken clouds"},"ghi":525.1,"dhi":95.34,"timestamp_local":"2022-07-09T17:45:00","solar_rad":483.41357,"vis":10,"dni":783.07,"temp":20.2,"slp":1024.75,"clouds":42,"ts":1657381500},{"precip_rate":0,"rh":57,"wind_spd":6,"timestamp_utc":"2022-07-09T16:00:00","snow_rate":0,"app_temp":19.5,"pres":1015.25836,"azimuth":266.13,"dewpt":11.2,"uv":2.8,"elev_angle":31.55,"wind_dir":336,"weather":{"icon":"c02d","code":802,"description":"Scattered clouds"},"ghi":488.8,"dhi":92.76,"timestamp_local":"2022-07-09T18:00:00","solar_rad":468.68457,"vis":10,"dni":768.66,"temp":20,"slp":1025,"clouds":26,"ts":1657382400},{"precip_rate":0,"rh":57,"wind_spd":6,"timestamp_utc":"2022-07-09T16:15:00","snow_rate":0,"app_temp":19.4,"pres":1015.2522,"azimuth":269.06,"dewpt":11.1,"uv":2.4,"elev_angle":29.26,"wind_dir":336,"weather":{"icon":"c02d","code":802,"description":"Scattered clouds"},"ghi":449.6,"dhi":89.32,"timestamp_local":"2022-07-09T18:15:00","solar_rad":427.85043,"vis":10,"dni":746.84,"temp":19.8,"slp":1025,"clouds":31,"ts":1657383300},{"precip_rate":0,"rh":56,"wind_spd":6,"timestamp_utc":"2022-07-09T16:30:00","snow_rate":0,"app_temp":19.1,"pres":1015.2461,"azimuth":271.99,"dewpt":10.6,"uv":2.1,"elev_angle":26.97,"wind_dir":337,"weather":{"icon":"c02d","code":802,"description":"Scattered clouds"},"ghi":410.4,"dhi":85.87,"timestamp_local":"2022-07-09T18:30:00","solar_rad":386.34244,"vis":10,"dni":725.01,"temp":19.6,"slp":1025,"clouds":36,"ts":1657384200},{"precip_rate":0,"rh":56,"wind_spd":6,"timestamp_utc":"2022-07-09T16:45:00","snow_rate":0,"app_temp":18.9,"pres":1015.24,"azimuth":274.92,"dewpt":10.5,"uv":1.9,"elev_angle":24.67,"wind_dir":338,"weather":{"icon":"c03d","code":803,"description":"Broken clouds"},"ghi":371.2,"dhi":82.43,"timestamp_local":"2022-07-09T18:45:00","solar_rad":342.4226,"vis":10,"dni":703.19,"temp":19.5,"slp":1025,"clouds":42,"ts":1657385100},{"precip_rate":0,"rh":56,"wind_spd":6,"timestamp_utc":"2022-07-09T17:00:00","snow_rate":0,"app_temp":18.7,"pres":1015.2338,"azimuth":277.85,"dewpt":10.3,"uv":1.6,"elev_angle":22.38,"wind_dir":338,"weather":{"icon":"c03d","code":803,"description":"Broken clouds"},"ghi":332,"dhi":78.98,"timestamp_local":"2022-07-09T19:00:00","solar_rad":299.07776,"vis":10,"dni":681.36,"temp":19.3,"slp":1025,"clouds":47,"ts":1657386000},{"precip_rate":0,"rh":57,"wind_spd":5.9,"timestamp_utc":"2022-07-09T17:15:00","snow_rate":0,"app_temp":18.4,"pres":1015.22144,"azimuth":280.65,"dewpt":10.2,"uv":1.5,"elev_angle":20.15,"wind_dir":338,"weather":{"icon":"c03d","code":803,"description":"Broken clouds"},"ghi":293.9,"dhi":74.36,"timestamp_local":"2022-07-09T19:15:00","solar_rad":273.5963,"vis":10,"dni":646.67,"temp":18.9,"slp":1025,"clouds":47,"ts":1657386900},{"precip_rate":0,"rh":58,"wind_spd":5.8,"timestamp_utc":"2022-07-09T17:30:00","snow_rate":0,"app_temp":18,"pres":1015.2091,"azimuth":283.45,"dewpt":10.1,"uv":1.4,"elev_angle":17.92,"wind_dir":337,"weather":{"icon":"c03d","code":803,"description":"Broken clouds"},"ghi":255.7,"dhi":69.74,"timestamp_local":"2022-07-09T19:30:00","solar_rad":236.72449,"vis":10,"dni":611.98,"temp":18.6,"slp":1025,"clouds":48,"ts":1657387800},{"precip_rate":0,"rh":59,"wind_spd":5.7,"timestamp_utc":"2022-07-09T17:45:00","snow_rate":0,"app_temp":18.2,"pres":1015.1968,"azimuth":286.24,"dewpt":10,"uv":1.3,"elev_angle":15.69,"wind_dir":336,"weather":{"icon":"c03d","code":803,"description":"Broken clouds"},"ghi":217.5,"dhi":65.12,"timestamp_local":"2022-07-09T19:45:00","solar_rad":201.35931,"vis":10,"dni":577.29,"temp":18.2,"slp":1025,"clouds":48,"ts":1657388700},{"precip_rate":0,"rh":60,"wind_spd":5.6,"timestamp_utc":"2022-07-09T18:00:00","snow_rate":0,"app_temp":17.8,"pres":1015.1844,"azimuth":289.04,"dewpt":9.9,"uv":1.3,"elev_angle":13.46,"wind_dir":336,"weather":{"icon":"c03d","code":803,"description":"Broken clouds"},"ghi":179.4,"dhi":60.5,"timestamp_local":"2022-07-09T20:00:00","solar_rad":166.08672,"vis":10,"dni":542.6,"temp":17.8,"slp":1025,"clouds":48,"ts":1657389600},{"precip_rate":0,"rh":60,"wind_spd":5.6,"timestamp_utc":"2022-07-09T18:15:00","snow_rate":0,"app_temp":17.4,"pres":1015.4195,"azimuth":291.85,"dewpt":9.6,"uv":1.1,"elev_angle":11.38,"wind_dir":334,"weather":{"icon":"c03d","code":803,"description":"Broken clouds"},"ghi":147.3,"dhi":53.88,"timestamp_local":"2022-07-09T20:15:00","solar_rad":129.93486,"vis":10,"dni":479.68,"temp":17.4,"slp":1025.25,"clouds":55,"ts":1657390500},{"precip_rate":0,"rh":61,"wind_spd":5.6,"timestamp_utc":"2022-07-09T18:30:00","snow_rate":0,"app_temp":17.1,"pres":1015.65454,"azimuth":294.67,"dewpt":9.5,"uv":1,"elev_angle":9.3,"wind_dir":333,"weather":{"icon":"c03d","code":803,"description":"Broken clouds"},"ghi":115.2,"dhi":47.25,"timestamp_local":"2022-07-09T20:30:00","solar_rad":94.790764,"vis":10,"dni":416.75,"temp":17.1,"slp":1025.5,"clouds":62,"ts":1657391400},{"precip_rate":0,"rh":62,"wind_spd":5.6,"timestamp_utc":"2022-07-09T18:45:00","snow_rate":0,"app_temp":16.7,"pres":1015.88965,"azimuth":297.48,"dewpt":9.4,"uv":0.9,"elev_angle":7.21,"wind_dir":332,"weather":{"icon":"c03d","code":803,"description":"Broken clouds"},"ghi":83.1,"dhi":40.63,"timestamp_local":"2022-07-09T20:45:00","solar_rad":62.945415,"vis":10,"dni":353.83,"temp":16.7,"slp":1025.75,"clouds":68,"ts":1657392300},{"precip_rate":0,"rh":62,"wind_spd":5.6,"timestamp_utc":"2022-07-09T19:00:00","snow_rate":0,"app_temp":16.3,"pres":1016.12476,"azimuth":300.29,"dewpt":9,"uv":0.8,"elev_angle":5.13,"wind_dir":330,"weather":{"icon":"c04d","code":804,"description":"Overcast clouds"},"ghi":51,"dhi":34,"timestamp_local":"2022-07-09T21:00:00","solar_rad":67.74078,"vis":10,"dni":290.9,"temp":16.3,"slp":1026,"clouds":75,"ts":1657393200},{"precip_rate":0,"rh":62,"wind_spd":5.3,"timestamp_utc":"2022-07-09T19:15:00","snow_rate":0,"app_temp":16.1,"pres":1016.11847,"azimuth":303.23,"dewpt":8.8,"uv":0.8,"elev_angle":3.28,"wind_dir":329,"weather":{"icon":"c04n","code":804,"description":"Overcast clouds"},"ghi":38.3,"dhi":25.5,"timestamp_local":"2022-07-09T21:15:00","solar_rad":46.962006,"vis":10,"dni":218.18,"temp":16.1,"slp":1026,"clouds":81,"ts":1657394100},{"precip_rate":0,"rh":62,"wind_spd":5,"timestamp_utc":"2022-07-09T19:30:00","snow_rate":0,"app_temp":15.9,"pres":1016.1122,"azimuth":306.17,"dewpt":8.7,"uv":0.7,"elev_angle":1.43,"wind_dir":328,"weather":{"icon":"c04n","code":804,"description":"Overcast clouds"},"ghi":25.5,"dhi":17,"timestamp_local":"2022-07-09T21:30:00","solar_rad":28.75713,"vis":10,"dni":145.45,"temp":15.9,"slp":1026,"clouds":86,"ts":1657395000},{"precip_rate":0,"rh":61,"wind_spd":4.7,"timestamp_utc":"2022-07-09T19:45:00","snow_rate":0,"app_temp":15.8,"pres":1016.1059,"azimuth":309.1,"dewpt":8.3,"uv":0,"elev_angle":-0.43,"wind_dir":327,"weather":{"icon":"c04n","code":804,"description":"Overcast clouds"},"ghi":12.8,"dhi":8.5,"timestamp_local":"2022-07-09T21:45:00","solar_rad":12.62377,"vis":10,"dni":72.73,"temp":15.8,"slp":1026,"clouds":92,"ts":1657395900},{"precip_rate":0,"rh":61,"wind_spd":4.4,"timestamp_utc":"2022-07-09T20:00:00","snow_rate":0,"app_temp":15.6,"pres":1016.0996,"azimuth":312.04,"dewpt":8.1,"uv":0,"elev_angle":-2.28,"wind_dir":326,"weather":{"icon":"c04n","code":804,"description":"Overcast clouds"},"ghi":0,"dhi":0,"timestamp_local":"2022-07-09T22:00:00","solar_rad":0,"vis":10,"dni":0,"temp":15.6,"slp":1026,"clouds":98,"ts":1657396800},{"precip_rate":0,"rh":62,"wind_spd":4.3,"timestamp_utc":"2022-07-09T20:15:00","snow_rate":0,"app_temp":15.4,"pres":1016.09326,"azimuth":315.17,"dewpt":8.2,"uv":0,"elev_angle":-3.81,"wind_dir":324,"weather":{"icon":"c04n","code":804,"description":"Overcast clouds"},"ghi":0,"dhi":0,"timestamp_local":"2022-07-09T22:15:00","solar_rad":0,"vis":10,"dni":0,"temp":15.4,"slp":1026,"clouds":98,"ts":1657397700},{"precip_rate":0,"rh":64,"wind_spd":4.2,"timestamp_utc":"2022-07-09T20:30:00","snow_rate":0,"app_temp":15.2,"pres":1016.0869,"azimuth":318.3,"dewpt":8.4,"uv":0,"elev_angle":-5.34,"wind_dir":322,"weather":{"icon":"c04n","code":804,"description":"Overcast clouds"},"ghi":0,"dhi":0,"timestamp_local":"2022-07-09T22:30:00","solar_rad":0,"vis":10,"dni":0,"temp":15.2,"slp":1026,"clouds":97,"ts":1657398600},{"precip_rate":0,"rh":65,"wind_spd":4.1,"timestamp_utc":"2022-07-09T20:45:00","snow_rate":0,"app_temp":15,"pres":1016.0806,"azimuth":321.43,"dewpt":8.5,"uv":0,"elev_angle":-6.86,"wind_dir":320,"weather":{"icon":"c04n","code":804,"description":"Overcast clouds"},"ghi":0,"dhi":0,"timestamp_local":"2022-07-09T22:45:00","solar_rad":0,"vis":10,"dni":0,"temp":15,"slp":1026,"clouds":96,"ts":1657399500},{"precip_rate":0,"rh":66,"wind_spd":4,"timestamp_utc":"2022-07-09T21:00:00","snow_rate":0,"app_temp":14.8,"pres":1016.0743,"azimuth":324.56,"dewpt":8.5,"uv":0,"elev_angle":-8.39,"wind_dir":318,"weather":{"icon":"c04n","code":804,"description":"Overcast clouds"},"ghi":0,"dhi":0,"timestamp_local":"2022-07-09T23:00:00","solar_rad":0,"vis":10,"dni":0,"temp":14.8,"slp":1026,"clouds":96,"ts":1657400400},{"precip_rate":0,"rh":67,"wind_spd":3.9,"timestamp_utc":"2022-07-09T21:15:00","snow_rate":0,"app_temp":14.5,"pres":1016.0647,"azimuth":327.91,"dewpt":8.5,"uv":0,"elev_angle":-9.5,"wind_dir":315,"weather":{"icon":"c04n","code":804,"description":"Overcast clouds"},"ghi":0,"dhi":0,"timestamp_local":"2022-07-09T23:15:00","solar_rad":0,"vis":10,"dni":0,"temp":14.5,"slp":1026,"clouds":94,"ts":1657401300},{"precip_rate":0,"rh":68,"wind_spd":3.8,"timestamp_utc":"2022-07-09T21:30:00","snow_rate":0,"app_temp":14.3,"pres":1016.0552,"azimuth":331.26,"dewpt":8.4,"uv":0,"elev_angle":-10.6,"wind_dir":312,"weather":{"icon":"c04n","code":804,"description":"Overcast clouds"},"ghi":0,"dhi":0,"timestamp_local":"2022-07-09T23:30:00","solar_rad":0,"vis":10,"dni":0,"temp":14.3,"slp":1026,"clouds":91,"ts":1657402200},{"precip_rate":0,"rh":70,"wind_spd":3.7,"timestamp_utc":"2022-07-09T21:45:00","snow_rate":0,"app_temp":14,"pres":1016.04565,"azimuth":334.6,"dewpt":8.6,"uv":0,"elev_angle":-11.71,"wind_dir":309,"weather":{"icon":"c04n","code":804,"description":"Overcast clouds"},"ghi":0,"dhi":0,"timestamp_local":"2022-07-09T23:45:00","solar_rad":0,"vis":10,"dni":0,"temp":14,"slp":1026,"clouds":88,"ts":1657403100},{"precip_rate":0,"rh":71,"wind_spd":3.6,"timestamp_utc":"2022-07-09T22:00:00","snow_rate":0,"app_temp":13.7,"pres":1016.0361,"azimuth":337.95,"dewpt":8.5,"uv":0,"elev_angle":-12.81,"wind_dir":306,"weather":{"icon":"c04n","code":804,"description":"Overcast clouds"},"ghi":0,"dhi":0,"timestamp_local":"2022-07-10T00:00:00","solar_rad":0,"vis":10,"dni":0,"temp":13.7,"slp":1026,"clouds":86,"ts":1657404000},{"precip_rate":0,"rh":72,"wind_spd":3.6,"timestamp_utc":"2022-07-09T22:15:00","snow_rate":0,"app_temp":13.6,"pres":1016.03284,"azimuth":341.48,"dewpt":8.7,"uv":0,"elev_angle":-13.41,"wind_dir":306,"weather":{"icon":"c04n","code":804,"description":"Overcast clouds"},"ghi":0,"dhi":0,"timestamp_local":"2022-07-10T00:15:00","solar_rad":0,"vis":10,"dni":0,"temp":13.6,"slp":1026,"clouds":80,"ts":1657404900},{"precip_rate":0,"rh":72,"wind_spd":3.6,"timestamp_utc":"2022-07-09T22:30:00","snow_rate":0,"app_temp":13.5,"pres":1016.02966,"azimuth":345,"dewpt":8.6,"uv":0,"elev_angle":-14,"wind_dir":305,"weather":{"icon":"c04n","code":804,"description":"Overcast clouds"},"ghi":0,"dhi":0,"timestamp_local":"2022-07-10T00:30:00","solar_rad":0,"vis":10,"dni":0,"temp":13.5,"slp":1026,"clouds":73,"ts":1657405800},{"precip_rate":0,"rh":72,"wind_spd":3.6,"timestamp_utc":"2022-07-09T22:45:00","snow_rate":0,"app_temp":13.4,"pres":1016.0265,"azimuth":348.53,"dewpt":8.5,"uv":0,"elev_angle":-14.6,"wind_dir":304,"weather":{"icon":"c03n","code":803,"description":"Broken clouds"},"ghi":0,"dhi":0,"timestamp_local":"2022-07-10T00:45:00","solar_rad":0,"vis":10,"dni":0,"temp":13.4,"slp":1026,"clouds":66,"ts":1657406700},{"precip_rate":0,"rh":73,"wind_spd":3.6,"timestamp_utc":"2022-07-09T23:00:00","snow_rate":0,"app_temp":13.3,"pres":1016.02325,"azimuth":352.05,"dewpt":8.6,"uv":0,"elev_angle":-15.19,"wind_dir":304,"weather":{"icon":"c03n","code":803,"description":"Broken clouds"},"ghi":0,"dhi":0,"timestamp_local":"2022-07-10T01:00:00","solar_rad":0,"vis":10,"dni":0,"temp":13.3,"slp":1026,"clouds":60,"ts":1657407600},{"precip_rate":0,"rh":74,"wind_spd":3.7,"timestamp_utc":"2022-07-09T23:15:00","snow_rate":0,"app_temp":13.2,"pres":1016.02,"azimuth":265.65,"dewpt":8.7,"uv":0,"elev_angle":-15.22,"wind_dir":304,"weather":{"icon":"c03n","code":803,"description":"Broken clouds"},"ghi":0,"dhi":0,"timestamp_local":"2022-07-10T01:15:00","solar_rad":0,"vis":10,"dni":0,"temp":13.2,"slp":1026,"clouds":63,"ts":1657408500},{"precip_rate":0,"rh":74,"wind_spd":3.8,"timestamp_utc":"2022-07-09T23:30:00","snow_rate":0,"app_temp":13.2,"pres":1016.01685,"azimuth":179.25,"dewpt":8.6,"uv":0,"elev_angle":-15.26,"wind_dir":304,"weather":{"icon":"c03n","code":803,"description":"Broken clouds"},"ghi":0,"dhi":0,"timestamp_local":"2022-07-10T01:30:00","solar_rad":0,"vis":10,"dni":0,"temp":13.2,"slp":1026,"clouds":66,"ts":1657409400},{"precip_rate":0,"rh":75,"wind_spd":3.9,"timestamp_utc":"2022-07-09T23:45:00","snow_rate":0,"app_temp":13.1,"pres":1016.0136,"azimuth":92.84,"dewpt":8.8,"uv":0,"elev_angle":-15.29,"wind_dir":304,"weather":{"icon":"c03n","code":803,"description":"Broken clouds"},"ghi":0,"dhi":0,"timestamp_local":"2022-07-10T01:45:00","solar_rad":0,"vis":10,"dni":0,"temp":13.1,"slp":1026,"clouds":69,"ts":1657410300}],"sources":["103150-99999","imerg","merra2","era5","modis"],"city_id":"2856883"}
