{"timezone":"Europe\/Berlin","state_code":"06","country_code":"DE","lat":52.2833,"lon":8,"city_name":"Osnabr�ck","station_id":"103150-99999","data":[{"precip_rate":0,"rh":41,"wind_spd":1.59,"timestamp_utc":"2022-07-20T00:00:00","snow_rate":0,"app_temp":22.3,"pres":1008,"azimuth":6.32,"dewpt":8.9,"uv":0,"elev_angle":-16.92,"wind_dir":123,"weather":{"icon":"c01n","code":800,"description":"Clear Sky"},"ghi":0,"dhi":0,"timestamp_local":"2022-07-20T02:00:00","solar_rad":0,"vis":10,"dni":0,"temp":22.9,"slp":1014,"clouds":0,"ts":1658275200},{"precip_rate":0,"rh":42,"wind_spd":1.61,"timestamp_utc":"2022-07-20T00:15:00","snow_rate":0,"app_temp":22.1,"pres":1008,"azimuth":9.93,"dewpt":8.9,"uv":0,"elev_angle":-16.39,"wind_dir":122,"weather":{"icon":"c01n","code":800,"description":"Clear Sky"},"ghi":0,"dhi":0,"timestamp_local":"2022-07-20T02:15:00","solar_rad":0,"vis":10,"dni":0,"temp":22.7,"slp":1014,"clouds":0,"ts":1658276100},{"precip_rate":0,"rh":42,"wind_spd":1.62,"timestamp_utc":"2022-07-20T00:30:00","snow_rate":0,"app_temp":21.9,"pres":1008,"azimuth":13.53,"dewpt":8.9,"uv":0,"elev_angle":-15.85,"wind_dir":122,"weather":{"icon":"c01n","code":800,"description":"Clear Sky"},"ghi":0,"dhi":0,"timestamp_local":"2022-07-20T02:30:00","solar_rad":0,"vis":10,"dni":0,"temp":22.5,"slp":1014,"clouds":0,"ts":1658277000},{"precip_rate":0,"rh":42,"wind_spd":1.63,"timestamp_utc":"2022-07-20T00:45:00","snow_rate":0,"app_temp":21.7,"pres":1008,"azimuth":17.14,"dewpt":9,"uv":0,"elev_angle":-15.32,"wind_dir":121,"weather":{"icon":"c01n","code":800,"description":"Clear Sky"},"ghi":0,"dhi":0,"timestamp_local":"2022-07-20T02:45:00","solar_rad":0,"vis":10,"dni":0,"temp":22.3,"slp":1014,"clouds":0,"ts":1658277900},{"precip_rate":0,"rh":43,"wind_spd":1.65,"timestamp_utc":"2022-07-20T01:00:00","snow_rate":0,"app_temp":21.5,"pres":1008,"azimuth":20.74,"dewpt":9,"uv":0,"elev_angle":-14.78,"wind_dir":120,"weather":{"icon":"c01n","code":800,"description":"Clear Sky"},"ghi":0,"dhi":0,"timestamp_local":"2022-07-20T03:00:00","solar_rad":0,"vis":10,"dni":0,"temp":22.1,"slp":1014,"clouds":0,"ts":1658278800},{"precip_rate":0,"rh":43,"wind_spd":1.65,"timestamp_utc":"2022-07-20T01:15:00","snow_rate":0,"app_temp":21.4,"pres":1008,"azimuth":24.17,"dewpt":9,"uv":0,"elev_angle":-13.72,"wind_dir":120,"weather":{"icon":"c01n","code":800,"description":"Clear Sky"},"ghi":0,"dhi":0,"timestamp_local":"2022-07-20T03:15:00","solar_rad":0,"vis":10,"dni":0,"temp":22,"slp":1014,"clouds":0,"ts":1658279700},{"precip_rate":0,"rh":44,"wind_spd":1.66,"timestamp_utc":"2022-07-20T01:30:00","snow_rate":0,"app_temp":21.3,"pres":1008,"azimuth":27.6,"dewpt":8.9,"uv":0,"elev_angle":-12.66,"wind_dir":121,"weather":{"icon":"c01n","code":800,"description":"Clear Sky"},"ghi":0,"dhi":0,"timestamp_local":"2022-07-20T03:30:00","solar_rad":0,"vis":10,"dni":0,"temp":21.9,"slp":1014,"clouds":0,"ts":1658280600},{"precip_rate":0,"rh":44,"wind_spd":1.67,"timestamp_utc":"2022-07-20T01:45:00","snow_rate":0,"app_temp":21.3,"pres":1008,"azimuth":31.03,"dewpt":8.9,"uv":0,"elev_angle":-11.59,"wind_dir":122,"weather":{"icon":"c01n","code":800,"description":"Clear Sky"},"ghi":0,"dhi":0,"timestamp_local":"2022-07-20T03:45:00","solar_rad":0,"vis":10,"dni":0,"temp":21.9,"slp":1014,"clouds":0,"ts":1658281500},{"precip_rate":0,"rh":44,"wind_spd":1.68,"timestamp_utc":"2022-07-20T02:00:00","snow_rate":0,"app_temp":21.2,"pres":1008,"azimuth":34.46,"dewpt":8.9,"uv":0,"elev_angle":-10.53,"wind_dir":122,"weather":{"icon":"c01n","code":800,"description":"Clear Sky"},"ghi":0,"dhi":0,"timestamp_local":"2022-07-20T04:00:00","solar_rad":0,"vis":10,"dni":0,"temp":21.8,"slp":1014,"clouds":0,"ts":1658282400},{"precip_rate":0,"rh":45,"wind_spd":1.67,"timestamp_utc":"2022-07-20T02:15:00","snow_rate":0,"app_temp":21.2,"pres":1007.975,"azimuth":37.66,"dewpt":9.2,"uv":0,"elev_angle":-9.03,"wind_dir":123,"weather":{"icon":"c01n","code":800,"description":"Clear Sky"},"ghi":0,"dhi":0,"timestamp_local":"2022-07-20T04:15:00","solar_rad":0,"vis":10,"dni":0,"temp":21.8,"slp":1014,"clouds":0,"ts":1658283300},{"precip_rate":0,"rh":46,"wind_spd":1.67,"timestamp_utc":"2022-07-20T02:30:00","snow_rate":0,"app_temp":21.2,"pres":1007.95,"azimuth":40.87,"dewpt":9.4,"uv":0,"elev_angle":-7.53,"wind_dir":124,"weather":{"icon":"c01n","code":800,"description":"Clear Sky"},"ghi":0,"dhi":0,"timestamp_local":"2022-07-20T04:30:00","solar_rad":0,"vis":10,"dni":0,"temp":21.8,"slp":1014,"clouds":0,"ts":1658284200},{"precip_rate":0,"rh":46,"wind_spd":1.66,"timestamp_utc":"2022-07-20T02:45:00","snow_rate":0,"app_temp":21.2,"pres":1007.92505,"azimuth":44.07,"dewpt":9.7,"uv":0,"elev_angle":-6.03,"wind_dir":124,"weather":{"icon":"c01n","code":800,"description":"Clear Sky"},"ghi":0,"dhi":0,"timestamp_local":"2022-07-20T04:45:00","solar_rad":0,"vis":10,"dni":0,"temp":21.7,"slp":1014,"clouds":0,"ts":1658285100},{"precip_rate":0,"rh":47,"wind_spd":1.65,"timestamp_utc":"2022-07-20T03:00:00","snow_rate":0,"app_temp":21.2,"pres":1007.9,"azimuth":47.27,"dewpt":10,"uv":0,"elev_angle":-4.53,"wind_dir":125,"weather":{"icon":"c01n","code":800,"description":"Clear Sky"},"ghi":0,"dhi":0,"timestamp_local":"2022-07-20T05:00:00","solar_rad":0,"vis":10,"dni":0,"temp":21.7,"slp":1014,"clouds":0,"ts":1658286000},{"precip_rate":0,"rh":47,"wind_spd":1.63,"timestamp_utc":"2022-07-20T03:15:00","snow_rate":0,"app_temp":21.2,"pres":1007.9,"azimuth":50.26,"dewpt":10,"uv":0,"elev_angle":-2.7,"wind_dir":127,"weather":{"icon":"c01n","code":800,"description":"Clear Sky"},"ghi":5.7,"dhi":5.78,"timestamp_local":"2022-07-20T05:15:00","solar_rad":11.48,"vis":10,"dni":42.87,"temp":21.8,"slp":1014,"clouds":0,"ts":1658286900},{"precip_rate":0,"rh":46,"wind_spd":1.61,"timestamp_utc":"2022-07-20T03:30:00","snow_rate":0,"app_temp":21.3,"pres":1007.9,"azimuth":53.26,"dewpt":9.9,"uv":0,"elev_angle":-0.86,"wind_dir":128,"weather":{"icon":"c01n","code":800,"description":"Clear Sky"},"ghi":11.4,"dhi":11.56,"timestamp_local":"2022-07-20T05:30:00","solar_rad":22.96,"vis":10,"dni":85.74,"temp":21.9,"slp":1014,"clouds":0,"ts":1658287800},{"precip_rate":0,"rh":46,"wind_spd":1.59,"timestamp_utc":"2022-07-20T03:45:00","snow_rate":0,"app_temp":21.4,"pres":1007.9,"azimuth":56.25,"dewpt":9.9,"uv":1.8,"elev_angle":0.98,"wind_dir":130,"weather":{"icon":"c01n","code":800,"description":"Clear Sky"},"ghi":17.1,"dhi":17.33,"timestamp_local":"2022-07-20T05:45:00","solar_rad":34.43,"vis":10,"dni":128.61,"temp":21.9,"slp":1014,"clouds":0,"ts":1658288700},{"precip_rate":0,"rh":46,"wind_spd":1.57,"timestamp_utc":"2022-07-20T04:00:00","snow_rate":0,"app_temp":21.5,"pres":1007.9,"azimuth":59.24,"dewpt":9.9,"uv":1.8,"elev_angle":2.81,"wind_dir":132,"weather":{"icon":"c01n","code":800,"description":"Clear Sky"},"ghi":22.8,"dhi":23.11,"timestamp_local":"2022-07-20T06:00:00","solar_rad":45.91,"vis":10,"dni":171.48,"temp":22,"slp":1014,"clouds":0,"ts":1658289600},{"precip_rate":0,"rh":46,"wind_spd":1.61,"timestamp_utc":"2022-07-20T04:15:00","snow_rate":0,"app_temp":22,"pres":1007.9,"azimuth":62.09,"dewpt":10.2,"uv":1.8,"elev_angle":4.89,"wind_dir":134,"weather":{"icon":"c01d","code":800,"description":"Clear Sky"},"ghi":52.3,"dhi":30.93,"timestamp_local":"2022-07-20T06:15:00","solar_rad":52.3,"vis":10,"dni":251.15,"temp":22.5,"slp":1014,"clouds":0,"ts":1658290500},{"precip_rate":0,"rh":45,"wind_spd":1.66,"timestamp_utc":"2022-07-20T04:30:00","snow_rate":0,"app_temp":22.5,"pres":1007.9,"azimuth":64.95,"dewpt":10.4,"uv":1.8,"elev_angle":6.96,"wind_dir":137,"weather":{"icon":"c01d","code":800,"description":"Clear Sky"},"ghi":81.8,"dhi":38.74,"timestamp_local":"2022-07-20T06:30:00","solar_rad":79.33787,"vis":10,"dni":330.81,"temp":23,"slp":1014,"clouds":0,"ts":1658291400},{"precip_rate":0,"rh":44,"wind_spd":1.71,"timestamp_utc":"2022-07-20T04:45:00","snow_rate":0,"app_temp":23.1,"pres":1007.9,"azimuth":67.8,"dewpt":10.7,"uv":1.8,"elev_angle":9.04,"wind_dir":140,"weather":{"icon":"c01d","code":800,"description":"Clear Sky"},"ghi":111.4,"dhi":46.56,"timestamp_local":"2022-07-20T06:45:00","solar_rad":108.02388,"vis":10,"dni":410.48,"temp":23.5,"slp":1014,"clouds":0,"ts":1658292300},{"precip_rate":0,"rh":44,"wind_spd":1.75,"timestamp_utc":"2022-07-20T05:00:00","snow_rate":0,"app_temp":23.6,"pres":1007.9,"azimuth":70.65,"dewpt":11,"uv":1.8,"elev_angle":11.11,"wind_dir":142,"weather":{"icon":"c01d","code":800,"description":"Clear Sky"},"ghi":140.9,"dhi":54.37,"timestamp_local":"2022-07-20T07:00:00","solar_rad":136.50314,"vis":10,"dni":490.14,"temp":24,"slp":1014,"clouds":0,"ts":1658293200},{"precip_rate":0,"rh":42,"wind_spd":1.83,"timestamp_utc":"2022-07-20T05:15:00","snow_rate":0,"app_temp":24.3,"pres":1007.92505,"azimuth":73.47,"dewpt":10.7,"uv":1.9,"elev_angle":13.34,"wind_dir":145,"weather":{"icon":"c01d","code":800,"description":"Clear Sky"},"ghi":178.5,"dhi":59.47,"timestamp_local":"2022-07-20T07:15:00","solar_rad":172.96965,"vis":10,"dni":530.64,"temp":24.7,"slp":1014,"clouds":0,"ts":1658294100},{"precip_rate":0,"rh":39,"wind_spd":1.9,"timestamp_utc":"2022-07-20T05:30:00","snow_rate":0,"app_temp":25,"pres":1007.95,"azimuth":76.3,"dewpt":10.3,"uv":2,"elev_angle":15.56,"wind_dir":148,"weather":{"icon":"c01d","code":800,"description":"Clear Sky"},"ghi":216.1,"dhi":64.56,"timestamp_local":"2022-07-20T07:30:00","solar_rad":216.1,"vis":10,"dni":571.15,"temp":25.4,"slp":1014,"clouds":0,"ts":1658295000},{"precip_rate":0,"rh":36,"wind_spd":1.98,"timestamp_utc":"2022-07-20T05:45:00","snow_rate":0,"app_temp":25.6,"pres":1007.975,"azimuth":79.12,"dewpt":10,"uv":2.1,"elev_angle":17.79,"wind_dir":151,"weather":{"icon":"c01d","code":800,"description":"Clear Sky"},"ghi":253.7,"dhi":69.66,"timestamp_local":"2022-07-20T07:45:00","solar_rad":253.7,"vis":10,"dni":611.65,"temp":26,"slp":1014,"clouds":0,"ts":1658295900},{"precip_rate":0,"rh":34,"wind_spd":2.05,"timestamp_utc":"2022-07-20T06:00:00","snow_rate":0,"app_temp":26.4,"pres":1008,"azimuth":81.94,"dewpt":9.7,"uv":2.2,"elev_angle":20.01,"wind_dir":154,"weather":{"icon":"c01d","code":800,"description":"Clear Sky"},"ghi":291.3,"dhi":74.75,"timestamp_local":"2022-07-20T08:00:00","solar_rad":291.3,"vis":10,"dni":652.15,"temp":26.7,"slp":1014,"clouds":0,"ts":1658296800},{"precip_rate":0,"rh":33,"wind_spd":2.23,"timestamp_utc":"2022-07-20T06:15:00","snow_rate":0,"app_temp":26.8,"pres":1008.25,"azimuth":84.87,"dewpt":9.6,"uv":2.4,"elev_angle":22.3,"wind_dir":159,"weather":{"icon":"c01d","code":800,"description":"Clear Sky"},"ghi":330.8,"dhi":78.48,"timestamp_local":"2022-07-20T08:15:00","solar_rad":330.8,"vis":10,"dni":676.68,"temp":27.3,"slp":1014.25,"clouds":0,"ts":1658297700},{"precip_rate":0,"rh":32,"wind_spd":2.41,"timestamp_utc":"2022-07-20T06:30:00","snow_rate":0,"app_temp":27.2,"pres":1008.5,"azimuth":87.81,"dewpt":9.5,"uv":2.6,"elev_angle":24.59,"wind_dir":164,"weather":{"icon":"c01d","code":800,"description":"Clear Sky"},"ghi":370.2,"dhi":82.2,"timestamp_local":"2022-07-20T08:30:00","solar_rad":370.2,"vis":10,"dni":701.22,"temp":27.9,"slp":1014.5,"clouds":0,"ts":1658298600},{"precip_rate":0,"rh":30,"wind_spd":2.59,"timestamp_utc":"2022-07-20T06:45:00","snow_rate":0,"app_temp":27.5,"pres":1008.75,"azimuth":90.74,"dewpt":9.4,"uv":2.8,"elev_angle":26.88,"wind_dir":168,"weather":{"icon":"c01d","code":800,"description":"Clear Sky"},"ghi":409.7,"dhi":85.93,"timestamp_local":"2022-07-20T08:45:00","solar_rad":409.7,"vis":10,"dni":725.75,"temp":28.6,"slp":1014.75,"clouds":0,"ts":1658299500},{"precip_rate":0,"rh":29,"wind_spd":2.77,"timestamp_utc":"2022-07-20T07:00:00","snow_rate":0,"app_temp":28,"pres":1009,"azimuth":93.67,"dewpt":9.3,"uv":3.1,"elev_angle":29.17,"wind_dir":173,"weather":{"icon":"c01d","code":800,"description":"Clear Sky"},"ghi":449.1,"dhi":89.65,"timestamp_local":"2022-07-20T09:00:00","solar_rad":449.1,"vis":10,"dni":750.28,"temp":29.2,"slp":1015,"clouds":0,"ts":1658300400},{"precip_rate":0,"rh":28,"wind_spd":3.05,"timestamp_utc":"2022-07-20T07:15:00","snow_rate":0,"app_temp":28.2,"pres":1009.025,"azimuth":96.91,"dewpt":9.1,"uv":3.4,"elev_angle":31.42,"wind_dir":182,"weather":{"icon":"c01d","code":800,"description":"Clear Sky"},"ghi":486.2,"dhi":92.42,"timestamp_local":"2022-07-20T09:15:00","solar_rad":486.2,"vis":10,"dni":766.2,"temp":29.6,"slp":1015,"clouds":0,"ts":1658301300},{"precip_rate":0,"rh":27,"wind_spd":3.34,"timestamp_utc":"2022-07-20T07:30:00","snow_rate":0,"app_temp":28.5,"pres":1009.05,"azimuth":100.16,"dewpt":8.9,"uv":3.7,"elev_angle":33.68,"wind_dir":192,"weather":{"icon":"c01d","code":800,"description":"Clear Sky"},"ghi":523.3,"dhi":95.18,"timestamp_local":"2022-07-20T09:30:00","solar_rad":523.3,"vis":10,"dni":782.13,"temp":29.9,"slp":1015,"clouds":0,"ts":1658302200},{"precip_rate":0,"rh":26,"wind_spd":3.63,"timestamp_utc":"2022-07-20T07:45:00","snow_rate":0,"app_temp":28.8,"pres":1009.07495,"azimuth":103.4,"dewpt":8.7,"uv":4,"elev_angle":35.93,"wind_dir":202,"weather":{"icon":"c01d","code":800,"description":"Clear Sky"},"ghi":560.4,"dhi":97.95,"timestamp_local":"2022-07-20T09:45:00","solar_rad":560.4,"vis":10,"dni":798.05,"temp":30.3,"slp":1015,"clouds":0,"ts":1658303100},{"precip_rate":0,"rh":25,"wind_spd":3.92,"timestamp_utc":"2022-07-20T08:00:00","snow_rate":0,"app_temp":29.1,"pres":1009.1,"azimuth":106.64,"dewpt":8.5,"uv":4.4,"elev_angle":38.18,"wind_dir":211,"weather":{"icon":"c01d","code":800,"description":"Clear Sky"},"ghi":597.5,"dhi":100.71,"timestamp_local":"2022-07-20T10:00:00","solar_rad":597.5,"vis":10,"dni":813.97,"temp":30.7,"slp":1015,"clouds":0,"ts":1658304000},{"precip_rate":0,"rh":26,"wind_spd":4.02,"timestamp_utc":"2022-07-20T08:15:00","snow_rate":0,"app_temp":29.2,"pres":1009.1,"azimuth":110.48,"dewpt":8.9,"uv":4.7,"elev_angle":40.27,"wind_dir":216,"weather":{"icon":"c01d","code":800,"description":"Clear Sky"},"ghi":628.8,"dhi":102.7,"timestamp_local":"2022-07-20T10:15:00","solar_rad":628.8,"vis":10,"dni":824.36,"temp":30.8,"slp":1015,"clouds":0,"ts":1658304900},{"precip_rate":0,"rh":26,"wind_spd":4.12,"timestamp_utc":"2022-07-20T08:30:00","snow_rate":0,"app_temp":29.4,"pres":1009.1,"azimuth":114.31,"dewpt":9.3,"uv":5.1,"elev_angle":42.36,"wind_dir":222,"weather":{"icon":"c01d","code":800,"description":"Clear Sky"},"ghi":660.1,"dhi":104.68,"timestamp_local":"2022-07-20T10:30:00","solar_rad":660.1,"vis":10,"dni":834.76,"temp":30.9,"slp":1015,"clouds":0,"ts":1658305800},{"precip_rate":0,"rh":26,"wind_spd":4.21,"timestamp_utc":"2022-07-20T08:45:00","snow_rate":0,"app_temp":29.5,"pres":1009.1,"azimuth":118.15,"dewpt":9.6,"uv":5.5,"elev_angle":44.45,"wind_dir":228,"weather":{"icon":"c01d","code":800,"description":"Clear Sky"},"ghi":691.5,"dhi":106.67,"timestamp_local":"2022-07-20T10:45:00","solar_rad":691.5,"vis":10,"dni":845.15,"temp":31.1,"slp":1015,"clouds":0,"ts":1658306700},{"precip_rate":0,"rh":27,"wind_spd":4.31,"timestamp_utc":"2022-07-20T09:00:00","snow_rate":0,"app_temp":29.7,"pres":1009.1,"azimuth":121.98,"dewpt":10,"uv":5.9,"elev_angle":46.54,"wind_dir":233,"weather":{"icon":"c01d","code":800,"description":"Clear Sky"},"ghi":722.8,"dhi":108.65,"timestamp_local":"2022-07-20T11:00:00","solar_rad":722.8,"vis":10,"dni":855.54,"temp":31.2,"slp":1015,"clouds":0,"ts":1658307600},{"precip_rate":0,"rh":29,"wind_spd":4.26,"timestamp_utc":"2022-07-20T09:15:00","snow_rate":0,"app_temp":29.8,"pres":1009.35,"azimuth":126.77,"dewpt":10.9,"uv":6.2,"elev_angle":48.26,"wind_dir":240,"weather":{"icon":"c01d","code":800,"description":"Clear Sky"},"ghi":745.6,"dhi":109.95,"timestamp_local":"2022-07-20T11:15:00","solar_rad":722.493,"vis":10,"dni":861.91,"temp":31.2,"slp":1015.25,"clouds":0,"ts":1658308500},{"precip_rate":0,"rh":30,"wind_spd":4.2,"timestamp_utc":"2022-07-20T09:30:00","snow_rate":0,"app_temp":29.9,"pres":1009.6,"azimuth":131.56,"dewpt":11.8,"uv":6.5,"elev_angle":49.98,"wind_dir":248,"weather":{"icon":"c01d","code":800,"description":"Clear Sky"},"ghi":768.3,"dhi":111.24,"timestamp_local":"2022-07-20T11:30:00","solar_rad":743.7028,"vis":10,"dni":868.29,"temp":31.2,"slp":1015.5,"clouds":0,"ts":1658309400},{"precip_rate":0,"rh":32,"wind_spd":4.15,"timestamp_utc":"2022-07-20T09:45:00","snow_rate":0,"app_temp":30.1,"pres":1009.85,"azimuth":136.34,"dewpt":12.6,"uv":6.9,"elev_angle":51.69,"wind_dir":255,"weather":{"icon":"c01d","code":800,"description":"Clear Sky"},"ghi":791.1,"dhi":112.54,"timestamp_local":"2022-07-20T11:45:00","solar_rad":764.1221,"vis":10,"dni":874.66,"temp":31.1,"slp":1015.75,"clouds":0,"ts":1658310300},{"precip_rate":0,"rh":34,"wind_spd":4.09,"timestamp_utc":"2022-07-20T10:00:00","snow_rate":0,"app_temp":30.3,"pres":1010.1,"azimuth":141.13,"dewpt":13.5,"uv":7.2,"elev_angle":53.41,"wind_dir":262,"weather":{"icon":"c01d","code":800,"description":"Clear Sky"},"ghi":813.9,"dhi":113.83,"timestamp_local":"2022-07-20T12:00:00","solar_rad":784.451,"vis":10,"dni":881.03,"temp":31.1,"slp":1016,"clouds":0,"ts":1658311200},{"precip_rate":0,"rh":34,"wind_spd":4.13,"timestamp_utc":"2022-07-20T10:15:00","snow_rate":0,"app_temp":30.6,"pres":1010.1,"azimuth":147.09,"dewpt":13.6,"uv":7.4,"elev_angle":54.46,"wind_dir":268,"weather":{"icon":"c01d","code":800,"description":"Clear Sky"},"ghi":826.2,"dhi":114.49,"timestamp_local":"2022-07-20T12:15:00","solar_rad":795.8012,"vis":10,"dni":884.15,"temp":31.4,"slp":1016,"clouds":0,"ts":1658312100},{"precip_rate":0,"rh":34,"wind_spd":4.17,"timestamp_utc":"2022-07-20T10:30:00","snow_rate":0,"app_temp":31,"pres":1010.1,"azimuth":153.04,"dewpt":13.8,"uv":7.6,"elev_angle":55.5,"wind_dir":275,"weather":{"icon":"c01d","code":800,"description":"Clear Sky"},"ghi":838.5,"dhi":115.15,"timestamp_local":"2022-07-20T12:30:00","solar_rad":807.12885,"vis":10,"dni":887.26,"temp":31.7,"slp":1016,"clouds":0,"ts":1658313000},{"precip_rate":0,"rh":33,"wind_spd":4.2,"timestamp_utc":"2022-07-20T10:45:00","snow_rate":0,"app_temp":31.2,"pres":1010.1,"azimuth":159,"dewpt":13.9,"uv":7.8,"elev_angle":56.55,"wind_dir":282,"weather":{"icon":"c01d","code":800,"description":"Clear Sky"},"ghi":850.8,"dhi":115.81,"timestamp_local":"2022-07-20T12:45:00","solar_rad":819.3854,"vis":10,"dni":890.38,"temp":32,"slp":1016,"clouds":0,"ts":1658313900},{"precip_rate":0,"rh":33,"wind_spd":4.24,"timestamp_utc":"2022-07-20T11:00:00","snow_rate":0,"app_temp":31.6,"pres":1010.1,"azimuth":164.95,"dewpt":14,"uv":8,"elev_angle":57.59,"wind_dir":288,"weather":{"icon":"c01d","code":800,"description":"Clear Sky"},"ghi":863.1,"dhi":116.47,"timestamp_local":"2022-07-20T13:00:00","solar_rad":830.6964,"vis":10,"dni":893.49,"temp":32.3,"slp":1016,"clouds":0,"ts":1658314800},{"precip_rate":0,"rh":34,"wind_spd":4.15,"timestamp_utc":"2022-07-20T11:15:00","snow_rate":0,"app_temp":31.8,"pres":1010.1,"azimuth":171.57,"dewpt":14.4,"uv":8,"elev_angle":57.66,"wind_dir":289,"weather":{"icon":"c01d","code":800,"description":"Clear Sky"},"ghi":863.9,"dhi":116.51,"timestamp_local":"2022-07-20T13:15:00","solar_rad":830.34436,"vis":10,"dni":893.68,"temp":32.4,"slp":1016,"clouds":0,"ts":1658315700},{"precip_rate":0,"rh":34,"wind_spd":4.07,"timestamp_utc":"2022-07-20T11:30:00","snow_rate":0,"app_temp":31.9,"pres":1010.1,"azimuth":178.19,"dewpt":14.8,"uv":8,"elev_angle":57.73,"wind_dir":290,"weather":{"icon":"c01d","code":800,"description":"Clear Sky"},"ghi":864.7,"dhi":116.55,"timestamp_local":"2022-07-20T13:30:00","solar_rad":830.9735,"vis":10,"dni":893.88,"temp":32.4,"slp":1016,"clouds":0,"ts":1658316600},{"precip_rate":0,"rh":35,"wind_spd":3.98,"timestamp_utc":"2022-07-20T11:45:00","snow_rate":0,"app_temp":32.2,"pres":1010.1,"azimuth":184.8,"dewpt":15.1,"uv":8.1,"elev_angle":57.8,"wind_dir":291,"weather":{"icon":"c01d","code":800,"description":"Clear Sky"},"ghi":865.5,"dhi":116.59,"timestamp_local":"2022-07-20T13:45:00","solar_rad":830.6049,"vis":10,"dni":894.07,"temp":32.5,"slp":1016,"clouds":0,"ts":1658317500},{"precip_rate":0,"rh":36,"wind_spd":3.9,"timestamp_utc":"2022-07-20T12:00:00","snow_rate":0,"app_temp":32.4,"pres":1010.1,"azimuth":191.42,"dewpt":15.5,"uv":8.1,"elev_angle":57.87,"wind_dir":292,"weather":{"icon":"c01d","code":800,"description":"Clear Sky"},"ghi":866.3,"dhi":116.63,"timestamp_local":"2022-07-20T14:00:00","solar_rad":830.22534,"vis":10,"dni":894.26,"temp":32.6,"slp":1016,"clouds":0,"ts":1658318400},{"precip_rate":0,"rh":36,"wind_spd":3.78,"timestamp_utc":"2022-07-20T12:15:00","snow_rate":0,"app_temp":32.5,"pres":1010.1,"azimuth":197.52,"dewpt":15.6,"uv":7.9,"elev_angle":56.95,"wind_dir":294,"weather":{"icon":"c01d","code":800,"description":"Clear Sky"},"ghi":855.5,"dhi":116.06,"timestamp_local":"2022-07-20T14:15:00","solar_rad":819.72705,"vis":10,"dni":891.55,"temp":32.7,"slp":1016,"clouds":0,"ts":1658319300},{"precip_rate":0,"rh":36,"wind_spd":3.67,"timestamp_utc":"2022-07-20T12:30:00","snow_rate":0,"app_temp":32.6,"pres":1010.1,"azimuth":203.62,"dewpt":15.7,"uv":7.7,"elev_angle":56.02,"wind_dir":295,"weather":{"icon":"c01d","code":800,"description":"Clear Sky"},"ghi":844.7,"dhi":115.49,"timestamp_local":"2022-07-20T14:30:00","solar_rad":809.23193,"vis":10,"dni":888.85,"temp":32.8,"slp":1016,"clouds":0,"ts":1658320200},{"precip_rate":0,"rh":36,"wind_spd":3.56,"timestamp_utc":"2022-07-20T12:45:00","snow_rate":0,"app_temp":32.7,"pres":1010.1,"azimuth":209.72,"dewpt":15.8,"uv":7.5,"elev_angle":55.1,"wind_dir":296,"weather":{"icon":"c01d","code":800,"description":"Clear Sky"},"ghi":833.9,"dhi":114.91,"timestamp_local":"2022-07-20T14:45:00","solar_rad":798.7401,"vis":10,"dni":886.14,"temp":32.8,"slp":1016,"clouds":0,"ts":1658321100},{"precip_rate":0,"rh":36,"wind_spd":3.44,"timestamp_utc":"2022-07-20T13:00:00","snow_rate":0,"app_temp":32.8,"pres":1010.1,"azimuth":215.82,"dewpt":15.9,"uv":7.3,"elev_angle":54.17,"wind_dir":298,"weather":{"icon":"c01d","code":800,"description":"Clear Sky"},"ghi":823.2,"dhi":114.34,"timestamp_local":"2022-07-20T15:00:00","solar_rad":788.3472,"vis":10,"dni":883.43,"temp":32.9,"slp":1016,"clouds":0,"ts":1658322000},{"precip_rate":0,"rh":36,"wind_spd":3.37,"timestamp_utc":"2022-07-20T13:15:00","snow_rate":0,"app_temp":32.9,"pres":1010.1,"azimuth":220.76,"dewpt":15.7,"uv":7,"elev_angle":52.52,"wind_dir":300,"weather":{"icon":"c01d","code":800,"description":"Clear Sky"},"ghi":801.7,"dhi":113.13,"timestamp_local":"2022-07-20T15:15:00","solar_rad":767.7105,"vis":10,"dni":877.53,"temp":32.9,"slp":1016,"clouds":1,"ts":1658322900},{"precip_rate":0,"rh":35,"wind_spd":3.3,"timestamp_utc":"2022-07-20T13:30:00","snow_rate":0,"app_temp":32.7,"pres":1010.1,"azimuth":225.71,"dewpt":15.5,"uv":6.6,"elev_angle":50.88,"wind_dir":301,"weather":{"icon":"c02d","code":801,"description":"Few clouds"},"ghi":780.2,"dhi":111.92,"timestamp_local":"2022-07-20T15:30:00","solar_rad":747.9954,"vis":10,"dni":871.63,"temp":33,"slp":1016,"clouds":2,"ts":1658323800},{"precip_rate":0,"rh":34,"wind_spd":3.23,"timestamp_utc":"2022-07-20T13:45:00","snow_rate":0,"app_temp":32.6,"pres":1010.1,"azimuth":230.65,"dewpt":15.4,"uv":6.2,"elev_angle":49.23,"wind_dir":302,"weather":{"icon":"c02d","code":801,"description":"Few clouds"},"ghi":758.7,"dhi":110.71,"timestamp_local":"2022-07-20T15:45:00","solar_rad":728.22473,"vis":10,"dni":865.73,"temp":33,"slp":1016,"clouds":4,"ts":1658324700},{"precip_rate":0,"rh":34,"wind_spd":3.16,"timestamp_utc":"2022-07-20T14:00:00","snow_rate":0,"app_temp":32.6,"pres":1010.1,"azimuth":235.59,"dewpt":15.2,"uv":5.8,"elev_angle":47.58,"wind_dir":304,"weather":{"icon":"c02d","code":801,"description":"Few clouds"},"ghi":737.3,"dhi":109.5,"timestamp_local":"2022-07-20T16:00:00","solar_rad":707.6302,"vis":10,"dni":859.83,"temp":33,"slp":1016,"clouds":5,"ts":1658325600},{"precip_rate":0,"rh":34,"wind_spd":3.26,"timestamp_utc":"2022-07-20T14:15:00","snow_rate":0,"app_temp":32.6,"pres":1010.1,"azimuth":239.53,"dewpt":14.8,"uv":5.5,"elev_angle":45.53,"wind_dir":305,"weather":{"icon":"c02d","code":801,"description":"Few clouds"},"ghi":706.9,"dhi":107.61,"timestamp_local":"2022-07-20T16:15:00","solar_rad":678.50543,"vis":10,"dni":850.04,"temp":33,"slp":1016,"clouds":4,"ts":1658326500},{"precip_rate":0,"rh":33,"wind_spd":3.35,"timestamp_utc":"2022-07-20T14:30:00","snow_rate":0,"app_temp":32.4,"pres":1010.1,"azimuth":243.48,"dewpt":14.5,"uv":5.2,"elev_angle":43.47,"wind_dir":306,"weather":{"icon":"c02d","code":801,"description":"Few clouds"},"ghi":676.6,"dhi":105.73,"timestamp_local":"2022-07-20T16:30:00","solar_rad":650.2676,"vis":10,"dni":840.25,"temp":33,"slp":1016,"clouds":2,"ts":1658327400},{"precip_rate":0,"rh":32,"wind_spd":3.44,"timestamp_utc":"2022-07-20T14:45:00","snow_rate":0,"app_temp":32.2,"pres":1010.1,"azimuth":247.42,"dewpt":14.2,"uv":4.9,"elev_angle":41.42,"wind_dir":308,"weather":{"icon":"c01d","code":800,"description":"Clear Sky"},"ghi":646.3,"dhi":103.84,"timestamp_local":"2022-07-20T16:45:00","solar_rad":621.94354,"vis":10,"dni":830.45,"temp":32.9,"slp":1016,"clouds":1,"ts":1658328300},{"precip_rate":0,"rh":32,"wind_spd":3.54,"timestamp_utc":"2022-07-20T15:00:00","snow_rate":0,"app_temp":32.2,"pres":1010.1,"azimuth":251.36,"dewpt":13.8,"uv":4.6,"elev_angle":39.36,"wind_dir":309,"weather":{"icon":"c01d","code":800,"description":"Clear Sky"},"ghi":616,"dhi":101.95,"timestamp_local":"2022-07-20T17:00:00","solar_rad":592.8175,"vis":10,"dni":820.66,"temp":32.9,"slp":1016,"clouds":0,"ts":1658329200},{"precip_rate":0,"rh":33,"wind_spd":3.65,"timestamp_utc":"2022-07-20T15:15:00","snow_rate":0,"app_temp":32.1,"pres":1010.1,"azimuth":254.66,"dewpt":14,"uv":4,"elev_angle":37.12,"wind_dir":311,"weather":{"icon":"c02d","code":801,"description":"Few clouds"},"ghi":579.4,"dhi":99.3,"timestamp_local":"2022-07-20T17:15:00","solar_rad":557.14087,"vis":10,"dni":805.59,"temp":32.7,"slp":1016,"clouds":5,"ts":1658330100},{"precip_rate":0,"rh":34,"wind_spd":3.75,"timestamp_utc":"2022-07-20T15:30:00","snow_rate":0,"app_temp":32,"pres":1010.1,"azimuth":257.97,"dewpt":14.2,"uv":3.6,"elev_angle":34.88,"wind_dir":312,"weather":{"icon":"c02d","code":801,"description":"Few clouds"},"ghi":542.9,"dhi":96.64,"timestamp_local":"2022-07-20T17:30:00","solar_rad":521.4717,"vis":10,"dni":790.53,"temp":32.5,"slp":1016,"clouds":10,"ts":1658331000},{"precip_rate":0,"rh":34,"wind_spd":3.86,"timestamp_utc":"2022-07-20T15:45:00","snow_rate":0,"app_temp":31.7,"pres":1010.1,"azimuth":261.27,"dewpt":14.4,"uv":3.2,"elev_angle":32.63,"wind_dir":314,"weather":{"icon":"c02d","code":801,"description":"Few clouds"},"ghi":506.3,"dhi":93.99,"timestamp_local":"2022-07-20T17:45:00","solar_rad":486.14633,"vis":10,"dni":775.46,"temp":32.3,"slp":1016,"clouds":14,"ts":1658331900},{"precip_rate":0,"rh":35,"wind_spd":3.97,"timestamp_utc":"2022-07-20T16:00:00","snow_rate":0,"app_temp":31.6,"pres":1010.1,"azimuth":264.57,"dewpt":14.6,"uv":2.8,"elev_angle":30.39,"wind_dir":316,"weather":{"icon":"c02d","code":801,"description":"Few clouds"},"ghi":469.8,"dhi":91.33,"timestamp_local":"2022-07-20T18:00:00","solar_rad":449.80704,"vis":10,"dni":760.39,"temp":32.1,"slp":1016,"clouds":19,"ts":1658332800},{"precip_rate":0,"rh":36,"wind_spd":3.95,"timestamp_utc":"2022-07-20T16:15:00","snow_rate":0,"app_temp":31.4,"pres":1009.85,"azimuth":267.53,"dewpt":14.6,"uv":2.6,"elev_angle":28.1,"wind_dir":318,"weather":{"icon":"c02d","code":801,"description":"Few clouds"},"ghi":430.3,"dhi":87.74,"timestamp_local":"2022-07-20T18:15:00","solar_rad":411.53143,"vis":10,"dni":737.25,"temp":31.8,"slp":1015.75,"clouds":20,"ts":1658333700},{"precip_rate":0,"rh":36,"wind_spd":3.94,"timestamp_utc":"2022-07-20T16:30:00","snow_rate":0,"app_temp":31,"pres":1009.6,"azimuth":270.49,"dewpt":14.5,"uv":2.3,"elev_angle":25.8,"wind_dir":320,"weather":{"icon":"c02d","code":801,"description":"Few clouds"},"ghi":390.9,"dhi":84.16,"timestamp_local":"2022-07-20T18:30:00","solar_rad":374.10782,"vis":10,"dni":714.11,"temp":31.5,"slp":1015.5,"clouds":20,"ts":1658334600},{"precip_rate":0,"rh":36,"wind_spd":3.93,"timestamp_utc":"2022-07-20T16:45:00","snow_rate":0,"app_temp":30.6,"pres":1009.35,"azimuth":273.45,"dewpt":14.4,"uv":2.1,"elev_angle":23.51,"wind_dir":322,"weather":{"icon":"c02d","code":802,"description":"Scattered clouds"},"ghi":351.5,"dhi":80.57,"timestamp_local":"2022-07-20T18:45:00","solar_rad":336.38895,"vis":10,"dni":690.97,"temp":31.2,"slp":1015.25,"clouds":21,"ts":1658335500},{"precip_rate":0,"rh":37,"wind_spd":3.92,"timestamp_utc":"2022-07-20T17:00:00","snow_rate":0,"app_temp":30.4,"pres":1009.1,"azimuth":276.41,"dewpt":14.4,"uv":2,"elev_angle":21.21,"wind_dir":324,"weather":{"icon":"c02d","code":802,"description":"Scattered clouds"},"ghi":312.1,"dhi":76.98,"timestamp_local":"2022-07-20T19:00:00","solar_rad":298.31546,"vis":10,"dni":667.83,"temp":30.9,"slp":1015,"clouds":22,"ts":1658336400},{"precip_rate":0,"rh":37,"wind_spd":3.82,"timestamp_utc":"2022-07-20T17:15:00","snow_rate":0,"app_temp":29.9,"pres":1009.35,"azimuth":279.24,"dewpt":14.2,"uv":1.6,"elev_angle":18.97,"wind_dir":322,"weather":{"icon":"c02d","code":802,"description":"Scattered clouds"},"ghi":273.9,"dhi":72.1,"timestamp_local":"2022-07-20T19:15:00","solar_rad":253.43782,"vis":10,"dni":630.09,"temp":30.5,"slp":1015.25,"clouds":39,"ts":1658337300},{"precip_rate":0,"rh":38,"wind_spd":3.72,"timestamp_utc":"2022-07-20T17:30:00","snow_rate":0,"app_temp":29.6,"pres":1009.6,"azimuth":282.07,"dewpt":13.9,"uv":1.3,"elev_angle":16.73,"wind_dir":320,"weather":{"icon":"c03d","code":803,"description":"Broken clouds"},"ghi":235.7,"dhi":67.21,"timestamp_local":"2022-07-20T19:30:00","solar_rad":197.1459,"vis":10,"dni":592.35,"temp":30.1,"slp":1015.5,"clouds":56,"ts":1658338200},{"precip_rate":0,"rh":38,"wind_spd":3.62,"timestamp_utc":"2022-07-20T17:45:00","snow_rate":0,"app_temp":29.1,"pres":1009.85,"azimuth":284.89,"dewpt":13.7,"uv":1,"elev_angle":14.48,"wind_dir":318,"weather":{"icon":"c04d","code":804,"description":"Overcast clouds"},"ghi":197.5,"dhi":62.33,"timestamp_local":"2022-07-20T19:45:00","solar_rad":126.261406,"vis":10,"dni":554.61,"temp":29.7,"slp":1015.75,"clouds":74,"ts":1658339100},{"precip_rate":0,"rh":38,"wind_spd":3.52,"timestamp_utc":"2022-07-20T18:00:00","snow_rate":0,"app_temp":28.7,"pres":1010.1,"azimuth":287.72,"dewpt":13.4,"uv":0.7,"elev_angle":12.24,"wind_dir":316,"weather":{"icon":"c04d","code":804,"description":"Overcast clouds"},"ghi":159.3,"dhi":57.44,"timestamp_local":"2022-07-20T20:00:00","solar_rad":106.178345,"vis":10,"dni":516.87,"temp":29.3,"slp":1016,"clouds":91,"ts":1658340000},{"precip_rate":0,"rh":40,"wind_spd":3.27,"timestamp_utc":"2022-07-20T18:15:00","snow_rate":0,"app_temp":28.4,"pres":1010.07495,"azimuth":290.56,"dewpt":13.5,"uv":0.7,"elev_angle":10.14,"wind_dir":315,"weather":{"icon":"c04d","code":804,"description":"Overcast clouds"},"ghi":128.1,"dhi":50.13,"timestamp_local":"2022-07-20T20:15:00","solar_rad":82.7486,"vis":10,"dni":444.58,"temp":28.8,"slp":1016,"clouds":93,"ts":1658340900},{"precip_rate":0,"rh":41,"wind_spd":3.01,"timestamp_utc":"2022-07-20T18:30:00","snow_rate":0,"app_temp":27.9,"pres":1010.05,"azimuth":293.4,"dewpt":13.5,"uv":0.6,"elev_angle":8.03,"wind_dir":314,"weather":{"icon":"c04d","code":804,"description":"Overcast clouds"},"ghi":96.8,"dhi":42.82,"timestamp_local":"2022-07-20T20:30:00","solar_rad":62.327328,"vis":10,"dni":372.3,"temp":28.2,"slp":1016,"clouds":95,"ts":1658341800},{"precip_rate":0,"rh":42,"wind_spd":2.75,"timestamp_utc":"2022-07-20T18:45:00","snow_rate":0,"app_temp":27.5,"pres":1010.025,"azimuth":296.24,"dewpt":13.6,"uv":0.6,"elev_angle":5.93,"wind_dir":314,"weather":{"icon":"c04d","code":804,"description":"Overcast clouds"},"ghi":65.6,"dhi":35.5,"timestamp_local":"2022-07-20T20:45:00","solar_rad":45.02032,"vis":10,"dni":300.01,"temp":27.6,"slp":1016,"clouds":97,"ts":1658342700},{"precip_rate":0,"rh":44,"wind_spd":2.5,"timestamp_utc":"2022-07-20T19:00:00","snow_rate":0,"app_temp":27.2,"pres":1010,"azimuth":299.08,"dewpt":13.7,"uv":0.6,"elev_angle":3.82,"wind_dir":313,"weather":{"icon":"c04n","code":804,"description":"Overcast clouds"},"ghi":34.4,"dhi":28.19,"timestamp_local":"2022-07-20T21:00:00","solar_rad":31.034815,"vis":10,"dni":227.72,"temp":27.1,"slp":1016,"clouds":99,"ts":1658343600},{"precip_rate":0,"rh":46,"wind_spd":2.56,"timestamp_utc":"2022-07-20T19:15:00","snow_rate":0,"app_temp":26.4,"pres":1010,"azimuth":302.05,"dewpt":13.9,"uv":0.6,"elev_angle":1.94,"wind_dir":308,"weather":{"icon":"c04n","code":804,"description":"Overcast clouds"},"ghi":25.8,"dhi":21.14,"timestamp_local":"2022-07-20T21:15:00","solar_rad":23.263111,"vis":10,"dni":170.79,"temp":26.5,"slp":1016,"clouds":99,"ts":1658344500},{"precip_rate":0,"rh":49,"wind_spd":2.61,"timestamp_utc":"2022-07-20T19:30:00","snow_rate":0,"app_temp":25.8,"pres":1010,"azimuth":305.02,"dewpt":14.2,"uv":0.5,"elev_angle":0.06,"wind_dir":303,"weather":{"icon":"c04n","code":804,"description":"Overcast clouds"},"ghi":17.2,"dhi":14.1,"timestamp_local":"2022-07-20T21:30:00","solar_rad":14.9726,"vis":10,"dni":113.86,"temp":25.9,"slp":1016,"clouds":100,"ts":1658345400},{"precip_rate":0,"rh":52,"wind_spd":2.67,"timestamp_utc":"2022-07-20T19:45:00","snow_rate":0,"app_temp":25.2,"pres":1010,"azimuth":307.99,"dewpt":14.4,"uv":0,"elev_angle":-1.82,"wind_dir":298,"weather":{"icon":"c04n","code":804,"description":"Overcast clouds"},"ghi":8.6,"dhi":7.05,"timestamp_local":"2022-07-20T21:45:00","solar_rad":7.4763336,"vis":10,"dni":56.93,"temp":25.2,"slp":1016,"clouds":100,"ts":1658346300},{"precip_rate":0,"rh":54,"wind_spd":2.73,"timestamp_utc":"2022-07-20T20:00:00","snow_rate":0,"app_temp":24.5,"pres":1010,"azimuth":310.96,"dewpt":14.7,"uv":0,"elev_angle":-3.7,"wind_dir":293,"weather":{"icon":"c04n","code":804,"description":"Overcast clouds"},"ghi":0,"dhi":0,"timestamp_local":"2022-07-20T22:00:00","solar_rad":0,"vis":10,"dni":0,"temp":24.6,"slp":1016,"clouds":100,"ts":1658347200},{"precip_rate":0,"rh":57,"wind_spd":2.75,"timestamp_utc":"2022-07-20T20:15:00","snow_rate":0,"app_temp":24.2,"pres":1010,"azimuth":314.13,"dewpt":15.1,"uv":0,"elev_angle":-5.26,"wind_dir":291,"weather":{"icon":"c04n","code":804,"description":"Overcast clouds"},"ghi":0,"dhi":0,"timestamp_local":"2022-07-20T22:15:00","solar_rad":0,"vis":10,"dni":0,"temp":24.3,"slp":1016,"clouds":100,"ts":1658348100},{"precip_rate":0,"rh":60,"wind_spd":2.76,"timestamp_utc":"2022-07-20T20:30:00","snow_rate":0,"app_temp":24,"pres":1010,"azimuth":317.3,"dewpt":15.5,"uv":0,"elev_angle":-6.82,"wind_dir":289,"weather":{"icon":"c04n","code":804,"description":"Overcast clouds"},"ghi":0,"dhi":0,"timestamp_local":"2022-07-20T22:30:00","solar_rad":0,"vis":10,"dni":0,"temp":23.9,"slp":1016,"clouds":100,"ts":1658349000},{"precip_rate":0.25,"rh":62,"wind_spd":2.78,"timestamp_utc":"2022-07-20T20:45:00","snow_rate":0,"app_temp":23.7,"pres":1010,"azimuth":320.47,"dewpt":15.9,"uv":0,"elev_angle":-8.37,"wind_dir":287,"weather":{"icon":"c04n","code":804,"description":"Overcast clouds"},"ghi":0,"dhi":0,"timestamp_local":"2022-07-20T22:45:00","solar_rad":0,"vis":10,"dni":0,"temp":23.6,"slp":1016,"clouds":100,"ts":1658349900},{"precip_rate":0.5,"rh":65,"wind_spd":2.79,"timestamp_utc":"2022-07-20T21:00:00","snow_rate":0,"app_temp":23.4,"pres":1010,"azimuth":323.64,"dewpt":16.3,"uv":0,"elev_angle":-9.93,"wind_dir":285,"weather":{"icon":"c04n","code":804,"description":"Overcast clouds"},"ghi":0,"dhi":0,"timestamp_local":"2022-07-20T23:00:00","solar_rad":0,"vis":10,"dni":0,"temp":23.3,"slp":1016,"clouds":100,"ts":1658350800},{"precip_rate":0.5,"rh":67,"wind_spd":2.55,"timestamp_utc":"2022-07-20T21:15:00","snow_rate":0,"app_temp":23.1,"pres":1009.975,"azimuth":327.04,"dewpt":16.5,"uv":0,"elev_angle":-11.07,"wind_dir":290,"weather":{"icon":"c04n","code":804,"description":"Overcast clouds"},"ghi":0,"dhi":0,"timestamp_local":"2022-07-20T23:15:00","solar_rad":0,"vis":10,"dni":0,"temp":23,"slp":1016,"clouds":100,"ts":1658351700},{"precip_rate":0.5,"rh":69,"wind_spd":2.31,"timestamp_utc":"2022-07-20T21:30:00","snow_rate":0,"app_temp":22.9,"pres":1009.95,"azimuth":330.45,"dewpt":16.7,"uv":0,"elev_angle":-12.2,"wind_dir":295,"weather":{"icon":"c04n","code":804,"description":"Overcast clouds"},"ghi":0,"dhi":0,"timestamp_local":"2022-07-20T23:30:00","solar_rad":0,"vis":10,"dni":0,"temp":22.8,"slp":1016,"clouds":100,"ts":1658352600},{"precip_rate":0.25,"rh":71,"wind_spd":2.07,"timestamp_utc":"2022-07-20T21:45:00","snow_rate":0,"app_temp":22.6,"pres":1009.92505,"azimuth":333.85,"dewpt":16.9,"uv":0,"elev_angle":-13.34,"wind_dir":300,"weather":{"icon":"c04n","code":804,"description":"Overcast clouds"},"ghi":0,"dhi":0,"timestamp_local":"2022-07-20T23:45:00","solar_rad":0,"vis":10,"dni":0,"temp":22.5,"slp":1016,"clouds":100,"ts":1658353500},{"precip_rate":0,"rh":73,"wind_spd":1.83,"timestamp_utc":"2022-07-20T22:00:00","snow_rate":0,"app_temp":22.4,"pres":1009.9,"azimuth":337.25,"dewpt":17.1,"uv":0,"elev_angle":-14.47,"wind_dir":305,"weather":{"icon":"c04n","code":804,"description":"Overcast clouds"},"ghi":0,"dhi":0,"timestamp_local":"2022-07-21T00:00:00","solar_rad":0,"vis":10,"dni":0,"temp":22.2,"slp":1016,"clouds":100,"ts":1658354400},{"precip_rate":0,"rh":74,"wind_spd":1.64,"timestamp_utc":"2022-07-20T22:15:00","snow_rate":0,"app_temp":22.2,"pres":1010.4,"azimuth":340.85,"dewpt":17.2,"uv":0,"elev_angle":-15.09,"wind_dir":316,"weather":{"icon":"c04n","code":804,"description":"Overcast clouds"},"ghi":0,"dhi":0,"timestamp_local":"2022-07-21T00:15:00","solar_rad":0,"vis":10,"dni":0,"temp":22,"slp":1016.5,"clouds":100,"ts":1658355300},{"precip_rate":0,"rh":76,"wind_spd":1.45,"timestamp_utc":"2022-07-20T22:30:00","snow_rate":0,"app_temp":22,"pres":1010.9,"azimuth":344.44,"dewpt":17.3,"uv":0,"elev_angle":-15.71,"wind_dir":328,"weather":{"icon":"c04n","code":804,"description":"Overcast clouds"},"ghi":0,"dhi":0,"timestamp_local":"2022-07-21T00:30:00","solar_rad":0,"vis":10,"dni":0,"temp":21.8,"slp":1017,"clouds":100,"ts":1658356200},{"precip_rate":0,"rh":78,"wind_spd":1.26,"timestamp_utc":"2022-07-20T22:45:00","snow_rate":0,"app_temp":21.8,"pres":1011.4,"azimuth":348.04,"dewpt":17.4,"uv":0,"elev_angle":-16.32,"wind_dir":340,"weather":{"icon":"c04n","code":804,"description":"Overcast clouds"},"ghi":0,"dhi":0,"timestamp_local":"2022-07-21T00:45:00","solar_rad":0,"vis":10,"dni":0,"temp":21.5,"slp":1017.5,"clouds":100,"ts":1658357100},{"precip_rate":0,"rh":79,"wind_spd":1.07,"timestamp_utc":"2022-07-20T23:00:00","snow_rate":0,"app_temp":21.5,"pres":1011.9,"azimuth":351.63,"dewpt":17.5,"uv":0,"elev_angle":-16.94,"wind_dir":351,"weather":{"icon":"c04n","code":804,"description":"Overcast clouds"},"ghi":0,"dhi":0,"timestamp_local":"2022-07-21T01:00:00","solar_rad":0,"vis":8,"dni":0,"temp":21.3,"slp":1018,"clouds":100,"ts":1658358000},{"precip_rate":0.25,"rh":81,"wind_spd":1,"timestamp_utc":"2022-07-20T23:15:00","snow_rate":0,"app_temp":21.3,"pres":1011.9,"azimuth":265.3,"dewpt":17.6,"uv":0,"elev_angle":-16.98,"wind_dir":270,"weather":{"icon":"c04n","code":804,"description":"Overcast clouds"},"ghi":0,"dhi":0,"timestamp_local":"2022-07-21T01:15:00","solar_rad":0,"vis":6,"dni":0,"temp":21.1,"slp":1018,"clouds":100,"ts":1658358900},{"precip_rate":0.5,"rh":82,"wind_spd":0.93,"timestamp_utc":"2022-07-20T23:30:00","snow_rate":0,"app_temp":21.1,"pres":1011.9,"azimuth":178.98,"dewpt":17.6,"uv":0,"elev_angle":-17.03,"wind_dir":190,"weather":{"icon":"c04n","code":804,"description":"Overcast clouds"},"ghi":0,"dhi":0,"timestamp_local":"2022-07-21T01:30:00","solar_rad":0,"vis":4,"dni":0,"temp":20.8,"slp":1018,"clouds":100,"ts":1658359800},{"precip_rate":2.25,"rh":84,"wind_spd":0.86,"timestamp_utc":"2022-07-20T23:45:00","snow_rate":0,"app_temp":20.9,"pres":1011.9,"azimuth":92.65,"dewpt":17.7,"uv":0,"elev_angle":-17.07,"wind_dir":109,"weather":{"icon":"r01n","code":500,"description":"Light rain"},"ghi":0,"dhi":0,"timestamp_local":"2022-07-21T01:45:00","solar_rad":0,"vis":3,"dni":0,"temp":20.6,"slp":1018,"clouds":100,"ts":1658360700}],"sources":["103150-99999","imerg","merra2","era5","modis"],"city_id":"2856883"}
