{"timezone":"Europe\/Berlin","state_code":"06","country_code":"DE","lat":52.2833,"lon":8,"city_name":"Osnabr�ck","station_id":"103150-99999","data":[{"precip_rate":0,"rh":77,"wind_spd":3.2,"timestamp_utc":"2022-06-30T00:00:00","snow_rate":0,"app_temp":18.1,"pres":1003.3115,"azimuth":6.77,"dewpt":14,"uv":0,"elev_angle":-14.34,"wind_dir":104,"weather":{"icon":"c03n","code":803,"description":"Broken clouds"},"ghi":0,"dhi":0,"timestamp_local":"2022-06-30T02:00:00","solar_rad":0,"vis":10,"dni":0,"temp":18.1,"slp":1013,"clouds":66,"ts":1656547200},{"precip_rate":0,"rh":77,"wind_spd":3.2,"timestamp_utc":"2022-06-30T00:15:00","snow_rate":0,"app_temp":18.1,"pres":1003.3115,"azimuth":10.27,"dewpt":14,"uv":0,"elev_angle":-13.8,"wind_dir":104,"weather":{"icon":"c03n","code":803,"description":"Broken clouds"},"ghi":0,"dhi":0,"timestamp_local":"2022-06-30T02:15:00","solar_rad":0,"vis":10,"dni":0,"temp":18.1,"slp":1013,"clouds":69,"ts":1656548100},{"precip_rate":0,"rh":77,"wind_spd":3.2,"timestamp_utc":"2022-06-30T00:30:00","snow_rate":0,"app_temp":18.1,"pres":1003.3115,"azimuth":13.77,"dewpt":14,"uv":0,"elev_angle":-13.25,"wind_dir":104,"weather":{"icon":"c04n","code":804,"description":"Overcast clouds"},"ghi":0,"dhi":0,"timestamp_local":"2022-06-30T02:30:00","solar_rad":0,"vis":10,"dni":0,"temp":18.1,"slp":1013,"clouds":72,"ts":1656549000},{"precip_rate":0,"rh":77,"wind_spd":3.2,"timestamp_utc":"2022-06-30T00:45:00","snow_rate":0,"app_temp":18.1,"pres":1003.3115,"azimuth":17.26,"dewpt":14,"uv":0,"elev_angle":-12.71,"wind_dir":104,"weather":{"icon":"c04n","code":804,"description":"Overcast clouds"},"ghi":0,"dhi":0,"timestamp_local":"2022-06-30T02:45:00","solar_rad":0,"vis":10,"dni":0,"temp":18.1,"slp":1013,"clouds":76,"ts":1656549900},{"precip_rate":0,"rh":77,"wind_spd":3.2,"timestamp_utc":"2022-06-30T01:00:00","snow_rate":0,"app_temp":18.1,"pres":1003.3115,"azimuth":20.76,"dewpt":14,"uv":0,"elev_angle":-12.16,"wind_dir":104,"weather":{"icon":"c04n","code":804,"description":"Overcast clouds"},"ghi":0,"dhi":0,"timestamp_local":"2022-06-30T03:00:00","solar_rad":0,"vis":10,"dni":0,"temp":18.1,"slp":1013,"clouds":79,"ts":1656550800},{"precip_rate":0,"rh":77,"wind_spd":3.2,"timestamp_utc":"2022-06-30T01:15:00","snow_rate":0,"app_temp":18,"pres":1003.06085,"azimuth":24.09,"dewpt":13.9,"uv":0,"elev_angle":-11.1,"wind_dir":104,"weather":{"icon":"c04n","code":804,"description":"Overcast clouds"},"ghi":0,"dhi":0,"timestamp_local":"2022-06-30T03:15:00","solar_rad":0,"vis":10,"dni":0,"temp":18,"slp":1012.75,"clouds":72,"ts":1656551700},{"precip_rate":0,"rh":77,"wind_spd":3.2,"timestamp_utc":"2022-06-30T01:30:00","snow_rate":0,"app_temp":17.9,"pres":1002.8102,"azimuth":27.43,"dewpt":13.9,"uv":0,"elev_angle":-10.05,"wind_dir":103,"weather":{"icon":"c03n","code":803,"description":"Broken clouds"},"ghi":0,"dhi":0,"timestamp_local":"2022-06-30T03:30:00","solar_rad":0,"vis":10,"dni":0,"temp":17.9,"slp":1012.5,"clouds":66,"ts":1656552600},{"precip_rate":0,"rh":77,"wind_spd":3.2,"timestamp_utc":"2022-06-30T01:45:00","snow_rate":0,"app_temp":17.9,"pres":1002.5595,"azimuth":30.76,"dewpt":13.8,"uv":0,"elev_angle":-8.99,"wind_dir":102,"weather":{"icon":"c03n","code":803,"description":"Broken clouds"},"ghi":0,"dhi":0,"timestamp_local":"2022-06-30T03:45:00","solar_rad":0,"vis":10,"dni":0,"temp":17.9,"slp":1012.25,"clouds":60,"ts":1656553500},{"precip_rate":0,"rh":77,"wind_spd":3.2,"timestamp_utc":"2022-06-30T02:00:00","snow_rate":0,"app_temp":17.8,"pres":1002.30884,"azimuth":34.09,"dewpt":13.7,"uv":0,"elev_angle":-7.93,"wind_dir":102,"weather":{"icon":"c03n","code":803,"description":"Broken clouds"},"ghi":0,"dhi":0,"timestamp_local":"2022-06-30T04:00:00","solar_rad":0,"vis":10,"dni":0,"temp":17.8,"slp":1012,"clouds":53,"ts":1656554400},{"precip_rate":0,"rh":78,"wind_spd":3.1,"timestamp_utc":"2022-06-30T02:15:00","snow_rate":0,"app_temp":17.6,"pres":1002.3027,"azimuth":37.21,"dewpt":13.7,"uv":0,"elev_angle":-6.45,"wind_dir":104,"weather":{"icon":"c03n","code":803,"description":"Broken clouds"},"ghi":0,"dhi":0,"timestamp_local":"2022-06-30T04:15:00","solar_rad":0,"vis":10,"dni":0,"temp":17.6,"slp":1012,"clouds":49,"ts":1656555300},{"precip_rate":0,"rh":78,"wind_spd":3,"timestamp_utc":"2022-06-30T02:30:00","snow_rate":0,"app_temp":17.4,"pres":1002.2965,"azimuth":40.34,"dewpt":13.5,"uv":0,"elev_angle":-4.96,"wind_dir":105,"weather":{"icon":"c03n","code":803,"description":"Broken clouds"},"ghi":0,"dhi":0,"timestamp_local":"2022-06-30T04:30:00","solar_rad":0,"vis":10,"dni":0,"temp":17.4,"slp":1012,"clouds":46,"ts":1656556200},{"precip_rate":0,"rh":78,"wind_spd":2.9,"timestamp_utc":"2022-06-30T02:45:00","snow_rate":0,"app_temp":17.2,"pres":1002.2904,"azimuth":43.46,"dewpt":13.3,"uv":0,"elev_angle":-3.48,"wind_dir":106,"weather":{"icon":"c03n","code":803,"description":"Broken clouds"},"ghi":0,"dhi":0,"timestamp_local":"2022-06-30T04:45:00","solar_rad":0,"vis":10,"dni":0,"temp":17.2,"slp":1012,"clouds":42,"ts":1656557100},{"precip_rate":0,"rh":79,"wind_spd":2.8,"timestamp_utc":"2022-06-30T03:00:00","snow_rate":0,"app_temp":17,"pres":1002.28424,"azimuth":46.58,"dewpt":13.3,"uv":0,"elev_angle":-1.99,"wind_dir":108,"weather":{"icon":"c02n","code":802,"description":"Scattered clouds"},"ghi":0,"dhi":0,"timestamp_local":"2022-06-30T05:00:00","solar_rad":0,"vis":10,"dni":0,"temp":17,"slp":1012,"clouds":38,"ts":1656558000},{"precip_rate":0,"rh":78,"wind_spd":2.8,"timestamp_utc":"2022-06-30T03:15:00","snow_rate":0,"app_temp":17.1,"pres":1002.28735,"azimuth":49.51,"dewpt":13.2,"uv":0,"elev_angle":-0.17,"wind_dir":110,"weather":{"icon":"c02n","code":802,"description":"Scattered clouds"},"ghi":13.2,"dhi":8.65,"timestamp_local":"2022-06-30T05:15:00","solar_rad":12.272755,"vis":10,"dni":74.36,"temp":17.1,"slp":1012,"clouds":38,"ts":1656558900},{"precip_rate":0,"rh":78,"wind_spd":2.8,"timestamp_utc":"2022-06-30T03:30:00","snow_rate":0,"app_temp":17.2,"pres":1002.2904,"azimuth":52.45,"dewpt":13.3,"uv":1.3,"elev_angle":1.65,"wind_dir":111,"weather":{"icon":"c02n","code":802,"description":"Scattered clouds"},"ghi":26.5,"dhi":17.31,"timestamp_local":"2022-06-30T05:30:00","solar_rad":24.6326,"vis":10,"dni":148.73,"temp":17.2,"slp":1012,"clouds":38,"ts":1656559800},{"precip_rate":0,"rh":78,"wind_spd":2.8,"timestamp_utc":"2022-06-30T03:45:00","snow_rate":0,"app_temp":17.3,"pres":1002.29346,"azimuth":55.38,"dewpt":13.4,"uv":1.3,"elev_angle":3.46,"wind_dir":112,"weather":{"icon":"c02n","code":802,"description":"Scattered clouds"},"ghi":39.7,"dhi":25.96,"timestamp_local":"2022-06-30T05:45:00","solar_rad":36.77063,"vis":10,"dni":223.09,"temp":17.3,"slp":1012,"clouds":39,"ts":1656560700},{"precip_rate":0,"rh":77,"wind_spd":2.8,"timestamp_utc":"2022-06-30T04:00:00","snow_rate":0,"app_temp":17.4,"pres":1002.2966,"azimuth":58.31,"dewpt":13.3,"uv":1.3,"elev_angle":5.28,"wind_dir":114,"weather":{"icon":"c02d","code":802,"description":"Scattered clouds"},"ghi":53,"dhi":34.61,"timestamp_local":"2022-06-30T06:00:00","solar_rad":49.10275,"vis":10,"dni":297.45,"temp":17.4,"slp":1012,"clouds":39,"ts":1656561600},{"precip_rate":0,"rh":76,"wind_spd":2.8,"timestamp_utc":"2022-06-30T04:15:00","snow_rate":0,"app_temp":17.8,"pres":1002.30884,"azimuth":61.11,"dewpt":13.5,"uv":1.3,"elev_angle":7.34,"wind_dir":114,"weather":{"icon":"c02d","code":802,"description":"Scattered clouds"},"ghi":84.8,"dhi":41.11,"timestamp_local":"2022-06-30T06:15:00","solar_rad":78.79708,"vis":10,"dni":358.96,"temp":17.8,"slp":1012,"clouds":38,"ts":1656562500},{"precip_rate":0,"rh":76,"wind_spd":2.8,"timestamp_utc":"2022-06-30T04:30:00","snow_rate":0,"app_temp":18.1,"pres":1002.32104,"azimuth":63.92,"dewpt":13.9,"uv":1.3,"elev_angle":9.4,"wind_dir":114,"weather":{"icon":"c02d","code":802,"description":"Scattered clouds"},"ghi":116.5,"dhi":47.61,"timestamp_local":"2022-06-30T06:30:00","solar_rad":108.15409,"vis":10,"dni":420.46,"temp":18.1,"slp":1012,"clouds":38,"ts":1656563400},{"precip_rate":0,"rh":76,"wind_spd":2.8,"timestamp_utc":"2022-06-30T04:45:00","snow_rate":0,"app_temp":18.4,"pres":1002.33325,"azimuth":66.72,"dewpt":14.2,"uv":1.4,"elev_angle":11.45,"wind_dir":114,"weather":{"icon":"c02d","code":802,"description":"Scattered clouds"},"ghi":148.3,"dhi":54.11,"timestamp_local":"2022-06-30T06:45:00","solar_rad":137.5473,"vis":10,"dni":481.97,"temp":18.5,"slp":1012,"clouds":38,"ts":1656564300},{"precip_rate":0,"rh":75,"wind_spd":2.8,"timestamp_utc":"2022-06-30T05:00:00","snow_rate":0,"app_temp":18.8,"pres":1002.3455,"azimuth":69.52,"dewpt":14.4,"uv":1.4,"elev_angle":13.51,"wind_dir":114,"weather":{"icon":"c02d","code":802,"description":"Scattered clouds"},"ghi":180.1,"dhi":60.61,"timestamp_local":"2022-06-30T07:00:00","solar_rad":167.50002,"vis":10,"dni":543.47,"temp":18.9,"slp":1012,"clouds":37,"ts":1656565200},{"precip_rate":0,"rh":74,"wind_spd":2.8,"timestamp_utc":"2022-06-30T05:15:00","snow_rate":0,"app_temp":19.3,"pres":1002.36066,"azimuth":72.3,"dewpt":14.6,"uv":1.5,"elev_angle":15.72,"wind_dir":114,"weather":{"icon":"c02d","code":802,"description":"Scattered clouds"},"ghi":218,"dhi":65.19,"timestamp_local":"2022-06-30T07:15:00","solar_rad":201.99815,"vis":10,"dni":577.87,"temp":19.4,"slp":1012,"clouds":38,"ts":1656566100},{"precip_rate":0,"rh":73,"wind_spd":2.8,"timestamp_utc":"2022-06-30T05:30:00","snow_rate":0,"app_temp":19.7,"pres":1002.37573,"azimuth":75.08,"dewpt":14.8,"uv":1.5,"elev_angle":17.94,"wind_dir":113,"weather":{"icon":"c02d","code":802,"description":"Scattered clouds"},"ghi":255.9,"dhi":69.78,"timestamp_local":"2022-06-30T07:30:00","solar_rad":235.3448,"vis":10,"dni":612.28,"temp":19.8,"slp":1012,"clouds":40,"ts":1656567000},{"precip_rate":0,"rh":72,"wind_spd":2.8,"timestamp_utc":"2022-06-30T05:45:00","snow_rate":0,"app_temp":20.2,"pres":1002.39087,"azimuth":77.86,"dewpt":15,"uv":1.6,"elev_angle":20.15,"wind_dir":112,"weather":{"icon":"c03d","code":803,"description":"Broken clouds"},"ghi":293.8,"dhi":74.36,"timestamp_local":"2022-06-30T07:45:00","solar_rad":267.92825,"vis":10,"dni":646.68,"temp":20.3,"slp":1012,"clouds":42,"ts":1656567900},{"precip_rate":0,"rh":71,"wind_spd":2.8,"timestamp_utc":"2022-06-30T06:00:00","snow_rate":0,"app_temp":20.7,"pres":1002.406,"azimuth":80.64,"dewpt":15.3,"uv":1.7,"elev_angle":22.36,"wind_dir":112,"weather":{"icon":"c03d","code":803,"description":"Broken clouds"},"ghi":331.7,"dhi":78.94,"timestamp_local":"2022-06-30T08:00:00","solar_rad":301.0141,"vis":10,"dni":681.08,"temp":20.7,"slp":1012,"clouds":43,"ts":1656568800},{"precip_rate":0,"rh":70,"wind_spd":2.7,"timestamp_utc":"2022-06-30T06:15:00","snow_rate":0,"app_temp":21.2,"pres":1002.42096,"azimuth":83.54,"dewpt":15.5,"uv":1.9,"elev_angle":24.65,"wind_dir":114,"weather":{"icon":"c03d","code":803,"description":"Broken clouds"},"ghi":370.8,"dhi":82.38,"timestamp_local":"2022-06-30T08:15:00","solar_rad":337.7356,"vis":10,"dni":702.89,"temp":21.2,"slp":1012,"clouds":42,"ts":1656569700},{"precip_rate":0,"rh":70,"wind_spd":2.6,"timestamp_utc":"2022-06-30T06:30:00","snow_rate":0,"app_temp":21.7,"pres":1002.4359,"azimuth":86.44,"dewpt":15.9,"uv":2,"elev_angle":26.94,"wind_dir":116,"weather":{"icon":"c03d","code":803,"description":"Broken clouds"},"ghi":409.9,"dhi":85.83,"timestamp_local":"2022-06-30T08:30:00","solar_rad":374.37714,"vis":10,"dni":724.7,"temp":21.7,"slp":1012,"clouds":41,"ts":1656570600},{"precip_rate":0,"rh":69,"wind_spd":2.5,"timestamp_utc":"2022-06-30T06:45:00","snow_rate":0,"app_temp":22.2,"pres":1002.4508,"azimuth":89.34,"dewpt":16.2,"uv":2.2,"elev_angle":29.22,"wind_dir":118,"weather":{"icon":"c02d","code":802,"description":"Scattered clouds"},"ghi":449,"dhi":89.27,"timestamp_local":"2022-06-30T08:45:00","solar_rad":411.39142,"vis":10,"dni":746.5,"temp":22.1,"slp":1012,"clouds":40,"ts":1656571500},{"precip_rate":0,"rh":68,"wind_spd":2.4,"timestamp_utc":"2022-06-30T07:00:00","snow_rate":0,"app_temp":22.7,"pres":1002.46576,"azimuth":92.24,"dewpt":16.4,"uv":2.5,"elev_angle":31.51,"wind_dir":120,"weather":{"icon":"c02d","code":802,"description":"Scattered clouds"},"ghi":488.1,"dhi":92.71,"timestamp_local":"2022-06-30T09:00:00","solar_rad":448.53528,"vis":10,"dni":768.31,"temp":22.6,"slp":1012,"clouds":39,"ts":1656572400},{"precip_rate":0,"rh":67,"wind_spd":2.2,"timestamp_utc":"2022-06-30T07:15:00","snow_rate":0,"app_temp":23.2,"pres":1002.48047,"azimuth":95.47,"dewpt":16.6,"uv":2.6,"elev_angle":33.78,"wind_dir":122,"weather":{"icon":"c03d","code":803,"description":"Broken clouds"},"ghi":524.5,"dhi":95.3,"timestamp_local":"2022-06-30T09:15:00","solar_rad":476.2063,"vis":10,"dni":782.79,"temp":23.1,"slp":1012,"clouds":42,"ts":1656573300},{"precip_rate":0,"rh":66,"wind_spd":2,"timestamp_utc":"2022-06-30T07:30:00","snow_rate":0,"app_temp":23.6,"pres":1002.49524,"azimuth":98.69,"dewpt":16.8,"uv":2.8,"elev_angle":36.04,"wind_dir":124,"weather":{"icon":"c03d","code":803,"description":"Broken clouds"},"ghi":561,"dhi":97.88,"timestamp_local":"2022-06-30T09:30:00","solar_rad":504.52704,"vis":10,"dni":797.27,"temp":23.5,"slp":1012,"clouds":44,"ts":1656574200},{"precip_rate":0,"rh":64,"wind_spd":1.8,"timestamp_utc":"2022-06-30T07:45:00","snow_rate":0,"app_temp":24.1,"pres":1002.51,"azimuth":101.92,"dewpt":16.7,"uv":3,"elev_angle":38.31,"wind_dir":126,"weather":{"icon":"c03d","code":803,"description":"Broken clouds"},"ghi":597.5,"dhi":100.47,"timestamp_local":"2022-06-30T09:45:00","solar_rad":529.18115,"vis":10,"dni":811.75,"temp":23.9,"slp":1012,"clouds":47,"ts":1656575100},{"precip_rate":0,"rh":63,"wind_spd":1.6,"timestamp_utc":"2022-06-30T08:00:00","snow_rate":0,"app_temp":24.5,"pres":1002.5247,"azimuth":105.14,"dewpt":16.9,"uv":3.1,"elev_angle":40.57,"wind_dir":128,"weather":{"icon":"c03d","code":803,"description":"Broken clouds"},"ghi":633.9,"dhi":103.05,"timestamp_local":"2022-06-30T10:00:00","solar_rad":550.8626,"vis":10,"dni":826.23,"temp":24.4,"slp":1012,"clouds":50,"ts":1656576000},{"precip_rate":0,"rh":62,"wind_spd":1.5,"timestamp_utc":"2022-06-30T08:15:00","snow_rate":0,"app_temp":24.8,"pres":1002.5335,"azimuth":109,"dewpt":16.9,"uv":3.3,"elev_angle":42.68,"wind_dir":126,"weather":{"icon":"c03d","code":803,"description":"Broken clouds"},"ghi":664.5,"dhi":104.92,"timestamp_local":"2022-06-30T10:15:00","solar_rad":569.3278,"vis":10,"dni":835.79,"temp":24.7,"slp":1012,"clouds":52,"ts":1656576900},{"precip_rate":0,"rh":61,"wind_spd":1.4,"timestamp_utc":"2022-06-30T08:30:00","snow_rate":0,"app_temp":25.1,"pres":1002.54224,"azimuth":112.85,"dewpt":17,"uv":3.5,"elev_angle":44.8,"wind_dir":123,"weather":{"icon":"c03d","code":803,"description":"Broken clouds"},"ghi":695,"dhi":106.78,"timestamp_local":"2022-06-30T10:30:00","solar_rad":586.15204,"vis":10,"dni":845.35,"temp":25,"slp":1012,"clouds":54,"ts":1656577800},{"precip_rate":0,"rh":60,"wind_spd":1.3,"timestamp_utc":"2022-06-30T08:45:00","snow_rate":0,"app_temp":25.5,"pres":1002.551,"azimuth":116.71,"dewpt":17,"uv":3.6,"elev_angle":46.91,"wind_dir":120,"weather":{"icon":"c03d","code":803,"description":"Broken clouds"},"ghi":725.6,"dhi":108.65,"timestamp_local":"2022-06-30T10:45:00","solar_rad":595.7116,"vis":10,"dni":854.91,"temp":25.3,"slp":1012,"clouds":57,"ts":1656578700},{"precip_rate":0,"rh":59,"wind_spd":1.2,"timestamp_utc":"2022-06-30T09:00:00","snow_rate":0,"app_temp":25.8,"pres":1002.5598,"azimuth":120.56,"dewpt":17,"uv":3.8,"elev_angle":49.02,"wind_dir":118,"weather":{"icon":"c03d","code":803,"description":"Broken clouds"},"ghi":756.1,"dhi":110.51,"timestamp_local":"2022-06-30T11:00:00","solar_rad":608.2115,"vis":10,"dni":864.47,"temp":25.6,"slp":1012,"clouds":59,"ts":1656579600},{"precip_rate":0,"rh":57,"wind_spd":1.1,"timestamp_utc":"2022-06-30T09:15:00","snow_rate":0,"app_temp":26.2,"pres":1002.3266,"azimuth":125.48,"dewpt":16.9,"uv":3.5,"elev_angle":50.77,"wind_dir":112,"weather":{"icon":"c03d","code":803,"description":"Broken clouds"},"ghi":778.2,"dhi":111.73,"timestamp_local":"2022-06-30T11:15:00","solar_rad":554.0252,"vis":10,"dni":870.35,"temp":26.1,"slp":1011.75,"clouds":68,"ts":1656580500},{"precip_rate":0,"rh":55,"wind_spd":1,"timestamp_utc":"2022-06-30T09:30:00","snow_rate":0,"app_temp":26.6,"pres":1002.0934,"azimuth":130.39,"dewpt":16.7,"uv":3.3,"elev_angle":52.52,"wind_dir":105,"weather":{"icon":"c04d","code":804,"description":"Overcast clouds"},"ghi":800.2,"dhi":112.95,"timestamp_local":"2022-06-30T11:30:00","solar_rad":480.84406,"vis":10,"dni":876.22,"temp":26.5,"slp":1011.5,"clouds":76,"ts":1656581400},{"precip_rate":0,"rh":53,"wind_spd":0.9,"timestamp_utc":"2022-06-30T09:45:00","snow_rate":0,"app_temp":27.6,"pres":1001.8601,"azimuth":135.31,"dewpt":16.6,"uv":3,"elev_angle":54.27,"wind_dir":98,"weather":{"icon":"c04d","code":804,"description":"Overcast clouds"},"ghi":822.2,"dhi":114.16,"timestamp_local":"2022-06-30T11:45:00","solar_rad":359.70078,"vis":10,"dni":882.1,"temp":26.9,"slp":1011.25,"clouds":85,"ts":1656582300},{"precip_rate":0,"rh":51,"wind_spd":0.8,"timestamp_utc":"2022-06-30T10:00:00","snow_rate":0,"app_temp":27.9,"pres":1001.6269,"azimuth":140.22,"dewpt":16.4,"uv":2.7,"elev_angle":56.02,"wind_dir":92,"weather":{"icon":"c04d","code":804,"description":"Overcast clouds"},"ghi":844.2,"dhi":115.38,"timestamp_local":"2022-06-30T12:00:00","solar_rad":191.39809,"vis":10,"dni":887.97,"temp":27.4,"slp":1011,"clouds":94,"ts":1656583200},{"precip_rate":0,"rh":50,"wind_spd":0.9,"timestamp_utc":"2022-06-30T10:15:00","snow_rate":0,"app_temp":28,"pres":1001.6326,"azimuth":146.48,"dewpt":16.2,"uv":2.7,"elev_angle":57.08,"wind_dir":93,"weather":{"icon":"c04d","code":804,"description":"Overcast clouds"},"ghi":855.9,"dhi":115.99,"timestamp_local":"2022-06-30T12:15:00","solar_rad":148.10126,"vis":10,"dni":890.8,"temp":27.6,"slp":1011,"clouds":96,"ts":1656584100},{"precip_rate":0,"rh":48,"wind_spd":1,"timestamp_utc":"2022-06-30T10:30:00","snow_rate":0,"app_temp":28,"pres":1001.63837,"azimuth":152.75,"dewpt":15.7,"uv":2.7,"elev_angle":58.14,"wind_dir":94,"weather":{"icon":"c04d","code":804,"description":"Overcast clouds"},"ghi":867.5,"dhi":116.6,"timestamp_local":"2022-06-30T12:30:00","solar_rad":126.8861,"vis":10,"dni":893.63,"temp":27.8,"slp":1011,"clouds":97,"ts":1656585000},{"precip_rate":0,"rh":46,"wind_spd":1.1,"timestamp_utc":"2022-06-30T10:45:00","snow_rate":0,"app_temp":28,"pres":1001.6441,"azimuth":159.01,"dewpt":15.2,"uv":2.7,"elev_angle":59.19,"wind_dir":95,"weather":{"icon":"c04d","code":804,"description":"Overcast clouds"},"ghi":879.1,"dhi":117.2,"timestamp_local":"2022-06-30T12:45:00","solar_rad":220.06027,"vis":10,"dni":896.46,"temp":27.9,"slp":1011,"clouds":98,"ts":1656585900},{"precip_rate":0,"rh":45,"wind_spd":1.2,"timestamp_utc":"2022-06-30T11:00:00","snow_rate":0,"app_temp":28.1,"pres":1001.64984,"azimuth":165.27,"dewpt":15,"uv":2.6,"elev_angle":60.25,"wind_dir":96,"weather":{"icon":"c04d","code":804,"description":"Overcast clouds"},"ghi":890.8,"dhi":117.81,"timestamp_local":"2022-06-30T13:00:00","solar_rad":169.28557,"vis":10,"dni":899.29,"temp":28.1,"slp":1011,"clouds":100,"ts":1656586800},{"precip_rate":0,"rh":44,"wind_spd":1,"timestamp_utc":"2022-06-30T11:15:00","snow_rate":0,"app_temp":28,"pres":1001.64984,"azimuth":172.28,"dewpt":14.7,"uv":2.6,"elev_angle":60.28,"wind_dir":116,"weather":{"icon":"c04d","code":804,"description":"Overcast clouds"},"ghi":891.1,"dhi":117.83,"timestamp_local":"2022-06-30T13:15:00","solar_rad":170.1591,"vis":10,"dni":899.36,"temp":28.1,"slp":1011,"clouds":100,"ts":1656587700},{"precip_rate":0,"rh":44,"wind_spd":0.8,"timestamp_utc":"2022-06-30T11:30:00","snow_rate":0,"app_temp":28,"pres":1001.64984,"azimuth":179.3,"dewpt":14.7,"uv":2.6,"elev_angle":60.31,"wind_dir":135,"weather":{"icon":"c04d","code":804,"description":"Overcast clouds"},"ghi":891.3,"dhi":117.84,"timestamp_local":"2022-06-30T13:30:00","solar_rad":170.18106,"vis":10,"dni":899.43,"temp":28.1,"slp":1011,"clouds":100,"ts":1656588600},{"precip_rate":0,"rh":44,"wind_spd":0.6,"timestamp_utc":"2022-06-30T11:45:00","snow_rate":0,"app_temp":28,"pres":1001.64984,"azimuth":186.31,"dewpt":14.7,"uv":2.6,"elev_angle":60.33,"wind_dir":154,"weather":{"icon":"c04d","code":804,"description":"Overcast clouds"},"ghi":891.6,"dhi":117.86,"timestamp_local":"2022-06-30T13:45:00","solar_rad":170.21893,"vis":10,"dni":899.49,"temp":28.1,"slp":1011,"clouds":100,"ts":1656589500},{"precip_rate":0,"rh":43,"wind_spd":0.4,"timestamp_utc":"2022-06-30T12:00:00","snow_rate":0,"app_temp":28,"pres":1001.64984,"azimuth":193.32,"dewpt":14.3,"uv":2.6,"elev_angle":60.36,"wind_dir":174,"weather":{"icon":"c04d","code":804,"description":"Overcast clouds"},"ghi":891.9,"dhi":117.87,"timestamp_local":"2022-06-30T14:00:00","solar_rad":171.0836,"vis":10,"dni":899.56,"temp":28.1,"slp":1011,"clouds":100,"ts":1656590400},{"precip_rate":0,"rh":43,"wind_spd":0.5,"timestamp_utc":"2022-06-30T12:15:00","snow_rate":0,"app_temp":28.1,"pres":1001.6527,"azimuth":199.65,"dewpt":14.4,"uv":2.6,"elev_angle":59.35,"wind_dir":159,"weather":{"icon":"c04d","code":804,"description":"Overcast clouds"},"ghi":880.8,"dhi":117.29,"timestamp_local":"2022-06-30T14:15:00","solar_rad":169.62694,"vis":10,"dni":896.87,"temp":28.2,"slp":1011,"clouds":100,"ts":1656591300},{"precip_rate":0,"rh":42,"wind_spd":0.6,"timestamp_utc":"2022-06-30T12:30:00","snow_rate":0,"app_temp":28.1,"pres":1001.6555,"azimuth":205.97,"dewpt":14.2,"uv":2.5,"elev_angle":58.34,"wind_dir":144,"weather":{"icon":"c04d","code":804,"description":"Overcast clouds"},"ghi":869.7,"dhi":116.72,"timestamp_local":"2022-06-30T14:30:00","solar_rad":169.00983,"vis":10,"dni":894.19,"temp":28.3,"slp":1011,"clouds":100,"ts":1656592200},{"precip_rate":0,"rh":42,"wind_spd":0.7,"timestamp_utc":"2022-06-30T12:45:00","snow_rate":0,"app_temp":28.2,"pres":1001.6584,"azimuth":212.3,"dewpt":14.3,"uv":2.5,"elev_angle":57.32,"wind_dir":129,"weather":{"icon":"c04d","code":804,"description":"Overcast clouds"},"ghi":858.7,"dhi":116.14,"timestamp_local":"2022-06-30T14:45:00","solar_rad":193.52405,"vis":10,"dni":891.5,"temp":28.4,"slp":1011,"clouds":99,"ts":1656593100},{"precip_rate":0,"rh":42,"wind_spd":0.8,"timestamp_utc":"2022-06-30T13:00:00","snow_rate":0,"app_temp":28.3,"pres":1001.66125,"azimuth":218.62,"dewpt":14.3,"uv":2.5,"elev_angle":56.31,"wind_dir":114,"weather":{"icon":"c04d","code":804,"description":"Overcast clouds"},"ghi":847.6,"dhi":115.56,"timestamp_local":"2022-06-30T15:00:00","solar_rad":191.73805,"vis":10,"dni":888.81,"temp":28.5,"slp":1011,"clouds":99,"ts":1656594000},{"precip_rate":0,"rh":42,"wind_spd":1.1,"timestamp_utc":"2022-06-30T13:15:00","snow_rate":0,"app_temp":28.3,"pres":1001.4136,"azimuth":223.6,"dewpt":14.3,"uv":2.5,"elev_angle":54.59,"wind_dir":111,"weather":{"icon":"c04d","code":804,"description":"Overcast clouds"},"ghi":826,"dhi":114.38,"timestamp_local":"2022-06-30T15:15:00","solar_rad":123.84735,"vis":10,"dni":883.1,"temp":28.5,"slp":1010.75,"clouds":97,"ts":1656594900},{"precip_rate":0,"rh":42,"wind_spd":1.4,"timestamp_utc":"2022-06-30T13:30:00","snow_rate":0,"app_temp":28.3,"pres":1001.1659,"azimuth":228.58,"dewpt":14.3,"uv":2.5,"elev_angle":52.86,"wind_dir":108,"weather":{"icon":"c04d","code":804,"description":"Overcast clouds"},"ghi":804.5,"dhi":113.19,"timestamp_local":"2022-06-30T15:30:00","solar_rad":186.75955,"vis":10,"dni":877.39,"temp":28.5,"slp":1010.5,"clouds":94,"ts":1656595800},{"precip_rate":0,"rh":42,"wind_spd":1.7,"timestamp_utc":"2022-06-30T13:45:00","snow_rate":0,"app_temp":28.3,"pres":1000.91815,"azimuth":233.56,"dewpt":14.3,"uv":2.5,"elev_angle":51.14,"wind_dir":105,"weather":{"icon":"c04d","code":804,"description":"Overcast clouds"},"ghi":783,"dhi":112.01,"timestamp_local":"2022-06-30T15:45:00","solar_rad":222.03093,"vis":10,"dni":871.67,"temp":28.5,"slp":1010.25,"clouds":92,"ts":1656596700},{"precip_rate":0,"rh":42,"wind_spd":2,"timestamp_utc":"2022-06-30T14:00:00","snow_rate":0,"app_temp":28.3,"pres":1000.6705,"azimuth":238.54,"dewpt":14.3,"uv":2.4,"elev_angle":49.41,"wind_dir":102,"weather":{"icon":"c04d","code":804,"description":"Overcast clouds"},"ghi":761.4,"dhi":110.82,"timestamp_local":"2022-06-30T16:00:00","solar_rad":253.06743,"vis":10,"dni":865.96,"temp":28.5,"slp":1010,"clouds":90,"ts":1656597600},{"precip_rate":0,"rh":42,"wind_spd":2,"timestamp_utc":"2022-06-30T14:15:00","snow_rate":0,"app_temp":28.3,"pres":1000.6705,"azimuth":242.44,"dewpt":14.3,"uv":2.4,"elev_angle":47.31,"wind_dir":98,"weather":{"icon":"c04d","code":804,"description":"Overcast clouds"},"ghi":731.2,"dhi":108.99,"timestamp_local":"2022-06-30T16:15:00","solar_rad":293.10385,"vis":10,"dni":856.61,"temp":28.5,"slp":1010,"clouds":87,"ts":1656598500},{"precip_rate":0,"rh":42,"wind_spd":2,"timestamp_utc":"2022-06-30T14:30:00","snow_rate":0,"app_temp":28.3,"pres":1000.6705,"azimuth":246.34,"dewpt":14.3,"uv":2.4,"elev_angle":45.21,"wind_dir":93,"weather":{"icon":"c04d","code":804,"description":"Overcast clouds"},"ghi":701,"dhi":107.16,"timestamp_local":"2022-06-30T16:30:00","solar_rad":325.19116,"vis":10,"dni":847.25,"temp":28.5,"slp":1010,"clouds":84,"ts":1656599400},{"precip_rate":0,"rh":43,"wind_spd":2,"timestamp_utc":"2022-06-30T14:45:00","snow_rate":0,"app_temp":28.4,"pres":1000.6705,"azimuth":250.23,"dewpt":14.7,"uv":2.3,"elev_angle":43.11,"wind_dir":88,"weather":{"icon":"c04d","code":804,"description":"Overcast clouds"},"ghi":670.8,"dhi":105.32,"timestamp_local":"2022-06-30T16:45:00","solar_rad":349.38046,"vis":10,"dni":837.9,"temp":28.5,"slp":1010,"clouds":81,"ts":1656600300},{"precip_rate":0,"rh":43,"wind_spd":2,"timestamp_utc":"2022-06-30T15:00:00","snow_rate":0,"app_temp":28.4,"pres":1000.6705,"azimuth":254.13,"dewpt":14.7,"uv":2.2,"elev_angle":41.01,"wind_dir":84,"weather":{"icon":"c04d","code":804,"description":"Overcast clouds"},"ghi":640.6,"dhi":103.49,"timestamp_local":"2022-06-30T17:00:00","solar_rad":367.56647,"vis":10,"dni":828.54,"temp":28.5,"slp":1010,"clouds":78,"ts":1656601200},{"precip_rate":0,"rh":43,"wind_spd":2.3,"timestamp_utc":"2022-06-30T15:15:00","snow_rate":0,"app_temp":28.4,"pres":1000.4228,"azimuth":257.38,"dewpt":14.7,"uv":2,"elev_angle":38.75,"wind_dir":82,"weather":{"icon":"c04d","code":804,"description":"Overcast clouds"},"ghi":604.4,"dhi":100.94,"timestamp_local":"2022-06-30T17:15:00","solar_rad":336.45016,"vis":10,"dni":814.34,"temp":28.5,"slp":1009.75,"clouds":79,"ts":1656602100},{"precip_rate":0,"rh":44,"wind_spd":2.6,"timestamp_utc":"2022-06-30T15:30:00","snow_rate":0,"app_temp":28.5,"pres":1000.17505,"azimuth":260.63,"dewpt":15.1,"uv":1.8,"elev_angle":36.49,"wind_dir":81,"weather":{"icon":"c04d","code":804,"description":"Overcast clouds"},"ghi":568.1,"dhi":98.39,"timestamp_local":"2022-06-30T17:30:00","solar_rad":305.69702,"vis":10,"dni":800.14,"temp":28.5,"slp":1009.5,"clouds":80,"ts":1656603000},{"precip_rate":0,"rh":44,"wind_spd":2.9,"timestamp_utc":"2022-06-30T15:45:00","snow_rate":0,"app_temp":28.5,"pres":999.92737,"azimuth":263.87,"dewpt":15.1,"uv":1.7,"elev_angle":34.22,"wind_dir":80,"weather":{"icon":"c04d","code":804,"description":"Overcast clouds"},"ghi":531.9,"dhi":95.84,"timestamp_local":"2022-06-30T17:45:00","solar_rad":276.54666,"vis":10,"dni":785.94,"temp":28.5,"slp":1009.25,"clouds":81,"ts":1656603900},{"precip_rate":0,"rh":44,"wind_spd":3.2,"timestamp_utc":"2022-06-30T16:00:00","snow_rate":0,"app_temp":28.5,"pres":999.6797,"azimuth":267.12,"dewpt":15.1,"uv":1.5,"elev_angle":31.96,"wind_dir":78,"weather":{"icon":"c04d","code":804,"description":"Overcast clouds"},"ghi":495.6,"dhi":93.29,"timestamp_local":"2022-06-30T18:00:00","solar_rad":248.39153,"vis":10,"dni":771.74,"temp":28.5,"slp":1009,"clouds":82,"ts":1656604800},{"precip_rate":0,"rh":44,"wind_spd":3,"timestamp_utc":"2022-06-30T16:15:00","snow_rate":0,"app_temp":28.3,"pres":999.42914,"azimuth":270.03,"dewpt":15,"uv":1.3,"elev_angle":29.67,"wind_dir":86,"weather":{"icon":"c04d","code":804,"description":"Overcast clouds"},"ghi":456.6,"dhi":89.89,"timestamp_local":"2022-06-30T18:15:00","solar_rad":211.08025,"vis":10,"dni":750.37,"temp":28.4,"slp":1008.75,"clouds":84,"ts":1656605700},{"precip_rate":0,"rh":45,"wind_spd":2.8,"timestamp_utc":"2022-06-30T16:30:00","snow_rate":0,"app_temp":28.3,"pres":999.1786,"azimuth":272.94,"dewpt":15.2,"uv":1.2,"elev_angle":27.39,"wind_dir":94,"weather":{"icon":"c04d","code":804,"description":"Overcast clouds"},"ghi":417.5,"dhi":86.5,"timestamp_local":"2022-06-30T18:30:00","solar_rad":166.40022,"vis":10,"dni":729,"temp":28.3,"slp":1008.5,"clouds":87,"ts":1656606600},{"precip_rate":0,"rh":46,"wind_spd":2.6,"timestamp_utc":"2022-06-30T16:45:00","snow_rate":0,"app_temp":28.3,"pres":998.9281,"azimuth":275.85,"dewpt":15.5,"uv":1,"elev_angle":25.1,"wind_dir":102,"weather":{"icon":"c04d","code":804,"description":"Overcast clouds"},"ghi":378.4,"dhi":83.1,"timestamp_local":"2022-06-30T18:45:00","solar_rad":124.6487,"vis":10,"dni":707.62,"temp":28.2,"slp":1008.25,"clouds":90,"ts":1656607500},{"precip_rate":0,"rh":46,"wind_spd":2.4,"timestamp_utc":"2022-06-30T17:00:00","snow_rate":0,"app_temp":28.2,"pres":998.67755,"azimuth":278.76,"dewpt":15.4,"uv":0.9,"elev_angle":22.81,"wind_dir":110,"weather":{"icon":"c04d","code":804,"description":"Overcast clouds"},"ghi":339.3,"dhi":79.7,"timestamp_local":"2022-06-30T19:00:00","solar_rad":95.28873,"vis":10,"dni":686.25,"temp":28.1,"slp":1008,"clouds":92,"ts":1656608400},{"precip_rate":0,"rh":48,"wind_spd":2.1,"timestamp_utc":"2022-06-30T17:15:00","snow_rate":0,"app_temp":28,"pres":998.91376,"azimuth":281.54,"dewpt":15.7,"uv":0.8,"elev_angle":20.59,"wind_dir":129,"weather":{"icon":"c04d","code":804,"description":"Overcast clouds"},"ghi":301.2,"dhi":75.18,"timestamp_local":"2022-06-30T19:15:00","solar_rad":84.30424,"vis":10,"dni":652.64,"temp":27.8,"slp":1008.25,"clouds":92,"ts":1656609300},{"precip_rate":0,"rh":49,"wind_spd":1.8,"timestamp_utc":"2022-06-30T17:30:00","snow_rate":0,"app_temp":27.7,"pres":999.15,"azimuth":284.33,"dewpt":15.7,"uv":0.8,"elev_angle":18.37,"wind_dir":148,"weather":{"icon":"c04d","code":804,"description":"Overcast clouds"},"ghi":263.2,"dhi":70.66,"timestamp_local":"2022-06-30T19:30:00","solar_rad":73.661415,"vis":10,"dni":619.04,"temp":27.4,"slp":1008.5,"clouds":92,"ts":1656610200},{"precip_rate":0,"rh":50,"wind_spd":1.5,"timestamp_utc":"2022-06-30T17:45:00","snow_rate":0,"app_temp":27.5,"pres":999.3862,"azimuth":287.11,"dewpt":15.7,"uv":0.8,"elev_angle":16.14,"wind_dir":167,"weather":{"icon":"c04d","code":804,"description":"Overcast clouds"},"ghi":225.1,"dhi":66.14,"timestamp_local":"2022-06-30T19:45:00","solar_rad":68.5626,"vis":10,"dni":585.43,"temp":27.1,"slp":1008.75,"clouds":91,"ts":1656611100},{"precip_rate":0,"rh":52,"wind_spd":1.2,"timestamp_utc":"2022-06-30T18:00:00","snow_rate":0,"app_temp":27.3,"pres":999.62244,"azimuth":289.89,"dewpt":16,"uv":0.7,"elev_angle":13.92,"wind_dir":186,"weather":{"icon":"c04d","code":804,"description":"Overcast clouds"},"ghi":187,"dhi":61.62,"timestamp_local":"2022-06-30T20:00:00","solar_rad":117.53927,"vis":10,"dni":551.82,"temp":26.7,"slp":1009,"clouds":91,"ts":1656612000},{"precip_rate":0.75,"rh":55,"wind_spd":1.4,"timestamp_utc":"2022-06-30T18:15:00","snow_rate":0,"app_temp":26.2,"pres":999.60504,"azimuth":292.69,"dewpt":16.4,"uv":0.8,"elev_angle":11.85,"wind_dir":206,"weather":{"icon":"r01d","code":500,"description":"Light rain"},"ghi":154.7,"dhi":55.24,"timestamp_local":"2022-06-30T20:15:00","solar_rad":82.674866,"vis":10,"dni":492.2,"temp":26.1,"slp":1009,"clouds":80,"ts":1656612900},{"precip_rate":1.5,"rh":58,"wind_spd":1.6,"timestamp_utc":"2022-06-30T18:30:00","snow_rate":0,"app_temp":25.7,"pres":999.58765,"azimuth":295.49,"dewpt":16.7,"uv":0.9,"elev_angle":9.78,"wind_dir":226,"weather":{"icon":"r01d","code":500,"description":"Light rain"},"ghi":122.5,"dhi":48.87,"timestamp_local":"2022-06-30T20:30:00","solar_rad":80.53282,"vis":10,"dni":432.57,"temp":25.6,"slp":1009,"clouds":70,"ts":1656613800},{"precip_rate":1.75,"rh":60,"wind_spd":1.8,"timestamp_utc":"2022-06-30T18:45:00","snow_rate":0,"app_temp":25.1,"pres":999.57025,"azimuth":298.29,"dewpt":16.7,"uv":1.1,"elev_angle":7.71,"wind_dir":246,"weather":{"icon":"r01d","code":500,"description":"Light rain"},"ghi":90.2,"dhi":42.49,"timestamp_local":"2022-06-30T20:45:00","solar_rad":68.91923,"vis":10,"dni":372.95,"temp":25,"slp":1009,"clouds":59,"ts":1656614700},{"precip_rate":2,"rh":63,"wind_spd":2,"timestamp_utc":"2022-06-30T19:00:00","snow_rate":0,"app_temp":24.5,"pres":999.55286,"azimuth":301.09,"dewpt":16.9,"uv":1.2,"elev_angle":5.64,"wind_dir":266,"weather":{"icon":"r01d","code":500,"description":"Light rain"},"ghi":58,"dhi":36.11,"timestamp_local":"2022-06-30T21:00:00","solar_rad":47.432163,"vis":7,"dni":313.32,"temp":24.4,"slp":1009,"clouds":48,"ts":1656615600},{"precip_rate":10.5,"rh":64,"wind_spd":2.6,"timestamp_utc":"2022-06-30T19:15:00","snow_rate":0,"app_temp":24.1,"pres":999.78577,"azimuth":304.01,"dewpt":16.7,"uv":1.2,"elev_angle":3.81,"wind_dir":269,"weather":{"icon":"r03n","code":502,"description":"Heavy rain"},"ghi":43.5,"dhi":27.08,"timestamp_local":"2022-06-30T21:15:00","solar_rad":25.198057,"vis":4,"dni":234.99,"temp":23.9,"slp":1009.25,"clouds":46,"ts":1656616500},{"precip_rate":19,"rh":66,"wind_spd":3.2,"timestamp_utc":"2022-06-30T19:30:00","snow_rate":0,"app_temp":23.6,"pres":1000.0187,"azimuth":306.94,"dewpt":16.8,"uv":1.2,"elev_angle":1.98,"wind_dir":272,"weather":{"icon":"r03n","code":502,"description":"Heavy rain"},"ghi":29,"dhi":18.06,"timestamp_local":"2022-06-30T21:30:00","solar_rad":17.171091,"vis":7,"dni":156.66,"temp":23.5,"slp":1009.5,"clouds":43,"ts":1656617400},{"precip_rate":22.75,"rh":67,"wind_spd":3.8,"timestamp_utc":"2022-06-30T19:45:00","snow_rate":0,"app_temp":23.2,"pres":1000.25165,"azimuth":309.86,"dewpt":16.6,"uv":1.3,"elev_angle":0.14,"wind_dir":275,"weather":{"icon":"r03n","code":502,"description":"Heavy rain"},"ghi":14.5,"dhi":9.03,"timestamp_local":"2022-06-30T21:45:00","solar_rad":8.754361,"vis":10,"dni":78.33,"temp":23.1,"slp":1009.75,"clouds":40,"ts":1656618300},{"precip_rate":26.5,"rh":68,"wind_spd":4.4,"timestamp_utc":"2022-06-30T20:00:00","snow_rate":0,"app_temp":22.7,"pres":1000.48456,"azimuth":312.78,"dewpt":16.4,"uv":0,"elev_angle":-1.69,"wind_dir":278,"weather":{"icon":"r03n","code":502,"description":"Heavy rain"},"ghi":0,"dhi":0,"timestamp_local":"2022-06-30T22:00:00","solar_rad":0,"vis":10,"dni":0,"temp":22.6,"slp":1010,"clouds":38,"ts":1656619200},{"precip_rate":21,"rh":72,"wind_spd":4.1,"timestamp_utc":"2022-06-30T20:15:00","snow_rate":0,"app_temp":21.9,"pres":1000.4576,"azimuth":315.89,"dewpt":16.5,"uv":0,"elev_angle":-3.2,"wind_dir":278,"weather":{"icon":"r03n","code":502,"description":"Heavy rain"},"ghi":0,"dhi":0,"timestamp_local":"2022-06-30T22:15:00","solar_rad":0,"vis":10,"dni":0,"temp":21.8,"slp":1010,"clouds":54,"ts":1656620100},{"precip_rate":15.5,"rh":76,"wind_spd":3.8,"timestamp_utc":"2022-06-30T20:30:00","snow_rate":0,"app_temp":21.1,"pres":1000.43066,"azimuth":319.01,"dewpt":16.6,"uv":0,"elev_angle":-4.7,"wind_dir":277,"weather":{"icon":"r03n","code":502,"description":"Heavy rain"},"ghi":0,"dhi":0,"timestamp_local":"2022-06-30T22:30:00","solar_rad":0,"vis":10,"dni":0,"temp":20.9,"slp":1010,"clouds":69,"ts":1656621000},{"precip_rate":9,"rh":79,"wind_spd":3.5,"timestamp_utc":"2022-06-30T20:45:00","snow_rate":0,"app_temp":20.3,"pres":1000.4037,"azimuth":322.12,"dewpt":16.4,"uv":0,"elev_angle":-6.21,"wind_dir":276,"weather":{"icon":"r03n","code":502,"description":"Heavy rain"},"ghi":0,"dhi":0,"timestamp_local":"2022-06-30T22:45:00","solar_rad":0,"vis":10,"dni":0,"temp":20.1,"slp":1010,"clouds":84,"ts":1656621900},{"precip_rate":2.5,"rh":83,"wind_spd":3.2,"timestamp_utc":"2022-06-30T21:00:00","snow_rate":0,"app_temp":19.5,"pres":1000.3767,"azimuth":325.23,"dewpt":16.3,"uv":0,"elev_angle":-7.71,"wind_dir":276,"weather":{"icon":"r01n","code":500,"description":"Light rain"},"ghi":0,"dhi":0,"timestamp_local":"2022-06-30T23:00:00","solar_rad":0,"vis":10,"dni":0,"temp":19.3,"slp":1010,"clouds":100,"ts":1656622800},{"precip_rate":1.25,"rh":85,"wind_spd":3.1,"timestamp_utc":"2022-06-30T21:15:00","snow_rate":0,"app_temp":19.1,"pres":1000.6121,"azimuth":328.56,"dewpt":16.3,"uv":0,"elev_angle":-8.79,"wind_dir":278,"weather":{"icon":"r01n","code":500,"description":"Light rain"},"ghi":0,"dhi":0,"timestamp_local":"2022-06-30T23:15:00","solar_rad":0,"vis":10,"dni":0,"temp":18.9,"slp":1010.25,"clouds":100,"ts":1656623700},{"precip_rate":1,"rh":87,"wind_spd":3,"timestamp_utc":"2022-06-30T21:30:00","snow_rate":0,"app_temp":18.7,"pres":1000.84753,"azimuth":331.88,"dewpt":16.3,"uv":0,"elev_angle":-9.88,"wind_dir":279,"weather":{"icon":"r01n","code":500,"description":"Light rain"},"ghi":0,"dhi":0,"timestamp_local":"2022-06-30T23:30:00","solar_rad":0,"vis":10,"dni":0,"temp":18.6,"slp":1010.5,"clouds":100,"ts":1656624600},{"precip_rate":0.5,"rh":89,"wind_spd":2.9,"timestamp_utc":"2022-06-30T21:45:00","snow_rate":0,"app_temp":18.2,"pres":1001.083,"azimuth":335.21,"dewpt":16.3,"uv":0,"elev_angle":-10.96,"wind_dir":280,"weather":{"icon":"c04n","code":804,"description":"Overcast clouds"},"ghi":0,"dhi":0,"timestamp_local":"2022-06-30T23:45:00","solar_rad":0,"vis":10,"dni":0,"temp":18.2,"slp":1010.75,"clouds":100,"ts":1656625500},{"precip_rate":0,"rh":91,"wind_spd":2.8,"timestamp_utc":"2022-06-30T22:00:00","snow_rate":0,"app_temp":17.8,"pres":1001.3184,"azimuth":338.53,"dewpt":16.3,"uv":0,"elev_angle":-12.04,"wind_dir":282,"weather":{"icon":"c04n","code":804,"description":"Overcast clouds"},"ghi":0,"dhi":0,"timestamp_local":"2022-07-01T00:00:00","solar_rad":0,"vis":10,"dni":0,"temp":17.8,"slp":1011,"clouds":100,"ts":1656626400},{"precip_rate":0.125,"rh":93,"wind_spd":3.3,"timestamp_utc":"2022-06-30T22:15:00","snow_rate":0,"app_temp":17.3,"pres":1001.5506,"azimuth":342.02,"dewpt":16.2,"uv":0,"elev_angle":-12.62,"wind_dir":277,"weather":{"icon":"c04n","code":804,"description":"Overcast clouds"},"ghi":0,"dhi":0,"timestamp_local":"2022-07-01T00:15:00","solar_rad":0,"vis":10,"dni":0,"temp":17.3,"slp":1011.25,"clouds":100,"ts":1656627300},{"precip_rate":0.25,"rh":94,"wind_spd":3.8,"timestamp_utc":"2022-06-30T22:30:00","snow_rate":0,"app_temp":16.8,"pres":1001.7828,"azimuth":345.51,"dewpt":15.9,"uv":0,"elev_angle":-13.2,"wind_dir":272,"weather":{"icon":"c04n","code":804,"description":"Overcast clouds"},"ghi":0,"dhi":0,"timestamp_local":"2022-07-01T00:30:00","solar_rad":0,"vis":10,"dni":0,"temp":16.8,"slp":1011.5,"clouds":100,"ts":1656628200},{"precip_rate":0.25,"rh":96,"wind_spd":4.3,"timestamp_utc":"2022-06-30T22:45:00","snow_rate":0,"app_temp":16.4,"pres":1002.01495,"azimuth":349,"dewpt":15.7,"uv":0,"elev_angle":-13.77,"wind_dir":267,"weather":{"icon":"c04n","code":804,"description":"Overcast clouds"},"ghi":0,"dhi":0,"timestamp_local":"2022-07-01T00:45:00","solar_rad":0,"vis":10,"dni":0,"temp":16.4,"slp":1011.75,"clouds":100,"ts":1656629100},{"precip_rate":0.5,"rh":98,"wind_spd":4.8,"timestamp_utc":"2022-06-30T23:00:00","snow_rate":0,"app_temp":15.9,"pres":1002.24713,"azimuth":352.49,"dewpt":15.6,"uv":0,"elev_angle":-14.35,"wind_dir":262,"weather":{"icon":"c04n","code":804,"description":"Overcast clouds"},"ghi":0,"dhi":0,"timestamp_local":"2022-07-01T01:00:00","solar_rad":0,"vis":10,"dni":0,"temp":15.9,"slp":1012,"clouds":100,"ts":1656630000},{"precip_rate":0.25,"rh":97,"wind_spd":4.8,"timestamp_utc":"2022-06-30T23:15:00","snow_rate":0,"app_temp":15.5,"pres":1002.7298,"azimuth":266.05,"dewpt":15.1,"uv":0,"elev_angle":-14.37,"wind_dir":262,"weather":{"icon":"c04n","code":804,"description":"Overcast clouds"},"ghi":0,"dhi":0,"timestamp_local":"2022-07-01T01:15:00","solar_rad":0,"vis":10,"dni":0,"temp":15.5,"slp":1012.5,"clouds":100,"ts":1656630900},{"precip_rate":0.25,"rh":96,"wind_spd":4.8,"timestamp_utc":"2022-06-30T23:30:00","snow_rate":0,"app_temp":15.2,"pres":1003.21246,"azimuth":179.61,"dewpt":14.5,"uv":0,"elev_angle":-14.38,"wind_dir":262,"weather":{"icon":"c04n","code":804,"description":"Overcast clouds"},"ghi":0,"dhi":0,"timestamp_local":"2022-07-01T01:30:00","solar_rad":0,"vis":10,"dni":0,"temp":15.2,"slp":1013,"clouds":100,"ts":1656631800},{"precip_rate":0.125,"rh":94,"wind_spd":4.8,"timestamp_utc":"2022-06-30T23:45:00","snow_rate":0,"app_temp":14.8,"pres":1003.6951,"azimuth":93.17,"dewpt":13.8,"uv":0,"elev_angle":-14.4,"wind_dir":262,"weather":{"icon":"c04n","code":804,"description":"Overcast clouds"},"ghi":0,"dhi":0,"timestamp_local":"2022-07-01T01:45:00","solar_rad":0,"vis":10,"dni":0,"temp":14.8,"slp":1013.5,"clouds":100,"ts":1656632700}],"sources":["103150-99999","imerg","merra2","era5","modis"],"city_id":"2856883"}
