{"timezone":"Europe\/Berlin","state_code":"06","country_code":"DE","lat":52.2833,"lon":8,"city_name":"Osnabr�ck","station_id":"103150-99999","data":[{"precip_rate":0,"rh":84,"wind_spd":2.4,"timestamp_utc":"2022-06-03T00:00:00","snow_rate":0,"app_temp":9.3,"pres":1011.9196,"azimuth":8.15,"dewpt":6.7,"uv":0,"elev_angle":-15.05,"wind_dir":72,"weather":{"icon":"c02n","code":801,"description":"Few clouds"},"ghi":0,"dhi":0,"timestamp_local":"2022-06-03T02:00:00","solar_rad":0,"vis":10,"dni":0,"temp":9.3,"slp":1022,"clouds":2,"ts":1654214400},{"precip_rate":0,"rh":85,"wind_spd":2.4,"timestamp_utc":"2022-06-03T00:15:00","snow_rate":0,"app_temp":9.1,"pres":1011.6655,"azimuth":11.67,"dewpt":6.7,"uv":0,"elev_angle":-14.45,"wind_dir":72,"weather":{"icon":"c02n","code":801,"description":"Few clouds"},"ghi":0,"dhi":0,"timestamp_local":"2022-06-03T02:15:00","solar_rad":0,"vis":10,"dni":0,"temp":9.1,"slp":1021.75,"clouds":2,"ts":1654215300},{"precip_rate":0,"rh":86,"wind_spd":2.4,"timestamp_utc":"2022-06-03T00:30:00","snow_rate":0,"app_temp":8.9,"pres":1011.4114,"azimuth":15.19,"dewpt":6.7,"uv":0,"elev_angle":-13.84,"wind_dir":73,"weather":{"icon":"c02n","code":801,"description":"Few clouds"},"ghi":0,"dhi":0,"timestamp_local":"2022-06-03T02:30:00","solar_rad":0,"vis":10,"dni":0,"temp":8.9,"slp":1021.5,"clouds":2,"ts":1654216200},{"precip_rate":0,"rh":87,"wind_spd":2.4,"timestamp_utc":"2022-06-03T00:45:00","snow_rate":0,"app_temp":8.7,"pres":1011.1572,"azimuth":18.7,"dewpt":6.7,"uv":0,"elev_angle":-13.24,"wind_dir":74,"weather":{"icon":"c01n","code":800,"description":"Clear Sky"},"ghi":0,"dhi":0,"timestamp_local":"2022-06-03T02:45:00","solar_rad":0,"vis":10,"dni":0,"temp":8.7,"slp":1021.25,"clouds":1,"ts":1654217100},{"precip_rate":0,"rh":88,"wind_spd":2.4,"timestamp_utc":"2022-06-03T01:00:00","snow_rate":0,"app_temp":8.5,"pres":1010.90314,"azimuth":22.22,"dewpt":6.6,"uv":0,"elev_angle":-12.63,"wind_dir":74,"weather":{"icon":"c01n","code":800,"description":"Clear Sky"},"ghi":0,"dhi":0,"timestamp_local":"2022-06-03T03:00:00","solar_rad":0,"vis":10,"dni":0,"temp":8.5,"slp":1021,"clouds":1,"ts":1654218000},{"precip_rate":0,"rh":88,"wind_spd":2.4,"timestamp_utc":"2022-06-03T01:15:00","snow_rate":0,"app_temp":8.4,"pres":1011.14734,"azimuth":25.56,"dewpt":6.5,"uv":0,"elev_angle":-11.52,"wind_dir":78,"weather":{"icon":"c01n","code":800,"description":"Clear Sky"},"ghi":0,"dhi":0,"timestamp_local":"2022-06-03T03:15:00","solar_rad":0,"vis":10,"dni":0,"temp":8.4,"slp":1021.25,"clouds":1,"ts":1654218900},{"precip_rate":0,"rh":88,"wind_spd":2.4,"timestamp_utc":"2022-06-03T01:30:00","snow_rate":0,"app_temp":8.3,"pres":1011.3916,"azimuth":28.9,"dewpt":6.4,"uv":0,"elev_angle":-10.41,"wind_dir":81,"weather":{"icon":"c02n","code":801,"description":"Few clouds"},"ghi":0,"dhi":0,"timestamp_local":"2022-06-03T03:30:00","solar_rad":0,"vis":10,"dni":0,"temp":8.3,"slp":1021.5,"clouds":2,"ts":1654219800},{"precip_rate":0,"rh":88,"wind_spd":2.4,"timestamp_utc":"2022-06-03T01:45:00","snow_rate":0,"app_temp":8.2,"pres":1011.63586,"azimuth":32.24,"dewpt":6.3,"uv":0,"elev_angle":-9.3,"wind_dir":84,"weather":{"icon":"c02n","code":801,"description":"Few clouds"},"ghi":0,"dhi":0,"timestamp_local":"2022-06-03T03:45:00","solar_rad":0,"vis":10,"dni":0,"temp":8.2,"slp":1021.75,"clouds":2,"ts":1654220700},{"precip_rate":0,"rh":88,"wind_spd":2.4,"timestamp_utc":"2022-06-03T02:00:00","snow_rate":0,"app_temp":8.1,"pres":1011.88007,"azimuth":35.58,"dewpt":6.2,"uv":0,"elev_angle":-8.19,"wind_dir":88,"weather":{"icon":"c02n","code":801,"description":"Few clouds"},"ghi":0,"dhi":0,"timestamp_local":"2022-06-03T04:00:00","solar_rad":0,"vis":10,"dni":0,"temp":8.1,"slp":1022,"clouds":2,"ts":1654221600},{"precip_rate":0,"rh":88,"wind_spd":2.4,"timestamp_utc":"2022-06-03T02:15:00","snow_rate":0,"app_temp":8,"pres":1011.6292,"azimuth":38.71,"dewpt":6.2,"uv":0,"elev_angle":-6.66,"wind_dir":85,"weather":{"icon":"c02n","code":801,"description":"Few clouds"},"ghi":0,"dhi":0,"timestamp_local":"2022-06-03T04:15:00","solar_rad":0,"vis":10,"dni":0,"temp":8,"slp":1021.75,"clouds":2,"ts":1654222500},{"precip_rate":0,"rh":89,"wind_spd":2.4,"timestamp_utc":"2022-06-03T02:30:00","snow_rate":0,"app_temp":8,"pres":1011.3784,"azimuth":41.83,"dewpt":6.3,"uv":0,"elev_angle":-5.13,"wind_dir":82,"weather":{"icon":"c01n","code":800,"description":"Clear Sky"},"ghi":0,"dhi":0,"timestamp_local":"2022-06-03T04:30:00","solar_rad":0,"vis":10,"dni":0,"temp":8,"slp":1021.5,"clouds":1,"ts":1654223400},{"precip_rate":0,"rh":90,"wind_spd":2.4,"timestamp_utc":"2022-06-03T02:45:00","snow_rate":0,"app_temp":7.9,"pres":1011.12756,"azimuth":44.96,"dewpt":6.3,"uv":0,"elev_angle":-3.6,"wind_dir":79,"weather":{"icon":"c01n","code":800,"description":"Clear Sky"},"ghi":0,"dhi":0,"timestamp_local":"2022-06-03T04:45:00","solar_rad":0,"vis":10,"dni":0,"temp":7.9,"slp":1021.25,"clouds":0,"ts":1654224300},{"precip_rate":0,"rh":90,"wind_spd":2.4,"timestamp_utc":"2022-06-03T03:00:00","snow_rate":0,"app_temp":7.8,"pres":1010.8767,"azimuth":48.08,"dewpt":6.3,"uv":0,"elev_angle":-2.07,"wind_dir":76,"weather":{"icon":"c01n","code":800,"description":"Clear Sky"},"ghi":0,"dhi":0,"timestamp_local":"2022-06-03T05:00:00","solar_rad":0,"vis":10,"dni":0,"temp":7.8,"slp":1021,"clouds":0,"ts":1654225200},{"precip_rate":0,"rh":90,"wind_spd":2.5,"timestamp_utc":"2022-06-03T03:15:00","snow_rate":0,"app_temp":7.9,"pres":1010.88,"azimuth":51.01,"dewpt":6.3,"uv":0,"elev_angle":-0.22,"wind_dir":76,"weather":{"icon":"c01n","code":800,"description":"Clear Sky"},"ghi":13.6,"dhi":8.77,"timestamp_local":"2022-06-03T05:15:00","solar_rad":13.599998,"vis":10,"dni":75.53,"temp":7.9,"slp":1021,"clouds":1,"ts":1654226100},{"precip_rate":0,"rh":89,"wind_spd":2.6,"timestamp_utc":"2022-06-03T03:30:00","snow_rate":0,"app_temp":8,"pres":1010.8833,"azimuth":53.95,"dewpt":6.3,"uv":1.7,"elev_angle":1.64,"wind_dir":75,"weather":{"icon":"c02n","code":801,"description":"Few clouds"},"ghi":27.1,"dhi":17.54,"timestamp_local":"2022-06-03T05:30:00","solar_rad":27.099958,"vis":10,"dni":151.06,"temp":8,"slp":1021,"clouds":2,"ts":1654227000},{"precip_rate":0,"rh":88,"wind_spd":2.7,"timestamp_utc":"2022-06-03T03:45:00","snow_rate":0,"app_temp":8,"pres":1010.88666,"azimuth":56.88,"dewpt":6.2,"uv":1.7,"elev_angle":3.5,"wind_dir":74,"weather":{"icon":"c02n","code":801,"description":"Few clouds"},"ghi":40.7,"dhi":26.31,"timestamp_local":"2022-06-03T05:45:00","solar_rad":40.699352,"vis":10,"dni":226.59,"temp":8,"slp":1021,"clouds":4,"ts":1654227900},{"precip_rate":0,"rh":88,"wind_spd":2.8,"timestamp_utc":"2022-06-03T04:00:00","snow_rate":0,"app_temp":8.1,"pres":1010.88995,"azimuth":59.81,"dewpt":6.2,"uv":1.7,"elev_angle":5.35,"wind_dir":74,"weather":{"icon":"c02d","code":801,"description":"Few clouds"},"ghi":54.3,"dhi":35.08,"timestamp_local":"2022-06-03T06:00:00","solar_rad":54.298157,"vis":10,"dni":302.12,"temp":8.1,"slp":1021,"clouds":5,"ts":1654228800},{"precip_rate":0,"rh":86,"wind_spd":2.9,"timestamp_utc":"2022-06-03T04:15:00","snow_rate":0,"app_temp":8.6,"pres":1010.9064,"azimuth":62.62,"dewpt":6.4,"uv":1.7,"elev_angle":7.44,"wind_dir":75,"weather":{"icon":"c02d","code":801,"description":"Few clouds"},"ghi":86.7,"dhi":41.64,"timestamp_local":"2022-06-03T06:15:00","solar_rad":86.685455,"vis":10,"dni":364,"temp":8.6,"slp":1021,"clouds":8,"ts":1654229700},{"precip_rate":0,"rh":85,"wind_spd":3,"timestamp_utc":"2022-06-03T04:30:00","snow_rate":0,"app_temp":9.1,"pres":1010.92285,"azimuth":65.43,"dewpt":6.7,"uv":1.7,"elev_angle":9.52,"wind_dir":76,"weather":{"icon":"c02d","code":801,"description":"Few clouds"},"ghi":119.1,"dhi":48.21,"timestamp_local":"2022-06-03T06:30:00","solar_rad":119.05733,"vis":10,"dni":425.88,"temp":9.1,"slp":1021,"clouds":10,"ts":1654230600},{"precip_rate":0,"rh":84,"wind_spd":3.1,"timestamp_utc":"2022-06-03T04:45:00","snow_rate":0,"app_temp":9.5,"pres":1010.9393,"azimuth":68.24,"dewpt":7,"uv":1.7,"elev_angle":11.61,"wind_dir":77,"weather":{"icon":"c02d","code":801,"description":"Few clouds"},"ghi":151.5,"dhi":54.77,"timestamp_local":"2022-06-03T06:45:00","solar_rad":151.39911,"vis":10,"dni":487.76,"temp":9.5,"slp":1021,"clouds":12,"ts":1654231500},{"precip_rate":0,"rh":82,"wind_spd":3.2,"timestamp_utc":"2022-06-03T05:00:00","snow_rate":0,"app_temp":10,"pres":1010.9557,"azimuth":71.05,"dewpt":7.1,"uv":1.7,"elev_angle":13.69,"wind_dir":78,"weather":{"icon":"c02d","code":801,"description":"Few clouds"},"ghi":184,"dhi":61.33,"timestamp_local":"2022-06-03T07:00:00","solar_rad":183.73833,"vis":10,"dni":549.64,"temp":10,"slp":1021,"clouds":15,"ts":1654232400},{"precip_rate":0,"rh":80,"wind_spd":3.1,"timestamp_utc":"2022-06-03T05:15:00","snow_rate":0,"app_temp":10.8,"pres":1010.98157,"azimuth":73.85,"dewpt":7.4,"uv":1.6,"elev_angle":15.92,"wind_dir":78,"weather":{"icon":"c02d","code":802,"description":"Scattered clouds"},"ghi":222.4,"dhi":65.93,"timestamp_local":"2022-06-03T07:15:00","solar_rad":218.66743,"vis":10,"dni":583.99,"temp":10.8,"slp":1021,"clouds":31,"ts":1654233300},{"precip_rate":0,"rh":78,"wind_spd":3,"timestamp_utc":"2022-06-03T05:30:00","snow_rate":0,"app_temp":11.5,"pres":1011.0074,"azimuth":76.64,"dewpt":7.8,"uv":1.5,"elev_angle":18.16,"wind_dir":79,"weather":{"icon":"c03d","code":803,"description":"Broken clouds"},"ghi":260.7,"dhi":70.53,"timestamp_local":"2022-06-03T07:30:00","solar_rad":243.95982,"vis":10,"dni":618.34,"temp":11.5,"slp":1021,"clouds":46,"ts":1654234200},{"precip_rate":0,"rh":75,"wind_spd":2.9,"timestamp_utc":"2022-06-03T05:45:00","snow_rate":0,"app_temp":12.3,"pres":1011.0332,"azimuth":79.44,"dewpt":8,"uv":1.3,"elev_angle":20.39,"wind_dir":80,"weather":{"icon":"c03d","code":803,"description":"Broken clouds"},"ghi":299.1,"dhi":75.12,"timestamp_local":"2022-06-03T07:45:00","solar_rad":246.1104,"vis":10,"dni":652.68,"temp":12.3,"slp":1021,"clouds":62,"ts":1654235100},{"precip_rate":0,"rh":73,"wind_spd":2.8,"timestamp_utc":"2022-06-03T06:00:00","snow_rate":0,"app_temp":13,"pres":1011.0591,"azimuth":82.23,"dewpt":8.3,"uv":1.1,"elev_angle":22.62,"wind_dir":80,"weather":{"icon":"c04d","code":804,"description":"Overcast clouds"},"ghi":337.5,"dhi":79.72,"timestamp_local":"2022-06-03T08:00:00","solar_rad":206.99176,"vis":10,"dni":687.03,"temp":13,"slp":1021,"clouds":78,"ts":1654236000},{"precip_rate":0,"rh":70,"wind_spd":2.9,"timestamp_utc":"2022-06-03T06:15:00","snow_rate":0,"app_temp":13.7,"pres":1010.8337,"azimuth":85.16,"dewpt":8.3,"uv":1.1,"elev_angle":24.91,"wind_dir":80,"weather":{"icon":"c04d","code":804,"description":"Overcast clouds"},"ghi":376.8,"dhi":83.16,"timestamp_local":"2022-06-03T08:15:00","solar_rad":196.8222,"vis":10,"dni":708.71,"temp":13.7,"slp":1020.75,"clouds":83,"ts":1654236900},{"precip_rate":0,"rh":67,"wind_spd":3,"timestamp_utc":"2022-06-03T06:30:00","snow_rate":0,"app_temp":14.3,"pres":1010.6083,"azimuth":88.09,"dewpt":8.3,"uv":1.1,"elev_angle":27.2,"wind_dir":79,"weather":{"icon":"c04d","code":804,"description":"Overcast clouds"},"ghi":416.1,"dhi":86.59,"timestamp_local":"2022-06-03T08:30:00","solar_rad":173.61699,"vis":10,"dni":730.38,"temp":14.3,"slp":1020.5,"clouds":88,"ts":1654237800},{"precip_rate":0,"rh":64,"wind_spd":3.1,"timestamp_utc":"2022-06-03T06:45:00","snow_rate":0,"app_temp":15,"pres":1010.3829,"azimuth":91.02,"dewpt":8.2,"uv":1.1,"elev_angle":29.49,"wind_dir":78,"weather":{"icon":"c04d","code":804,"description":"Overcast clouds"},"ghi":455.4,"dhi":90.03,"timestamp_local":"2022-06-03T08:45:00","solar_rad":135.15854,"vis":10,"dni":752.06,"temp":15,"slp":1020.25,"clouds":93,"ts":1654238700},{"precip_rate":0,"rh":61,"wind_spd":3.2,"timestamp_utc":"2022-06-03T07:00:00","snow_rate":0,"app_temp":15.6,"pres":1010.1575,"azimuth":93.95,"dewpt":8.1,"uv":1.1,"elev_angle":31.78,"wind_dir":78,"weather":{"icon":"c04d","code":804,"description":"Overcast clouds"},"ghi":494.8,"dhi":93.46,"timestamp_local":"2022-06-03T09:00:00","solar_rad":172.50177,"vis":10,"dni":773.73,"temp":15.6,"slp":1020,"clouds":98,"ts":1654239600},{"precip_rate":0,"rh":59,"wind_spd":3.2,"timestamp_utc":"2022-06-03T07:15:00","snow_rate":0,"app_temp":16.1,"pres":1010.17615,"azimuth":97.23,"dewpt":8.1,"uv":1.2,"elev_angle":34.04,"wind_dir":78,"weather":{"icon":"c04d","code":804,"description":"Overcast clouds"},"ghi":531.1,"dhi":96.03,"timestamp_local":"2022-06-03T09:15:00","solar_rad":180.87051,"vis":10,"dni":788.06,"temp":16.1,"slp":1020,"clouds":98,"ts":1654240500},{"precip_rate":0,"rh":56,"wind_spd":3.2,"timestamp_utc":"2022-06-03T07:30:00","snow_rate":0,"app_temp":16.7,"pres":1010.1948,"azimuth":100.51,"dewpt":7.9,"uv":1.3,"elev_angle":36.29,"wind_dir":77,"weather":{"icon":"c04d","code":804,"description":"Overcast clouds"},"ghi":567.5,"dhi":98.6,"timestamp_local":"2022-06-03T09:30:00","solar_rad":172.50809,"vis":10,"dni":802.39,"temp":16.7,"slp":1020,"clouds":99,"ts":1654241400},{"precip_rate":0,"rh":54,"wind_spd":3.2,"timestamp_utc":"2022-06-03T07:45:00","snow_rate":0,"app_temp":17.3,"pres":1010.21356,"azimuth":103.78,"dewpt":7.9,"uv":1.4,"elev_angle":38.55,"wind_dir":76,"weather":{"icon":"c04d","code":804,"description":"Overcast clouds"},"ghi":603.8,"dhi":101.16,"timestamp_local":"2022-06-03T09:45:00","solar_rad":161.54001,"vis":10,"dni":816.72,"temp":17.3,"slp":1020,"clouds":100,"ts":1654242300},{"precip_rate":0,"rh":52,"wind_spd":3.2,"timestamp_utc":"2022-06-03T08:00:00","snow_rate":0,"app_temp":17.8,"pres":1010.23224,"azimuth":107.06,"dewpt":7.8,"uv":1.5,"elev_angle":40.8,"wind_dir":76,"weather":{"icon":"c04d","code":804,"description":"Overcast clouds"},"ghi":640.2,"dhi":103.73,"timestamp_local":"2022-06-03T10:00:00","solar_rad":167.75,"vis":10,"dni":831.05,"temp":17.8,"slp":1020,"clouds":100,"ts":1654243200},{"precip_rate":0,"rh":51,"wind_spd":3.3,"timestamp_utc":"2022-06-03T08:15:00","snow_rate":0,"app_temp":18.1,"pres":1010.24146,"azimuth":111,"dewpt":7.8,"uv":1.6,"elev_angle":42.88,"wind_dir":75,"weather":{"icon":"c04d","code":804,"description":"Overcast clouds"},"ghi":670.4,"dhi":105.57,"timestamp_local":"2022-06-03T10:15:00","solar_rad":172.61,"vis":10,"dni":840.45,"temp":18.1,"slp":1020,"clouds":100,"ts":1654244100},{"precip_rate":0,"rh":50,"wind_spd":3.4,"timestamp_utc":"2022-06-03T08:30:00","snow_rate":0,"app_temp":17.5,"pres":1010.25073,"azimuth":114.94,"dewpt":7.8,"uv":1.7,"elev_angle":44.96,"wind_dir":74,"weather":{"icon":"c04d","code":804,"description":"Overcast clouds"},"ghi":700.5,"dhi":107.4,"timestamp_local":"2022-06-03T10:30:00","solar_rad":177.45,"vis":10,"dni":849.84,"temp":18.3,"slp":1020,"clouds":100,"ts":1654245000},{"precip_rate":0,"rh":49,"wind_spd":3.5,"timestamp_utc":"2022-06-03T08:45:00","snow_rate":0,"app_temp":17.8,"pres":1010.25995,"azimuth":118.87,"dewpt":7.7,"uv":1.8,"elev_angle":47.04,"wind_dir":73,"weather":{"icon":"c04d","code":804,"description":"Overcast clouds"},"ghi":730.7,"dhi":109.24,"timestamp_local":"2022-06-03T10:45:00","solar_rad":182.31,"vis":10,"dni":859.24,"temp":18.6,"slp":1020,"clouds":100,"ts":1654245900},{"precip_rate":0,"rh":48,"wind_spd":3.6,"timestamp_utc":"2022-06-03T09:00:00","snow_rate":0,"app_temp":18.1,"pres":1010.26917,"azimuth":122.81,"dewpt":7.7,"uv":2,"elev_angle":49.12,"wind_dir":72,"weather":{"icon":"c04d","code":804,"description":"Overcast clouds"},"ghi":760.8,"dhi":111.07,"timestamp_local":"2022-06-03T11:00:00","solar_rad":187.15001,"vis":10,"dni":868.63,"temp":18.9,"slp":1020,"clouds":100,"ts":1654246800},{"precip_rate":0,"rh":47,"wind_spd":3.9,"timestamp_utc":"2022-06-03T09:15:00","snow_rate":0,"app_temp":18.6,"pres":1010.0368,"azimuth":127.82,"dewpt":7.8,"uv":2.4,"elev_angle":50.81,"wind_dir":75,"weather":{"icon":"c04d","code":804,"description":"Overcast clouds"},"ghi":782.1,"dhi":112.25,"timestamp_local":"2022-06-03T11:15:00","solar_rad":251.96875,"vis":10,"dni":874.32,"temp":19.4,"slp":1019.75,"clouds":92,"ts":1654247700},{"precip_rate":0,"rh":46,"wind_spd":4.2,"timestamp_utc":"2022-06-03T09:30:00","snow_rate":0,"app_temp":19,"pres":1009.80444,"azimuth":132.83,"dewpt":7.9,"uv":3,"elev_angle":52.5,"wind_dir":78,"weather":{"icon":"c04d","code":804,"description":"Overcast clouds"},"ghi":803.5,"dhi":113.43,"timestamp_local":"2022-06-03T11:30:00","solar_rad":403.75967,"vis":10,"dni":880.02,"temp":19.8,"slp":1019.5,"clouds":84,"ts":1654248600},{"precip_rate":0,"rh":44,"wind_spd":4.5,"timestamp_utc":"2022-06-03T09:45:00","snow_rate":0,"app_temp":19.5,"pres":1009.572,"azimuth":137.83,"dewpt":7.6,"uv":3.5,"elev_angle":54.18,"wind_dir":81,"weather":{"icon":"c04d","code":804,"description":"Overcast clouds"},"ghi":824.8,"dhi":114.61,"timestamp_local":"2022-06-03T11:45:00","solar_rad":519.54724,"vis":10,"dni":885.71,"temp":20.3,"slp":1019.25,"clouds":77,"ts":1654249500},{"precip_rate":0,"rh":43,"wind_spd":4.8,"timestamp_utc":"2022-06-03T10:00:00","snow_rate":0,"app_temp":19.9,"pres":1009.33966,"azimuth":142.84,"dewpt":7.7,"uv":4,"elev_angle":55.87,"wind_dir":84,"weather":{"icon":"c03d","code":803,"description":"Broken clouds"},"ghi":846.2,"dhi":115.79,"timestamp_local":"2022-06-03T12:00:00","solar_rad":630.5237,"vis":10,"dni":891.4,"temp":20.7,"slp":1019,"clouds":69,"ts":1654250400},{"precip_rate":0,"rh":42,"wind_spd":4.8,"timestamp_utc":"2022-06-03T10:15:00","snow_rate":0,"app_temp":20.1,"pres":1009.3457,"azimuth":149.13,"dewpt":7.5,"uv":3.9,"elev_angle":56.83,"wind_dir":82,"weather":{"icon":"c04d","code":804,"description":"Overcast clouds"},"ghi":856.9,"dhi":116.35,"timestamp_local":"2022-06-03T12:15:00","solar_rad":592.3728,"vis":10,"dni":894.02,"temp":20.9,"slp":1019,"clouds":73,"ts":1654251300},{"precip_rate":0,"rh":42,"wind_spd":4.8,"timestamp_utc":"2022-06-03T10:30:00","snow_rate":0,"app_temp":20.4,"pres":1009.3517,"azimuth":155.43,"dewpt":7.7,"uv":3.8,"elev_angle":57.8,"wind_dir":81,"weather":{"icon":"c04d","code":804,"description":"Overcast clouds"},"ghi":867.6,"dhi":116.92,"timestamp_local":"2022-06-03T12:30:00","solar_rad":560.46576,"vis":10,"dni":896.65,"temp":21.1,"slp":1019,"clouds":76,"ts":1654252200},{"precip_rate":0,"rh":42,"wind_spd":4.8,"timestamp_utc":"2022-06-03T10:45:00","snow_rate":0,"app_temp":20.6,"pres":1009.3577,"azimuth":161.72,"dewpt":7.9,"uv":3.7,"elev_angle":58.76,"wind_dir":80,"weather":{"icon":"c04d","code":804,"description":"Overcast clouds"},"ghi":878.4,"dhi":117.48,"timestamp_local":"2022-06-03T12:45:00","solar_rad":508.19626,"vis":10,"dni":899.27,"temp":21.3,"slp":1019,"clouds":80,"ts":1654253100},{"precip_rate":0,"rh":41,"wind_spd":4.8,"timestamp_utc":"2022-06-03T11:00:00","snow_rate":0,"app_temp":20.8,"pres":1009.3638,"azimuth":168.01,"dewpt":7.7,"uv":3.6,"elev_angle":59.72,"wind_dir":78,"weather":{"icon":"c04d","code":804,"description":"Overcast clouds"},"ghi":889.1,"dhi":118.04,"timestamp_local":"2022-06-03T13:00:00","solar_rad":446.77377,"vis":10,"dni":901.89,"temp":21.5,"slp":1019,"clouds":84,"ts":1654254000},{"precip_rate":0,"rh":41,"wind_spd":4.7,"timestamp_utc":"2022-06-03T11:15:00","snow_rate":0,"app_temp":20.9,"pres":1009.11914,"azimuth":174.9,"dewpt":7.8,"uv":3.5,"elev_angle":59.65,"wind_dir":78,"weather":{"icon":"c04d","code":804,"description":"Overcast clouds"},"ghi":888.3,"dhi":118,"timestamp_local":"2022-06-03T13:15:00","solar_rad":446.37177,"vis":10,"dni":901.71,"temp":21.6,"slp":1018.75,"clouds":84,"ts":1654254900},{"precip_rate":0,"rh":40,"wind_spd":4.6,"timestamp_utc":"2022-06-03T11:30:00","snow_rate":0,"app_temp":21,"pres":1008.8745,"azimuth":181.8,"dewpt":7.5,"uv":3.5,"elev_angle":59.58,"wind_dir":78,"weather":{"icon":"c04d","code":804,"description":"Overcast clouds"},"ghi":887.6,"dhi":117.96,"timestamp_local":"2022-06-03T13:30:00","solar_rad":446.02002,"vis":10,"dni":901.53,"temp":21.7,"slp":1018.5,"clouds":84,"ts":1654255800},{"precip_rate":0,"rh":40,"wind_spd":4.5,"timestamp_utc":"2022-06-03T11:45:00","snow_rate":0,"app_temp":21.1,"pres":1008.6299,"azimuth":188.69,"dewpt":7.6,"uv":3.5,"elev_angle":59.51,"wind_dir":78,"weather":{"icon":"c04d","code":804,"description":"Overcast clouds"},"ghi":886.8,"dhi":117.92,"timestamp_local":"2022-06-03T13:45:00","solar_rad":445.618,"vis":10,"dni":901.35,"temp":21.8,"slp":1018.25,"clouds":84,"ts":1654256700},{"precip_rate":0,"rh":40,"wind_spd":4.4,"timestamp_utc":"2022-06-03T12:00:00","snow_rate":0,"app_temp":21.2,"pres":1008.38525,"azimuth":195.58,"dewpt":7.7,"uv":3.5,"elev_angle":59.44,"wind_dir":78,"weather":{"icon":"c04d","code":804,"description":"Overcast clouds"},"ghi":886.1,"dhi":117.88,"timestamp_local":"2022-06-03T14:00:00","solar_rad":445.26627,"vis":10,"dni":901.17,"temp":21.9,"slp":1018,"clouds":84,"ts":1654257600},{"precip_rate":0,"rh":40,"wind_spd":4.4,"timestamp_utc":"2022-06-03T12:15:00","snow_rate":0,"app_temp":21.4,"pres":1008.1436,"azimuth":201.72,"dewpt":7.9,"uv":3.3,"elev_angle":58.36,"wind_dir":78,"weather":{"icon":"c04d","code":804,"description":"Overcast clouds"},"ghi":873.9,"dhi":117.24,"timestamp_local":"2022-06-03T14:15:00","solar_rad":384.04257,"vis":10,"dni":898.17,"temp":22.1,"slp":1017.75,"clouds":87,"ts":1654258500},{"precip_rate":0,"rh":40,"wind_spd":4.4,"timestamp_utc":"2022-06-03T12:30:00","snow_rate":0,"app_temp":21.6,"pres":1007.902,"azimuth":207.86,"dewpt":8,"uv":3,"elev_angle":57.28,"wind_dir":77,"weather":{"icon":"c04d","code":804,"description":"Overcast clouds"},"ghi":861.7,"dhi":116.6,"timestamp_local":"2022-06-03T14:30:00","solar_rad":319.67023,"vis":10,"dni":895.17,"temp":22.3,"slp":1017.5,"clouds":90,"ts":1654259400},{"precip_rate":0,"rh":41,"wind_spd":4.4,"timestamp_utc":"2022-06-03T12:45:00","snow_rate":0,"app_temp":21.8,"pres":1007.6603,"azimuth":214,"dewpt":8.5,"uv":2.7,"elev_angle":56.2,"wind_dir":76,"weather":{"icon":"c04d","code":804,"description":"Overcast clouds"},"ghi":849.5,"dhi":115.96,"timestamp_local":"2022-06-03T14:45:00","solar_rad":230.00102,"vis":10,"dni":892.16,"temp":22.4,"slp":1017.25,"clouds":94,"ts":1654260300},{"precip_rate":0,"rh":41,"wind_spd":4.4,"timestamp_utc":"2022-06-03T13:00:00","snow_rate":0,"app_temp":22,"pres":1007.41864,"azimuth":220.14,"dewpt":8.7,"uv":2.5,"elev_angle":55.12,"wind_dir":76,"weather":{"icon":"c04d","code":804,"description":"Overcast clouds"},"ghi":837.3,"dhi":115.32,"timestamp_local":"2022-06-03T15:00:00","solar_rad":157.86565,"vis":10,"dni":889.16,"temp":22.6,"slp":1017,"clouds":97,"ts":1654261200},{"precip_rate":0,"rh":41,"wind_spd":4.2,"timestamp_utc":"2022-06-03T13:15:00","snow_rate":0,"app_temp":22.1,"pres":1007.66925,"azimuth":224.98,"dewpt":8.8,"uv":2.7,"elev_angle":53.37,"wind_dir":72,"weather":{"icon":"c04d","code":804,"description":"Overcast clouds"},"ghi":814.7,"dhi":114.06,"timestamp_local":"2022-06-03T15:15:00","solar_rad":302.23434,"vis":10,"dni":883.03,"temp":22.7,"slp":1017.25,"clouds":90,"ts":1654262100},{"precip_rate":0,"rh":40,"wind_spd":4,"timestamp_utc":"2022-06-03T13:30:00","snow_rate":0,"app_temp":22.2,"pres":1007.9199,"azimuth":229.83,"dewpt":8.5,"uv":2.9,"elev_angle":51.61,"wind_dir":68,"weather":{"icon":"c04d","code":804,"description":"Overcast clouds"},"ghi":792.1,"dhi":112.8,"timestamp_local":"2022-06-03T15:30:00","solar_rad":398.03116,"vis":10,"dni":876.91,"temp":22.8,"slp":1017.5,"clouds":84,"ts":1654263000},{"precip_rate":0,"rh":40,"wind_spd":3.8,"timestamp_utc":"2022-06-03T13:45:00","snow_rate":0,"app_temp":22.3,"pres":1008.17053,"azimuth":234.67,"dewpt":8.6,"uv":3.1,"elev_angle":49.86,"wind_dir":64,"weather":{"icon":"c04d","code":804,"description":"Overcast clouds"},"ghi":769.5,"dhi":111.53,"timestamp_local":"2022-06-03T15:45:00","solar_rad":484.71338,"vis":10,"dni":870.78,"temp":22.9,"slp":1017.75,"clouds":77,"ts":1654263900},{"precip_rate":0,"rh":40,"wind_spd":3.6,"timestamp_utc":"2022-06-03T14:00:00","snow_rate":0,"app_temp":22.4,"pres":1008.42114,"azimuth":239.51,"dewpt":8.7,"uv":3.2,"elev_angle":48.1,"wind_dir":60,"weather":{"icon":"c03d","code":803,"description":"Broken clouds"},"ghi":746.9,"dhi":110.27,"timestamp_local":"2022-06-03T16:00:00","solar_rad":546.9883,"vis":10,"dni":864.65,"temp":23,"slp":1018,"clouds":70,"ts":1654264800},{"precip_rate":0,"rh":40,"wind_spd":3.7,"timestamp_utc":"2022-06-03T14:15:00","snow_rate":0,"app_temp":22.4,"pres":1008.17346,"azimuth":243.34,"dewpt":8.7,"uv":2.8,"elev_angle":45.99,"wind_dir":58,"weather":{"icon":"c04d","code":804,"description":"Overcast clouds"},"ghi":715.8,"dhi":108.35,"timestamp_local":"2022-06-03T16:15:00","solar_rad":484.3687,"vis":10,"dni":854.7,"temp":23,"slp":1017.75,"clouds":74,"ts":1654265700},{"precip_rate":0,"rh":40,"wind_spd":3.8,"timestamp_utc":"2022-06-03T14:30:00","snow_rate":0,"app_temp":22.4,"pres":1007.92584,"azimuth":247.17,"dewpt":8.7,"uv":2.5,"elev_angle":43.88,"wind_dir":57,"weather":{"icon":"c04d","code":804,"description":"Overcast clouds"},"ghi":684.7,"dhi":106.42,"timestamp_local":"2022-06-03T16:30:00","solar_rad":419.93262,"vis":10,"dni":844.76,"temp":23,"slp":1017.5,"clouds":78,"ts":1654266600},{"precip_rate":0,"rh":41,"wind_spd":3.9,"timestamp_utc":"2022-06-03T14:45:00","snow_rate":0,"app_temp":22.4,"pres":1007.6782,"azimuth":251,"dewpt":9,"uv":2.2,"elev_angle":41.76,"wind_dir":56,"weather":{"icon":"c04d","code":804,"description":"Overcast clouds"},"ghi":653.6,"dhi":104.5,"timestamp_local":"2022-06-03T16:45:00","solar_rad":354.01392,"vis":10,"dni":834.81,"temp":23,"slp":1017.25,"clouds":82,"ts":1654267500},{"precip_rate":0,"rh":41,"wind_spd":4,"timestamp_utc":"2022-06-03T15:00:00","snow_rate":0,"app_temp":22.4,"pres":1007.43054,"azimuth":254.83,"dewpt":9,"uv":1.9,"elev_angle":39.65,"wind_dir":54,"weather":{"icon":"c04d","code":804,"description":"Overcast clouds"},"ghi":622.5,"dhi":102.57,"timestamp_local":"2022-06-03T17:00:00","solar_rad":287.0123,"vis":10,"dni":824.86,"temp":23,"slp":1017,"clouds":86,"ts":1654268400},{"precip_rate":0,"rh":41,"wind_spd":4,"timestamp_utc":"2022-06-03T15:15:00","snow_rate":0,"app_temp":22.3,"pres":1007.42755,"azimuth":258.05,"dewpt":9,"uv":1.7,"elev_angle":37.39,"wind_dir":52,"weather":{"icon":"c04d","code":804,"description":"Overcast clouds"},"ghi":585.6,"dhi":99.9,"timestamp_local":"2022-06-03T17:15:00","solar_rad":269.99905,"vis":10,"dni":809.76,"temp":22.9,"slp":1017,"clouds":86,"ts":1654269300},{"precip_rate":0,"rh":42,"wind_spd":4,"timestamp_utc":"2022-06-03T15:30:00","snow_rate":0,"app_temp":22.2,"pres":1007.42456,"azimuth":261.27,"dewpt":9.2,"uv":1.6,"elev_angle":35.13,"wind_dir":50,"weather":{"icon":"c04d","code":804,"description":"Overcast clouds"},"ghi":548.6,"dhi":97.24,"timestamp_local":"2022-06-03T17:30:00","solar_rad":241.08679,"vis":10,"dni":794.67,"temp":22.8,"slp":1017,"clouds":87,"ts":1654270200},{"precip_rate":0,"rh":42,"wind_spd":4,"timestamp_utc":"2022-06-03T15:45:00","snow_rate":0,"app_temp":22.1,"pres":1007.42163,"azimuth":264.48,"dewpt":9.1,"uv":1.4,"elev_angle":32.86,"wind_dir":48,"weather":{"icon":"c04d","code":804,"description":"Overcast clouds"},"ghi":511.7,"dhi":94.57,"timestamp_local":"2022-06-03T17:45:00","solar_rad":213.50592,"vis":10,"dni":779.57,"temp":22.7,"slp":1017,"clouds":88,"ts":1654271100},{"precip_rate":0,"rh":42,"wind_spd":4,"timestamp_utc":"2022-06-03T16:00:00","snow_rate":0,"app_temp":22,"pres":1007.41864,"azimuth":267.7,"dewpt":9,"uv":1.3,"elev_angle":30.6,"wind_dir":46,"weather":{"icon":"c04d","code":804,"description":"Overcast clouds"},"ghi":474.8,"dhi":91.9,"timestamp_local":"2022-06-03T18:00:00","solar_rad":198.10947,"vis":10,"dni":764.47,"temp":22.6,"slp":1017,"clouds":88,"ts":1654272000},{"precip_rate":0,"rh":42,"wind_spd":4,"timestamp_utc":"2022-06-03T16:15:00","snow_rate":0,"app_temp":21.9,"pres":1007.41565,"azimuth":270.6,"dewpt":9,"uv":1.1,"elev_angle":28.31,"wind_dir":46,"weather":{"icon":"c04d","code":804,"description":"Overcast clouds"},"ghi":435.4,"dhi":88.34,"timestamp_local":"2022-06-03T18:15:00","solar_rad":161.52306,"vis":10,"dni":741.58,"temp":22.5,"slp":1017,"clouds":90,"ts":1654272900},{"precip_rate":0,"rh":42,"wind_spd":4,"timestamp_utc":"2022-06-03T16:30:00","snow_rate":0,"app_temp":21.8,"pres":1007.41266,"azimuth":273.51,"dewpt":8.9,"uv":1,"elev_angle":26.03,"wind_dir":46,"weather":{"icon":"c04d","code":804,"description":"Overcast clouds"},"ghi":396,"dhi":84.78,"timestamp_local":"2022-06-03T18:30:00","solar_rad":127.57911,"vis":10,"dni":718.7,"temp":22.4,"slp":1017,"clouds":92,"ts":1654273800},{"precip_rate":0,"rh":43,"wind_spd":4,"timestamp_utc":"2022-06-03T16:45:00","snow_rate":0,"app_temp":21.7,"pres":1007.40967,"azimuth":276.41,"dewpt":9.1,"uv":0.9,"elev_angle":23.74,"wind_dir":46,"weather":{"icon":"c04d","code":804,"description":"Overcast clouds"},"ghi":356.6,"dhi":81.22,"timestamp_local":"2022-06-03T18:45:00","solar_rad":87.02221,"vis":10,"dni":695.81,"temp":22.3,"slp":1017,"clouds":95,"ts":1654274700},{"precip_rate":0,"rh":43,"wind_spd":4,"timestamp_utc":"2022-06-03T17:00:00","snow_rate":0,"app_temp":21.6,"pres":1007.4067,"azimuth":279.31,"dewpt":9,"uv":0.8,"elev_angle":21.45,"wind_dir":46,"weather":{"icon":"c04d","code":804,"description":"Overcast clouds"},"ghi":317.2,"dhi":77.66,"timestamp_local":"2022-06-03T19:00:00","solar_rad":137.46532,"vis":10,"dni":672.92,"temp":22.2,"slp":1017,"clouds":97,"ts":1654275600},{"precip_rate":0,"rh":44,"wind_spd":4.1,"timestamp_utc":"2022-06-03T17:15:00","snow_rate":0,"app_temp":21.4,"pres":1007.4007,"azimuth":282.1,"dewpt":9.2,"uv":0.7,"elev_angle":19.24,"wind_dir":41,"weather":{"icon":"c04d","code":804,"description":"Overcast clouds"},"ghi":279.3,"dhi":72.88,"timestamp_local":"2022-06-03T19:15:00","solar_rad":125.53959,"vis":10,"dni":636.29,"temp":22,"slp":1017,"clouds":97,"ts":1654276500},{"precip_rate":0,"rh":44,"wind_spd":4.2,"timestamp_utc":"2022-06-03T17:30:00","snow_rate":0,"app_temp":21.2,"pres":1007.39465,"azimuth":284.9,"dewpt":9.1,"uv":0.7,"elev_angle":17.03,"wind_dir":36,"weather":{"icon":"c04d","code":804,"description":"Overcast clouds"},"ghi":241.5,"dhi":68.11,"timestamp_local":"2022-06-03T19:30:00","solar_rad":113.64273,"vis":10,"dni":599.66,"temp":21.9,"slp":1017,"clouds":97,"ts":1654277400},{"precip_rate":0,"rh":44,"wind_spd":4.3,"timestamp_utc":"2022-06-03T17:45:00","snow_rate":0,"app_temp":21,"pres":1007.3887,"azimuth":287.69,"dewpt":8.9,"uv":0.6,"elev_angle":14.81,"wind_dir":31,"weather":{"icon":"c04d","code":804,"description":"Overcast clouds"},"ghi":203.6,"dhi":63.33,"timestamp_local":"2022-06-03T19:45:00","solar_rad":101.71701,"vis":10,"dni":563.03,"temp":21.7,"slp":1017,"clouds":97,"ts":1654278300},{"precip_rate":0,"rh":45,"wind_spd":4.4,"timestamp_utc":"2022-06-03T18:00:00","snow_rate":0,"app_temp":20.9,"pres":1007.3827,"azimuth":290.48,"dewpt":9.1,"uv":0.6,"elev_angle":12.6,"wind_dir":26,"weather":{"icon":"c04d","code":804,"description":"Overcast clouds"},"ghi":165.7,"dhi":58.55,"timestamp_local":"2022-06-03T20:00:00","solar_rad":89.7913,"vis":10,"dni":526.4,"temp":21.5,"slp":1017,"clouds":97,"ts":1654279200},{"precip_rate":0,"rh":45,"wind_spd":4.5,"timestamp_utc":"2022-06-03T18:15:00","snow_rate":0,"app_temp":20.6,"pres":1007.6213,"azimuth":293.3,"dewpt":8.8,"uv":0.6,"elev_angle":10.54,"wind_dir":24,"weather":{"icon":"c04d","code":804,"description":"Overcast clouds"},"ghi":134.6,"dhi":51.62,"timestamp_local":"2022-06-03T20:15:00","solar_rad":73.12166,"vis":10,"dni":458.87,"temp":21.2,"slp":1017.25,"clouds":98,"ts":1654280100},{"precip_rate":0,"rh":46,"wind_spd":4.6,"timestamp_utc":"2022-06-03T18:30:00","snow_rate":0,"app_temp":20.3,"pres":1007.85986,"azimuth":296.12,"dewpt":8.9,"uv":0.6,"elev_angle":8.49,"wind_dir":23,"weather":{"icon":"c04d","code":804,"description":"Overcast clouds"},"ghi":103.5,"dhi":44.69,"timestamp_local":"2022-06-03T20:30:00","solar_rad":61.223595,"vis":10,"dni":391.35,"temp":20.9,"slp":1017.5,"clouds":98,"ts":1654281000},{"precip_rate":0,"rh":46,"wind_spd":4.7,"timestamp_utc":"2022-06-03T18:45:00","snow_rate":0,"app_temp":20,"pres":1008.09845,"azimuth":298.94,"dewpt":8.7,"uv":0.6,"elev_angle":6.43,"wind_dir":22,"weather":{"icon":"c04d","code":804,"description":"Overcast clouds"},"ghi":72.4,"dhi":37.75,"timestamp_local":"2022-06-03T20:45:00","solar_rad":47.178978,"vis":10,"dni":323.82,"temp":20.7,"slp":1017.75,"clouds":99,"ts":1654281900},{"precip_rate":0,"rh":46,"wind_spd":4.8,"timestamp_utc":"2022-06-03T19:00:00","snow_rate":0,"app_temp":19.7,"pres":1008.33704,"azimuth":301.76,"dewpt":8.4,"uv":0.5,"elev_angle":4.37,"wind_dir":20,"weather":{"icon":"c04n","code":804,"description":"Overcast clouds"},"ghi":41.3,"dhi":30.82,"timestamp_local":"2022-06-03T21:00:00","solar_rad":34.95,"vis":10,"dni":256.29,"temp":20.4,"slp":1018,"clouds":100,"ts":1654282800},{"precip_rate":0,"rh":48,"wind_spd":4.9,"timestamp_utc":"2022-06-03T19:15:00","snow_rate":0,"app_temp":19.2,"pres":1008.3218,"azimuth":304.71,"dewpt":8.6,"uv":0.6,"elev_angle":2.56,"wind_dir":22,"weather":{"icon":"c04n","code":804,"description":"Overcast clouds"},"ghi":31,"dhi":23.12,"timestamp_local":"2022-06-03T21:15:00","solar_rad":28.072092,"vis":10,"dni":192.22,"temp":19.9,"slp":1018,"clouds":98,"ts":1654283700},{"precip_rate":0,"rh":50,"wind_spd":5,"timestamp_utc":"2022-06-03T19:30:00","snow_rate":0,"app_temp":18.8,"pres":1008.3065,"azimuth":307.67,"dewpt":8.8,"uv":0.6,"elev_angle":0.74,"wind_dir":23,"weather":{"icon":"c04n","code":804,"description":"Overcast clouds"},"ghi":20.6,"dhi":15.41,"timestamp_local":"2022-06-03T21:30:00","solar_rad":19.872662,"vis":10,"dni":128.15,"temp":19.4,"slp":1018,"clouds":96,"ts":1654284600},{"precip_rate":0,"rh":51,"wind_spd":5.1,"timestamp_utc":"2022-06-03T19:45:00","snow_rate":0,"app_temp":18.3,"pres":1008.29126,"azimuth":310.62,"dewpt":8.6,"uv":0,"elev_angle":-1.08,"wind_dir":24,"weather":{"icon":"c04n","code":804,"description":"Overcast clouds"},"ghi":10.3,"dhi":7.71,"timestamp_local":"2022-06-03T21:45:00","solar_rad":10.766945,"vis":10,"dni":64.07,"temp":19,"slp":1018,"clouds":93,"ts":1654285500},{"precip_rate":0,"rh":53,"wind_spd":5.2,"timestamp_utc":"2022-06-03T20:00:00","snow_rate":0,"app_temp":17.8,"pres":1008.276,"azimuth":313.57,"dewpt":8.7,"uv":0,"elev_angle":-2.89,"wind_dir":26,"weather":{"icon":"c04n","code":804,"description":"Overcast clouds"},"ghi":0,"dhi":0,"timestamp_local":"2022-06-03T22:00:00","solar_rad":0,"vis":10,"dni":0,"temp":18.5,"slp":1018,"clouds":91,"ts":1654286400},{"precip_rate":0,"rh":54,"wind_spd":5.1,"timestamp_utc":"2022-06-03T20:15:00","snow_rate":0,"app_temp":18.1,"pres":1008.5112,"azimuth":316.72,"dewpt":8.7,"uv":0,"elev_angle":-4.37,"wind_dir":26,"weather":{"icon":"c04n","code":804,"description":"Overcast clouds"},"ghi":0,"dhi":0,"timestamp_local":"2022-06-03T22:15:00","solar_rad":0,"vis":10,"dni":0,"temp":18.1,"slp":1018.25,"clouds":92,"ts":1654287300},{"precip_rate":0,"rh":56,"wind_spd":5,"timestamp_utc":"2022-06-03T20:30:00","snow_rate":0,"app_temp":17.8,"pres":1008.7465,"azimuth":319.88,"dewpt":8.9,"uv":0,"elev_angle":-5.85,"wind_dir":27,"weather":{"icon":"c04n","code":804,"description":"Overcast clouds"},"ghi":0,"dhi":0,"timestamp_local":"2022-06-03T22:30:00","solar_rad":0,"vis":10,"dni":0,"temp":17.8,"slp":1018.5,"clouds":93,"ts":1654288200},{"precip_rate":0,"rh":58,"wind_spd":4.9,"timestamp_utc":"2022-06-03T20:45:00","snow_rate":0,"app_temp":17.4,"pres":1008.9818,"azimuth":323.03,"dewpt":9,"uv":0,"elev_angle":-7.32,"wind_dir":28,"weather":{"icon":"c04n","code":804,"description":"Overcast clouds"},"ghi":0,"dhi":0,"timestamp_local":"2022-06-03T22:45:00","solar_rad":0,"vis":10,"dni":0,"temp":17.4,"slp":1018.75,"clouds":94,"ts":1654289100},{"precip_rate":0,"rh":59,"wind_spd":4.8,"timestamp_utc":"2022-06-03T21:00:00","snow_rate":0,"app_temp":17,"pres":1009.21704,"azimuth":326.18,"dewpt":8.9,"uv":0,"elev_angle":-8.8,"wind_dir":28,"weather":{"icon":"c04n","code":804,"description":"Overcast clouds"},"ghi":0,"dhi":0,"timestamp_local":"2022-06-03T23:00:00","solar_rad":0,"vis":10,"dni":0,"temp":17,"slp":1019,"clouds":95,"ts":1654290000},{"precip_rate":0,"rh":60,"wind_spd":4.6,"timestamp_utc":"2022-06-03T21:15:00","snow_rate":0,"app_temp":16.7,"pres":1009.4553,"azimuth":329.55,"dewpt":8.9,"uv":0,"elev_angle":-9.85,"wind_dir":26,"weather":{"icon":"c04n","code":804,"description":"Overcast clouds"},"ghi":0,"dhi":0,"timestamp_local":"2022-06-03T23:15:00","solar_rad":0,"vis":10,"dni":0,"temp":16.7,"slp":1019.25,"clouds":96,"ts":1654290900},{"precip_rate":0,"rh":60,"wind_spd":4.4,"timestamp_utc":"2022-06-03T21:30:00","snow_rate":0,"app_temp":16.4,"pres":1009.69354,"azimuth":332.91,"dewpt":8.7,"uv":0,"elev_angle":-10.89,"wind_dir":23,"weather":{"icon":"c04n","code":804,"description":"Overcast clouds"},"ghi":0,"dhi":0,"timestamp_local":"2022-06-03T23:30:00","solar_rad":0,"vis":10,"dni":0,"temp":16.4,"slp":1019.5,"clouds":97,"ts":1654291800},{"precip_rate":0,"rh":60,"wind_spd":4.2,"timestamp_utc":"2022-06-03T21:45:00","snow_rate":0,"app_temp":16.2,"pres":1009.93176,"azimuth":336.28,"dewpt":8.4,"uv":0,"elev_angle":-11.94,"wind_dir":20,"weather":{"icon":"c04n","code":804,"description":"Overcast clouds"},"ghi":0,"dhi":0,"timestamp_local":"2022-06-03T23:45:00","solar_rad":0,"vis":10,"dni":0,"temp":16.2,"slp":1019.75,"clouds":98,"ts":1654292700},{"precip_rate":0,"rh":61,"wind_spd":4,"timestamp_utc":"2022-06-03T22:00:00","snow_rate":0,"app_temp":15.9,"pres":1010.17004,"azimuth":339.64,"dewpt":8.4,"uv":0,"elev_angle":-12.98,"wind_dir":18,"weather":{"icon":"c04n","code":804,"description":"Overcast clouds"},"ghi":0,"dhi":0,"timestamp_local":"2022-06-04T00:00:00","solar_rad":0,"vis":10,"dni":0,"temp":15.9,"slp":1020,"clouds":99,"ts":1654293600},{"precip_rate":0,"rh":62,"wind_spd":4.1,"timestamp_utc":"2022-06-03T22:15:00","snow_rate":0,"app_temp":15.6,"pres":1009.913,"azimuth":343.17,"dewpt":8.4,"uv":0,"elev_angle":-13.51,"wind_dir":20,"weather":{"icon":"c04n","code":804,"description":"Overcast clouds"},"ghi":0,"dhi":0,"timestamp_local":"2022-06-04T00:15:00","solar_rad":0,"vis":10,"dni":0,"temp":15.6,"slp":1019.75,"clouds":99,"ts":1654294500},{"precip_rate":0,"rh":64,"wind_spd":4.2,"timestamp_utc":"2022-06-03T22:30:00","snow_rate":0,"app_temp":15.3,"pres":1009.656,"azimuth":346.7,"dewpt":8.6,"uv":0,"elev_angle":-14.04,"wind_dir":22,"weather":{"icon":"c04n","code":804,"description":"Overcast clouds"},"ghi":0,"dhi":0,"timestamp_local":"2022-06-04T00:30:00","solar_rad":0,"vis":10,"dni":0,"temp":15.3,"slp":1019.5,"clouds":98,"ts":1654295400},{"precip_rate":0,"rh":65,"wind_spd":4.3,"timestamp_utc":"2022-06-03T22:45:00","snow_rate":0,"app_temp":15.1,"pres":1009.399,"azimuth":350.23,"dewpt":8.6,"uv":0,"elev_angle":-14.56,"wind_dir":24,"weather":{"icon":"c04n","code":804,"description":"Overcast clouds"},"ghi":0,"dhi":0,"timestamp_local":"2022-06-04T00:45:00","solar_rad":0,"vis":10,"dni":0,"temp":15.1,"slp":1019.25,"clouds":98,"ts":1654296300},{"precip_rate":0,"rh":66,"wind_spd":4.4,"timestamp_utc":"2022-06-03T23:00:00","snow_rate":0,"app_temp":14.8,"pres":1009.14197,"azimuth":353.76,"dewpt":8.5,"uv":0,"elev_angle":-15.09,"wind_dir":26,"weather":{"icon":"c04n","code":804,"description":"Overcast clouds"},"ghi":0,"dhi":0,"timestamp_local":"2022-06-04T01:00:00","solar_rad":0,"vis":10,"dni":0,"temp":14.8,"slp":1019,"clouds":98,"ts":1654297200},{"precip_rate":0,"rh":67,"wind_spd":4.5,"timestamp_utc":"2022-06-03T23:15:00","snow_rate":0,"app_temp":14.6,"pres":1009.1356,"azimuth":267.35,"dewpt":8.6,"uv":0,"elev_angle":-15.05,"wind_dir":28,"weather":{"icon":"c04n","code":804,"description":"Overcast clouds"},"ghi":0,"dhi":0,"timestamp_local":"2022-06-04T01:15:00","solar_rad":0,"vis":10,"dni":0,"temp":14.6,"slp":1019,"clouds":97,"ts":1654298100},{"precip_rate":0,"rh":68,"wind_spd":4.6,"timestamp_utc":"2022-06-03T23:30:00","snow_rate":0,"app_temp":14.5,"pres":1009.12933,"azimuth":180.93,"dewpt":8.6,"uv":0,"elev_angle":-15.01,"wind_dir":29,"weather":{"icon":"c04n","code":804,"description":"Overcast clouds"},"ghi":0,"dhi":0,"timestamp_local":"2022-06-04T01:30:00","solar_rad":0,"vis":10,"dni":0,"temp":14.5,"slp":1019,"clouds":96,"ts":1654299000},{"precip_rate":0,"rh":68,"wind_spd":4.7,"timestamp_utc":"2022-06-03T23:45:00","snow_rate":0,"app_temp":14.3,"pres":1009.12305,"azimuth":94.52,"dewpt":8.5,"uv":0,"elev_angle":-14.97,"wind_dir":30,"weather":{"icon":"c04n","code":804,"description":"Overcast clouds"},"ghi":0,"dhi":0,"timestamp_local":"2022-06-04T01:45:00","solar_rad":0,"vis":10,"dni":0,"temp":14.3,"slp":1019,"clouds":95,"ts":1654299900}],"sources":["103150-99999","imerg","merra2","era5","modis"],"city_id":"2856883"}
