{"timezone":"Europe\/Berlin","state_code":"06","country_code":"DE","lat":52.2833,"lon":8,"city_name":"Osnabr�ck","station_id":"103150-99999","data":[{"precip_rate":0.5,"rh":95,"wind_spd":7.6,"timestamp_utc":"2022-06-06T00:00:00","snow_rate":0,"app_temp":16.3,"pres":1001.26917,"azimuth":8,"dewpt":15.5,"uv":0,"elev_angle":-14.72,"wind_dir":234,"weather":{"icon":"c04n","code":804,"description":"Overcast clouds"},"ghi":0,"dhi":0,"timestamp_local":"2022-06-06T02:00:00","solar_rad":0,"vis":10,"dni":0,"temp":16.3,"slp":1011,"clouds":100,"ts":1654473600},{"precip_rate":0.375,"rh":94,"wind_spd":7.2,"timestamp_utc":"2022-06-06T00:15:00","snow_rate":0,"app_temp":16.3,"pres":1001.26917,"azimuth":11.51,"dewpt":15.3,"uv":0,"elev_angle":-14.13,"wind_dir":234,"weather":{"icon":"c04n","code":804,"description":"Overcast clouds"},"ghi":0,"dhi":0,"timestamp_local":"2022-06-06T02:15:00","solar_rad":0,"vis":10,"dni":0,"temp":16.3,"slp":1011,"clouds":100,"ts":1654474500},{"precip_rate":0.25,"rh":93,"wind_spd":6.8,"timestamp_utc":"2022-06-06T00:30:00","snow_rate":0,"app_temp":16.3,"pres":1001.26917,"azimuth":15.01,"dewpt":15.2,"uv":0,"elev_angle":-13.53,"wind_dir":235,"weather":{"icon":"c04n","code":804,"description":"Overcast clouds"},"ghi":0,"dhi":0,"timestamp_local":"2022-06-06T02:30:00","solar_rad":0,"vis":10,"dni":0,"temp":16.3,"slp":1011,"clouds":100,"ts":1654475400},{"precip_rate":0.125,"rh":92,"wind_spd":6.4,"timestamp_utc":"2022-06-06T00:45:00","snow_rate":0,"app_temp":16.3,"pres":1001.26917,"azimuth":18.52,"dewpt":15,"uv":0,"elev_angle":-12.94,"wind_dir":236,"weather":{"icon":"c04n","code":804,"description":"Overcast clouds"},"ghi":0,"dhi":0,"timestamp_local":"2022-06-06T02:45:00","solar_rad":0,"vis":10,"dni":0,"temp":16.3,"slp":1011,"clouds":100,"ts":1654476300},{"precip_rate":0,"rh":91,"wind_spd":6,"timestamp_utc":"2022-06-06T01:00:00","snow_rate":0,"app_temp":16.3,"pres":1001.26917,"azimuth":22.02,"dewpt":14.8,"uv":0,"elev_angle":-12.34,"wind_dir":236,"weather":{"icon":"c04n","code":804,"description":"Overcast clouds"},"ghi":0,"dhi":0,"timestamp_local":"2022-06-06T03:00:00","solar_rad":0,"vis":9,"dni":0,"temp":16.3,"slp":1011,"clouds":100,"ts":1654477200},{"precip_rate":0,"rh":91,"wind_spd":5.9,"timestamp_utc":"2022-06-06T01:15:00","snow_rate":0,"app_temp":16.2,"pres":1001.5137,"azimuth":25.35,"dewpt":14.7,"uv":0,"elev_angle":-11.24,"wind_dir":234,"weather":{"icon":"c04n","code":804,"description":"Overcast clouds"},"ghi":0,"dhi":0,"timestamp_local":"2022-06-06T03:15:00","solar_rad":0,"vis":8,"dni":0,"temp":16.2,"slp":1011.25,"clouds":100,"ts":1654478100},{"precip_rate":0,"rh":91,"wind_spd":5.8,"timestamp_utc":"2022-06-06T01:30:00","snow_rate":0,"app_temp":16.1,"pres":1001.7582,"azimuth":28.68,"dewpt":14.6,"uv":0,"elev_angle":-10.14,"wind_dir":233,"weather":{"icon":"c04n","code":804,"description":"Overcast clouds"},"ghi":0,"dhi":0,"timestamp_local":"2022-06-06T03:30:00","solar_rad":0,"vis":8,"dni":0,"temp":16.1,"slp":1011.5,"clouds":100,"ts":1654479000},{"precip_rate":0,"rh":91,"wind_spd":5.7,"timestamp_utc":"2022-06-06T01:45:00","snow_rate":0,"app_temp":16,"pres":1002.0026,"azimuth":32.01,"dewpt":14.5,"uv":0,"elev_angle":-9.03,"wind_dir":232,"weather":{"icon":"c04n","code":804,"description":"Overcast clouds"},"ghi":0,"dhi":0,"timestamp_local":"2022-06-06T03:45:00","solar_rad":0,"vis":7,"dni":0,"temp":16,"slp":1011.75,"clouds":100,"ts":1654479900},{"precip_rate":0,"rh":91,"wind_spd":5.6,"timestamp_utc":"2022-06-06T02:00:00","snow_rate":0,"app_temp":15.9,"pres":1002.24713,"azimuth":35.34,"dewpt":14.4,"uv":0,"elev_angle":-7.93,"wind_dir":230,"weather":{"icon":"c04n","code":804,"description":"Overcast clouds"},"ghi":0,"dhi":0,"timestamp_local":"2022-06-06T04:00:00","solar_rad":0,"vis":7,"dni":0,"temp":15.9,"slp":1012,"clouds":100,"ts":1654480800},{"precip_rate":0,"rh":91,"wind_spd":5.6,"timestamp_utc":"2022-06-06T02:15:00","snow_rate":0,"app_temp":15.7,"pres":1002.2409,"azimuth":38.46,"dewpt":14.3,"uv":0,"elev_angle":-6.41,"wind_dir":230,"weather":{"icon":"c04n","code":804,"description":"Overcast clouds"},"ghi":0,"dhi":0,"timestamp_local":"2022-06-06T04:15:00","solar_rad":0,"vis":7,"dni":0,"temp":15.7,"slp":1012,"clouds":100,"ts":1654481700},{"precip_rate":0,"rh":91,"wind_spd":5.6,"timestamp_utc":"2022-06-06T02:30:00","snow_rate":0,"app_temp":15.5,"pres":1002.2347,"azimuth":41.58,"dewpt":14.1,"uv":0,"elev_angle":-4.89,"wind_dir":230,"weather":{"icon":"c04n","code":804,"description":"Overcast clouds"},"ghi":0,"dhi":0,"timestamp_local":"2022-06-06T04:30:00","solar_rad":0,"vis":8,"dni":0,"temp":15.5,"slp":1012,"clouds":100,"ts":1654482600},{"precip_rate":0,"rh":91,"wind_spd":5.6,"timestamp_utc":"2022-06-06T02:45:00","snow_rate":0,"app_temp":15.4,"pres":1002.22845,"azimuth":44.69,"dewpt":13.9,"uv":0,"elev_angle":-3.36,"wind_dir":230,"weather":{"icon":"c04n","code":804,"description":"Overcast clouds"},"ghi":0,"dhi":0,"timestamp_local":"2022-06-06T04:45:00","solar_rad":0,"vis":9,"dni":0,"temp":15.4,"slp":1012,"clouds":100,"ts":1654483500},{"precip_rate":0,"rh":91,"wind_spd":5.6,"timestamp_utc":"2022-06-06T03:00:00","snow_rate":0,"app_temp":15.2,"pres":1002.2222,"azimuth":47.81,"dewpt":13.7,"uv":0,"elev_angle":-1.84,"wind_dir":230,"weather":{"icon":"c04n","code":804,"description":"Overcast clouds"},"ghi":0,"dhi":0,"timestamp_local":"2022-06-06T05:00:00","solar_rad":0,"vis":10,"dni":0,"temp":15.2,"slp":1012,"clouds":100,"ts":1654484400},{"precip_rate":0,"rh":90,"wind_spd":5.7,"timestamp_utc":"2022-06-06T03:15:00","snow_rate":0,"app_temp":15.1,"pres":1002.2191,"azimuth":50.74,"dewpt":13.5,"uv":0.5,"elev_angle":0.01,"wind_dir":232,"weather":{"icon":"c04n","code":804,"description":"Overcast clouds"},"ghi":14.2,"dhi":8.97,"timestamp_local":"2022-06-06T05:15:00","solar_rad":9.744862,"vis":10,"dni":77.66,"temp":15.1,"slp":1012,"clouds":100,"ts":1654485300},{"precip_rate":0,"rh":89,"wind_spd":5.8,"timestamp_utc":"2022-06-06T03:30:00","snow_rate":0,"app_temp":15,"pres":1002.21594,"azimuth":53.66,"dewpt":13.2,"uv":0.5,"elev_angle":1.86,"wind_dir":233,"weather":{"icon":"c04n","code":804,"description":"Overcast clouds"},"ghi":28.5,"dhi":17.94,"timestamp_local":"2022-06-06T05:30:00","solar_rad":19.51809,"vis":10,"dni":155.31,"temp":15,"slp":1012,"clouds":100,"ts":1654486200},{"precip_rate":0,"rh":88,"wind_spd":5.9,"timestamp_utc":"2022-06-06T03:45:00","snow_rate":0,"app_temp":14.9,"pres":1002.2128,"azimuth":56.59,"dewpt":12.9,"uv":0.6,"elev_angle":3.7,"wind_dir":234,"weather":{"icon":"c04n","code":804,"description":"Overcast clouds"},"ghi":42.7,"dhi":26.91,"timestamp_local":"2022-06-06T05:45:00","solar_rad":30.597813,"vis":10,"dni":232.97,"temp":14.9,"slp":1012,"clouds":99,"ts":1654487100},{"precip_rate":0,"rh":87,"wind_spd":6,"timestamp_utc":"2022-06-06T04:00:00","snow_rate":0,"app_temp":14.8,"pres":1002.2097,"azimuth":59.51,"dewpt":12.7,"uv":0.6,"elev_angle":5.55,"wind_dir":236,"weather":{"icon":"c04d","code":804,"description":"Overcast clouds"},"ghi":57,"dhi":35.88,"timestamp_local":"2022-06-06T06:00:00","solar_rad":40.846718,"vis":10,"dni":310.62,"temp":14.8,"slp":1012,"clouds":99,"ts":1654488000},{"precip_rate":0,"rh":87,"wind_spd":5.9,"timestamp_utc":"2022-06-06T04:15:00","snow_rate":0,"app_temp":14.8,"pres":1002.2097,"azimuth":62.32,"dewpt":12.7,"uv":0.6,"elev_angle":7.63,"wind_dir":235,"weather":{"icon":"c04d","code":804,"description":"Overcast clouds"},"ghi":89.4,"dhi":42.34,"timestamp_local":"2022-06-06T06:15:00","solar_rad":62.85735,"vis":10,"dni":371.18,"temp":14.8,"slp":1012,"clouds":94,"ts":1654488900},{"precip_rate":0,"rh":87,"wind_spd":5.8,"timestamp_utc":"2022-06-06T04:30:00","snow_rate":0,"app_temp":14.8,"pres":1002.2097,"azimuth":65.12,"dewpt":12.7,"uv":0.7,"elev_angle":9.72,"wind_dir":234,"weather":{"icon":"c04d","code":804,"description":"Overcast clouds"},"ghi":121.9,"dhi":48.81,"timestamp_local":"2022-06-06T06:30:00","solar_rad":89.1098,"vis":10,"dni":431.73,"temp":14.8,"slp":1012,"clouds":90,"ts":1654489800},{"precip_rate":0,"rh":87,"wind_spd":5.7,"timestamp_utc":"2022-06-06T04:45:00","snow_rate":0,"app_temp":14.8,"pres":1002.2097,"azimuth":67.93,"dewpt":12.7,"uv":0.8,"elev_angle":11.8,"wind_dir":233,"weather":{"icon":"c04d","code":804,"description":"Overcast clouds"},"ghi":154.4,"dhi":55.27,"timestamp_local":"2022-06-06T06:45:00","solar_rad":65.68789,"vis":10,"dni":492.29,"temp":14.8,"slp":1012,"clouds":86,"ts":1654490700},{"precip_rate":0,"rh":87,"wind_spd":5.6,"timestamp_utc":"2022-06-06T05:00:00","snow_rate":0,"app_temp":14.8,"pres":1002.2097,"azimuth":70.73,"dewpt":12.7,"uv":0.8,"elev_angle":13.88,"wind_dir":232,"weather":{"icon":"c04d","code":804,"description":"Overcast clouds"},"ghi":186.9,"dhi":61.73,"timestamp_local":"2022-06-06T07:00:00","solar_rad":98.07418,"vis":9,"dni":552.84,"temp":14.8,"slp":1012,"clouds":81,"ts":1654491600},{"precip_rate":0,"rh":86,"wind_spd":5.5,"timestamp_utc":"2022-06-06T05:15:00","snow_rate":0,"app_temp":14.9,"pres":1002.46045,"azimuth":73.52,"dewpt":12.6,"uv":0.8,"elev_angle":16.11,"wind_dir":228,"weather":{"icon":"c04d","code":804,"description":"Overcast clouds"},"ghi":225.2,"dhi":66.29,"timestamp_local":"2022-06-06T07:15:00","solar_rad":105.1846,"vis":8,"dni":586.74,"temp":14.9,"slp":1012.25,"clouds":84,"ts":1654492500},{"precip_rate":0,"rh":84,"wind_spd":5.4,"timestamp_utc":"2022-06-06T05:30:00","snow_rate":0,"app_temp":15,"pres":1002.7111,"azimuth":76.31,"dewpt":12.3,"uv":0.9,"elev_angle":18.34,"wind_dir":225,"weather":{"icon":"c04d","code":804,"description":"Overcast clouds"},"ghi":263.5,"dhi":70.84,"timestamp_local":"2022-06-06T07:30:00","solar_rad":112.31634,"vis":8,"dni":620.64,"temp":15,"slp":1012.5,"clouds":86,"ts":1654493400},{"precip_rate":0,"rh":83,"wind_spd":5.3,"timestamp_utc":"2022-06-06T05:45:00","snow_rate":0,"app_temp":15.1,"pres":1002.9618,"azimuth":79.1,"dewpt":12.2,"uv":0.9,"elev_angle":20.56,"wind_dir":222,"weather":{"icon":"c04d","code":804,"description":"Overcast clouds"},"ghi":301.8,"dhi":75.4,"timestamp_local":"2022-06-06T07:45:00","solar_rad":115.47995,"vis":8,"dni":654.54,"temp":15.1,"slp":1012.75,"clouds":88,"ts":1654494300},{"precip_rate":0,"rh":82,"wind_spd":5.2,"timestamp_utc":"2022-06-06T06:00:00","snow_rate":0,"app_temp":15.2,"pres":1003.2125,"azimuth":81.89,"dewpt":12.1,"uv":0.9,"elev_angle":22.79,"wind_dir":218,"weather":{"icon":"c04d","code":804,"description":"Overcast clouds"},"ghi":340.1,"dhi":79.95,"timestamp_local":"2022-06-06T08:00:00","solar_rad":106.278755,"vis":9,"dni":688.44,"temp":15.2,"slp":1013,"clouds":91,"ts":1654495200},{"precip_rate":0,"rh":82,"wind_spd":5.5,"timestamp_utc":"2022-06-06T06:15:00","snow_rate":0,"app_temp":15.3,"pres":1003.46326,"azimuth":84.82,"dewpt":12.2,"uv":1,"elev_angle":25.08,"wind_dir":220,"weather":{"icon":"c04d","code":804,"description":"Overcast clouds"},"ghi":379.4,"dhi":83.36,"timestamp_local":"2022-06-06T08:15:00","solar_rad":109.09958,"vis":9,"dni":709.92,"temp":15.3,"slp":1013.25,"clouds":92,"ts":1654496100},{"precip_rate":0,"rh":82,"wind_spd":5.8,"timestamp_utc":"2022-06-06T06:30:00","snow_rate":0,"app_temp":15.4,"pres":1003.714,"azimuth":87.74,"dewpt":12.3,"uv":1.1,"elev_angle":27.37,"wind_dir":221,"weather":{"icon":"c04d","code":804,"description":"Overcast clouds"},"ghi":418.6,"dhi":86.78,"timestamp_local":"2022-06-06T08:30:00","solar_rad":120.28374,"vis":10,"dni":731.4,"temp":15.4,"slp":1013.5,"clouds":92,"ts":1654497000},{"precip_rate":0,"rh":81,"wind_spd":6.1,"timestamp_utc":"2022-06-06T06:45:00","snow_rate":0,"app_temp":15.5,"pres":1003.96466,"azimuth":90.67,"dewpt":12.3,"uv":1.2,"elev_angle":29.66,"wind_dir":222,"weather":{"icon":"c04d","code":804,"description":"Overcast clouds"},"ghi":457.9,"dhi":90.19,"timestamp_local":"2022-06-06T08:45:00","solar_rad":131.67517,"vis":10,"dni":752.88,"temp":15.5,"slp":1013.75,"clouds":92,"ts":1654497900},{"precip_rate":0,"rh":81,"wind_spd":6.4,"timestamp_utc":"2022-06-06T07:00:00","snow_rate":0,"app_temp":15.6,"pres":1004.2154,"azimuth":93.59,"dewpt":12.4,"uv":1.2,"elev_angle":31.95,"wind_dir":224,"weather":{"icon":"c04d","code":804,"description":"Overcast clouds"},"ghi":497.1,"dhi":93.6,"timestamp_local":"2022-06-06T09:00:00","solar_rad":130.22734,"vis":10,"dni":774.36,"temp":15.6,"slp":1014,"clouds":93,"ts":1654498800},{"precip_rate":0.125,"rh":80,"wind_spd":6.3,"timestamp_utc":"2022-06-06T07:15:00","snow_rate":0,"app_temp":15.9,"pres":1004.22473,"azimuth":96.86,"dewpt":12.4,"uv":1.4,"elev_angle":34.21,"wind_dir":224,"weather":{"icon":"c04d","code":804,"description":"Overcast clouds"},"ghi":533.4,"dhi":96.16,"timestamp_local":"2022-06-06T09:15:00","solar_rad":179.22867,"vis":10,"dni":788.6,"temp":15.9,"slp":1014,"clouds":90,"ts":1654499700},{"precip_rate":0.25,"rh":78,"wind_spd":6.2,"timestamp_utc":"2022-06-06T07:30:00","snow_rate":0,"app_temp":16.2,"pres":1004.234,"azimuth":100.13,"dewpt":12.3,"uv":1.6,"elev_angle":36.46,"wind_dir":224,"weather":{"icon":"c04d","code":804,"description":"Overcast clouds"},"ghi":569.8,"dhi":98.71,"timestamp_local":"2022-06-06T09:30:00","solar_rad":217.99731,"vis":10,"dni":802.83,"temp":16.2,"slp":1014,"clouds":88,"ts":1654500600},{"precip_rate":0.375,"rh":76,"wind_spd":6.1,"timestamp_utc":"2022-06-06T07:45:00","snow_rate":0,"app_temp":16.4,"pres":1004.24335,"azimuth":103.39,"dewpt":12.2,"uv":1.8,"elev_angle":38.72,"wind_dir":224,"weather":{"icon":"c04d","code":804,"description":"Overcast clouds"},"ghi":606.1,"dhi":101.27,"timestamp_local":"2022-06-06T09:45:00","solar_rad":258.63724,"vis":10,"dni":817.07,"temp":16.4,"slp":1014,"clouds":86,"ts":1654501500},{"precip_rate":0.5,"rh":75,"wind_spd":6,"timestamp_utc":"2022-06-06T08:00:00","snow_rate":0,"app_temp":16.7,"pres":1004.2527,"azimuth":106.66,"dewpt":12.3,"uv":2.1,"elev_angle":40.97,"wind_dir":224,"weather":{"icon":"c04d","code":804,"description":"Overcast clouds"},"ghi":642.4,"dhi":103.82,"timestamp_local":"2022-06-06T10:00:00","solar_rad":313.42422,"vis":10,"dni":831.3,"temp":16.7,"slp":1014,"clouds":83,"ts":1654502400},{"precip_rate":0.375,"rh":72,"wind_spd":6,"timestamp_utc":"2022-06-06T08:15:00","snow_rate":0,"app_temp":16.9,"pres":1004.25885,"azimuth":110.59,"dewpt":11.8,"uv":2.4,"elev_angle":43.06,"wind_dir":222,"weather":{"icon":"c04d","code":804,"description":"Overcast clouds"},"ghi":672.5,"dhi":105.65,"timestamp_local":"2022-06-06T10:15:00","solar_rad":378.45807,"vis":10,"dni":840.65,"temp":16.9,"slp":1014,"clouds":79,"ts":1654503300},{"precip_rate":0.25,"rh":70,"wind_spd":6,"timestamp_utc":"2022-06-06T08:30:00","snow_rate":0,"app_temp":17.1,"pres":1004.265,"azimuth":114.52,"dewpt":11.5,"uv":2.7,"elev_angle":45.15,"wind_dir":221,"weather":{"icon":"c04d","code":804,"description":"Overcast clouds"},"ghi":702.7,"dhi":107.48,"timestamp_local":"2022-06-06T10:30:00","solar_rad":430.86032,"vis":10,"dni":850,"temp":17.1,"slp":1014,"clouds":76,"ts":1654504200},{"precip_rate":0.125,"rh":68,"wind_spd":6,"timestamp_utc":"2022-06-06T08:45:00","snow_rate":0,"app_temp":17.2,"pres":1004.27124,"azimuth":118.45,"dewpt":11.3,"uv":3,"elev_angle":47.24,"wind_dir":220,"weather":{"icon":"c04d","code":804,"description":"Overcast clouds"},"ghi":732.8,"dhi":109.31,"timestamp_local":"2022-06-06T10:45:00","solar_rad":493.31702,"vis":10,"dni":859.35,"temp":17.2,"slp":1014,"clouds":72,"ts":1654505100},{"precip_rate":0,"rh":65,"wind_spd":6,"timestamp_utc":"2022-06-06T09:00:00","snow_rate":0,"app_temp":17.4,"pres":1004.2774,"azimuth":122.38,"dewpt":10.8,"uv":3.4,"elev_angle":49.33,"wind_dir":218,"weather":{"icon":"c03d","code":803,"description":"Broken clouds"},"ghi":762.9,"dhi":111.14,"timestamp_local":"2022-06-06T11:00:00","solar_rad":554.10626,"vis":10,"dni":868.7,"temp":17.4,"slp":1014,"clouds":68,"ts":1654506000},{"precip_rate":0,"rh":62,"wind_spd":6,"timestamp_utc":"2022-06-06T09:15:00","snow_rate":0,"app_temp":17.7,"pres":1004.2866,"azimuth":127.39,"dewpt":10.3,"uv":3.8,"elev_angle":51.03,"wind_dir":218,"weather":{"icon":"c03d","code":803,"description":"Broken clouds"},"ghi":784.3,"dhi":112.32,"timestamp_local":"2022-06-06T11:15:00","solar_rad":613.88965,"vis":10,"dni":874.38,"temp":17.7,"slp":1014,"clouds":63,"ts":1654506900},{"precip_rate":0,"rh":59,"wind_spd":6,"timestamp_utc":"2022-06-06T09:30:00","snow_rate":0,"app_temp":17.9,"pres":1004.2958,"azimuth":132.39,"dewpt":9.8,"uv":4.2,"elev_angle":52.73,"wind_dir":218,"weather":{"icon":"c03d","code":803,"description":"Broken clouds"},"ghi":805.6,"dhi":113.5,"timestamp_local":"2022-06-06T11:30:00","solar_rad":691.83276,"vis":10,"dni":880.06,"temp":17.9,"slp":1014,"clouds":58,"ts":1654507800},{"precip_rate":0,"rh":56,"wind_spd":6,"timestamp_utc":"2022-06-06T09:45:00","snow_rate":0,"app_temp":18.2,"pres":1004.305,"azimuth":137.4,"dewpt":9.3,"uv":4.7,"elev_angle":54.42,"wind_dir":218,"weather":{"icon":"c03d","code":803,"description":"Broken clouds"},"ghi":827,"dhi":114.67,"timestamp_local":"2022-06-06T11:45:00","solar_rad":741.04205,"vis":10,"dni":885.73,"temp":18.2,"slp":1014,"clouds":53,"ts":1654508700},{"precip_rate":0,"rh":53,"wind_spd":6,"timestamp_utc":"2022-06-06T10:00:00","snow_rate":0,"app_temp":17.8,"pres":1004.3142,"azimuth":142.4,"dewpt":8.7,"uv":5.2,"elev_angle":56.12,"wind_dir":218,"weather":{"icon":"c03d","code":803,"description":"Broken clouds"},"ghi":848.4,"dhi":115.85,"timestamp_local":"2022-06-06T12:00:00","solar_rad":785.4402,"vis":10,"dni":891.41,"temp":18.5,"slp":1014,"clouds":48,"ts":1654509600},{"precip_rate":0,"rh":52,"wind_spd":5.9,"timestamp_utc":"2022-06-06T10:15:00","snow_rate":0,"app_temp":18,"pres":1004.0727,"azimuth":148.72,"dewpt":8.7,"uv":5.3,"elev_angle":57.1,"wind_dir":218,"weather":{"icon":"c03d","code":803,"description":"Broken clouds"},"ghi":859.2,"dhi":116.42,"timestamp_local":"2022-06-06T12:15:00","solar_rad":795.4387,"vis":10,"dni":894.04,"temp":18.7,"slp":1013.75,"clouds":48,"ts":1654510500},{"precip_rate":0,"rh":51,"wind_spd":5.8,"timestamp_utc":"2022-06-06T10:30:00","snow_rate":0,"app_temp":18.2,"pres":1003.8312,"azimuth":155.04,"dewpt":8.6,"uv":5.5,"elev_angle":58.08,"wind_dir":217,"weather":{"icon":"c03d","code":803,"description":"Broken clouds"},"ghi":870,"dhi":116.98,"timestamp_local":"2022-06-06T12:30:00","solar_rad":809.8972,"vis":10,"dni":896.67,"temp":18.9,"slp":1013.5,"clouds":47,"ts":1654511400},{"precip_rate":0,"rh":50,"wind_spd":5.7,"timestamp_utc":"2022-06-06T10:45:00","snow_rate":0,"app_temp":18.4,"pres":1003.58966,"azimuth":161.36,"dewpt":8.4,"uv":5.7,"elev_angle":59.05,"wind_dir":216,"weather":{"icon":"c03d","code":803,"description":"Broken clouds"},"ghi":880.8,"dhi":117.55,"timestamp_local":"2022-06-06T12:45:00","solar_rad":824.2417,"vis":10,"dni":899.29,"temp":19.1,"slp":1013.25,"clouds":46,"ts":1654512300},{"precip_rate":0,"rh":49,"wind_spd":5.6,"timestamp_utc":"2022-06-06T11:00:00","snow_rate":0,"app_temp":18.6,"pres":1003.34814,"azimuth":167.68,"dewpt":8.3,"uv":5.8,"elev_angle":60.03,"wind_dir":216,"weather":{"icon":"c03d","code":803,"description":"Broken clouds"},"ghi":891.6,"dhi":118.11,"timestamp_local":"2022-06-06T13:00:00","solar_rad":834.3482,"vis":10,"dni":901.92,"temp":19.3,"slp":1013,"clouds":46,"ts":1654513200},{"precip_rate":0,"rh":49,"wind_spd":6,"timestamp_utc":"2022-06-06T11:15:00","snow_rate":0,"app_temp":18.6,"pres":1003.34814,"azimuth":174.63,"dewpt":8.3,"uv":5.4,"elev_angle":59.97,"wind_dir":218,"weather":{"icon":"c03d","code":803,"description":"Broken clouds"},"ghi":890.9,"dhi":118.08,"timestamp_local":"2022-06-06T13:15:00","solar_rad":804.10736,"vis":10,"dni":901.77,"temp":19.3,"slp":1013,"clouds":52,"ts":1654514100},{"precip_rate":0,"rh":50,"wind_spd":6.4,"timestamp_utc":"2022-06-06T11:30:00","snow_rate":0,"app_temp":18.6,"pres":1003.34814,"azimuth":181.57,"dewpt":8.6,"uv":5.1,"elev_angle":59.91,"wind_dir":221,"weather":{"icon":"c03d","code":803,"description":"Broken clouds"},"ghi":890.3,"dhi":118.04,"timestamp_local":"2022-06-06T13:30:00","solar_rad":771.79047,"vis":10,"dni":901.61,"temp":19.3,"slp":1013,"clouds":57,"ts":1654515000},{"precip_rate":0,"rh":50,"wind_spd":6.8,"timestamp_utc":"2022-06-06T11:45:00","snow_rate":0,"app_temp":18.6,"pres":1003.34814,"azimuth":188.52,"dewpt":8.6,"uv":4.8,"elev_angle":59.84,"wind_dir":224,"weather":{"icon":"c03d","code":803,"description":"Broken clouds"},"ghi":889.6,"dhi":118.01,"timestamp_local":"2022-06-06T13:45:00","solar_rad":731.99536,"vis":10,"dni":901.46,"temp":19.3,"slp":1013,"clouds":62,"ts":1654515900},{"precip_rate":0,"rh":50,"wind_spd":7.2,"timestamp_utc":"2022-06-06T12:00:00","snow_rate":0,"app_temp":18.6,"pres":1003.34814,"azimuth":195.46,"dewpt":8.6,"uv":4.5,"elev_angle":59.78,"wind_dir":226,"weather":{"icon":"c03d","code":803,"description":"Broken clouds"},"ghi":889,"dhi":117.97,"timestamp_local":"2022-06-06T14:00:00","solar_rad":673.3872,"vis":10,"dni":901.3,"temp":19.3,"slp":1013,"clouds":68,"ts":1654516800},{"precip_rate":0,"rh":50,"wind_spd":7,"timestamp_utc":"2022-06-06T12:15:00","snow_rate":0,"app_temp":18.6,"pres":1003.59576,"azimuth":201.64,"dewpt":8.6,"uv":4.1,"elev_angle":58.7,"wind_dir":227,"weather":{"icon":"c04d","code":804,"description":"Overcast clouds"},"ghi":876.9,"dhi":117.34,"timestamp_local":"2022-06-06T14:15:00","solar_rad":618.60077,"vis":10,"dni":898.35,"temp":19.3,"slp":1013.25,"clouds":72,"ts":1654517700},{"precip_rate":0,"rh":50,"wind_spd":6.8,"timestamp_utc":"2022-06-06T12:30:00","snow_rate":0,"app_temp":18.6,"pres":1003.8434,"azimuth":207.82,"dewpt":8.6,"uv":3.9,"elev_angle":57.63,"wind_dir":228,"weather":{"icon":"c04d","code":804,"description":"Overcast clouds"},"ghi":864.8,"dhi":116.71,"timestamp_local":"2022-06-06T14:30:00","solar_rad":572.1379,"vis":10,"dni":895.4,"temp":19.3,"slp":1013.5,"clouds":75,"ts":1654518600},{"precip_rate":0,"rh":50,"wind_spd":6.6,"timestamp_utc":"2022-06-06T12:45:00","snow_rate":0,"app_temp":18.6,"pres":1004.091,"azimuth":214,"dewpt":8.6,"uv":3.6,"elev_angle":56.55,"wind_dir":229,"weather":{"icon":"c04d","code":804,"description":"Overcast clouds"},"ghi":852.8,"dhi":116.07,"timestamp_local":"2022-06-06T14:45:00","solar_rad":523.02985,"vis":10,"dni":892.44,"temp":19.3,"slp":1013.75,"clouds":78,"ts":1654519500},{"precip_rate":0,"rh":50,"wind_spd":6.4,"timestamp_utc":"2022-06-06T13:00:00","snow_rate":0,"app_temp":18.6,"pres":1004.3386,"azimuth":220.18,"dewpt":8.6,"uv":3.3,"elev_angle":55.47,"wind_dir":230,"weather":{"icon":"c04d","code":804,"description":"Overcast clouds"},"ghi":840.7,"dhi":115.44,"timestamp_local":"2022-06-06T15:00:00","solar_rad":455.3542,"vis":10,"dni":889.49,"temp":19.3,"slp":1014,"clouds":82,"ts":1654520400},{"precip_rate":0,"rh":49,"wind_spd":6.4,"timestamp_utc":"2022-06-06T13:15:00","snow_rate":0,"app_temp":18.6,"pres":1004.09406,"azimuth":225.05,"dewpt":8.4,"uv":3.4,"elev_angle":53.71,"wind_dir":228,"weather":{"icon":"c04d","code":804,"description":"Overcast clouds"},"ghi":818.3,"dhi":114.19,"timestamp_local":"2022-06-06T15:15:00","solar_rad":501.8707,"vis":10,"dni":883.44,"temp":19.4,"slp":1013.75,"clouds":78,"ts":1654521300},{"precip_rate":0,"rh":48,"wind_spd":6.4,"timestamp_utc":"2022-06-06T13:30:00","snow_rate":0,"app_temp":18.7,"pres":1003.8495,"azimuth":229.91,"dewpt":8.2,"uv":3.4,"elev_angle":51.96,"wind_dir":227,"weather":{"icon":"c04d","code":804,"description":"Overcast clouds"},"ghi":795.8,"dhi":112.95,"timestamp_local":"2022-06-06T15:30:00","solar_rad":538.50323,"vis":10,"dni":877.39,"temp":19.4,"slp":1013.5,"clouds":74,"ts":1654522200},{"precip_rate":0,"rh":47,"wind_spd":6.4,"timestamp_utc":"2022-06-06T13:45:00","snow_rate":0,"app_temp":18.8,"pres":1003.60486,"azimuth":234.78,"dewpt":7.9,"uv":3.4,"elev_angle":50.2,"wind_dir":226,"weather":{"icon":"c04d","code":804,"description":"Overcast clouds"},"ghi":773.4,"dhi":111.7,"timestamp_local":"2022-06-06T15:45:00","solar_rad":556.16736,"vis":10,"dni":871.33,"temp":19.5,"slp":1013.25,"clouds":71,"ts":1654523100},{"precip_rate":0,"rh":46,"wind_spd":6.4,"timestamp_utc":"2022-06-06T14:00:00","snow_rate":0,"app_temp":18.8,"pres":1003.3603,"azimuth":239.64,"dewpt":7.7,"uv":3.4,"elev_angle":48.44,"wind_dir":224,"weather":{"icon":"c03d","code":803,"description":"Broken clouds"},"ghi":750.9,"dhi":110.45,"timestamp_local":"2022-06-06T16:00:00","solar_rad":577.7275,"vis":10,"dni":865.28,"temp":19.6,"slp":1013,"clouds":67,"ts":1654524000},{"precip_rate":0,"rh":46,"wind_spd":6.5,"timestamp_utc":"2022-06-06T14:15:00","snow_rate":0,"app_temp":18.9,"pres":1003.3633,"azimuth":243.47,"dewpt":7.8,"uv":3.1,"elev_angle":46.33,"wind_dir":224,"weather":{"icon":"c03d","code":803,"description":"Broken clouds"},"ghi":719.9,"dhi":108.54,"timestamp_local":"2022-06-06T16:15:00","solar_rad":553.8767,"vis":10,"dni":855.46,"temp":19.7,"slp":1013,"clouds":67,"ts":1654524900},{"precip_rate":0,"rh":45,"wind_spd":6.6,"timestamp_utc":"2022-06-06T14:30:00","snow_rate":0,"app_temp":19,"pres":1003.36633,"azimuth":247.31,"dewpt":7.5,"uv":2.9,"elev_angle":44.21,"wind_dir":225,"weather":{"icon":"c03d","code":803,"description":"Broken clouds"},"ghi":689,"dhi":106.64,"timestamp_local":"2022-06-06T16:30:00","solar_rad":530.10284,"vis":10,"dni":845.64,"temp":19.8,"slp":1013,"clouds":67,"ts":1654525800},{"precip_rate":0,"rh":44,"wind_spd":6.7,"timestamp_utc":"2022-06-06T14:45:00","snow_rate":0,"app_temp":19.1,"pres":1003.3694,"azimuth":251.14,"dewpt":7.3,"uv":2.7,"elev_angle":42.1,"wind_dir":226,"weather":{"icon":"c03d","code":803,"description":"Broken clouds"},"ghi":658,"dhi":104.73,"timestamp_local":"2022-06-06T16:45:00","solar_rad":506.25208,"vis":10,"dni":835.81,"temp":19.9,"slp":1013,"clouds":67,"ts":1654526700},{"precip_rate":0,"rh":44,"wind_spd":6.8,"timestamp_utc":"2022-06-06T15:00:00","snow_rate":0,"app_temp":19.2,"pres":1003.3724,"azimuth":254.97,"dewpt":7.4,"uv":2.5,"elev_angle":39.98,"wind_dir":226,"weather":{"icon":"c03d","code":803,"description":"Broken clouds"},"ghi":627.1,"dhi":102.82,"timestamp_local":"2022-06-06T17:00:00","solar_rad":482.47824,"vis":10,"dni":825.99,"temp":20,"slp":1013,"clouds":67,"ts":1654527600},{"precip_rate":0,"rh":45,"wind_spd":6.8,"timestamp_utc":"2022-06-06T15:15:00","snow_rate":0,"app_temp":19,"pres":1003.36633,"azimuth":258.19,"dewpt":7.6,"uv":2.1,"elev_angle":37.72,"wind_dir":227,"weather":{"icon":"c04d","code":804,"description":"Overcast clouds"},"ghi":590.3,"dhi":100.18,"timestamp_local":"2022-06-06T17:15:00","solar_rad":399.4452,"vis":10,"dni":811.1,"temp":19.8,"slp":1013,"clouds":74,"ts":1654528500},{"precip_rate":0,"rh":46,"wind_spd":6.8,"timestamp_utc":"2022-06-06T15:30:00","snow_rate":0,"app_temp":18.9,"pres":1003.3602,"azimuth":261.41,"dewpt":7.7,"uv":1.8,"elev_angle":35.45,"wind_dir":228,"weather":{"icon":"c04d","code":804,"description":"Overcast clouds"},"ghi":553.5,"dhi":97.54,"timestamp_local":"2022-06-06T17:30:00","solar_rad":320.22614,"vis":10,"dni":796.21,"temp":19.6,"slp":1013,"clouds":80,"ts":1654529400},{"precip_rate":0,"rh":48,"wind_spd":6.8,"timestamp_utc":"2022-06-06T15:45:00","snow_rate":0,"app_temp":18.7,"pres":1003.3542,"azimuth":264.62,"dewpt":8.2,"uv":1.4,"elev_angle":33.19,"wind_dir":229,"weather":{"icon":"c04d","code":804,"description":"Overcast clouds"},"ghi":516.7,"dhi":94.9,"timestamp_local":"2022-06-06T17:45:00","solar_rad":227.06807,"vis":10,"dni":781.32,"temp":19.5,"slp":1013,"clouds":87,"ts":1654530300},{"precip_rate":0,"rh":49,"wind_spd":6.8,"timestamp_utc":"2022-06-06T16:00:00","snow_rate":0,"app_temp":18.6,"pres":1003.34814,"azimuth":267.84,"dewpt":8.3,"uv":1.2,"elev_angle":30.92,"wind_dir":230,"weather":{"icon":"c04d","code":804,"description":"Overcast clouds"},"ghi":479.9,"dhi":92.26,"timestamp_local":"2022-06-06T18:00:00","solar_rad":129.9323,"vis":10,"dni":766.43,"temp":19.3,"slp":1013,"clouds":94,"ts":1654531200},{"precip_rate":0,"rh":52,"wind_spd":6.5,"timestamp_utc":"2022-06-06T16:15:00","snow_rate":0,"app_temp":18.2,"pres":1003.33594,"azimuth":270.74,"dewpt":8.9,"uv":1.1,"elev_angle":28.64,"wind_dir":232,"weather":{"icon":"c04d","code":804,"description":"Overcast clouds"},"ghi":440.6,"dhi":88.74,"timestamp_local":"2022-06-06T18:15:00","solar_rad":119.29188,"vis":10,"dni":743.92,"temp":18.9,"slp":1013,"clouds":94,"ts":1654532100},{"precip_rate":0,"rh":54,"wind_spd":6.2,"timestamp_utc":"2022-06-06T16:30:00","snow_rate":0,"app_temp":17.9,"pres":1003.3237,"azimuth":273.64,"dewpt":9.1,"uv":1,"elev_angle":26.35,"wind_dir":233,"weather":{"icon":"c04d","code":804,"description":"Overcast clouds"},"ghi":401.2,"dhi":85.22,"timestamp_local":"2022-06-06T18:30:00","solar_rad":119.07247,"vis":10,"dni":721.41,"temp":18.6,"slp":1013,"clouds":93,"ts":1654533000},{"precip_rate":0,"rh":56,"wind_spd":5.9,"timestamp_utc":"2022-06-06T16:45:00","snow_rate":0,"app_temp":18.2,"pres":1003.31146,"azimuth":276.54,"dewpt":9.3,"uv":0.9,"elev_angle":24.07,"wind_dir":234,"weather":{"icon":"c04d","code":804,"description":"Overcast clouds"},"ghi":361.9,"dhi":81.7,"timestamp_local":"2022-06-06T18:45:00","solar_rad":116.59313,"vis":10,"dni":698.89,"temp":18.2,"slp":1013,"clouds":92,"ts":1654533900},{"precip_rate":0,"rh":59,"wind_spd":5.6,"timestamp_utc":"2022-06-06T17:00:00","snow_rate":0,"app_temp":17.8,"pres":1003.29926,"azimuth":279.44,"dewpt":9.7,"uv":0.9,"elev_angle":21.78,"wind_dir":236,"weather":{"icon":"c04d","code":804,"description":"Overcast clouds"},"ghi":322.6,"dhi":78.18,"timestamp_local":"2022-06-06T19:00:00","solar_rad":103.93187,"vis":10,"dni":676.38,"temp":17.8,"slp":1013,"clouds":92,"ts":1654534800},{"precip_rate":0,"rh":61,"wind_spd":5.4,"timestamp_utc":"2022-06-06T17:15:00","snow_rate":0,"app_temp":17.4,"pres":1003.2869,"azimuth":282.23,"dewpt":9.8,"uv":0.9,"elev_angle":19.57,"wind_dir":236,"weather":{"icon":"c04d","code":804,"description":"Overcast clouds"},"ghi":284.7,"dhi":73.47,"timestamp_local":"2022-06-06T19:15:00","solar_rad":137.24677,"vis":10,"dni":640.57,"temp":17.4,"slp":1013,"clouds":85,"ts":1654535700},{"precip_rate":0,"rh":62,"wind_spd":5.2,"timestamp_utc":"2022-06-06T17:30:00","snow_rate":0,"app_temp":17.1,"pres":1003.2746,"azimuth":285.01,"dewpt":9.7,"uv":1,"elev_angle":17.35,"wind_dir":236,"weather":{"icon":"c04d","code":804,"description":"Overcast clouds"},"ghi":246.8,"dhi":68.77,"timestamp_local":"2022-06-06T19:30:00","solar_rad":151.36464,"vis":10,"dni":604.75,"temp":17.1,"slp":1013,"clouds":78,"ts":1654536600},{"precip_rate":0,"rh":64,"wind_spd":5,"timestamp_utc":"2022-06-06T17:45:00","snow_rate":0,"app_temp":16.7,"pres":1003.26227,"azimuth":287.8,"dewpt":9.8,"uv":1,"elev_angle":15.14,"wind_dir":236,"weather":{"icon":"c04d","code":804,"description":"Overcast clouds"},"ghi":208.9,"dhi":64.06,"timestamp_local":"2022-06-06T19:45:00","solar_rad":147.36653,"vis":10,"dni":568.94,"temp":16.7,"slp":1013,"clouds":72,"ts":1654537500},{"precip_rate":0,"rh":66,"wind_spd":4.8,"timestamp_utc":"2022-06-06T18:00:00","snow_rate":0,"app_temp":16.3,"pres":1003.24994,"azimuth":290.58,"dewpt":9.9,"uv":1,"elev_angle":12.92,"wind_dir":236,"weather":{"icon":"c03d","code":803,"description":"Broken clouds"},"ghi":171,"dhi":59.35,"timestamp_local":"2022-06-06T20:00:00","solar_rad":135.42508,"vis":10,"dni":533.12,"temp":16.3,"slp":1013,"clouds":65,"ts":1654538400},{"precip_rate":0.25,"rh":67,"wind_spd":5,"timestamp_utc":"2022-06-06T18:15:00","snow_rate":0,"app_temp":16.1,"pres":1003.2437,"azimuth":293.4,"dewpt":10,"uv":1,"elev_angle":10.87,"wind_dir":238,"weather":{"icon":"c03d","code":803,"description":"Broken clouds"},"ghi":139.6,"dhi":52.58,"timestamp_local":"2022-06-06T20:15:00","solar_rad":102.23532,"vis":10,"dni":467.89,"temp":16.1,"slp":1013,"clouds":70,"ts":1654539300},{"precip_rate":0.5,"rh":68,"wind_spd":5.2,"timestamp_utc":"2022-06-06T18:30:00","snow_rate":0,"app_temp":15.9,"pres":1003.2375,"azimuth":296.21,"dewpt":10.1,"uv":0.9,"elev_angle":8.81,"wind_dir":239,"weather":{"icon":"c04d","code":804,"description":"Overcast clouds"},"ghi":108.3,"dhi":45.82,"timestamp_local":"2022-06-06T20:30:00","solar_rad":69.96132,"vis":9,"dni":402.67,"temp":15.9,"slp":1013,"clouds":76,"ts":1654540200},{"precip_rate":0.5,"rh":70,"wind_spd":5.4,"timestamp_utc":"2022-06-06T18:45:00","snow_rate":0,"app_temp":15.8,"pres":1003.23126,"azimuth":299.03,"dewpt":10.3,"uv":0.8,"elev_angle":6.76,"wind_dir":240,"weather":{"icon":"c04d","code":804,"description":"Overcast clouds"},"ghi":76.9,"dhi":39.05,"timestamp_local":"2022-06-06T20:45:00","solar_rad":39.31341,"vis":8,"dni":337.44,"temp":15.8,"slp":1013,"clouds":82,"ts":1654541100},{"precip_rate":0.5,"rh":71,"wind_spd":5.6,"timestamp_utc":"2022-06-06T19:00:00","snow_rate":0,"app_temp":15.6,"pres":1003.22504,"azimuth":301.84,"dewpt":10.4,"uv":0.7,"elev_angle":4.7,"wind_dir":242,"weather":{"icon":"c04n","code":804,"description":"Overcast clouds"},"ghi":45.6,"dhi":32.28,"timestamp_local":"2022-06-06T21:00:00","solar_rad":50.59928,"vis":8,"dni":272.21,"temp":15.6,"slp":1013,"clouds":87,"ts":1654542000},{"precip_rate":0.25,"rh":72,"wind_spd":5.5,"timestamp_utc":"2022-06-06T19:15:00","snow_rate":0,"app_temp":15.4,"pres":1003.4664,"azimuth":304.79,"dewpt":10.4,"uv":0.7,"elev_angle":2.89,"wind_dir":242,"weather":{"icon":"c04n","code":804,"description":"Overcast clouds"},"ghi":34.2,"dhi":24.21,"timestamp_local":"2022-06-06T21:15:00","solar_rad":35.604973,"vis":7,"dni":204.16,"temp":15.4,"slp":1013.25,"clouds":90,"ts":1654542900},{"precip_rate":0.75,"rh":73,"wind_spd":5.4,"timestamp_utc":"2022-06-06T19:30:00","snow_rate":0,"app_temp":15.2,"pres":1003.7077,"azimuth":307.73,"dewpt":10.4,"uv":0.6,"elev_angle":1.08,"wind_dir":243,"weather":{"icon":"r01n","code":500,"description":"Light rain"},"ghi":22.8,"dhi":16.14,"timestamp_local":"2022-06-06T21:30:00","solar_rad":22.043785,"vis":9,"dni":136.11,"temp":15.2,"slp":1013.5,"clouds":93,"ts":1654543800},{"precip_rate":0.875,"rh":74,"wind_spd":5.3,"timestamp_utc":"2022-06-06T19:45:00","snow_rate":0,"app_temp":15,"pres":1003.94904,"azimuth":310.68,"dewpt":10.4,"uv":0,"elev_angle":-0.74,"wind_dir":244,"weather":{"icon":"r01n","code":500,"description":"Light rain"},"ghi":11.4,"dhi":8.07,"timestamp_local":"2022-06-06T21:45:00","solar_rad":10.1074705,"vis":10,"dni":68.05,"temp":15,"slp":1013.75,"clouds":96,"ts":1654544700},{"precip_rate":1,"rh":75,"wind_spd":5.2,"timestamp_utc":"2022-06-06T20:00:00","snow_rate":0,"app_temp":14.8,"pres":1004.19037,"azimuth":313.62,"dewpt":10.4,"uv":0,"elev_angle":-2.55,"wind_dir":244,"weather":{"icon":"r01n","code":500,"description":"Light rain"},"ghi":0,"dhi":0,"timestamp_local":"2022-06-06T22:00:00","solar_rad":0,"vis":10,"dni":0,"temp":14.8,"slp":1014,"clouds":99,"ts":1654545600},{"precip_rate":0.875,"rh":76,"wind_spd":5,"timestamp_utc":"2022-06-06T20:15:00","snow_rate":0,"app_temp":14.6,"pres":1004.1841,"azimuth":316.76,"dewpt":10.4,"uv":0,"elev_angle":-4.03,"wind_dir":244,"weather":{"icon":"r01n","code":500,"description":"Light rain"},"ghi":0,"dhi":0,"timestamp_local":"2022-06-06T22:15:00","solar_rad":0,"vis":10,"dni":0,"temp":14.6,"slp":1014,"clouds":99,"ts":1654546500},{"precip_rate":0.75,"rh":78,"wind_spd":4.8,"timestamp_utc":"2022-06-06T20:30:00","snow_rate":0,"app_temp":14.5,"pres":1004.1778,"azimuth":319.9,"dewpt":10.7,"uv":0,"elev_angle":-5.51,"wind_dir":244,"weather":{"icon":"r01n","code":500,"description":"Light rain"},"ghi":0,"dhi":0,"timestamp_local":"2022-06-06T22:30:00","solar_rad":0,"vis":10,"dni":0,"temp":14.5,"slp":1014,"clouds":99,"ts":1654547400},{"precip_rate":0.625,"rh":79,"wind_spd":4.6,"timestamp_utc":"2022-06-06T20:45:00","snow_rate":0,"app_temp":14.3,"pres":1004.1715,"azimuth":323.04,"dewpt":10.7,"uv":0,"elev_angle":-6.98,"wind_dir":244,"weather":{"icon":"r01n","code":500,"description":"Light rain"},"ghi":0,"dhi":0,"timestamp_local":"2022-06-06T22:45:00","solar_rad":0,"vis":10,"dni":0,"temp":14.3,"slp":1014,"clouds":99,"ts":1654548300},{"precip_rate":0.5,"rh":80,"wind_spd":4.4,"timestamp_utc":"2022-06-06T21:00:00","snow_rate":0,"app_temp":14.1,"pres":1004.1652,"azimuth":326.18,"dewpt":10.7,"uv":0,"elev_angle":-8.46,"wind_dir":244,"weather":{"icon":"c04n","code":804,"description":"Overcast clouds"},"ghi":0,"dhi":0,"timestamp_local":"2022-06-06T23:00:00","solar_rad":0,"vis":10,"dni":0,"temp":14.1,"slp":1014,"clouds":99,"ts":1654549200},{"precip_rate":0.375,"rh":83,"wind_spd":4.1,"timestamp_utc":"2022-06-06T21:15:00","snow_rate":0,"app_temp":13.8,"pres":1004.15576,"azimuth":329.53,"dewpt":11,"uv":0,"elev_angle":-9.51,"wind_dir":242,"weather":{"icon":"c04n","code":804,"description":"Overcast clouds"},"ghi":0,"dhi":0,"timestamp_local":"2022-06-06T23:15:00","solar_rad":0,"vis":10,"dni":0,"temp":13.8,"slp":1014,"clouds":99,"ts":1654550100},{"precip_rate":0.25,"rh":86,"wind_spd":3.8,"timestamp_utc":"2022-06-06T21:30:00","snow_rate":0,"app_temp":13.6,"pres":1004.14624,"azimuth":332.89,"dewpt":11.3,"uv":0,"elev_angle":-10.55,"wind_dir":241,"weather":{"icon":"c04n","code":804,"description":"Overcast clouds"},"ghi":0,"dhi":0,"timestamp_local":"2022-06-06T23:30:00","solar_rad":0,"vis":10,"dni":0,"temp":13.6,"slp":1014,"clouds":100,"ts":1654551000},{"precip_rate":0.125,"rh":88,"wind_spd":3.5,"timestamp_utc":"2022-06-06T21:45:00","snow_rate":0,"app_temp":13.3,"pres":1004.1367,"azimuth":336.24,"dewpt":11.3,"uv":0,"elev_angle":-11.6,"wind_dir":240,"weather":{"icon":"c04n","code":804,"description":"Overcast clouds"},"ghi":0,"dhi":0,"timestamp_local":"2022-06-06T23:45:00","solar_rad":0,"vis":10,"dni":0,"temp":13.3,"slp":1014,"clouds":100,"ts":1654551900},{"precip_rate":0,"rh":91,"wind_spd":3.2,"timestamp_utc":"2022-06-06T22:00:00","snow_rate":0,"app_temp":13,"pres":1004.12726,"azimuth":339.59,"dewpt":11.6,"uv":0,"elev_angle":-12.64,"wind_dir":238,"weather":{"icon":"c04n","code":804,"description":"Overcast clouds"},"ghi":0,"dhi":0,"timestamp_local":"2022-06-07T00:00:00","solar_rad":0,"vis":10,"dni":0,"temp":13,"slp":1014,"clouds":100,"ts":1654552800},{"precip_rate":0,"rh":92,"wind_spd":3.3,"timestamp_utc":"2022-06-06T22:15:00","snow_rate":0,"app_temp":12.8,"pres":1004.12085,"azimuth":343.11,"dewpt":11.5,"uv":0,"elev_angle":-13.17,"wind_dir":234,"weather":{"icon":"c04n","code":804,"description":"Overcast clouds"},"ghi":0,"dhi":0,"timestamp_local":"2022-06-07T00:15:00","solar_rad":0,"vis":10,"dni":0,"temp":12.8,"slp":1014,"clouds":99,"ts":1654553700},{"precip_rate":0,"rh":92,"wind_spd":3.4,"timestamp_utc":"2022-06-06T22:30:00","snow_rate":0,"app_temp":12.6,"pres":1004.1145,"azimuth":346.62,"dewpt":11.3,"uv":0,"elev_angle":-13.7,"wind_dir":229,"weather":{"icon":"c04n","code":804,"description":"Overcast clouds"},"ghi":0,"dhi":0,"timestamp_local":"2022-06-07T00:30:00","solar_rad":0,"vis":10,"dni":0,"temp":12.6,"slp":1014,"clouds":98,"ts":1654554600},{"precip_rate":0,"rh":92,"wind_spd":3.5,"timestamp_utc":"2022-06-06T22:45:00","snow_rate":0,"app_temp":12.4,"pres":1004.10815,"azimuth":350.14,"dewpt":11.1,"uv":0,"elev_angle":-14.23,"wind_dir":224,"weather":{"icon":"c04n","code":804,"description":"Overcast clouds"},"ghi":0,"dhi":0,"timestamp_local":"2022-06-07T00:45:00","solar_rad":0,"vis":10,"dni":0,"temp":12.4,"slp":1014,"clouds":96,"ts":1654555500},{"precip_rate":0,"rh":93,"wind_spd":3.6,"timestamp_utc":"2022-06-06T23:00:00","snow_rate":0,"app_temp":12.2,"pres":1004.10175,"azimuth":353.65,"dewpt":11.1,"uv":0,"elev_angle":-14.76,"wind_dir":220,"weather":{"icon":"c04n","code":804,"description":"Overcast clouds"},"ghi":0,"dhi":0,"timestamp_local":"2022-06-07T01:00:00","solar_rad":0,"vis":10,"dni":0,"temp":12.2,"slp":1014,"clouds":95,"ts":1654556400},{"precip_rate":0,"rh":94,"wind_spd":3.5,"timestamp_utc":"2022-06-06T23:15:00","snow_rate":0,"app_temp":12.1,"pres":1003.851,"azimuth":267.22,"dewpt":11.2,"uv":0,"elev_angle":-14.73,"wind_dir":217,"weather":{"icon":"c04n","code":804,"description":"Overcast clouds"},"ghi":0,"dhi":0,"timestamp_local":"2022-06-07T01:15:00","solar_rad":0,"vis":10,"dni":0,"temp":12.1,"slp":1013.75,"clouds":92,"ts":1654557300},{"precip_rate":0,"rh":94,"wind_spd":3.4,"timestamp_utc":"2022-06-06T23:30:00","snow_rate":0,"app_temp":12,"pres":1003.6002,"azimuth":180.8,"dewpt":11.1,"uv":0,"elev_angle":-14.7,"wind_dir":214,"weather":{"icon":"c04n","code":804,"description":"Overcast clouds"},"ghi":0,"dhi":0,"timestamp_local":"2022-06-07T01:30:00","solar_rad":0,"vis":10,"dni":0,"temp":12,"slp":1013.5,"clouds":89,"ts":1654558200},{"precip_rate":0,"rh":94,"wind_spd":3.3,"timestamp_utc":"2022-06-06T23:45:00","snow_rate":0,"app_temp":12,"pres":1003.3495,"azimuth":94.37,"dewpt":11,"uv":0,"elev_angle":-14.66,"wind_dir":211,"weather":{"icon":"c04n","code":804,"description":"Overcast clouds"},"ghi":0,"dhi":0,"timestamp_local":"2022-06-07T01:45:00","solar_rad":0,"vis":10,"dni":0,"temp":12,"slp":1013.25,"clouds":86,"ts":1654559100}],"sources":["103150-99999","imerg","merra2","era5","modis"],"city_id":"2856883"}
