{"timezone":"Europe\/Berlin","state_code":"06","country_code":"DE","lat":52.2833,"lon":8,"city_name":"Osnabr�ck","station_id":"103150-99999","data":[{"precip_rate":4,"rh":86,"wind_spd":0.79,"timestamp_utc":"2022-07-21T00:00:00","snow_rate":0,"app_temp":20.6,"pres":1011.9,"azimuth":6.32,"dewpt":17.8,"uv":0,"elev_angle":-17.11,"wind_dir":28,"weather":{"icon":"r01n","code":500,"description":"Light rain"},"ghi":0,"dhi":0,"timestamp_local":"2022-07-21T02:00:00","solar_rad":0,"vis":3,"dni":0,"temp":20.3,"slp":1018,"clouds":100,"ts":1658361600},{"precip_rate":4,"rh":88,"wind_spd":0.83,"timestamp_utc":"2022-07-21T00:15:00","snow_rate":0,"app_temp":20.4,"pres":1011.625,"azimuth":9.94,"dewpt":17.9,"uv":0,"elev_angle":-16.58,"wind_dir":30,"weather":{"icon":"r01n","code":500,"description":"Light rain"},"ghi":0,"dhi":0,"timestamp_local":"2022-07-21T02:15:00","solar_rad":0,"vis":4,"dni":0,"temp":20.1,"slp":1017.75,"clouds":100,"ts":1658362500},{"precip_rate":4,"rh":89,"wind_spd":0.87,"timestamp_utc":"2022-07-21T00:30:00","snow_rate":0,"app_temp":20.2,"pres":1011.35,"azimuth":13.55,"dewpt":17.9,"uv":0,"elev_angle":-16.04,"wind_dir":32,"weather":{"icon":"r01n","code":500,"description":"Light rain"},"ghi":0,"dhi":0,"timestamp_local":"2022-07-21T02:30:00","solar_rad":0,"vis":5,"dni":0,"temp":19.8,"slp":1017.5,"clouds":100,"ts":1658363400},{"precip_rate":3.25,"rh":90,"wind_spd":0.91,"timestamp_utc":"2022-07-21T00:45:00","snow_rate":0,"app_temp":20,"pres":1011.075,"azimuth":17.17,"dewpt":18,"uv":0,"elev_angle":-15.51,"wind_dir":34,"weather":{"icon":"r01n","code":500,"description":"Light rain"},"ghi":0,"dhi":0,"timestamp_local":"2022-07-21T02:45:00","solar_rad":0,"vis":7,"dni":0,"temp":19.6,"slp":1017.25,"clouds":100,"ts":1658364300},{"precip_rate":2.5,"rh":92,"wind_spd":0.95,"timestamp_utc":"2022-07-21T01:00:00","snow_rate":0,"app_temp":19.8,"pres":1010.8,"azimuth":20.78,"dewpt":18.1,"uv":0,"elev_angle":-14.97,"wind_dir":36,"weather":{"icon":"r01n","code":500,"description":"Light rain"},"ghi":0,"dhi":0,"timestamp_local":"2022-07-21T03:00:00","solar_rad":0,"vis":9,"dni":0,"temp":19.4,"slp":1017,"clouds":100,"ts":1658365200},{"precip_rate":2.25,"rh":92,"wind_spd":0.81,"timestamp_utc":"2022-07-21T01:15:00","snow_rate":0,"app_temp":19.7,"pres":1010.8,"azimuth":24.22,"dewpt":18.1,"uv":0,"elev_angle":-13.91,"wind_dir":111,"weather":{"icon":"r01n","code":500,"description":"Light rain"},"ghi":0,"dhi":0,"timestamp_local":"2022-07-21T03:15:00","solar_rad":0,"vis":10,"dni":0,"temp":19.3,"slp":1017,"clouds":100,"ts":1658366100},{"precip_rate":2,"rh":93,"wind_spd":0.66,"timestamp_utc":"2022-07-21T01:30:00","snow_rate":0,"app_temp":19.6,"pres":1010.8,"azimuth":27.65,"dewpt":18.1,"uv":0,"elev_angle":-12.84,"wind_dir":186,"weather":{"icon":"r01n","code":500,"description":"Light rain"},"ghi":0,"dhi":0,"timestamp_local":"2022-07-21T03:30:00","solar_rad":0,"vis":10,"dni":0,"temp":19.2,"slp":1017,"clouds":100,"ts":1658367000},{"precip_rate":2.5,"rh":94,"wind_spd":0.52,"timestamp_utc":"2022-07-21T01:45:00","snow_rate":0,"app_temp":19.5,"pres":1010.8,"azimuth":31.09,"dewpt":18.1,"uv":0,"elev_angle":-11.78,"wind_dir":261,"weather":{"icon":"r01n","code":500,"description":"Light rain"},"ghi":0,"dhi":0,"timestamp_local":"2022-07-21T03:45:00","solar_rad":0,"vis":10,"dni":0,"temp":19.1,"slp":1017,"clouds":100,"ts":1658367900},{"precip_rate":3,"rh":94,"wind_spd":0.38,"timestamp_utc":"2022-07-21T02:00:00","snow_rate":0,"app_temp":19.4,"pres":1010.8,"azimuth":34.52,"dewpt":18.1,"uv":0,"elev_angle":-10.71,"wind_dir":336,"weather":{"icon":"r01n","code":500,"description":"Light rain"},"ghi":0,"dhi":0,"timestamp_local":"2022-07-21T04:00:00","solar_rad":0,"vis":10,"dni":0,"temp":19,"slp":1017,"clouds":100,"ts":1658368800},{"precip_rate":2.75,"rh":94,"wind_spd":0.41,"timestamp_utc":"2022-07-21T02:15:00","snow_rate":0,"app_temp":19.5,"pres":1010.8,"azimuth":37.73,"dewpt":18.1,"uv":0,"elev_angle":-9.21,"wind_dir":336,"weather":{"icon":"r01n","code":500,"description":"Light rain"},"ghi":0,"dhi":0,"timestamp_local":"2022-07-21T04:15:00","solar_rad":0,"vis":10,"dni":0,"temp":19.1,"slp":1017,"clouds":100,"ts":1658369700},{"precip_rate":2.5,"rh":94,"wind_spd":0.44,"timestamp_utc":"2022-07-21T02:30:00","snow_rate":0,"app_temp":19.5,"pres":1010.8,"azimuth":40.94,"dewpt":18.2,"uv":0,"elev_angle":-7.71,"wind_dir":337,"weather":{"icon":"r01n","code":500,"description":"Light rain"},"ghi":0,"dhi":0,"timestamp_local":"2022-07-21T04:30:00","solar_rad":0,"vis":10,"dni":0,"temp":19.1,"slp":1017,"clouds":100,"ts":1658370600},{"precip_rate":1.75,"rh":94,"wind_spd":0.47,"timestamp_utc":"2022-07-21T02:45:00","snow_rate":0,"app_temp":19.6,"pres":1010.8,"azimuth":44.14,"dewpt":18.2,"uv":0,"elev_angle":-6.21,"wind_dir":338,"weather":{"icon":"r01n","code":500,"description":"Light rain"},"ghi":0,"dhi":0,"timestamp_local":"2022-07-21T04:45:00","solar_rad":0,"vis":9,"dni":0,"temp":19.2,"slp":1017,"clouds":100,"ts":1658371500},{"precip_rate":1,"rh":94,"wind_spd":0.51,"timestamp_utc":"2022-07-21T03:00:00","snow_rate":0,"app_temp":19.6,"pres":1010.8,"azimuth":47.35,"dewpt":18.2,"uv":0,"elev_angle":-4.71,"wind_dir":338,"weather":{"icon":"r01n","code":500,"description":"Light rain"},"ghi":0,"dhi":0,"timestamp_local":"2022-07-21T05:00:00","solar_rad":0,"vis":8,"dni":0,"temp":19.2,"slp":1017,"clouds":100,"ts":1658372400},{"precip_rate":1,"rh":94,"wind_spd":0.4,"timestamp_utc":"2022-07-21T03:15:00","snow_rate":0,"app_temp":19.6,"pres":1010.8,"azimuth":50.35,"dewpt":18.2,"uv":0,"elev_angle":-2.87,"wind_dir":308,"weather":{"icon":"r01n","code":500,"description":"Light rain"},"ghi":5.2,"dhi":5.56,"timestamp_local":"2022-07-21T05:15:00","solar_rad":6.0377245,"vis":6,"dni":40.42,"temp":19.2,"slp":1017,"clouds":98,"ts":1658373300},{"precip_rate":1,"rh":94,"wind_spd":0.29,"timestamp_utc":"2022-07-21T03:30:00","snow_rate":0,"app_temp":19.5,"pres":1010.8,"azimuth":53.35,"dewpt":18.2,"uv":0,"elev_angle":-1.03,"wind_dir":278,"weather":{"icon":"r01n","code":500,"description":"Light rain"},"ghi":10.5,"dhi":11.11,"timestamp_local":"2022-07-21T05:30:00","solar_rad":12.676046,"vis":5,"dni":80.83,"temp":19.1,"slp":1017,"clouds":96,"ts":1658374200},{"precip_rate":1,"rh":95,"wind_spd":0.18,"timestamp_utc":"2022-07-21T03:45:00","snow_rate":0,"app_temp":19.5,"pres":1010.8,"azimuth":56.34,"dewpt":18.2,"uv":0.6,"elev_angle":0.81,"wind_dir":247,"weather":{"icon":"r01n","code":500,"description":"Light rain"},"ghi":15.7,"dhi":16.67,"timestamp_local":"2022-07-21T05:45:00","solar_rad":19.85217,"vis":5,"dni":121.25,"temp":19.1,"slp":1017,"clouds":94,"ts":1658375100},{"precip_rate":1,"rh":95,"wind_spd":0.08,"timestamp_utc":"2022-07-21T04:00:00","snow_rate":0,"app_temp":19.4,"pres":1010.8,"azimuth":59.34,"dewpt":18.2,"uv":0.6,"elev_angle":2.65,"wind_dir":217,"weather":{"icon":"r01n","code":500,"description":"Light rain"},"ghi":21,"dhi":22.22,"timestamp_local":"2022-07-21T06:00:00","solar_rad":27.56181,"vis":5,"dni":161.66,"temp":19,"slp":1017,"clouds":92,"ts":1658376000},{"precip_rate":1,"rh":95,"wind_spd":0.28,"timestamp_utc":"2022-07-21T04:15:00","snow_rate":0,"app_temp":19.4,"pres":1010.8,"azimuth":62.2,"dewpt":18.2,"uv":0.6,"elev_angle":4.73,"wind_dir":216,"weather":{"icon":"r01d","code":500,"description":"Light rain"},"ghi":50.3,"dhi":30.15,"timestamp_local":"2022-07-21T06:15:00","solar_rad":42.05382,"vis":6,"dni":242.81,"temp":19,"slp":1017,"clouds":93,"ts":1658376900},{"precip_rate":1,"rh":95,"wind_spd":0.48,"timestamp_utc":"2022-07-21T04:30:00","snow_rate":0,"app_temp":19.4,"pres":1010.8,"azimuth":65.05,"dewpt":18.2,"uv":0.6,"elev_angle":6.8,"wind_dir":216,"weather":{"icon":"r01d","code":500,"description":"Light rain"},"ghi":79.7,"dhi":38.08,"timestamp_local":"2022-07-21T06:30:00","solar_rad":55.027893,"vis":8,"dni":323.97,"temp":19,"slp":1017,"clouds":94,"ts":1658377800},{"precip_rate":0.75,"rh":95,"wind_spd":0.69,"timestamp_utc":"2022-07-21T04:45:00","snow_rate":0,"app_temp":19.4,"pres":1010.8,"azimuth":67.91,"dewpt":18.2,"uv":0.6,"elev_angle":8.88,"wind_dir":216,"weather":{"icon":"r01d","code":500,"description":"Light rain"},"ghi":109,"dhi":46,"timestamp_local":"2022-07-21T06:45:00","solar_rad":63.38149,"vis":10,"dni":405.12,"temp":19,"slp":1017,"clouds":96,"ts":1658378700},{"precip_rate":0.5,"rh":95,"wind_spd":0.89,"timestamp_utc":"2022-07-21T05:00:00","snow_rate":0,"app_temp":19.4,"pres":1010.8,"azimuth":70.76,"dewpt":18.2,"uv":0.6,"elev_angle":10.95,"wind_dir":215,"weather":{"icon":"c04d","code":804,"description":"Overcast clouds"},"ghi":138.4,"dhi":53.93,"timestamp_local":"2022-07-21T07:00:00","solar_rad":72.18648,"vis":10,"dni":486.27,"temp":19,"slp":1017,"clouds":97,"ts":1658379600},{"precip_rate":0.25,"rh":94,"wind_spd":1.46,"timestamp_utc":"2022-07-21T05:15:00","snow_rate":0,"app_temp":19.3,"pres":1010.8,"azimuth":73.59,"dewpt":18,"uv":0.6,"elev_angle":13.18,"wind_dir":220,"weather":{"icon":"c04d","code":804,"description":"Overcast clouds"},"ghi":175.9,"dhi":59.07,"timestamp_local":"2022-07-21T07:15:00","solar_rad":77.527214,"vis":10,"dni":527.25,"temp":18.9,"slp":1017,"clouds":98,"ts":1658380500},{"precip_rate":0,"rh":94,"wind_spd":2.04,"timestamp_utc":"2022-07-21T05:30:00","snow_rate":0,"app_temp":19.2,"pres":1010.8,"azimuth":76.41,"dewpt":17.8,"uv":0.6,"elev_angle":15.41,"wind_dir":225,"weather":{"icon":"c04d","code":804,"description":"Overcast clouds"},"ghi":213.5,"dhi":64.2,"timestamp_local":"2022-07-21T07:30:00","solar_rad":86.79495,"vis":10,"dni":568.22,"temp":18.8,"slp":1017,"clouds":98,"ts":1658381400},{"precip_rate":0,"rh":94,"wind_spd":2.61,"timestamp_utc":"2022-07-21T05:45:00","snow_rate":0,"app_temp":19.1,"pres":1010.8,"azimuth":79.24,"dewpt":17.6,"uv":0.7,"elev_angle":17.63,"wind_dir":230,"weather":{"icon":"c04d","code":804,"description":"Overcast clouds"},"ghi":251.1,"dhi":69.34,"timestamp_local":"2022-07-21T07:45:00","solar_rad":88.68517,"vis":10,"dni":609.2,"temp":18.7,"slp":1017,"clouds":99,"ts":1658382300},{"precip_rate":0,"rh":93,"wind_spd":3.19,"timestamp_utc":"2022-07-21T06:00:00","snow_rate":0,"app_temp":18.9,"pres":1010.8,"azimuth":82.06,"dewpt":17.4,"uv":0.7,"elev_angle":19.86,"wind_dir":235,"weather":{"icon":"c04d","code":804,"description":"Overcast clouds"},"ghi":288.7,"dhi":74.47,"timestamp_local":"2022-07-21T08:00:00","solar_rad":88.32133,"vis":10,"dni":650.17,"temp":18.6,"slp":1017,"clouds":100,"ts":1658383200},{"precip_rate":0,"rh":92,"wind_spd":3.07,"timestamp_utc":"2022-07-21T06:15:00","snow_rate":0,"app_temp":18.8,"pres":1010.8,"azimuth":85,"dewpt":17.1,"uv":0.8,"elev_angle":22.15,"wind_dir":236,"weather":{"icon":"c04d","code":804,"description":"Overcast clouds"},"ghi":328.2,"dhi":78.22,"timestamp_local":"2022-07-21T08:15:00","solar_rad":104.300156,"vis":10,"dni":674.9,"temp":18.5,"slp":1017,"clouds":99,"ts":1658384100},{"precip_rate":0,"rh":92,"wind_spd":2.96,"timestamp_utc":"2022-07-21T06:30:00","snow_rate":0,"app_temp":18.6,"pres":1010.8,"azimuth":87.93,"dewpt":16.9,"uv":0.8,"elev_angle":24.44,"wind_dir":236,"weather":{"icon":"c04d","code":804,"description":"Overcast clouds"},"ghi":367.6,"dhi":81.96,"timestamp_local":"2022-07-21T08:30:00","solar_rad":122.24649,"vis":9,"dni":699.63,"temp":18.4,"slp":1017,"clouds":98,"ts":1658385000},{"precip_rate":0,"rh":91,"wind_spd":2.85,"timestamp_utc":"2022-07-21T06:45:00","snow_rate":0,"app_temp":18.2,"pres":1010.8,"azimuth":90.87,"dewpt":16.6,"uv":0.9,"elev_angle":26.72,"wind_dir":237,"weather":{"icon":"c04d","code":804,"description":"Overcast clouds"},"ghi":407.1,"dhi":85.71,"timestamp_local":"2022-07-21T08:45:00","solar_rad":142.49866,"vis":8,"dni":724.36,"temp":18.2,"slp":1017,"clouds":97,"ts":1658385900},{"precip_rate":0,"rh":90,"wind_spd":2.74,"timestamp_utc":"2022-07-21T07:00:00","snow_rate":0,"app_temp":18.1,"pres":1010.8,"azimuth":93.8,"dewpt":16.4,"uv":1,"elev_angle":29.01,"wind_dir":238,"weather":{"icon":"c04d","code":804,"description":"Overcast clouds"},"ghi":446.6,"dhi":89.45,"timestamp_local":"2022-07-21T09:00:00","solar_rad":164.76636,"vis":8,"dni":749.09,"temp":18.1,"slp":1017,"clouds":96,"ts":1658386800},{"precip_rate":0,"rh":88,"wind_spd":2.77,"timestamp_utc":"2022-07-21T07:15:00","snow_rate":0,"app_temp":18.6,"pres":1011.05,"azimuth":97.05,"dewpt":16.4,"uv":1.1,"elev_angle":31.27,"wind_dir":236,"weather":{"icon":"c04d","code":804,"description":"Overcast clouds"},"ghi":483.7,"dhi":92.23,"timestamp_local":"2022-07-21T09:15:00","solar_rad":160.42174,"vis":8,"dni":765.11,"temp":18.4,"slp":1017.25,"clouds":97,"ts":1658387700},{"precip_rate":0,"rh":87,"wind_spd":2.8,"timestamp_utc":"2022-07-21T07:30:00","snow_rate":0,"app_temp":18.8,"pres":1011.3,"azimuth":100.29,"dewpt":16.3,"uv":1.2,"elev_angle":33.52,"wind_dir":234,"weather":{"icon":"c04d","code":804,"description":"Overcast clouds"},"ghi":520.8,"dhi":95.01,"timestamp_local":"2022-07-21T09:30:00","solar_rad":153.37329,"vis":9,"dni":781.13,"temp":18.7,"slp":1017.5,"clouds":98,"ts":1658388600},{"precip_rate":0,"rh":86,"wind_spd":2.83,"timestamp_utc":"2022-07-21T07:45:00","snow_rate":0,"app_temp":19.1,"pres":1011.55,"azimuth":103.54,"dewpt":16.3,"uv":1.3,"elev_angle":35.78,"wind_dir":232,"weather":{"icon":"c04d","code":804,"description":"Overcast clouds"},"ghi":558,"dhi":97.78,"timestamp_local":"2022-07-21T09:45:00","solar_rad":143.77454,"vis":9,"dni":797.15,"temp":18.9,"slp":1017.75,"clouds":99,"ts":1658389500},{"precip_rate":0,"rh":84,"wind_spd":2.86,"timestamp_utc":"2022-07-21T08:00:00","snow_rate":0,"app_temp":19.4,"pres":1011.8,"azimuth":106.78,"dewpt":16.3,"uv":1.3,"elev_angle":38.03,"wind_dir":230,"weather":{"icon":"c04d","code":804,"description":"Overcast clouds"},"ghi":595.1,"dhi":100.56,"timestamp_local":"2022-07-21T10:00:00","solar_rad":131.87604,"vis":9,"dni":813.17,"temp":19.2,"slp":1018,"clouds":100,"ts":1658390400},{"precip_rate":0,"rh":83,"wind_spd":3.14,"timestamp_utc":"2022-07-21T08:15:00","snow_rate":0,"app_temp":19.6,"pres":1011.8,"azimuth":110.62,"dewpt":16.3,"uv":1.6,"elev_angle":40.12,"wind_dir":225,"weather":{"icon":"c04d","code":804,"description":"Overcast clouds"},"ghi":626.5,"dhi":102.55,"timestamp_local":"2022-07-21T10:15:00","solar_rad":107.58076,"vis":8,"dni":823.62,"temp":19.4,"slp":1018,"clouds":96,"ts":1658391300},{"precip_rate":0,"rh":82,"wind_spd":3.41,"timestamp_utc":"2022-07-21T08:30:00","snow_rate":0,"app_temp":19.8,"pres":1011.8,"azimuth":114.45,"dewpt":16.3,"uv":1.9,"elev_angle":42.2,"wind_dir":220,"weather":{"icon":"c04d","code":804,"description":"Overcast clouds"},"ghi":657.8,"dhi":104.54,"timestamp_local":"2022-07-21T10:30:00","solar_rad":198.6019,"vis":9,"dni":834.07,"temp":19.7,"slp":1018,"clouds":91,"ts":1658392200},{"precip_rate":0,"rh":80,"wind_spd":3.69,"timestamp_utc":"2022-07-21T08:45:00","snow_rate":0,"app_temp":20,"pres":1011.8,"azimuth":118.29,"dewpt":16.3,"uv":2.2,"elev_angle":44.29,"wind_dir":215,"weather":{"icon":"c04d","code":804,"description":"Overcast clouds"},"ghi":689.2,"dhi":106.53,"timestamp_local":"2022-07-21T10:45:00","solar_rad":287.1148,"vis":10,"dni":844.52,"temp":19.9,"slp":1018,"clouds":86,"ts":1658393100},{"precip_rate":0,"rh":79,"wind_spd":3.96,"timestamp_utc":"2022-07-21T09:00:00","snow_rate":0,"app_temp":20.2,"pres":1011.8,"azimuth":122.12,"dewpt":16.3,"uv":2.5,"elev_angle":46.37,"wind_dir":210,"weather":{"icon":"c04d","code":804,"description":"Overcast clouds"},"ghi":720.5,"dhi":108.52,"timestamp_local":"2022-07-21T11:00:00","solar_rad":358.18018,"vis":10,"dni":854.97,"temp":20.1,"slp":1018,"clouds":82,"ts":1658394000},{"precip_rate":0,"rh":78,"wind_spd":3.95,"timestamp_utc":"2022-07-21T09:15:00","snow_rate":0,"app_temp":20.3,"pres":1011.825,"azimuth":126.9,"dewpt":16.3,"uv":2.5,"elev_angle":48.09,"wind_dir":212,"weather":{"icon":"c04d","code":804,"description":"Overcast clouds"},"ghi":743.3,"dhi":109.82,"timestamp_local":"2022-07-21T11:15:00","solar_rad":309.89728,"vis":10,"dni":861.37,"temp":20.2,"slp":1018,"clouds":86,"ts":1658394900},{"precip_rate":0,"rh":78,"wind_spd":3.95,"timestamp_utc":"2022-07-21T09:30:00","snow_rate":0,"app_temp":20.4,"pres":1011.85,"azimuth":131.69,"dewpt":16.2,"uv":2.5,"elev_angle":49.8,"wind_dir":214,"weather":{"icon":"c04d","code":804,"description":"Overcast clouds"},"ghi":766.2,"dhi":111.13,"timestamp_local":"2022-07-21T11:30:00","solar_rad":250.26816,"vis":10,"dni":867.78,"temp":20.3,"slp":1018,"clouds":90,"ts":1658395800},{"precip_rate":0,"rh":78,"wind_spd":3.94,"timestamp_utc":"2022-07-21T09:45:00","snow_rate":0,"app_temp":20.4,"pres":1011.875,"azimuth":136.47,"dewpt":16.1,"uv":2.3,"elev_angle":51.52,"wind_dir":217,"weather":{"icon":"c04d","code":804,"description":"Overcast clouds"},"ghi":789,"dhi":112.43,"timestamp_local":"2022-07-21T11:45:00","solar_rad":157.40074,"vis":10,"dni":874.18,"temp":20.3,"slp":1018,"clouds":95,"ts":1658396700},{"precip_rate":0,"rh":77,"wind_spd":3.93,"timestamp_utc":"2022-07-21T10:00:00","snow_rate":0,"app_temp":20.5,"pres":1011.9,"azimuth":141.25,"dewpt":16.1,"uv":2.3,"elev_angle":53.23,"wind_dir":219,"weather":{"icon":"c04d","code":804,"description":"Overcast clouds"},"ghi":811.8,"dhi":113.73,"timestamp_local":"2022-07-21T12:00:00","solar_rad":181.92708,"vis":10,"dni":880.58,"temp":20.4,"slp":1018,"clouds":99,"ts":1658397600},{"precip_rate":0,"rh":76,"wind_spd":3.95,"timestamp_utc":"2022-07-21T10:15:00","snow_rate":0,"app_temp":20.5,"pres":1011.9,"azimuth":147.19,"dewpt":16.1,"uv":2.3,"elev_angle":54.27,"wind_dir":222,"weather":{"icon":"c04d","code":804,"description":"Overcast clouds"},"ghi":824.1,"dhi":114.39,"timestamp_local":"2022-07-21T12:15:00","solar_rad":184.01859,"vis":10,"dni":883.71,"temp":20.4,"slp":1018,"clouds":99,"ts":1658398500},{"precip_rate":0,"rh":76,"wind_spd":3.97,"timestamp_utc":"2022-07-21T10:30:00","snow_rate":0,"app_temp":20.6,"pres":1011.9,"azimuth":153.13,"dewpt":16.1,"uv":2.3,"elev_angle":55.32,"wind_dir":224,"weather":{"icon":"c04d","code":804,"description":"Overcast clouds"},"ghi":836.5,"dhi":115.05,"timestamp_local":"2022-07-21T12:30:00","solar_rad":160.33662,"vis":10,"dni":886.84,"temp":20.5,"slp":1018,"clouds":100,"ts":1658399400},{"precip_rate":0,"rh":76,"wind_spd":3.99,"timestamp_utc":"2022-07-21T10:45:00","snow_rate":0,"app_temp":20.6,"pres":1011.9,"azimuth":159.06,"dewpt":16,"uv":2.4,"elev_angle":56.36,"wind_dir":227,"weather":{"icon":"c04d","code":804,"description":"Overcast clouds"},"ghi":848.8,"dhi":115.71,"timestamp_local":"2022-07-21T12:45:00","solar_rad":161.56174,"vis":10,"dni":889.97,"temp":20.6,"slp":1018,"clouds":100,"ts":1658400300},{"precip_rate":0,"rh":75,"wind_spd":4,"timestamp_utc":"2022-07-21T11:00:00","snow_rate":0,"app_temp":20.7,"pres":1011.9,"azimuth":165,"dewpt":16,"uv":2.5,"elev_angle":57.4,"wind_dir":230,"weather":{"icon":"c04d","code":804,"description":"Overcast clouds"},"ghi":861.1,"dhi":116.37,"timestamp_local":"2022-07-21T13:00:00","solar_rad":163.30557,"vis":10,"dni":893.1,"temp":20.6,"slp":1018,"clouds":100,"ts":1658401200},{"precip_rate":0,"rh":73,"wind_spd":3.97,"timestamp_utc":"2022-07-21T11:15:00","snow_rate":0,"app_temp":21,"pres":1011.65,"azimuth":171.59,"dewpt":15.9,"uv":2.5,"elev_angle":57.47,"wind_dir":226,"weather":{"icon":"c04d","code":804,"description":"Overcast clouds"},"ghi":861.9,"dhi":116.41,"timestamp_local":"2022-07-21T13:15:00","solar_rad":163.7495,"vis":10,"dni":893.3,"temp":20.9,"slp":1017.75,"clouds":100,"ts":1658402100},{"precip_rate":0,"rh":72,"wind_spd":3.94,"timestamp_utc":"2022-07-21T11:30:00","snow_rate":0,"app_temp":21.3,"pres":1011.4,"azimuth":178.18,"dewpt":15.8,"uv":2.5,"elev_angle":57.54,"wind_dir":223,"weather":{"icon":"c04d","code":804,"description":"Overcast clouds"},"ghi":862.7,"dhi":116.46,"timestamp_local":"2022-07-21T13:30:00","solar_rad":163.68831,"vis":10,"dni":893.5,"temp":21.2,"slp":1017.5,"clouds":100,"ts":1658403000},{"precip_rate":0,"rh":70,"wind_spd":3.91,"timestamp_utc":"2022-07-21T11:45:00","snow_rate":0,"app_temp":21.5,"pres":1011.15,"azimuth":184.77,"dewpt":15.7,"uv":2.5,"elev_angle":57.61,"wind_dir":220,"weather":{"icon":"c04d","code":804,"description":"Overcast clouds"},"ghi":863.5,"dhi":116.5,"timestamp_local":"2022-07-21T13:45:00","solar_rad":164.17743,"vis":10,"dni":893.69,"temp":21.5,"slp":1017.25,"clouds":100,"ts":1658403900},{"precip_rate":0,"rh":68,"wind_spd":3.88,"timestamp_utc":"2022-07-21T12:00:00","snow_rate":0,"app_temp":21.8,"pres":1010.9,"azimuth":191.36,"dewpt":15.6,"uv":2.5,"elev_angle":57.68,"wind_dir":216,"weather":{"icon":"c04d","code":804,"description":"Overcast clouds"},"ghi":864.3,"dhi":116.54,"timestamp_local":"2022-07-21T14:00:00","solar_rad":164.69539,"vis":10,"dni":893.89,"temp":21.8,"slp":1017,"clouds":100,"ts":1658404800},{"precip_rate":0,"rh":68,"wind_spd":3.85,"timestamp_utc":"2022-07-21T12:15:00","snow_rate":0,"app_temp":21.9,"pres":1010.9,"azimuth":197.44,"dewpt":15.7,"uv":2.4,"elev_angle":56.76,"wind_dir":216,"weather":{"icon":"c04d","code":804,"description":"Overcast clouds"},"ghi":853.5,"dhi":115.97,"timestamp_local":"2022-07-21T14:15:00","solar_rad":163.39926,"vis":10,"dni":891.17,"temp":21.8,"slp":1017,"clouds":100,"ts":1658405700},{"precip_rate":0,"rh":68,"wind_spd":3.82,"timestamp_utc":"2022-07-21T12:30:00","snow_rate":0,"app_temp":21.9,"pres":1010.9,"azimuth":203.52,"dewpt":15.8,"uv":2.4,"elev_angle":55.84,"wind_dir":216,"weather":{"icon":"c04d","code":804,"description":"Overcast clouds"},"ghi":842.7,"dhi":115.39,"timestamp_local":"2022-07-21T14:30:00","solar_rad":162.09573,"vis":10,"dni":888.46,"temp":21.9,"slp":1017,"clouds":100,"ts":1658406600},{"precip_rate":0,"rh":69,"wind_spd":3.79,"timestamp_utc":"2022-07-21T12:45:00","snow_rate":0,"app_temp":22,"pres":1010.9,"azimuth":209.59,"dewpt":15.8,"uv":2.3,"elev_angle":54.91,"wind_dir":215,"weather":{"icon":"c04d","code":804,"description":"Overcast clouds"},"ghi":831.9,"dhi":114.82,"timestamp_local":"2022-07-21T14:45:00","solar_rad":160.2574,"vis":10,"dni":885.74,"temp":21.9,"slp":1017,"clouds":100,"ts":1658407500},{"precip_rate":0,"rh":69,"wind_spd":3.76,"timestamp_utc":"2022-07-21T13:00:00","snow_rate":0,"app_temp":22.1,"pres":1010.9,"azimuth":215.67,"dewpt":15.9,"uv":2.3,"elev_angle":53.99,"wind_dir":215,"weather":{"icon":"c04d","code":804,"description":"Overcast clouds"},"ghi":821.1,"dhi":114.24,"timestamp_local":"2022-07-21T15:00:00","solar_rad":158.96414,"vis":10,"dni":883.02,"temp":22,"slp":1017,"clouds":100,"ts":1658408400},{"precip_rate":0,"rh":72,"wind_spd":3.66,"timestamp_utc":"2022-07-21T13:15:00","snow_rate":0,"app_temp":21.7,"pres":1010.9,"azimuth":220.61,"dewpt":16.2,"uv":2.2,"elev_angle":52.35,"wind_dir":217,"weather":{"icon":"c04d","code":804,"description":"Overcast clouds"},"ghi":799.7,"dhi":113.03,"timestamp_local":"2022-07-21T15:15:00","solar_rad":155.81194,"vis":10,"dni":877.1,"temp":21.6,"slp":1017,"clouds":100,"ts":1658409300},{"precip_rate":0,"rh":75,"wind_spd":3.56,"timestamp_utc":"2022-07-21T13:30:00","snow_rate":0,"app_temp":21.4,"pres":1010.9,"azimuth":225.55,"dewpt":16.5,"uv":2.1,"elev_angle":50.71,"wind_dir":219,"weather":{"icon":"c04d","code":804,"description":"Overcast clouds"},"ghi":778.2,"dhi":111.82,"timestamp_local":"2022-07-21T15:30:00","solar_rad":152.74403,"vis":10,"dni":871.17,"temp":21.3,"slp":1017,"clouds":100,"ts":1658410200},{"precip_rate":0,"rh":78,"wind_spd":3.46,"timestamp_utc":"2022-07-21T13:45:00","snow_rate":0,"app_temp":21.1,"pres":1010.9,"azimuth":230.48,"dewpt":16.8,"uv":2,"elev_angle":49.06,"wind_dir":221,"weather":{"icon":"c04d","code":804,"description":"Overcast clouds"},"ghi":756.7,"dhi":110.6,"timestamp_local":"2022-07-21T15:45:00","solar_rad":149.75044,"vis":10,"dni":865.25,"temp":20.9,"slp":1017,"clouds":100,"ts":1658411100},{"precip_rate":0,"rh":81,"wind_spd":3.36,"timestamp_utc":"2022-07-21T14:00:00","snow_rate":0,"app_temp":20.7,"pres":1010.9,"azimuth":235.42,"dewpt":17.1,"uv":1.9,"elev_angle":47.42,"wind_dir":223,"weather":{"icon":"c04d","code":804,"description":"Overcast clouds"},"ghi":735.2,"dhi":109.39,"timestamp_local":"2022-07-21T16:00:00","solar_rad":146.84529,"vis":10,"dni":859.32,"temp":20.5,"slp":1017,"clouds":100,"ts":1658412000},{"precip_rate":0,"rh":82,"wind_spd":3.48,"timestamp_utc":"2022-07-21T14:15:00","snow_rate":0,"app_temp":20.5,"pres":1010.9,"azimuth":239.36,"dewpt":17.1,"uv":1.7,"elev_angle":45.37,"wind_dir":226,"weather":{"icon":"c04d","code":804,"description":"Overcast clouds"},"ghi":704.8,"dhi":107.5,"timestamp_local":"2022-07-21T16:15:00","solar_rad":143.35275,"vis":10,"dni":849.48,"temp":20.3,"slp":1017,"clouds":100,"ts":1658412900},{"precip_rate":0,"rh":82,"wind_spd":3.6,"timestamp_utc":"2022-07-21T14:30:00","snow_rate":0,"app_temp":20.3,"pres":1010.9,"azimuth":243.31,"dewpt":17,"uv":1.6,"elev_angle":43.32,"wind_dir":229,"weather":{"icon":"c04d","code":804,"description":"Overcast clouds"},"ghi":674.5,"dhi":105.6,"timestamp_local":"2022-07-21T16:30:00","solar_rad":140.26192,"vis":10,"dni":839.65,"temp":20.1,"slp":1017,"clouds":100,"ts":1658413800},{"precip_rate":0,"rh":83,"wind_spd":3.72,"timestamp_utc":"2022-07-21T14:45:00","snow_rate":0,"app_temp":20.1,"pres":1010.9,"azimuth":247.25,"dewpt":16.9,"uv":1.5,"elev_angle":41.26,"wind_dir":232,"weather":{"icon":"c04d","code":804,"description":"Overcast clouds"},"ghi":644.1,"dhi":103.71,"timestamp_local":"2022-07-21T16:45:00","solar_rad":136.75928,"vis":10,"dni":829.81,"temp":19.9,"slp":1017,"clouds":100,"ts":1658414700},{"precip_rate":0,"rh":84,"wind_spd":3.84,"timestamp_utc":"2022-07-21T15:00:00","snow_rate":0,"app_temp":19.9,"pres":1010.9,"azimuth":251.19,"dewpt":16.9,"uv":1.4,"elev_angle":39.21,"wind_dir":235,"weather":{"icon":"c04d","code":804,"description":"Overcast clouds"},"ghi":613.8,"dhi":101.81,"timestamp_local":"2022-07-21T17:00:00","solar_rad":133.25743,"vis":10,"dni":819.97,"temp":19.7,"slp":1017,"clouds":100,"ts":1658415600},{"precip_rate":0,"rh":84,"wind_spd":3.76,"timestamp_utc":"2022-07-21T15:15:00","snow_rate":0,"app_temp":19.9,"pres":1010.9,"azimuth":254.5,"dewpt":16.8,"uv":1.3,"elev_angle":36.97,"wind_dir":236,"weather":{"icon":"c04d","code":804,"description":"Overcast clouds"},"ghi":577.2,"dhi":99.15,"timestamp_local":"2022-07-21T17:15:00","solar_rad":128.75378,"vis":10,"dni":804.82,"temp":19.7,"slp":1017,"clouds":100,"ts":1658416500},{"precip_rate":0,"rh":84,"wind_spd":3.69,"timestamp_utc":"2022-07-21T15:30:00","snow_rate":0,"app_temp":19.8,"pres":1010.9,"azimuth":257.81,"dewpt":16.7,"uv":1.2,"elev_angle":34.73,"wind_dir":238,"weather":{"icon":"c04d","code":804,"description":"Overcast clouds"},"ghi":540.6,"dhi":96.48,"timestamp_local":"2022-07-21T17:30:00","solar_rad":124.22975,"vis":10,"dni":789.67,"temp":19.6,"slp":1017,"clouds":100,"ts":1658417400},{"precip_rate":0,"rh":83,"wind_spd":3.62,"timestamp_utc":"2022-07-21T15:45:00","snow_rate":0,"app_temp":19.7,"pres":1010.9,"azimuth":261.11,"dewpt":16.6,"uv":1.1,"elev_angle":32.48,"wind_dir":239,"weather":{"icon":"c04d","code":804,"description":"Overcast clouds"},"ghi":504,"dhi":93.82,"timestamp_local":"2022-07-21T17:45:00","solar_rad":119.9969,"vis":10,"dni":774.52,"temp":19.6,"slp":1017,"clouds":100,"ts":1658418300},{"precip_rate":0,"rh":83,"wind_spd":3.55,"timestamp_utc":"2022-07-21T16:00:00","snow_rate":0,"app_temp":19.7,"pres":1010.9,"azimuth":264.42,"dewpt":16.5,"uv":1,"elev_angle":30.24,"wind_dir":240,"weather":{"icon":"c04d","code":804,"description":"Overcast clouds"},"ghi":467.4,"dhi":91.15,"timestamp_local":"2022-07-21T18:00:00","solar_rad":115.43066,"vis":10,"dni":759.37,"temp":19.5,"slp":1017,"clouds":100,"ts":1658419200},{"precip_rate":0,"rh":83,"wind_spd":3.58,"timestamp_utc":"2022-07-21T16:15:00","snow_rate":0,"app_temp":19.6,"pres":1010.9,"azimuth":267.38,"dewpt":16.4,"uv":1,"elev_angle":27.95,"wind_dir":240,"weather":{"icon":"c04d","code":804,"description":"Overcast clouds"},"ghi":428,"dhi":87.55,"timestamp_local":"2022-07-21T18:15:00","solar_rad":135.32408,"vis":10,"dni":736.06,"temp":19.5,"slp":1017,"clouds":98,"ts":1658420100},{"precip_rate":0,"rh":83,"wind_spd":3.61,"timestamp_utc":"2022-07-21T16:30:00","snow_rate":0,"app_temp":19.6,"pres":1010.9,"azimuth":270.35,"dewpt":16.4,"uv":0.9,"elev_angle":25.66,"wind_dir":241,"weather":{"icon":"c04d","code":804,"description":"Overcast clouds"},"ghi":388.6,"dhi":83.95,"timestamp_local":"2022-07-21T18:30:00","solar_rad":138.47752,"vis":10,"dni":712.75,"temp":19.4,"slp":1017,"clouds":97,"ts":1658421000},{"precip_rate":0,"rh":83,"wind_spd":3.64,"timestamp_utc":"2022-07-21T16:45:00","snow_rate":0,"app_temp":19.6,"pres":1010.9,"azimuth":273.31,"dewpt":16.3,"uv":0.8,"elev_angle":23.36,"wind_dir":242,"weather":{"icon":"c04d","code":804,"description":"Overcast clouds"},"ghi":349.1,"dhi":80.34,"timestamp_local":"2022-07-21T18:45:00","solar_rad":139.08356,"vis":10,"dni":689.44,"temp":19.4,"slp":1017,"clouds":96,"ts":1658421900},{"precip_rate":0,"rh":83,"wind_spd":3.68,"timestamp_utc":"2022-07-21T17:00:00","snow_rate":0,"app_temp":19.6,"pres":1010.9,"azimuth":276.27,"dewpt":16.3,"uv":0.8,"elev_angle":21.07,"wind_dir":242,"weather":{"icon":"c04d","code":804,"description":"Overcast clouds"},"ghi":309.7,"dhi":76.74,"timestamp_local":"2022-07-21T19:00:00","solar_rad":145.5536,"vis":10,"dni":666.13,"temp":19.4,"slp":1017,"clouds":94,"ts":1658422800},{"precip_rate":0,"rh":84,"wind_spd":3.6,"timestamp_utc":"2022-07-21T17:15:00","snow_rate":0,"app_temp":19.5,"pres":1010.9,"azimuth":279.1,"dewpt":16.4,"uv":0.8,"elev_angle":18.83,"wind_dir":240,"weather":{"icon":"c04d","code":804,"description":"Overcast clouds"},"ghi":271.5,"dhi":71.82,"timestamp_local":"2022-07-21T19:15:00","solar_rad":132.01804,"vis":10,"dni":628,"temp":19.3,"slp":1017,"clouds":94,"ts":1658423700},{"precip_rate":0,"rh":85,"wind_spd":3.52,"timestamp_utc":"2022-07-21T17:30:00","snow_rate":0,"app_temp":19.3,"pres":1010.9,"azimuth":281.93,"dewpt":16.4,"uv":0.7,"elev_angle":16.58,"wind_dir":239,"weather":{"icon":"c04d","code":804,"description":"Overcast clouds"},"ghi":233.3,"dhi":66.9,"timestamp_local":"2022-07-21T19:30:00","solar_rad":124.57567,"vis":10,"dni":589.87,"temp":19.1,"slp":1017,"clouds":93,"ts":1658424600},{"precip_rate":0,"rh":86,"wind_spd":3.44,"timestamp_utc":"2022-07-21T17:45:00","snow_rate":0,"app_temp":19.2,"pres":1010.9,"azimuth":284.75,"dewpt":16.5,"uv":0.7,"elev_angle":14.34,"wind_dir":238,"weather":{"icon":"c04d","code":804,"description":"Overcast clouds"},"ghi":195.1,"dhi":61.98,"timestamp_local":"2022-07-21T19:45:00","solar_rad":115.03113,"vis":10,"dni":551.74,"temp":19,"slp":1017,"clouds":92,"ts":1658425500},{"precip_rate":0,"rh":87,"wind_spd":3.36,"timestamp_utc":"2022-07-21T18:00:00","snow_rate":0,"app_temp":19.1,"pres":1010.9,"azimuth":287.58,"dewpt":16.6,"uv":0.7,"elev_angle":12.09,"wind_dir":236,"weather":{"icon":"c04d","code":804,"description":"Overcast clouds"},"ghi":156.9,"dhi":57.06,"timestamp_local":"2022-07-21T20:00:00","solar_rad":99.58195,"vis":10,"dni":513.61,"temp":18.9,"slp":1017,"clouds":92,"ts":1658426400},{"precip_rate":0,"rh":88,"wind_spd":3.23,"timestamp_utc":"2022-07-21T18:15:00","snow_rate":0,"app_temp":19,"pres":1011.15,"azimuth":290.43,"dewpt":16.6,"uv":0.7,"elev_angle":9.98,"wind_dir":236,"weather":{"icon":"c04d","code":804,"description":"Overcast clouds"},"ghi":125.8,"dhi":49.66,"timestamp_local":"2022-07-21T20:15:00","solar_rad":83.67811,"vis":10,"dni":440.09,"temp":18.8,"slp":1017.25,"clouds":92,"ts":1658427300},{"precip_rate":0,"rh":88,"wind_spd":3.1,"timestamp_utc":"2022-07-21T18:30:00","snow_rate":0,"app_temp":18.8,"pres":1011.4,"azimuth":293.27,"dewpt":16.6,"uv":0.7,"elev_angle":7.88,"wind_dir":236,"weather":{"icon":"c04d","code":804,"description":"Overcast clouds"},"ghi":94.7,"dhi":42.26,"timestamp_local":"2022-07-21T20:30:00","solar_rad":67.838425,"vis":10,"dni":366.57,"temp":18.6,"slp":1017.5,"clouds":92,"ts":1658428200},{"precip_rate":0,"rh":89,"wind_spd":2.97,"timestamp_utc":"2022-07-21T18:45:00","snow_rate":0,"app_temp":18.7,"pres":1011.65,"azimuth":296.12,"dewpt":16.6,"uv":0.6,"elev_angle":5.77,"wind_dir":236,"weather":{"icon":"c04d","code":804,"description":"Overcast clouds"},"ghi":63.6,"dhi":34.85,"timestamp_local":"2022-07-21T20:45:00","solar_rad":50.308666,"vis":10,"dni":293.05,"temp":18.4,"slp":1017.75,"clouds":93,"ts":1658429100},{"precip_rate":0,"rh":90,"wind_spd":2.84,"timestamp_utc":"2022-07-21T19:00:00","snow_rate":0,"app_temp":18.3,"pres":1011.9,"azimuth":298.96,"dewpt":16.6,"uv":0.6,"elev_angle":3.66,"wind_dir":236,"weather":{"icon":"c04n","code":804,"description":"Overcast clouds"},"ghi":32.5,"dhi":27.45,"timestamp_local":"2022-07-21T21:00:00","solar_rad":35.19936,"vis":10,"dni":219.53,"temp":18.3,"slp":1018,"clouds":93,"ts":1658430000},{"precip_rate":0,"rh":90,"wind_spd":2.77,"timestamp_utc":"2022-07-21T19:15:00","snow_rate":0,"app_temp":18.2,"pres":1011.875,"azimuth":301.93,"dewpt":16.6,"uv":0.6,"elev_angle":1.78,"wind_dir":234,"weather":{"icon":"c04n","code":804,"description":"Overcast clouds"},"ghi":24.4,"dhi":20.59,"timestamp_local":"2022-07-21T21:15:00","solar_rad":25.779232,"vis":10,"dni":164.65,"temp":18.2,"slp":1018,"clouds":94,"ts":1658430900},{"precip_rate":0,"rh":91,"wind_spd":2.7,"timestamp_utc":"2022-07-21T19:30:00","snow_rate":0,"app_temp":18.1,"pres":1011.85,"azimuth":304.91,"dewpt":16.6,"uv":0,"elev_angle":-0.11,"wind_dir":231,"weather":{"icon":"c04n","code":804,"description":"Overcast clouds"},"ghi":16.3,"dhi":13.73,"timestamp_local":"2022-07-21T21:30:00","solar_rad":16.30867,"vis":10,"dni":109.77,"temp":18.1,"slp":1018,"clouds":96,"ts":1658431800},{"precip_rate":0,"rh":92,"wind_spd":2.62,"timestamp_utc":"2022-07-21T19:45:00","snow_rate":0,"app_temp":18.1,"pres":1011.825,"azimuth":307.88,"dewpt":16.6,"uv":0,"elev_angle":-1.99,"wind_dir":228,"weather":{"icon":"c04n","code":804,"description":"Overcast clouds"},"ghi":8.1,"dhi":6.86,"timestamp_local":"2022-07-21T21:45:00","solar_rad":7.910257,"vis":10,"dni":54.88,"temp":18.1,"slp":1018,"clouds":97,"ts":1658432700},{"precip_rate":0,"rh":92,"wind_spd":2.55,"timestamp_utc":"2022-07-21T20:00:00","snow_rate":0,"app_temp":18,"pres":1011.8,"azimuth":310.85,"dewpt":16.6,"uv":0,"elev_angle":-3.87,"wind_dir":226,"weather":{"icon":"c04n","code":804,"description":"Overcast clouds"},"ghi":0,"dhi":0,"timestamp_local":"2022-07-21T22:00:00","solar_rad":0,"vis":10,"dni":0,"temp":18,"slp":1018,"clouds":98,"ts":1658433600},{"precip_rate":0,"rh":92,"wind_spd":2.61,"timestamp_utc":"2022-07-21T20:15:00","snow_rate":0,"app_temp":18,"pres":1011.8,"azimuth":314.03,"dewpt":16.7,"uv":0,"elev_angle":-5.43,"wind_dir":228,"weather":{"icon":"c04n","code":804,"description":"Overcast clouds"},"ghi":0,"dhi":0,"timestamp_local":"2022-07-21T22:15:00","solar_rad":0,"vis":10,"dni":0,"temp":18,"slp":1018,"clouds":98,"ts":1658434500},{"precip_rate":0,"rh":93,"wind_spd":2.67,"timestamp_utc":"2022-07-21T20:30:00","snow_rate":0,"app_temp":18,"pres":1011.8,"azimuth":317.21,"dewpt":16.8,"uv":0,"elev_angle":-6.99,"wind_dir":230,"weather":{"icon":"c04n","code":804,"description":"Overcast clouds"},"ghi":0,"dhi":0,"timestamp_local":"2022-07-21T22:30:00","solar_rad":0,"vis":10,"dni":0,"temp":18,"slp":1018,"clouds":98,"ts":1658435400},{"precip_rate":0,"rh":94,"wind_spd":2.74,"timestamp_utc":"2022-07-21T20:45:00","snow_rate":0,"app_temp":18,"pres":1011.8,"azimuth":320.38,"dewpt":16.8,"uv":0,"elev_angle":-8.55,"wind_dir":232,"weather":{"icon":"c04n","code":804,"description":"Overcast clouds"},"ghi":0,"dhi":0,"timestamp_local":"2022-07-21T22:45:00","solar_rad":0,"vis":10,"dni":0,"temp":18,"slp":1018,"clouds":98,"ts":1658436300},{"precip_rate":0,"rh":94,"wind_spd":2.8,"timestamp_utc":"2022-07-21T21:00:00","snow_rate":0,"app_temp":18,"pres":1011.8,"azimuth":323.56,"dewpt":16.9,"uv":0,"elev_angle":-10.11,"wind_dir":234,"weather":{"icon":"c04n","code":804,"description":"Overcast clouds"},"ghi":0,"dhi":0,"timestamp_local":"2022-07-21T23:00:00","solar_rad":0,"vis":8,"dni":0,"temp":18,"slp":1018,"clouds":98,"ts":1658437200},{"precip_rate":0,"rh":94,"wind_spd":2.92,"timestamp_utc":"2022-07-21T21:15:00","snow_rate":0,"app_temp":18,"pres":1011.8,"azimuth":326.97,"dewpt":16.9,"uv":0,"elev_angle":-11.25,"wind_dir":240,"weather":{"icon":"c04n","code":804,"description":"Overcast clouds"},"ghi":0,"dhi":0,"timestamp_local":"2022-07-21T23:15:00","solar_rad":0,"vis":6,"dni":0,"temp":18,"slp":1018,"clouds":98,"ts":1658438100},{"precip_rate":0,"rh":94,"wind_spd":3.04,"timestamp_utc":"2022-07-21T21:30:00","snow_rate":0,"app_temp":17.9,"pres":1011.8,"azimuth":330.38,"dewpt":16.9,"uv":0,"elev_angle":-12.38,"wind_dir":246,"weather":{"icon":"c04n","code":804,"description":"Overcast clouds"},"ghi":0,"dhi":0,"timestamp_local":"2022-07-21T23:30:00","solar_rad":0,"vis":5,"dni":0,"temp":17.9,"slp":1018,"clouds":99,"ts":1658439000},{"precip_rate":0,"rh":95,"wind_spd":3.16,"timestamp_utc":"2022-07-21T21:45:00","snow_rate":0,"app_temp":17.9,"pres":1011.8,"azimuth":333.78,"dewpt":17,"uv":0,"elev_angle":-13.52,"wind_dir":253,"weather":{"icon":"c04n","code":804,"description":"Overcast clouds"},"ghi":0,"dhi":0,"timestamp_local":"2022-07-21T23:45:00","solar_rad":0,"vis":3,"dni":0,"temp":17.9,"slp":1018,"clouds":100,"ts":1658439900},{"precip_rate":0,"rh":95,"wind_spd":3.28,"timestamp_utc":"2022-07-21T22:00:00","snow_rate":0,"app_temp":17.9,"pres":1011.8,"azimuth":337.19,"dewpt":17,"uv":0,"elev_angle":-14.65,"wind_dir":259,"weather":{"icon":"c04n","code":804,"description":"Overcast clouds"},"ghi":0,"dhi":0,"timestamp_local":"2022-07-22T00:00:00","solar_rad":0,"vis":7,"dni":0,"temp":17.9,"slp":1018,"clouds":100,"ts":1658440800},{"precip_rate":0,"rh":95,"wind_spd":3.4,"timestamp_utc":"2022-07-21T22:15:00","snow_rate":0,"app_temp":17.8,"pres":1012.05,"azimuth":340.79,"dewpt":16.9,"uv":0,"elev_angle":-15.27,"wind_dir":270,"weather":{"icon":"c04n","code":804,"description":"Overcast clouds"},"ghi":0,"dhi":0,"timestamp_local":"2022-07-22T00:15:00","solar_rad":0,"vis":10,"dni":0,"temp":17.8,"slp":1018.25,"clouds":100,"ts":1658441700},{"precip_rate":0,"rh":95,"wind_spd":3.53,"timestamp_utc":"2022-07-21T22:30:00","snow_rate":0,"app_temp":17.7,"pres":1012.3,"azimuth":344.4,"dewpt":16.9,"uv":0,"elev_angle":-15.89,"wind_dir":282,"weather":{"icon":"c04n","code":804,"description":"Overcast clouds"},"ghi":0,"dhi":0,"timestamp_local":"2022-07-22T00:30:00","solar_rad":0,"vis":10,"dni":0,"temp":17.7,"slp":1018.5,"clouds":100,"ts":1658442600},{"precip_rate":0,"rh":95,"wind_spd":3.65,"timestamp_utc":"2022-07-21T22:45:00","snow_rate":0,"app_temp":17.6,"pres":1012.55,"azimuth":348,"dewpt":16.8,"uv":0,"elev_angle":-16.51,"wind_dir":293,"weather":{"icon":"c04n","code":804,"description":"Overcast clouds"},"ghi":0,"dhi":0,"timestamp_local":"2022-07-22T00:45:00","solar_rad":0,"vis":10,"dni":0,"temp":17.6,"slp":1018.75,"clouds":100,"ts":1658443500},{"precip_rate":0,"rh":95,"wind_spd":3.77,"timestamp_utc":"2022-07-21T23:00:00","snow_rate":0,"app_temp":17.5,"pres":1012.8,"azimuth":351.6,"dewpt":16.7,"uv":0,"elev_angle":-17.13,"wind_dir":304,"weather":{"icon":"c04n","code":804,"description":"Overcast clouds"},"ghi":0,"dhi":0,"timestamp_local":"2022-07-22T01:00:00","solar_rad":0,"vis":10,"dni":0,"temp":17.5,"slp":1019,"clouds":100,"ts":1658444400},{"precip_rate":0,"rh":95,"wind_spd":3.63,"timestamp_utc":"2022-07-21T23:15:00","snow_rate":0,"app_temp":17.4,"pres":1012.8,"azimuth":265.28,"dewpt":16.5,"uv":0,"elev_angle":-17.18,"wind_dir":307,"weather":{"icon":"c04n","code":804,"description":"Overcast clouds"},"ghi":0,"dhi":0,"timestamp_local":"2022-07-22T01:15:00","solar_rad":0,"vis":10,"dni":0,"temp":17.4,"slp":1019,"clouds":100,"ts":1658445300},{"precip_rate":0,"rh":94,"wind_spd":3.5,"timestamp_utc":"2022-07-21T23:30:00","snow_rate":0,"app_temp":17.2,"pres":1012.8,"azimuth":178.97,"dewpt":16.3,"uv":0,"elev_angle":-17.22,"wind_dir":310,"weather":{"icon":"c04n","code":804,"description":"Overcast clouds"},"ghi":0,"dhi":0,"timestamp_local":"2022-07-22T01:30:00","solar_rad":0,"vis":10,"dni":0,"temp":17.2,"slp":1019,"clouds":100,"ts":1658446200},{"precip_rate":0,"rh":94,"wind_spd":3.36,"timestamp_utc":"2022-07-21T23:45:00","snow_rate":0,"app_temp":17.1,"pres":1012.8,"azimuth":92.65,"dewpt":16.1,"uv":0,"elev_angle":-17.27,"wind_dir":314,"weather":{"icon":"c04n","code":804,"description":"Overcast clouds"},"ghi":0,"dhi":0,"timestamp_local":"2022-07-22T01:45:00","solar_rad":0,"vis":10,"dni":0,"temp":17.1,"slp":1019,"clouds":100,"ts":1658447100}],"sources":["103150-99999","imerg","merra2","era5","modis"],"city_id":"2856883"}
