{"timezone":"Europe\/Berlin","state_code":"06","country_code":"DE","lat":52.2833,"lon":8,"city_name":"Osnabr�ck","station_id":"103150-99999","data":[{"precip_rate":0,"rh":91,"wind_spd":3.2,"timestamp_utc":"2022-06-28T00:00:00","snow_rate":0,"app_temp":13.7,"pres":1011.0846,"azimuth":6.86,"dewpt":12.3,"uv":0,"elev_angle":-14.22,"wind_dir":272,"weather":{"icon":"c02n","code":801,"description":"Few clouds"},"ghi":0,"dhi":0,"timestamp_local":"2022-06-28T02:00:00","solar_rad":0,"vis":9,"dni":0,"temp":13.7,"slp":1021,"clouds":14,"ts":1656374400},{"precip_rate":0,"rh":92,"wind_spd":2.8,"timestamp_utc":"2022-06-28T00:15:00","snow_rate":0,"app_temp":13.4,"pres":1011.075,"azimuth":10.35,"dewpt":12.2,"uv":0,"elev_angle":-13.67,"wind_dir":258,"weather":{"icon":"c02n","code":801,"description":"Few clouds"},"ghi":0,"dhi":0,"timestamp_local":"2022-06-28T02:15:00","solar_rad":0,"vis":8,"dni":0,"temp":13.4,"slp":1021,"clouds":12,"ts":1656375300},{"precip_rate":0,"rh":92,"wind_spd":2.4,"timestamp_utc":"2022-06-28T00:30:00","snow_rate":0,"app_temp":13.2,"pres":1011.0654,"azimuth":13.84,"dewpt":11.9,"uv":0,"elev_angle":-13.13,"wind_dir":244,"weather":{"icon":"c02n","code":801,"description":"Few clouds"},"ghi":0,"dhi":0,"timestamp_local":"2022-06-28T02:30:00","solar_rad":0,"vis":8,"dni":0,"temp":13.2,"slp":1021,"clouds":10,"ts":1656376200},{"precip_rate":0,"rh":92,"wind_spd":2,"timestamp_utc":"2022-06-28T00:45:00","snow_rate":0,"app_temp":12.9,"pres":1011.05585,"azimuth":17.33,"dewpt":11.6,"uv":0,"elev_angle":-12.58,"wind_dir":230,"weather":{"icon":"c02n","code":801,"description":"Few clouds"},"ghi":0,"dhi":0,"timestamp_local":"2022-06-28T02:45:00","solar_rad":0,"vis":8,"dni":0,"temp":12.9,"slp":1021,"clouds":8,"ts":1656377100},{"precip_rate":0,"rh":93,"wind_spd":1.6,"timestamp_utc":"2022-06-28T01:00:00","snow_rate":0,"app_temp":12.6,"pres":1011.04626,"azimuth":20.82,"dewpt":11.5,"uv":0,"elev_angle":-12.03,"wind_dir":216,"weather":{"icon":"c02n","code":801,"description":"Few clouds"},"ghi":0,"dhi":0,"timestamp_local":"2022-06-28T03:00:00","solar_rad":0,"vis":8,"dni":0,"temp":12.6,"slp":1021,"clouds":6,"ts":1656378000},{"precip_rate":0,"rh":94,"wind_spd":1.6,"timestamp_utc":"2022-06-28T01:15:00","snow_rate":0,"app_temp":12.4,"pres":1011.2874,"azimuth":24.15,"dewpt":11.5,"uv":0,"elev_angle":-10.97,"wind_dir":207,"weather":{"icon":"c02n","code":801,"description":"Few clouds"},"ghi":0,"dhi":0,"timestamp_local":"2022-06-28T03:15:00","solar_rad":0,"vis":8,"dni":0,"temp":12.4,"slp":1021.25,"clouds":8,"ts":1656378900},{"precip_rate":0,"rh":94,"wind_spd":1.6,"timestamp_utc":"2022-06-28T01:30:00","snow_rate":0,"app_temp":12.3,"pres":1011.52856,"azimuth":27.48,"dewpt":11.3,"uv":0,"elev_angle":-9.91,"wind_dir":198,"weather":{"icon":"c02n","code":801,"description":"Few clouds"},"ghi":0,"dhi":0,"timestamp_local":"2022-06-28T03:30:00","solar_rad":0,"vis":7,"dni":0,"temp":12.3,"slp":1021.5,"clouds":10,"ts":1656379800},{"precip_rate":0,"rh":94,"wind_spd":1.6,"timestamp_utc":"2022-06-28T01:45:00","snow_rate":0,"app_temp":12.1,"pres":1011.76965,"azimuth":30.8,"dewpt":11.1,"uv":0,"elev_angle":-8.85,"wind_dir":189,"weather":{"icon":"c02n","code":801,"description":"Few clouds"},"ghi":0,"dhi":0,"timestamp_local":"2022-06-28T03:45:00","solar_rad":0,"vis":6,"dni":0,"temp":12.1,"slp":1021.75,"clouds":13,"ts":1656380700},{"precip_rate":0,"rh":95,"wind_spd":1.6,"timestamp_utc":"2022-06-28T02:00:00","snow_rate":0,"app_temp":11.9,"pres":1012.0108,"azimuth":34.13,"dewpt":11.1,"uv":0,"elev_angle":-7.79,"wind_dir":180,"weather":{"icon":"c02n","code":801,"description":"Few clouds"},"ghi":0,"dhi":0,"timestamp_local":"2022-06-28T04:00:00","solar_rad":0,"vis":3,"dni":0,"temp":11.9,"slp":1022,"clouds":15,"ts":1656381600},{"precip_rate":0,"rh":95,"wind_spd":1.7,"timestamp_utc":"2022-06-28T02:15:00","snow_rate":0,"app_temp":11.8,"pres":1011.76,"azimuth":37.25,"dewpt":11,"uv":0,"elev_angle":-6.31,"wind_dir":184,"weather":{"icon":"c02n","code":802,"description":"Scattered clouds"},"ghi":0,"dhi":0,"timestamp_local":"2022-06-28T04:15:00","solar_rad":0,"vis":1,"dni":0,"temp":11.8,"slp":1021.75,"clouds":23,"ts":1656382500},{"precip_rate":0,"rh":95,"wind_spd":1.8,"timestamp_utc":"2022-06-28T02:30:00","snow_rate":0,"app_temp":11.7,"pres":1011.5092,"azimuth":40.37,"dewpt":10.9,"uv":0,"elev_angle":-4.82,"wind_dir":188,"weather":{"icon":"c02n","code":802,"description":"Scattered clouds"},"ghi":0,"dhi":0,"timestamp_local":"2022-06-28T04:30:00","solar_rad":0,"vis":1,"dni":0,"temp":11.7,"slp":1021.5,"clouds":32,"ts":1656383400},{"precip_rate":0,"rh":95,"wind_spd":1.9,"timestamp_utc":"2022-06-28T02:45:00","snow_rate":0,"app_temp":11.6,"pres":1011.2584,"azimuth":43.49,"dewpt":10.8,"uv":0,"elev_angle":-3.34,"wind_dir":192,"weather":{"icon":"c02n","code":802,"description":"Scattered clouds"},"ghi":0,"dhi":0,"timestamp_local":"2022-06-28T04:45:00","solar_rad":0,"vis":1,"dni":0,"temp":11.6,"slp":1021.25,"clouds":40,"ts":1656384300},{"precip_rate":0,"rh":95,"wind_spd":2,"timestamp_utc":"2022-06-28T03:00:00","snow_rate":0,"app_temp":11.5,"pres":1011.0076,"azimuth":46.61,"dewpt":10.7,"uv":0,"elev_angle":-1.85,"wind_dir":196,"weather":{"icon":"c03n","code":803,"description":"Broken clouds"},"ghi":0,"dhi":0,"timestamp_local":"2022-06-28T05:00:00","solar_rad":0,"vis":1,"dni":0,"temp":11.5,"slp":1021,"clouds":48,"ts":1656385200},{"precip_rate":0,"rh":95,"wind_spd":2.1,"timestamp_utc":"2022-06-28T03:15:00","snow_rate":0,"app_temp":11.5,"pres":1011.2552,"azimuth":49.54,"dewpt":10.7,"uv":0,"elev_angle":-0.03,"wind_dir":192,"weather":{"icon":"c03n","code":803,"description":"Broken clouds"},"ghi":13.7,"dhi":8.8,"timestamp_local":"2022-06-28T05:15:00","solar_rad":12.317626,"vis":1,"dni":75.95,"temp":11.5,"slp":1021.25,"clouds":47,"ts":1656386100},{"precip_rate":0,"rh":95,"wind_spd":2.2,"timestamp_utc":"2022-06-28T03:30:00","snow_rate":0,"app_temp":11.5,"pres":1011.50275,"azimuth":52.47,"dewpt":10.7,"uv":1.2,"elev_angle":1.79,"wind_dir":188,"weather":{"icon":"c03n","code":803,"description":"Broken clouds"},"ghi":27.5,"dhi":17.61,"timestamp_local":"2022-06-28T05:30:00","solar_rad":24.85912,"vis":1,"dni":151.91,"temp":11.5,"slp":1021.5,"clouds":46,"ts":1656387000},{"precip_rate":0,"rh":95,"wind_spd":2.3,"timestamp_utc":"2022-06-28T03:45:00","snow_rate":0,"app_temp":11.5,"pres":1011.7503,"azimuth":55.39,"dewpt":10.7,"uv":1.2,"elev_angle":3.6,"wind_dir":184,"weather":{"icon":"c03n","code":803,"description":"Broken clouds"},"ghi":41.2,"dhi":26.41,"timestamp_local":"2022-06-28T05:45:00","solar_rad":37.43397,"vis":1,"dni":227.86,"temp":11.5,"slp":1021.75,"clouds":45,"ts":1656387900},{"precip_rate":0,"rh":95,"wind_spd":2.4,"timestamp_utc":"2022-06-28T04:00:00","snow_rate":0,"app_temp":11.5,"pres":1011.99786,"azimuth":58.32,"dewpt":10.7,"uv":1.2,"elev_angle":5.42,"wind_dir":180,"weather":{"icon":"c03d","code":803,"description":"Broken clouds"},"ghi":55,"dhi":35.21,"timestamp_local":"2022-06-28T06:00:00","solar_rad":50.213627,"vis":1,"dni":303.81,"temp":11.5,"slp":1022,"clouds":44,"ts":1656388800},{"precip_rate":0,"rh":94,"wind_spd":2.5,"timestamp_utc":"2022-06-28T04:15:00","snow_rate":0,"app_temp":11.9,"pres":1012.0139,"azimuth":61.12,"dewpt":11,"uv":1.3,"elev_angle":7.48,"wind_dir":180,"weather":{"icon":"c03d","code":803,"description":"Broken clouds"},"ghi":86.8,"dhi":41.65,"timestamp_local":"2022-06-28T06:15:00","solar_rad":79.55957,"vis":1,"dni":364.48,"temp":11.9,"slp":1022,"clouds":43,"ts":1656389700},{"precip_rate":0,"rh":93,"wind_spd":2.6,"timestamp_utc":"2022-06-28T04:30:00","snow_rate":0,"app_temp":12.4,"pres":1012.03,"azimuth":63.92,"dewpt":11.3,"uv":1.3,"elev_angle":9.54,"wind_dir":180,"weather":{"icon":"c03d","code":803,"description":"Broken clouds"},"ghi":118.7,"dhi":48.09,"timestamp_local":"2022-06-28T06:30:00","solar_rad":109.19976,"vis":1,"dni":425.15,"temp":12.4,"slp":1022,"clouds":42,"ts":1656390600},{"precip_rate":0,"rh":92,"wind_spd":2.7,"timestamp_utc":"2022-06-28T04:45:00","snow_rate":0,"app_temp":12.8,"pres":1012.0461,"azimuth":66.72,"dewpt":11.6,"uv":1.3,"elev_angle":11.59,"wind_dir":180,"weather":{"icon":"c02d","code":802,"description":"Scattered clouds"},"ghi":150.6,"dhi":54.53,"timestamp_local":"2022-06-28T06:45:00","solar_rad":139.54855,"vis":1,"dni":485.82,"temp":12.8,"slp":1022,"clouds":40,"ts":1656391500},{"precip_rate":0,"rh":91,"wind_spd":2.8,"timestamp_utc":"2022-06-28T05:00:00","snow_rate":0,"app_temp":13.3,"pres":1012.06213,"azimuth":69.52,"dewpt":11.9,"uv":1.4,"elev_angle":13.65,"wind_dir":180,"weather":{"icon":"c02d","code":802,"description":"Scattered clouds"},"ghi":182.5,"dhi":60.97,"timestamp_local":"2022-06-28T07:00:00","solar_rad":169.60716,"vis":2,"dni":546.49,"temp":13.3,"slp":1022,"clouds":39,"ts":1656392400},{"precip_rate":0,"rh":90,"wind_spd":2.8,"timestamp_utc":"2022-06-28T05:15:00","snow_rate":0,"app_temp":13.7,"pres":1012.0748,"azimuth":72.3,"dewpt":12.1,"uv":1.6,"elev_angle":15.87,"wind_dir":190,"weather":{"icon":"c02d","code":802,"description":"Scattered clouds"},"ghi":220.5,"dhi":65.53,"timestamp_local":"2022-06-28T07:15:00","solar_rad":209.21048,"vis":3,"dni":580.58,"temp":13.7,"slp":1022,"clouds":31,"ts":1656393300},{"precip_rate":0,"rh":89,"wind_spd":2.8,"timestamp_utc":"2022-06-28T05:30:00","snow_rate":0,"app_temp":14.1,"pres":1012.0875,"azimuth":75.08,"dewpt":12.3,"uv":1.8,"elev_angle":18.08,"wind_dir":199,"weather":{"icon":"c02d","code":802,"description":"Scattered clouds"},"ghi":258.4,"dhi":70.09,"timestamp_local":"2022-06-28T07:30:00","solar_rad":247.8308,"vis":5,"dni":614.68,"temp":14.1,"slp":1022,"clouds":23,"ts":1656394200},{"precip_rate":0,"rh":88,"wind_spd":2.8,"timestamp_utc":"2022-06-28T05:45:00","snow_rate":0,"app_temp":14.4,"pres":1012.1003,"azimuth":77.86,"dewpt":12.5,"uv":2,"elev_angle":20.3,"wind_dir":208,"weather":{"icon":"c02d","code":801,"description":"Few clouds"},"ghi":296.3,"dhi":74.64,"timestamp_local":"2022-06-28T07:45:00","solar_rad":285.4423,"vis":7,"dni":648.77,"temp":14.4,"slp":1022,"clouds":15,"ts":1656395100},{"precip_rate":0,"rh":87,"wind_spd":2.8,"timestamp_utc":"2022-06-28T06:00:00","snow_rate":0,"app_temp":14.8,"pres":1012.113,"azimuth":80.64,"dewpt":12.7,"uv":2.3,"elev_angle":22.51,"wind_dir":218,"weather":{"icon":"c02d","code":801,"description":"Few clouds"},"ghi":334.2,"dhi":79.2,"timestamp_local":"2022-06-28T08:00:00","solar_rad":322.25876,"vis":9,"dni":682.86,"temp":14.8,"slp":1022,"clouds":7,"ts":1656396000},{"precip_rate":0,"rh":84,"wind_spd":2.9,"timestamp_utc":"2022-06-28T06:15:00","snow_rate":0,"app_temp":15.3,"pres":1012.1318,"azimuth":83.54,"dewpt":12.7,"uv":2.5,"elev_angle":24.8,"wind_dir":225,"weather":{"icon":"c02d","code":801,"description":"Few clouds"},"ghi":373.3,"dhi":82.63,"timestamp_local":"2022-06-28T08:15:00","solar_rad":360.0116,"vis":10,"dni":704.52,"temp":15.3,"slp":1022,"clouds":5,"ts":1656396900},{"precip_rate":0,"rh":81,"wind_spd":3,"timestamp_utc":"2022-06-28T06:30:00","snow_rate":0,"app_temp":15.9,"pres":1012.15063,"azimuth":86.44,"dewpt":12.6,"uv":2.8,"elev_angle":27.09,"wind_dir":232,"weather":{"icon":"c02d","code":801,"description":"Few clouds"},"ghi":412.4,"dhi":86.06,"timestamp_local":"2022-06-28T08:30:00","solar_rad":397.77173,"vis":10,"dni":726.18,"temp":15.9,"slp":1022,"clouds":4,"ts":1656397800},{"precip_rate":0,"rh":78,"wind_spd":3.1,"timestamp_utc":"2022-06-28T06:45:00","snow_rate":0,"app_temp":16.4,"pres":1012.16943,"azimuth":89.33,"dewpt":12.6,"uv":3.1,"elev_angle":29.37,"wind_dir":239,"weather":{"icon":"c02d","code":801,"description":"Few clouds"},"ghi":451.5,"dhi":89.48,"timestamp_local":"2022-06-28T08:45:00","solar_rad":435.56262,"vis":10,"dni":747.84,"temp":16.4,"slp":1022,"clouds":2,"ts":1656398700},{"precip_rate":0,"rh":75,"wind_spd":3.2,"timestamp_utc":"2022-06-28T07:00:00","snow_rate":0,"app_temp":17,"pres":1012.18823,"azimuth":92.23,"dewpt":12.5,"uv":3.4,"elev_angle":31.66,"wind_dir":246,"weather":{"icon":"c01d","code":800,"description":"Clear Sky"},"ghi":490.6,"dhi":92.91,"timestamp_local":"2022-06-28T09:00:00","solar_rad":473.38684,"vis":10,"dni":769.5,"temp":17,"slp":1022,"clouds":0,"ts":1656399600},{"precip_rate":0,"rh":72,"wind_spd":3.2,"timestamp_utc":"2022-06-28T07:15:00","snow_rate":0,"app_temp":17.4,"pres":1012.2006,"azimuth":95.46,"dewpt":12.3,"uv":3.7,"elev_angle":33.93,"wind_dir":248,"weather":{"icon":"c01d","code":800,"description":"Clear Sky"},"ghi":527,"dhi":95.49,"timestamp_local":"2022-06-28T09:15:00","solar_rad":508.84335,"vis":10,"dni":783.9,"temp":17.4,"slp":1022,"clouds":0,"ts":1656400500},{"precip_rate":0,"rh":70,"wind_spd":3.2,"timestamp_utc":"2022-06-28T07:30:00","snow_rate":0,"app_temp":17.8,"pres":1012.213,"azimuth":98.68,"dewpt":12.2,"uv":4,"elev_angle":36.19,"wind_dir":251,"weather":{"icon":"c01d","code":800,"description":"Clear Sky"},"ghi":563.4,"dhi":98.06,"timestamp_local":"2022-06-28T09:30:00","solar_rad":544.0974,"vis":10,"dni":798.29,"temp":17.8,"slp":1022,"clouds":0,"ts":1656401400},{"precip_rate":0,"rh":67,"wind_spd":3.2,"timestamp_utc":"2022-06-28T07:45:00","snow_rate":0,"app_temp":18.1,"pres":1012.2254,"azimuth":101.91,"dewpt":11.9,"uv":4.4,"elev_angle":38.46,"wind_dir":254,"weather":{"icon":"c01d","code":800,"description":"Clear Sky"},"ghi":599.8,"dhi":100.64,"timestamp_local":"2022-06-28T09:45:00","solar_rad":579.6824,"vis":10,"dni":812.69,"temp":18.1,"slp":1022,"clouds":1,"ts":1656402300},{"precip_rate":0,"rh":64,"wind_spd":3.2,"timestamp_utc":"2022-06-28T08:00:00","snow_rate":0,"app_temp":18.1,"pres":1012.2378,"azimuth":105.13,"dewpt":11.6,"uv":4.8,"elev_angle":40.72,"wind_dir":256,"weather":{"icon":"c01d","code":800,"description":"Clear Sky"},"ghi":636.2,"dhi":103.21,"timestamp_local":"2022-06-28T10:00:00","solar_rad":615.3527,"vis":10,"dni":827.08,"temp":18.5,"slp":1022,"clouds":1,"ts":1656403200},{"precip_rate":0,"rh":62,"wind_spd":3.2,"timestamp_utc":"2022-06-28T08:15:00","snow_rate":0,"app_temp":18.3,"pres":1012.247,"azimuth":108.99,"dewpt":11.3,"uv":5.1,"elev_angle":42.83,"wind_dir":255,"weather":{"icon":"c02d","code":801,"description":"Few clouds"},"ghi":666.7,"dhi":105.07,"timestamp_local":"2022-06-28T10:15:00","solar_rad":645.1802,"vis":10,"dni":836.59,"temp":18.8,"slp":1022,"clouds":3,"ts":1656404100},{"precip_rate":0,"rh":60,"wind_spd":3.2,"timestamp_utc":"2022-06-28T08:30:00","snow_rate":0,"app_temp":18.6,"pres":1012.2562,"azimuth":112.86,"dewpt":11.1,"uv":5.3,"elev_angle":44.95,"wind_dir":254,"weather":{"icon":"c02d","code":801,"description":"Few clouds"},"ghi":697.2,"dhi":106.93,"timestamp_local":"2022-06-28T10:30:00","solar_rad":675.02,"vis":10,"dni":846.1,"temp":19.1,"slp":1022,"clouds":6,"ts":1656405000},{"precip_rate":0,"rh":57,"wind_spd":3.2,"timestamp_utc":"2022-06-28T08:45:00","snow_rate":0,"app_temp":18.8,"pres":1012.26544,"azimuth":116.72,"dewpt":10.6,"uv":5.6,"elev_angle":47.06,"wind_dir":253,"weather":{"icon":"c02d","code":801,"description":"Few clouds"},"ghi":727.7,"dhi":108.78,"timestamp_local":"2022-06-28T10:45:00","solar_rad":705.26465,"vis":10,"dni":855.6,"temp":19.3,"slp":1022,"clouds":8,"ts":1656405900},{"precip_rate":0,"rh":55,"wind_spd":3.2,"timestamp_utc":"2022-06-28T09:00:00","snow_rate":0,"app_temp":19.1,"pres":1012.27466,"azimuth":120.58,"dewpt":10.3,"uv":5.9,"elev_angle":49.17,"wind_dir":252,"weather":{"icon":"c02d","code":801,"description":"Few clouds"},"ghi":758.2,"dhi":110.64,"timestamp_local":"2022-06-28T11:00:00","solar_rad":735.1239,"vis":10,"dni":865.11,"temp":19.6,"slp":1022,"clouds":10,"ts":1656406800},{"precip_rate":0,"rh":53,"wind_spd":3.2,"timestamp_utc":"2022-06-28T09:15:00","snow_rate":0,"app_temp":19.3,"pres":1012.03613,"azimuth":125.51,"dewpt":10,"uv":5.4,"elev_angle":50.92,"wind_dir":248,"weather":{"icon":"c02d","code":802,"description":"Scattered clouds"},"ghi":780.1,"dhi":111.85,"timestamp_local":"2022-06-28T11:15:00","solar_rad":770.83746,"vis":10,"dni":870.95,"temp":19.9,"slp":1021.75,"clouds":28,"ts":1656407700},{"precip_rate":0,"rh":52,"wind_spd":3.2,"timestamp_utc":"2022-06-28T09:30:00","snow_rate":0,"app_temp":19.6,"pres":1011.79767,"azimuth":130.43,"dewpt":10,"uv":4.9,"elev_angle":52.67,"wind_dir":244,"weather":{"icon":"c03d","code":803,"description":"Broken clouds"},"ghi":802.1,"dhi":113.06,"timestamp_local":"2022-06-28T11:30:00","solar_rad":754.3038,"vis":10,"dni":876.79,"temp":20.2,"slp":1021.5,"clouds":45,"ts":1656408600},{"precip_rate":0,"rh":50,"wind_spd":3.2,"timestamp_utc":"2022-06-28T09:45:00","snow_rate":0,"app_temp":19.8,"pres":1011.5592,"azimuth":135.36,"dewpt":9.7,"uv":4.2,"elev_angle":54.42,"wind_dir":240,"weather":{"icon":"c03d","code":803,"description":"Broken clouds"},"ghi":824,"dhi":114.27,"timestamp_local":"2022-06-28T11:45:00","solar_rad":678.0173,"vis":10,"dni":882.63,"temp":20.4,"slp":1021.25,"clouds":62,"ts":1656409500},{"precip_rate":0,"rh":48,"wind_spd":3.2,"timestamp_utc":"2022-06-28T10:00:00","snow_rate":0,"app_temp":20.1,"pres":1011.3207,"azimuth":140.28,"dewpt":9.3,"uv":3.5,"elev_angle":56.17,"wind_dir":236,"weather":{"icon":"c04d","code":804,"description":"Overcast clouds"},"ghi":846,"dhi":115.48,"timestamp_local":"2022-06-28T12:00:00","solar_rad":489.45132,"vis":10,"dni":888.47,"temp":20.7,"slp":1021,"clouds":80,"ts":1656410400},{"precip_rate":0,"rh":47,"wind_spd":3.1,"timestamp_utc":"2022-06-28T10:15:00","snow_rate":0,"app_temp":20.3,"pres":1011.3267,"azimuth":146.57,"dewpt":9.2,"uv":3.6,"elev_angle":57.22,"wind_dir":237,"weather":{"icon":"c04d","code":804,"description":"Overcast clouds"},"ghi":857.5,"dhi":116.08,"timestamp_local":"2022-06-28T12:15:00","solar_rad":496.1046,"vis":10,"dni":891.28,"temp":20.9,"slp":1021,"clouds":80,"ts":1656411300},{"precip_rate":0,"rh":46,"wind_spd":3,"timestamp_utc":"2022-06-28T10:30:00","snow_rate":0,"app_temp":20.5,"pres":1011.33276,"azimuth":152.85,"dewpt":9,"uv":3.7,"elev_angle":58.28,"wind_dir":238,"weather":{"icon":"c04d","code":804,"description":"Overcast clouds"},"ghi":869.1,"dhi":116.69,"timestamp_local":"2022-06-28T12:30:00","solar_rad":518.1507,"vis":10,"dni":894.08,"temp":21.1,"slp":1021,"clouds":79,"ts":1656412200},{"precip_rate":0,"rh":46,"wind_spd":2.9,"timestamp_utc":"2022-06-28T10:45:00","snow_rate":0,"app_temp":20.7,"pres":1011.33887,"azimuth":159.14,"dewpt":9.2,"uv":3.9,"elev_angle":59.33,"wind_dir":239,"weather":{"icon":"c04d","code":804,"description":"Overcast clouds"},"ghi":880.6,"dhi":117.29,"timestamp_local":"2022-06-28T12:45:00","solar_rad":540.07983,"vis":10,"dni":896.89,"temp":21.3,"slp":1021,"clouds":78,"ts":1656413100},{"precip_rate":0,"rh":45,"wind_spd":2.8,"timestamp_utc":"2022-06-28T11:00:00","snow_rate":0,"app_temp":20.9,"pres":1011.3449,"azimuth":165.42,"dewpt":9.1,"uv":3.9,"elev_angle":60.38,"wind_dir":240,"weather":{"icon":"c04d","code":804,"description":"Overcast clouds"},"ghi":892.2,"dhi":117.89,"timestamp_local":"2022-06-28T13:00:00","solar_rad":547.1942,"vis":10,"dni":899.69,"temp":21.5,"slp":1021,"clouds":78,"ts":1656414000},{"precip_rate":0,"rh":44,"wind_spd":2.7,"timestamp_utc":"2022-06-28T11:15:00","snow_rate":0,"app_temp":21.2,"pres":1011.35394,"azimuth":172.45,"dewpt":9,"uv":4.1,"elev_angle":60.4,"wind_dir":238,"weather":{"icon":"c04d","code":804,"description":"Overcast clouds"},"ghi":892.4,"dhi":117.9,"timestamp_local":"2022-06-28T13:15:00","solar_rad":576.48645,"vis":10,"dni":899.74,"temp":21.8,"slp":1021,"clouds":76,"ts":1656414900},{"precip_rate":0,"rh":43,"wind_spd":2.6,"timestamp_utc":"2022-06-28T11:30:00","snow_rate":0,"app_temp":21.4,"pres":1011.3629,"azimuth":179.48,"dewpt":8.9,"uv":4.2,"elev_angle":60.43,"wind_dir":235,"weather":{"icon":"c04d","code":804,"description":"Overcast clouds"},"ghi":892.6,"dhi":117.91,"timestamp_local":"2022-06-28T13:30:00","solar_rad":604.00604,"vis":10,"dni":899.79,"temp":22.1,"slp":1021,"clouds":74,"ts":1656415800},{"precip_rate":0,"rh":42,"wind_spd":2.5,"timestamp_utc":"2022-06-28T11:45:00","snow_rate":0,"app_temp":21.7,"pres":1011.37195,"azimuth":186.51,"dewpt":8.8,"uv":4.2,"elev_angle":60.45,"wind_dir":232,"weather":{"icon":"c04d","code":804,"description":"Overcast clouds"},"ghi":892.8,"dhi":117.92,"timestamp_local":"2022-06-28T13:45:00","solar_rad":617.19037,"vis":10,"dni":899.84,"temp":22.3,"slp":1021,"clouds":73,"ts":1656416700},{"precip_rate":0,"rh":41,"wind_spd":2.4,"timestamp_utc":"2022-06-28T12:00:00","snow_rate":0,"app_temp":22,"pres":1011.381,"azimuth":193.54,"dewpt":8.7,"uv":4.4,"elev_angle":60.47,"wind_dir":230,"weather":{"icon":"c04d","code":804,"description":"Overcast clouds"},"ghi":893.1,"dhi":117.93,"timestamp_local":"2022-06-28T14:00:00","solar_rad":642.24603,"vis":10,"dni":899.89,"temp":22.6,"slp":1021,"clouds":71,"ts":1656417600},{"precip_rate":0,"rh":40,"wind_spd":2.3,"timestamp_utc":"2022-06-28T12:15:00","snow_rate":0,"app_temp":22.1,"pres":1011.384,"azimuth":199.87,"dewpt":8.4,"uv":4.4,"elev_angle":59.45,"wind_dir":230,"weather":{"icon":"c03d","code":803,"description":"Broken clouds"},"ghi":881.9,"dhi":117.35,"timestamp_local":"2022-06-28T14:15:00","solar_rad":668.00916,"vis":10,"dni":897.19,"temp":22.7,"slp":1021,"clouds":68,"ts":1656418500},{"precip_rate":0,"rh":40,"wind_spd":2.2,"timestamp_utc":"2022-06-28T12:30:00","snow_rate":0,"app_temp":22.2,"pres":1011.38696,"azimuth":206.2,"dewpt":8.5,"uv":4.6,"elev_angle":58.43,"wind_dir":230,"weather":{"icon":"c03d","code":803,"description":"Broken clouds"},"ghi":870.7,"dhi":116.77,"timestamp_local":"2022-06-28T14:30:00","solar_rad":698.86053,"vis":10,"dni":894.49,"temp":22.8,"slp":1021,"clouds":64,"ts":1656419400},{"precip_rate":0,"rh":40,"wind_spd":2.1,"timestamp_utc":"2022-06-28T12:45:00","snow_rate":0,"app_temp":22.3,"pres":1011.38995,"azimuth":212.53,"dewpt":8.6,"uv":4.7,"elev_angle":57.4,"wind_dir":230,"weather":{"icon":"c03d","code":803,"description":"Broken clouds"},"ghi":859.6,"dhi":116.19,"timestamp_local":"2022-06-28T14:45:00","solar_rad":723.37616,"vis":10,"dni":891.79,"temp":22.9,"slp":1021,"clouds":60,"ts":1656420300},{"precip_rate":0,"rh":39,"wind_spd":2,"timestamp_utc":"2022-06-28T13:00:00","snow_rate":0,"app_temp":22.4,"pres":1011.39294,"azimuth":218.86,"dewpt":8.3,"uv":4.7,"elev_angle":56.38,"wind_dir":230,"weather":{"icon":"c03d","code":803,"description":"Broken clouds"},"ghi":848.4,"dhi":115.61,"timestamp_local":"2022-06-28T15:00:00","solar_rad":735.46783,"vis":10,"dni":889.09,"temp":23,"slp":1021,"clouds":57,"ts":1656421200},{"precip_rate":0,"rh":38,"wind_spd":1.9,"timestamp_utc":"2022-06-28T13:15:00","snow_rate":0,"app_temp":22.5,"pres":1011.15125,"azimuth":223.83,"dewpt":8.1,"uv":4.7,"elev_angle":54.65,"wind_dir":234,"weather":{"icon":"c03d","code":803,"description":"Broken clouds"},"ghi":826.9,"dhi":114.42,"timestamp_local":"2022-06-28T15:15:00","solar_rad":740.95245,"vis":10,"dni":883.37,"temp":23.2,"slp":1020.75,"clouds":53,"ts":1656422100},{"precip_rate":0,"rh":38,"wind_spd":1.8,"timestamp_utc":"2022-06-28T13:30:00","snow_rate":0,"app_temp":22.7,"pres":1010.90955,"azimuth":228.81,"dewpt":8.2,"uv":4.6,"elev_angle":52.92,"wind_dir":238,"weather":{"icon":"c03d","code":803,"description":"Broken clouds"},"ghi":805.3,"dhi":113.24,"timestamp_local":"2022-06-28T15:30:00","solar_rad":736.64087,"vis":10,"dni":877.65,"temp":23.4,"slp":1020.5,"clouds":50,"ts":1656423000},{"precip_rate":0,"rh":38,"wind_spd":1.7,"timestamp_utc":"2022-06-28T13:45:00","snow_rate":0,"app_temp":22.9,"pres":1010.66785,"azimuth":233.78,"dewpt":8.4,"uv":4.6,"elev_angle":51.19,"wind_dir":242,"weather":{"icon":"c03d","code":803,"description":"Broken clouds"},"ghi":783.7,"dhi":112.05,"timestamp_local":"2022-06-28T15:45:00","solar_rad":733.3767,"vis":10,"dni":871.93,"temp":23.5,"slp":1020.25,"clouds":46,"ts":1656423900},{"precip_rate":0,"rh":37,"wind_spd":1.6,"timestamp_utc":"2022-06-28T14:00:00","snow_rate":0,"app_temp":23.1,"pres":1010.42615,"azimuth":238.75,"dewpt":8.2,"uv":4.6,"elev_angle":49.46,"wind_dir":246,"weather":{"icon":"c03d","code":803,"description":"Broken clouds"},"ghi":762.1,"dhi":110.86,"timestamp_local":"2022-06-28T16:00:00","solar_rad":726.18286,"vis":10,"dni":866.21,"temp":23.7,"slp":1020,"clouds":42,"ts":1656424800},{"precip_rate":0,"rh":37,"wind_spd":1.4,"timestamp_utc":"2022-06-28T14:15:00","snow_rate":0,"app_temp":23.1,"pres":1010.42615,"azimuth":242.65,"dewpt":8.2,"uv":4.4,"elev_angle":47.36,"wind_dir":238,"weather":{"icon":"c02d","code":802,"description":"Scattered clouds"},"ghi":731.9,"dhi":109.03,"timestamp_local":"2022-06-28T16:15:00","solar_rad":707.3553,"vis":10,"dni":856.85,"temp":23.7,"slp":1020,"clouds":38,"ts":1656425700},{"precip_rate":0,"rh":37,"wind_spd":1.2,"timestamp_utc":"2022-06-28T14:30:00","snow_rate":0,"app_temp":23.1,"pres":1010.42615,"azimuth":246.54,"dewpt":8.2,"uv":4.3,"elev_angle":45.25,"wind_dir":230,"weather":{"icon":"c02d","code":802,"description":"Scattered clouds"},"ghi":701.6,"dhi":107.2,"timestamp_local":"2022-06-28T16:30:00","solar_rad":685.48016,"vis":10,"dni":847.5,"temp":23.7,"slp":1020,"clouds":34,"ts":1656426600},{"precip_rate":0,"rh":37,"wind_spd":1,"timestamp_utc":"2022-06-28T14:45:00","snow_rate":0,"app_temp":23.1,"pres":1010.42615,"azimuth":250.44,"dewpt":8.2,"uv":4.1,"elev_angle":43.15,"wind_dir":222,"weather":{"icon":"c02d","code":802,"description":"Scattered clouds"},"ghi":671.4,"dhi":105.36,"timestamp_local":"2022-06-28T16:45:00","solar_rad":660.13184,"vis":10,"dni":838.14,"temp":23.7,"slp":1020,"clouds":31,"ts":1656427500},{"precip_rate":0,"rh":37,"wind_spd":0.8,"timestamp_utc":"2022-06-28T15:00:00","snow_rate":0,"app_temp":23.1,"pres":1010.42615,"azimuth":254.33,"dewpt":8.2,"uv":3.9,"elev_angle":41.04,"wind_dir":214,"weather":{"icon":"c02d","code":802,"description":"Scattered clouds"},"ghi":641.2,"dhi":103.53,"timestamp_local":"2022-06-28T17:00:00","solar_rad":634.4722,"vis":10,"dni":828.78,"temp":23.7,"slp":1020,"clouds":27,"ts":1656428400},{"precip_rate":0,"rh":37,"wind_spd":0.8,"timestamp_utc":"2022-06-28T15:15:00","snow_rate":0,"app_temp":23.1,"pres":1010.17847,"azimuth":257.57,"dewpt":8.2,"uv":3.6,"elev_angle":38.78,"wind_dir":210,"weather":{"icon":"c02d","code":802,"description":"Scattered clouds"},"ghi":604.9,"dhi":100.98,"timestamp_local":"2022-06-28T17:15:00","solar_rad":597.7177,"vis":10,"dni":814.59,"temp":23.7,"slp":1019.75,"clouds":28,"ts":1656429300},{"precip_rate":0,"rh":36,"wind_spd":0.8,"timestamp_utc":"2022-06-28T15:30:00","snow_rate":0,"app_temp":23.1,"pres":1009.93085,"azimuth":260.81,"dewpt":7.8,"uv":3.3,"elev_angle":36.52,"wind_dir":205,"weather":{"icon":"c02d","code":802,"description":"Scattered clouds"},"ghi":568.7,"dhi":98.44,"timestamp_local":"2022-06-28T17:30:00","solar_rad":561.9475,"vis":10,"dni":800.4,"temp":23.7,"slp":1019.5,"clouds":28,"ts":1656430200},{"precip_rate":0,"rh":36,"wind_spd":0.8,"timestamp_utc":"2022-06-28T15:45:00","snow_rate":0,"app_temp":23.1,"pres":1009.6832,"azimuth":264.05,"dewpt":7.8,"uv":3,"elev_angle":34.25,"wind_dir":200,"weather":{"icon":"c02d","code":802,"description":"Scattered clouds"},"ghi":532.4,"dhi":95.89,"timestamp_local":"2022-06-28T17:45:00","solar_rad":526.07855,"vis":10,"dni":786.21,"temp":23.7,"slp":1019.25,"clouds":28,"ts":1656431100},{"precip_rate":0,"rh":36,"wind_spd":0.8,"timestamp_utc":"2022-06-28T16:00:00","snow_rate":0,"app_temp":23.1,"pres":1009.43555,"azimuth":267.29,"dewpt":7.8,"uv":2.8,"elev_angle":31.99,"wind_dir":196,"weather":{"icon":"c02d","code":802,"description":"Scattered clouds"},"ghi":496.2,"dhi":93.34,"timestamp_local":"2022-06-28T18:00:00","solar_rad":489.56177,"vis":10,"dni":772.02,"temp":23.7,"slp":1019,"clouds":29,"ts":1656432000},{"precip_rate":0,"rh":36,"wind_spd":1,"timestamp_utc":"2022-06-28T16:15:00","snow_rate":0,"app_temp":23.1,"pres":1009.43555,"azimuth":270.2,"dewpt":7.8,"uv":2.2,"elev_angle":29.7,"wind_dir":188,"weather":{"icon":"c03d","code":803,"description":"Broken clouds"},"ghi":457.1,"dhi":89.95,"timestamp_local":"2022-06-28T18:15:00","solar_rad":427.7485,"vis":10,"dni":750.68,"temp":23.7,"slp":1019,"clouds":46,"ts":1656432900},{"precip_rate":0,"rh":36,"wind_spd":1.2,"timestamp_utc":"2022-06-28T16:30:00","snow_rate":0,"app_temp":23.1,"pres":1009.43555,"azimuth":273.11,"dewpt":7.8,"uv":1.6,"elev_angle":27.42,"wind_dir":181,"weather":{"icon":"c03d","code":803,"description":"Broken clouds"},"ghi":418,"dhi":86.55,"timestamp_local":"2022-06-28T18:30:00","solar_rad":335.50443,"vis":10,"dni":729.34,"temp":23.7,"slp":1019,"clouds":64,"ts":1656433800},{"precip_rate":0,"rh":36,"wind_spd":1.4,"timestamp_utc":"2022-06-28T16:45:00","snow_rate":0,"app_temp":23.1,"pres":1009.43555,"azimuth":276.01,"dewpt":7.8,"uv":1.2,"elev_angle":25.13,"wind_dir":174,"weather":{"icon":"c04d","code":804,"description":"Overcast clouds"},"ghi":378.9,"dhi":83.16,"timestamp_local":"2022-06-28T18:45:00","solar_rad":205.22624,"vis":10,"dni":708,"temp":23.7,"slp":1019,"clouds":82,"ts":1656434700},{"precip_rate":0,"rh":36,"wind_spd":1.6,"timestamp_utc":"2022-06-28T17:00:00","snow_rate":0,"app_temp":23.1,"pres":1009.43555,"azimuth":278.92,"dewpt":7.8,"uv":0.8,"elev_angle":22.84,"wind_dir":166,"weather":{"icon":"c04d","code":804,"description":"Overcast clouds"},"ghi":339.9,"dhi":79.76,"timestamp_local":"2022-06-28T19:00:00","solar_rad":124.02671,"vis":10,"dni":686.66,"temp":23.7,"slp":1019,"clouds":99,"ts":1656435600},{"precip_rate":0,"rh":35,"wind_spd":1.4,"timestamp_utc":"2022-06-28T17:15:00","snow_rate":0,"app_temp":22.9,"pres":1009.43256,"azimuth":281.7,"dewpt":7.3,"uv":0.9,"elev_angle":20.62,"wind_dir":138,"weather":{"icon":"c04d","code":804,"description":"Overcast clouds"},"ghi":301.8,"dhi":75.25,"timestamp_local":"2022-06-28T19:15:00","solar_rad":145.49023,"vis":10,"dni":653.15,"temp":23.6,"slp":1019,"clouds":85,"ts":1656436500},{"precip_rate":0,"rh":34,"wind_spd":1.2,"timestamp_utc":"2022-06-28T17:30:00","snow_rate":0,"app_temp":22.8,"pres":1009.42957,"azimuth":284.48,"dewpt":6.7,"uv":1.1,"elev_angle":18.4,"wind_dir":110,"weather":{"icon":"c03d","code":803,"description":"Broken clouds"},"ghi":263.7,"dhi":70.74,"timestamp_local":"2022-06-28T19:30:00","solar_rad":193.1193,"vis":10,"dni":619.63,"temp":23.5,"slp":1019,"clouds":70,"ts":1656437400},{"precip_rate":0,"rh":34,"wind_spd":1,"timestamp_utc":"2022-06-28T17:45:00","snow_rate":0,"app_temp":22.7,"pres":1009.42664,"azimuth":287.26,"dewpt":6.7,"uv":1.2,"elev_angle":16.18,"wind_dir":82,"weather":{"icon":"c03d","code":803,"description":"Broken clouds"},"ghi":225.7,"dhi":66.23,"timestamp_local":"2022-06-28T19:45:00","solar_rad":197.41127,"vis":10,"dni":586.12,"temp":23.4,"slp":1019,"clouds":56,"ts":1656438300},{"precip_rate":0,"rh":33,"wind_spd":0.8,"timestamp_utc":"2022-06-28T18:00:00","snow_rate":0,"app_temp":22.5,"pres":1009.42365,"azimuth":290.04,"dewpt":6.1,"uv":1.4,"elev_angle":13.96,"wind_dir":54,"weather":{"icon":"c03d","code":803,"description":"Broken clouds"},"ghi":187.6,"dhi":61.72,"timestamp_local":"2022-06-28T20:00:00","solar_rad":178.75856,"vis":10,"dni":552.6,"temp":23.3,"slp":1019,"clouds":42,"ts":1656439200},{"precip_rate":0,"rh":35,"wind_spd":0.9,"timestamp_utc":"2022-06-28T18:15:00","snow_rate":0,"app_temp":22.5,"pres":1009.42065,"azimuth":292.84,"dewpt":6.9,"uv":1.5,"elev_angle":11.89,"wind_dir":52,"weather":{"icon":"c02d","code":802,"description":"Scattered clouds"},"ghi":155.4,"dhi":55.37,"timestamp_local":"2022-06-28T20:15:00","solar_rad":152.49461,"vis":10,"dni":493.29,"temp":23.2,"slp":1019,"clouds":32,"ts":1656440100},{"precip_rate":0,"rh":36,"wind_spd":1,"timestamp_utc":"2022-06-28T18:30:00","snow_rate":0,"app_temp":22.5,"pres":1009.4177,"azimuth":295.64,"dewpt":7.3,"uv":1.5,"elev_angle":9.83,"wind_dir":50,"weather":{"icon":"c02d","code":802,"description":"Scattered clouds"},"ghi":123.1,"dhi":49.02,"timestamp_local":"2022-06-28T20:30:00","solar_rad":122.45622,"vis":10,"dni":433.98,"temp":23.1,"slp":1019,"clouds":22,"ts":1656441000},{"precip_rate":0,"rh":38,"wind_spd":1.1,"timestamp_utc":"2022-06-28T18:45:00","snow_rate":0,"app_temp":22.4,"pres":1009.41473,"azimuth":298.43,"dewpt":8,"uv":1.6,"elev_angle":7.76,"wind_dir":48,"weather":{"icon":"c02d","code":801,"description":"Few clouds"},"ghi":90.9,"dhi":42.66,"timestamp_local":"2022-06-28T20:45:00","solar_rad":90.854965,"vis":10,"dni":374.67,"temp":23.1,"slp":1019,"clouds":11,"ts":1656441900},{"precip_rate":0,"rh":40,"wind_spd":1.2,"timestamp_utc":"2022-06-28T19:00:00","snow_rate":0,"app_temp":22.4,"pres":1009.41174,"azimuth":301.23,"dewpt":8.7,"uv":1.8,"elev_angle":5.69,"wind_dir":46,"weather":{"icon":"c01d","code":800,"description":"Clear Sky"},"ghi":58.7,"dhi":36.31,"timestamp_local":"2022-06-28T21:00:00","solar_rad":58.699993,"vis":10,"dni":315.36,"temp":23,"slp":1019,"clouds":1,"ts":1656442800},{"precip_rate":0,"rh":45,"wind_spd":1.4,"timestamp_utc":"2022-06-28T19:15:00","snow_rate":0,"app_temp":21.5,"pres":1009.38153,"azimuth":304.15,"dewpt":9.6,"uv":1.7,"elev_angle":3.86,"wind_dir":48,"weather":{"icon":"c02n","code":801,"description":"Few clouds"},"ghi":44,"dhi":27.23,"timestamp_local":"2022-06-28T21:15:00","solar_rad":43.999935,"vis":10,"dni":236.52,"temp":22.1,"slp":1019,"clouds":2,"ts":1656443700},{"precip_rate":0,"rh":50,"wind_spd":1.6,"timestamp_utc":"2022-06-28T19:30:00","snow_rate":0,"app_temp":20.6,"pres":1009.3513,"azimuth":307.08,"dewpt":10.3,"uv":1.7,"elev_angle":2.03,"wind_dir":51,"weather":{"icon":"c02n","code":801,"description":"Few clouds"},"ghi":29.3,"dhi":18.16,"timestamp_local":"2022-06-28T21:30:00","solar_rad":29.299534,"vis":10,"dni":157.68,"temp":21.1,"slp":1019,"clouds":4,"ts":1656444600},{"precip_rate":0,"rh":54,"wind_spd":1.8,"timestamp_utc":"2022-06-28T19:45:00","snow_rate":0,"app_temp":19.7,"pres":1009.32117,"azimuth":310,"dewpt":10.6,"uv":1.7,"elev_angle":0.2,"wind_dir":54,"weather":{"icon":"c02n","code":801,"description":"Few clouds"},"ghi":14.7,"dhi":9.08,"timestamp_local":"2022-06-28T21:45:00","solar_rad":14.24892,"vis":10,"dni":78.84,"temp":20.2,"slp":1019,"clouds":5,"ts":1656445500},{"precip_rate":0,"rh":59,"wind_spd":2,"timestamp_utc":"2022-06-28T20:00:00","snow_rate":0,"app_temp":18.8,"pres":1009.29095,"azimuth":312.92,"dewpt":11.1,"uv":0,"elev_angle":-1.63,"wind_dir":56,"weather":{"icon":"c02n","code":801,"description":"Few clouds"},"ghi":0,"dhi":0,"timestamp_local":"2022-06-28T22:00:00","solar_rad":0,"vis":10,"dni":0,"temp":19.3,"slp":1019,"clouds":6,"ts":1656446400},{"precip_rate":0,"rh":61,"wind_spd":2.1,"timestamp_utc":"2022-06-28T20:15:00","snow_rate":0,"app_temp":18.2,"pres":1009.27246,"azimuth":316.03,"dewpt":11.1,"uv":0,"elev_angle":-3.13,"wind_dir":60,"weather":{"icon":"c02n","code":801,"description":"Few clouds"},"ghi":0,"dhi":0,"timestamp_local":"2022-06-28T22:15:00","solar_rad":0,"vis":10,"dni":0,"temp":18.7,"slp":1019,"clouds":8,"ts":1656447300},{"precip_rate":0,"rh":62,"wind_spd":2.2,"timestamp_utc":"2022-06-28T20:30:00","snow_rate":0,"app_temp":18.1,"pres":1009.254,"azimuth":319.14,"dewpt":10.8,"uv":0,"elev_angle":-4.64,"wind_dir":63,"weather":{"icon":"c02n","code":801,"description":"Few clouds"},"ghi":0,"dhi":0,"timestamp_local":"2022-06-28T22:30:00","solar_rad":0,"vis":10,"dni":0,"temp":18.1,"slp":1019,"clouds":11,"ts":1656448200},{"precip_rate":0,"rh":64,"wind_spd":2.3,"timestamp_utc":"2022-06-28T20:45:00","snow_rate":0,"app_temp":17.6,"pres":1009.23553,"azimuth":322.25,"dewpt":10.7,"uv":0,"elev_angle":-6.14,"wind_dir":66,"weather":{"icon":"c02n","code":801,"description":"Few clouds"},"ghi":0,"dhi":0,"timestamp_local":"2022-06-28T22:45:00","solar_rad":0,"vis":10,"dni":0,"temp":17.6,"slp":1019,"clouds":14,"ts":1656449100},{"precip_rate":0,"rh":66,"wind_spd":2.4,"timestamp_utc":"2022-06-28T21:00:00","snow_rate":0,"app_temp":17,"pres":1009.21704,"azimuth":325.36,"dewpt":10.6,"uv":0,"elev_angle":-7.64,"wind_dir":70,"weather":{"icon":"c02n","code":801,"description":"Few clouds"},"ghi":0,"dhi":0,"timestamp_local":"2022-06-28T23:00:00","solar_rad":0,"vis":10,"dni":0,"temp":17,"slp":1019,"clouds":16,"ts":1656450000},{"precip_rate":0,"rh":66,"wind_spd":2.4,"timestamp_utc":"2022-06-28T21:15:00","snow_rate":0,"app_temp":16.8,"pres":1009.2108,"azimuth":328.68,"dewpt":10.4,"uv":0,"elev_angle":-8.72,"wind_dir":73,"weather":{"icon":"c02n","code":802,"description":"Scattered clouds"},"ghi":0,"dhi":0,"timestamp_local":"2022-06-28T23:15:00","solar_rad":0,"vis":10,"dni":0,"temp":16.8,"slp":1019,"clouds":29,"ts":1656450900},{"precip_rate":0,"rh":67,"wind_spd":2.4,"timestamp_utc":"2022-06-28T21:30:00","snow_rate":0,"app_temp":16.6,"pres":1009.2046,"azimuth":332.01,"dewpt":10.5,"uv":0,"elev_angle":-9.8,"wind_dir":76,"weather":{"icon":"c03n","code":803,"description":"Broken clouds"},"ghi":0,"dhi":0,"timestamp_local":"2022-06-28T23:30:00","solar_rad":0,"vis":10,"dni":0,"temp":16.6,"slp":1019,"clouds":42,"ts":1656451800},{"precip_rate":0,"rh":68,"wind_spd":2.4,"timestamp_utc":"2022-06-28T21:45:00","snow_rate":0,"app_temp":16.5,"pres":1009.19836,"azimuth":335.33,"dewpt":10.6,"uv":0,"elev_angle":-10.87,"wind_dir":79,"weather":{"icon":"c03n","code":803,"description":"Broken clouds"},"ghi":0,"dhi":0,"timestamp_local":"2022-06-28T23:45:00","solar_rad":0,"vis":10,"dni":0,"temp":16.5,"slp":1019,"clouds":54,"ts":1656452700},{"precip_rate":0,"rh":68,"wind_spd":2.4,"timestamp_utc":"2022-06-28T22:00:00","snow_rate":0,"app_temp":16.3,"pres":1009.19214,"azimuth":338.65,"dewpt":10.4,"uv":0,"elev_angle":-11.95,"wind_dir":82,"weather":{"icon":"c03n","code":803,"description":"Broken clouds"},"ghi":0,"dhi":0,"timestamp_local":"2022-06-29T00:00:00","solar_rad":0,"vis":10,"dni":0,"temp":16.3,"slp":1019,"clouds":67,"ts":1656453600},{"precip_rate":0,"rh":69,"wind_spd":2.4,"timestamp_utc":"2022-06-28T22:15:00","snow_rate":0,"app_temp":16.1,"pres":1008.9383,"azimuth":342.14,"dewpt":10.4,"uv":0,"elev_angle":-12.52,"wind_dir":83,"weather":{"icon":"c04n","code":804,"description":"Overcast clouds"},"ghi":0,"dhi":0,"timestamp_local":"2022-06-29T00:15:00","solar_rad":0,"vis":10,"dni":0,"temp":16.1,"slp":1018.75,"clouds":72,"ts":1656454500},{"precip_rate":0,"rh":70,"wind_spd":2.4,"timestamp_utc":"2022-06-28T22:30:00","snow_rate":0,"app_temp":15.9,"pres":1008.68445,"azimuth":345.63,"dewpt":10.5,"uv":0,"elev_angle":-13.09,"wind_dir":84,"weather":{"icon":"c04n","code":804,"description":"Overcast clouds"},"ghi":0,"dhi":0,"timestamp_local":"2022-06-29T00:30:00","solar_rad":0,"vis":10,"dni":0,"temp":15.9,"slp":1018.5,"clouds":76,"ts":1656455400},{"precip_rate":0,"rh":70,"wind_spd":2.4,"timestamp_utc":"2022-06-28T22:45:00","snow_rate":0,"app_temp":15.8,"pres":1008.43066,"azimuth":349.11,"dewpt":10.3,"uv":0,"elev_angle":-13.66,"wind_dir":85,"weather":{"icon":"c04n","code":804,"description":"Overcast clouds"},"ghi":0,"dhi":0,"timestamp_local":"2022-06-29T00:45:00","solar_rad":0,"vis":10,"dni":0,"temp":15.8,"slp":1018.25,"clouds":81,"ts":1656456300},{"precip_rate":0,"rh":71,"wind_spd":2.4,"timestamp_utc":"2022-06-28T23:00:00","snow_rate":0,"app_temp":15.6,"pres":1008.1768,"azimuth":352.6,"dewpt":10.4,"uv":0,"elev_angle":-14.23,"wind_dir":86,"weather":{"icon":"c04n","code":804,"description":"Overcast clouds"},"ghi":0,"dhi":0,"timestamp_local":"2022-06-29T01:00:00","solar_rad":0,"vis":10,"dni":0,"temp":15.6,"slp":1018,"clouds":86,"ts":1656457200},{"precip_rate":0,"rh":72,"wind_spd":2.4,"timestamp_utc":"2022-06-28T23:15:00","snow_rate":0,"app_temp":15.4,"pres":1008.17053,"azimuth":266.16,"dewpt":10.4,"uv":0,"elev_angle":-14.24,"wind_dir":88,"weather":{"icon":"c04n","code":804,"description":"Overcast clouds"},"ghi":0,"dhi":0,"timestamp_local":"2022-06-29T01:15:00","solar_rad":0,"vis":10,"dni":0,"temp":15.4,"slp":1018,"clouds":89,"ts":1656458100},{"precip_rate":0,"rh":73,"wind_spd":2.4,"timestamp_utc":"2022-06-28T23:30:00","snow_rate":0,"app_temp":15.2,"pres":1008.16425,"azimuth":179.71,"dewpt":10.4,"uv":0,"elev_angle":-14.26,"wind_dir":90,"weather":{"icon":"c04n","code":804,"description":"Overcast clouds"},"ghi":0,"dhi":0,"timestamp_local":"2022-06-29T01:30:00","solar_rad":0,"vis":10,"dni":0,"temp":15.2,"slp":1018,"clouds":92,"ts":1656459000},{"precip_rate":0,"rh":74,"wind_spd":2.4,"timestamp_utc":"2022-06-28T23:45:00","snow_rate":0,"app_temp":15,"pres":1008.15796,"azimuth":93.27,"dewpt":10.4,"uv":0,"elev_angle":-14.27,"wind_dir":92,"weather":{"icon":"c04n","code":804,"description":"Overcast clouds"},"ghi":0,"dhi":0,"timestamp_local":"2022-06-29T01:45:00","solar_rad":0,"vis":10,"dni":0,"temp":15,"slp":1018,"clouds":95,"ts":1656459900}],"sources":["103150-99999","imerg","merra2","era5","modis"],"city_id":"2856883"}
