{"timezone":"Europe\/Berlin","state_code":"06","country_code":"DE","lat":52.2833,"lon":8,"city_name":"Osnabr�ck","station_id":"103150-99999","data":[{"precip_rate":0,"rh":93,"wind_spd":2.4,"timestamp_utc":"2022-06-21T00:00:00","snow_rate":0,"app_temp":9.3,"pres":1006.96893,"azimuth":7.19,"dewpt":8.2,"uv":0,"elev_angle":-14.03,"wind_dir":310,"weather":{"icon":"c01n","code":800,"description":"Clear Sky"},"ghi":0,"dhi":0,"timestamp_local":"2022-06-21T02:00:00","solar_rad":0,"vis":10,"dni":0,"temp":9.3,"slp":1017,"clouds":1,"ts":1655769600},{"precip_rate":0,"rh":94,"wind_spd":2.3,"timestamp_utc":"2022-06-21T00:15:00","snow_rate":0,"app_temp":8.9,"pres":1006.9558,"azimuth":10.67,"dewpt":8,"uv":0,"elev_angle":-13.47,"wind_dir":313,"weather":{"icon":"c01n","code":800,"description":"Clear Sky"},"ghi":0,"dhi":0,"timestamp_local":"2022-06-21T02:15:00","solar_rad":0,"vis":10,"dni":0,"temp":8.9,"slp":1017,"clouds":1,"ts":1655770500},{"precip_rate":0,"rh":96,"wind_spd":2.2,"timestamp_utc":"2022-06-21T00:30:00","snow_rate":0,"app_temp":8.6,"pres":1006.9426,"azimuth":14.16,"dewpt":7.9,"uv":0,"elev_angle":-12.91,"wind_dir":316,"weather":{"icon":"c01n","code":800,"description":"Clear Sky"},"ghi":0,"dhi":0,"timestamp_local":"2022-06-21T02:30:00","solar_rad":0,"vis":10,"dni":0,"temp":8.6,"slp":1017,"clouds":0,"ts":1655771400},{"precip_rate":0,"rh":97,"wind_spd":2.1,"timestamp_utc":"2022-06-21T00:45:00","snow_rate":0,"app_temp":8.2,"pres":1006.92944,"azimuth":17.64,"dewpt":7.7,"uv":0,"elev_angle":-12.34,"wind_dir":319,"weather":{"icon":"c01n","code":800,"description":"Clear Sky"},"ghi":0,"dhi":0,"timestamp_local":"2022-06-21T02:45:00","solar_rad":0,"vis":10,"dni":0,"temp":8.2,"slp":1017,"clouds":0,"ts":1655772300},{"precip_rate":0,"rh":98,"wind_spd":2,"timestamp_utc":"2022-06-21T01:00:00","snow_rate":0,"app_temp":7.8,"pres":1006.9163,"azimuth":21.12,"dewpt":7.5,"uv":0,"elev_angle":-11.78,"wind_dir":322,"weather":{"icon":"c01n","code":800,"description":"Clear Sky"},"ghi":0,"dhi":0,"timestamp_local":"2022-06-21T03:00:00","solar_rad":0,"vis":10,"dni":0,"temp":7.8,"slp":1017,"clouds":0,"ts":1655773200},{"precip_rate":0,"rh":98,"wind_spd":1.9,"timestamp_utc":"2022-06-21T01:15:00","snow_rate":0,"app_temp":7.6,"pres":1006.90967,"azimuth":24.44,"dewpt":7.3,"uv":0,"elev_angle":-10.71,"wind_dir":328,"weather":{"icon":"c02n","code":801,"description":"Few clouds"},"ghi":0,"dhi":0,"timestamp_local":"2022-06-21T03:15:00","solar_rad":0,"vis":10,"dni":0,"temp":7.6,"slp":1017,"clouds":9,"ts":1655774100},{"precip_rate":0,"rh":98,"wind_spd":1.8,"timestamp_utc":"2022-06-21T01:30:00","snow_rate":0,"app_temp":7.4,"pres":1006.9031,"azimuth":27.75,"dewpt":7.1,"uv":0,"elev_angle":-9.64,"wind_dir":334,"weather":{"icon":"c02n","code":801,"description":"Few clouds"},"ghi":0,"dhi":0,"timestamp_local":"2022-06-21T03:30:00","solar_rad":0,"vis":10,"dni":0,"temp":7.4,"slp":1017,"clouds":18,"ts":1655775000},{"precip_rate":0,"rh":97,"wind_spd":1.7,"timestamp_utc":"2022-06-21T01:45:00","snow_rate":0,"app_temp":6.2,"pres":1006.8965,"azimuth":31.07,"dewpt":6.8,"uv":0,"elev_angle":-8.57,"wind_dir":340,"weather":{"icon":"c02n","code":802,"description":"Scattered clouds"},"ghi":0,"dhi":0,"timestamp_local":"2022-06-21T03:45:00","solar_rad":0,"vis":10,"dni":0,"temp":7.2,"slp":1017,"clouds":28,"ts":1655775900},{"precip_rate":0,"rh":97,"wind_spd":1.6,"timestamp_utc":"2022-06-21T02:00:00","snow_rate":0,"app_temp":6.1,"pres":1006.88983,"azimuth":34.38,"dewpt":6.6,"uv":0,"elev_angle":-7.5,"wind_dir":346,"weather":{"icon":"c02n","code":802,"description":"Scattered clouds"},"ghi":0,"dhi":0,"timestamp_local":"2022-06-21T04:00:00","solar_rad":0,"vis":10,"dni":0,"temp":7,"slp":1017,"clouds":37,"ts":1655776800},{"precip_rate":0,"rh":97,"wind_spd":1.5,"timestamp_utc":"2022-06-21T02:15:00","snow_rate":0,"app_temp":6.1,"pres":1006.8865,"azimuth":37.49,"dewpt":6.5,"uv":0,"elev_angle":-6.01,"wind_dir":335,"weather":{"icon":"c03n","code":803,"description":"Broken clouds"},"ghi":0,"dhi":0,"timestamp_local":"2022-06-21T04:15:00","solar_rad":0,"vis":10,"dni":0,"temp":6.9,"slp":1017,"clouds":50,"ts":1655777700},{"precip_rate":0,"rh":97,"wind_spd":1.4,"timestamp_utc":"2022-06-21T02:30:00","snow_rate":0,"app_temp":6.2,"pres":1006.8832,"azimuth":40.6,"dewpt":6.4,"uv":0,"elev_angle":-4.52,"wind_dir":324,"weather":{"icon":"c03n","code":803,"description":"Broken clouds"},"ghi":0,"dhi":0,"timestamp_local":"2022-06-21T04:30:00","solar_rad":0,"vis":10,"dni":0,"temp":6.8,"slp":1017,"clouds":64,"ts":1655778600},{"precip_rate":0,"rh":97,"wind_spd":1.3,"timestamp_utc":"2022-06-21T02:45:00","snow_rate":0,"app_temp":6.2,"pres":1006.8799,"azimuth":43.71,"dewpt":6.3,"uv":0,"elev_angle":-3.02,"wind_dir":313,"weather":{"icon":"c04n","code":804,"description":"Overcast clouds"},"ghi":0,"dhi":0,"timestamp_local":"2022-06-21T04:45:00","solar_rad":0,"vis":10,"dni":0,"temp":6.8,"slp":1017,"clouds":77,"ts":1655779500},{"precip_rate":0,"rh":97,"wind_spd":1.2,"timestamp_utc":"2022-06-21T03:00:00","snow_rate":0,"app_temp":6.3,"pres":1006.8765,"azimuth":46.82,"dewpt":6.3,"uv":0,"elev_angle":-1.53,"wind_dir":302,"weather":{"icon":"c04n","code":804,"description":"Overcast clouds"},"ghi":0,"dhi":0,"timestamp_local":"2022-06-21T05:00:00","solar_rad":0,"vis":10,"dni":0,"temp":6.7,"slp":1017,"clouds":90,"ts":1655780400},{"precip_rate":0,"rh":97,"wind_spd":1,"timestamp_utc":"2022-06-21T03:15:00","snow_rate":0,"app_temp":6.7,"pres":1006.6323,"azimuth":49.74,"dewpt":6.3,"uv":0.7,"elev_angle":0.29,"wind_dir":283,"weather":{"icon":"c04n","code":804,"description":"Overcast clouds"},"ghi":14.9,"dhi":9.15,"timestamp_local":"2022-06-21T05:15:00","solar_rad":14.31873,"vis":10,"dni":79.62,"temp":6.8,"slp":1016.75,"clouds":91,"ts":1655781300},{"precip_rate":0,"rh":97,"wind_spd":0.8,"timestamp_utc":"2022-06-21T03:30:00","snow_rate":0,"app_temp":7.1,"pres":1006.3882,"azimuth":52.66,"dewpt":6.4,"uv":0.6,"elev_angle":2.12,"wind_dir":264,"weather":{"icon":"c04n","code":804,"description":"Overcast clouds"},"ghi":29.8,"dhi":18.31,"timestamp_local":"2022-06-21T05:30:00","solar_rad":27.91065,"vis":10,"dni":159.23,"temp":6.8,"slp":1016.5,"clouds":92,"ts":1655782200},{"precip_rate":0,"rh":97,"wind_spd":0.6,"timestamp_utc":"2022-06-21T03:45:00","snow_rate":0,"app_temp":7.7,"pres":1006.144,"azimuth":55.58,"dewpt":6.5,"uv":0.6,"elev_angle":3.94,"wind_dir":245,"weather":{"icon":"c04n","code":804,"description":"Overcast clouds"},"ghi":44.7,"dhi":27.46,"timestamp_local":"2022-06-21T05:45:00","solar_rad":41.860973,"vis":10,"dni":238.85,"temp":6.9,"slp":1016.25,"clouds":92,"ts":1655783100},{"precip_rate":0,"rh":97,"wind_spd":0.4,"timestamp_utc":"2022-06-21T04:00:00","snow_rate":0,"app_temp":8.4,"pres":1005.8998,"azimuth":58.5,"dewpt":6.6,"uv":0.6,"elev_angle":5.76,"wind_dir":226,"weather":{"icon":"c04d","code":804,"description":"Overcast clouds"},"ghi":59.6,"dhi":36.61,"timestamp_local":"2022-06-21T06:00:00","solar_rad":54.298733,"vis":10,"dni":318.46,"temp":7,"slp":1016,"clouds":93,"ts":1655784000},{"precip_rate":0,"rh":96,"wind_spd":0.6,"timestamp_utc":"2022-06-21T04:15:00","snow_rate":0,"app_temp":7.7,"pres":1006.17035,"azimuth":61.3,"dewpt":7.1,"uv":0.7,"elev_angle":7.82,"wind_dir":226,"weather":{"icon":"c04d","code":804,"description":"Overcast clouds"},"ghi":91.9,"dhi":42.93,"timestamp_local":"2022-06-21T06:15:00","solar_rad":77.02271,"vis":10,"dni":377.32,"temp":7.7,"slp":1016.25,"clouds":90,"ts":1655784900},{"precip_rate":0,"rh":95,"wind_spd":0.8,"timestamp_utc":"2022-06-21T04:30:00","snow_rate":0,"app_temp":8.3,"pres":1006.4409,"azimuth":64.09,"dewpt":7.5,"uv":0.7,"elev_angle":9.89,"wind_dir":225,"weather":{"icon":"c04d","code":804,"description":"Overcast clouds"},"ghi":124.1,"dhi":49.24,"timestamp_local":"2022-06-21T06:30:00","solar_rad":57.218037,"vis":10,"dni":436.18,"temp":8.3,"slp":1016.5,"clouds":86,"ts":1655785800},{"precip_rate":0,"rh":94,"wind_spd":1,"timestamp_utc":"2022-06-21T04:45:00","snow_rate":0,"app_temp":9,"pres":1006.7114,"azimuth":66.89,"dewpt":8,"uv":0.8,"elev_angle":11.95,"wind_dir":224,"weather":{"icon":"c04d","code":804,"description":"Overcast clouds"},"ghi":156.3,"dhi":55.56,"timestamp_local":"2022-06-21T06:45:00","solar_rad":84.65785,"vis":10,"dni":495.04,"temp":9,"slp":1016.75,"clouds":82,"ts":1655786700},{"precip_rate":0,"rh":93,"wind_spd":1.2,"timestamp_utc":"2022-06-21T05:00:00","snow_rate":0,"app_temp":9.6,"pres":1006.982,"azimuth":69.68,"dewpt":8.5,"uv":0.9,"elev_angle":14.01,"wind_dir":224,"weather":{"icon":"c04d","code":804,"description":"Overcast clouds"},"ghi":188.6,"dhi":61.87,"timestamp_local":"2022-06-21T07:00:00","solar_rad":112.441864,"vis":10,"dni":553.9,"temp":9.6,"slp":1017,"clouds":79,"ts":1655787600},{"precip_rate":0,"rh":90,"wind_spd":1.2,"timestamp_utc":"2022-06-21T05:15:00","snow_rate":0,"app_temp":10.3,"pres":1007.00464,"azimuth":72.46,"dewpt":8.7,"uv":0.9,"elev_angle":16.23,"wind_dir":229,"weather":{"icon":"c04d","code":804,"description":"Overcast clouds"},"ghi":226.6,"dhi":66.37,"timestamp_local":"2022-06-21T07:15:00","solar_rad":126.97887,"vis":10,"dni":587.3,"temp":10.3,"slp":1017,"clouds":81,"ts":1655788500},{"precip_rate":0,"rh":88,"wind_spd":1.2,"timestamp_utc":"2022-06-21T05:30:00","snow_rate":0,"app_temp":10.9,"pres":1007.0272,"azimuth":75.23,"dewpt":9,"uv":0.9,"elev_angle":18.44,"wind_dir":234,"weather":{"icon":"c04d","code":804,"description":"Overcast clouds"},"ghi":264.6,"dhi":70.87,"timestamp_local":"2022-06-21T07:30:00","solar_rad":138.21432,"vis":10,"dni":620.69,"temp":10.9,"slp":1017,"clouds":83,"ts":1655789400},{"precip_rate":0,"rh":85,"wind_spd":1.2,"timestamp_utc":"2022-06-21T05:45:00","snow_rate":0,"app_temp":11.6,"pres":1007.0498,"azimuth":78.01,"dewpt":9.1,"uv":0.9,"elev_angle":20.66,"wind_dir":239,"weather":{"icon":"c04d","code":804,"description":"Overcast clouds"},"ghi":302.6,"dhi":75.37,"timestamp_local":"2022-06-21T07:45:00","solar_rad":145.8759,"vis":10,"dni":654.09,"temp":11.6,"slp":1017,"clouds":85,"ts":1655790300},{"precip_rate":0,"rh":82,"wind_spd":1.2,"timestamp_utc":"2022-06-21T06:00:00","snow_rate":0,"app_temp":12.2,"pres":1007.07245,"azimuth":80.78,"dewpt":9.2,"uv":1,"elev_angle":22.87,"wind_dir":244,"weather":{"icon":"c04d","code":804,"description":"Overcast clouds"},"ghi":340.7,"dhi":79.87,"timestamp_local":"2022-06-21T08:00:00","solar_rad":149.72342,"vis":10,"dni":687.48,"temp":12.2,"slp":1017,"clouds":87,"ts":1655791200},{"precip_rate":0,"rh":79,"wind_spd":1,"timestamp_utc":"2022-06-21T06:15:00","snow_rate":0,"app_temp":12.7,"pres":1007.0884,"azimuth":83.68,"dewpt":9.1,"uv":1.1,"elev_angle":25.16,"wind_dir":197,"weather":{"icon":"c04d","code":804,"description":"Overcast clouds"},"ghi":379.7,"dhi":83.26,"timestamp_local":"2022-06-21T08:15:00","solar_rad":198.33704,"vis":10,"dni":708.79,"temp":12.7,"slp":1017,"clouds":83,"ts":1655792100},{"precip_rate":0,"rh":76,"wind_spd":0.8,"timestamp_utc":"2022-06-21T06:30:00","snow_rate":0,"app_temp":13.2,"pres":1007.10425,"azimuth":86.58,"dewpt":9,"uv":1.3,"elev_angle":27.45,"wind_dir":150,"weather":{"icon":"c04d","code":804,"description":"Overcast clouds"},"ghi":418.8,"dhi":86.65,"timestamp_local":"2022-06-21T08:30:00","solar_rad":242.29576,"vis":10,"dni":730.1,"temp":13.2,"slp":1017,"clouds":80,"ts":1655793000},{"precip_rate":0,"rh":74,"wind_spd":0.6,"timestamp_utc":"2022-06-21T06:45:00","snow_rate":0,"app_temp":13.6,"pres":1007.1202,"azimuth":89.48,"dewpt":9.1,"uv":1.5,"elev_angle":29.73,"wind_dir":103,"weather":{"icon":"c04d","code":804,"description":"Overcast clouds"},"ghi":457.9,"dhi":90.04,"timestamp_local":"2022-06-21T08:45:00","solar_rad":295.80136,"vis":10,"dni":751.41,"temp":13.6,"slp":1017,"clouds":76,"ts":1655793900},{"precip_rate":0,"rh":71,"wind_spd":0.4,"timestamp_utc":"2022-06-21T07:00:00","snow_rate":0,"app_temp":14.1,"pres":1007.1361,"azimuth":92.38,"dewpt":8.9,"uv":1.7,"elev_angle":32.02,"wind_dir":56,"weather":{"icon":"c04d","code":804,"description":"Overcast clouds"},"ghi":497,"dhi":93.43,"timestamp_local":"2022-06-21T09:00:00","solar_rad":350.60394,"vis":10,"dni":772.72,"temp":14.1,"slp":1017,"clouds":72,"ts":1655794800},{"precip_rate":0,"rh":69,"wind_spd":0.5,"timestamp_utc":"2022-06-21T07:15:00","snow_rate":0,"app_temp":14.5,"pres":1007.1487,"azimuth":95.61,"dewpt":8.9,"uv":2.2,"elev_angle":34.29,"wind_dir":72,"weather":{"icon":"c03d","code":803,"description":"Broken clouds"},"ghi":533.3,"dhi":95.98,"timestamp_local":"2022-06-21T09:15:00","solar_rad":453.48013,"vis":10,"dni":786.91,"temp":14.5,"slp":1017,"clouds":59,"ts":1655795700},{"precip_rate":0,"rh":67,"wind_spd":0.6,"timestamp_utc":"2022-06-21T07:30:00","snow_rate":0,"app_temp":14.8,"pres":1007.16125,"azimuth":98.85,"dewpt":8.8,"uv":2.8,"elev_angle":36.55,"wind_dir":88,"weather":{"icon":"c03d","code":803,"description":"Broken clouds"},"ghi":569.6,"dhi":98.53,"timestamp_local":"2022-06-21T09:30:00","solar_rad":533.0246,"vis":10,"dni":801.1,"temp":14.8,"slp":1017,"clouds":46,"ts":1655796600},{"precip_rate":0,"rh":65,"wind_spd":0.7,"timestamp_utc":"2022-06-21T07:45:00","snow_rate":0,"app_temp":15.2,"pres":1007.1739,"azimuth":102.08,"dewpt":8.7,"uv":3.5,"elev_angle":38.82,"wind_dir":104,"weather":{"icon":"c02d","code":802,"description":"Scattered clouds"},"ghi":605.9,"dhi":101.08,"timestamp_local":"2022-06-21T09:45:00","solar_rad":594.572,"vis":10,"dni":815.29,"temp":15.2,"slp":1017,"clouds":32,"ts":1655797500},{"precip_rate":0,"rh":63,"wind_spd":0.8,"timestamp_utc":"2022-06-21T08:00:00","snow_rate":0,"app_temp":15.6,"pres":1007.18646,"azimuth":105.31,"dewpt":8.6,"uv":4.2,"elev_angle":41.08,"wind_dir":120,"weather":{"icon":"c02d","code":801,"description":"Few clouds"},"ghi":642.2,"dhi":103.63,"timestamp_local":"2022-06-21T10:00:00","solar_rad":640.1598,"vis":10,"dni":829.48,"temp":15.6,"slp":1017,"clouds":19,"ts":1655798400},{"precip_rate":0,"rh":61,"wind_spd":0.8,"timestamp_utc":"2022-06-21T08:15:00","snow_rate":0,"app_temp":16,"pres":1007.1989,"azimuth":109.19,"dewpt":8.4,"uv":4.6,"elev_angle":43.19,"wind_dir":133,"weather":{"icon":"c02d","code":801,"description":"Few clouds"},"ghi":672.4,"dhi":105.47,"timestamp_local":"2022-06-21T10:15:00","solar_rad":671.2091,"vis":10,"dni":838.85,"temp":16,"slp":1017,"clouds":16,"ts":1655799300},{"precip_rate":0,"rh":60,"wind_spd":0.8,"timestamp_utc":"2022-06-21T08:30:00","snow_rate":0,"app_temp":16.3,"pres":1007.21136,"azimuth":113.08,"dewpt":8.5,"uv":5.1,"elev_angle":45.3,"wind_dir":146,"weather":{"icon":"c02d","code":801,"description":"Few clouds"},"ghi":702.7,"dhi":107.3,"timestamp_local":"2022-06-21T10:30:00","solar_rad":701.9096,"vis":10,"dni":848.22,"temp":16.3,"slp":1017,"clouds":14,"ts":1655800200},{"precip_rate":0,"rh":58,"wind_spd":0.8,"timestamp_utc":"2022-06-21T08:45:00","snow_rate":0,"app_temp":16.6,"pres":1007.2238,"azimuth":116.96,"dewpt":8.4,"uv":5.6,"elev_angle":47.41,"wind_dir":159,"weather":{"icon":"c02d","code":801,"description":"Few clouds"},"ghi":733,"dhi":109.14,"timestamp_local":"2022-06-21T10:45:00","solar_rad":732.63684,"vis":10,"dni":857.59,"temp":16.6,"slp":1017,"clouds":11,"ts":1655801100},{"precip_rate":0,"rh":56,"wind_spd":0.8,"timestamp_utc":"2022-06-21T09:00:00","snow_rate":0,"app_temp":17,"pres":1007.23627,"azimuth":120.84,"dewpt":8.2,"uv":6.1,"elev_angle":49.52,"wind_dir":172,"weather":{"icon":"c02d","code":801,"description":"Few clouds"},"ghi":763.3,"dhi":110.97,"timestamp_local":"2022-06-21T11:00:00","solar_rad":763.17194,"vis":10,"dni":866.96,"temp":17,"slp":1017,"clouds":8,"ts":1655802000},{"precip_rate":0,"rh":55,"wind_spd":0.7,"timestamp_utc":"2022-06-21T09:15:00","snow_rate":0,"app_temp":17.3,"pres":1006.9979,"azimuth":125.8,"dewpt":8.2,"uv":5.9,"elev_angle":51.26,"wind_dir":140,"weather":{"icon":"c02d","code":801,"description":"Few clouds"},"ghi":785,"dhi":112.16,"timestamp_local":"2022-06-21T11:15:00","solar_rad":782.5061,"vis":10,"dni":872.7,"temp":17.3,"slp":1016.75,"clouds":19,"ts":1655802900},{"precip_rate":0,"rh":54,"wind_spd":0.6,"timestamp_utc":"2022-06-21T09:30:00","snow_rate":0,"app_temp":17.6,"pres":1006.7595,"azimuth":130.77,"dewpt":8.1,"uv":5.6,"elev_angle":53,"wind_dir":107,"weather":{"icon":"c02d","code":802,"description":"Scattered clouds"},"ghi":806.7,"dhi":113.36,"timestamp_local":"2022-06-21T11:30:00","solar_rad":794.58936,"vis":10,"dni":878.44,"temp":17.6,"slp":1016.5,"clouds":30,"ts":1655803800},{"precip_rate":0,"rh":52,"wind_spd":0.5,"timestamp_utc":"2022-06-21T09:45:00","snow_rate":0,"app_temp":17.8,"pres":1006.5212,"azimuth":135.73,"dewpt":7.8,"uv":5.4,"elev_angle":54.74,"wind_dir":74,"weather":{"icon":"c02d","code":802,"description":"Scattered clouds"},"ghi":828.4,"dhi":114.55,"timestamp_local":"2022-06-21T11:45:00","solar_rad":795.326,"vis":10,"dni":884.18,"temp":17.8,"slp":1016.25,"clouds":40,"ts":1655804700},{"precip_rate":0,"rh":51,"wind_spd":0.4,"timestamp_utc":"2022-06-21T10:00:00","snow_rate":0,"app_temp":18.1,"pres":1006.28284,"azimuth":140.69,"dewpt":7.8,"uv":5.1,"elev_angle":56.48,"wind_dir":42,"weather":{"icon":"c03d","code":803,"description":"Broken clouds"},"ghi":850.1,"dhi":115.74,"timestamp_local":"2022-06-21T12:00:00","solar_rad":772.5733,"vis":10,"dni":889.92,"temp":18.1,"slp":1016,"clouds":51,"ts":1655805600},{"precip_rate":0,"rh":49,"wind_spd":0.5,"timestamp_utc":"2022-06-21T10:15:00","snow_rate":0,"app_temp":17.7,"pres":1006.29504,"azimuth":147.03,"dewpt":7.6,"uv":4.6,"elev_angle":57.52,"wind_dir":40,"weather":{"icon":"c03d","code":803,"description":"Broken clouds"},"ghi":861.4,"dhi":116.33,"timestamp_local":"2022-06-21T12:15:00","solar_rad":708.7914,"vis":10,"dni":892.65,"temp":18.5,"slp":1016,"clouds":62,"ts":1655806500},{"precip_rate":0,"rh":48,"wind_spd":0.6,"timestamp_utc":"2022-06-21T10:30:00","snow_rate":0,"app_temp":18,"pres":1006.30725,"azimuth":153.36,"dewpt":7.6,"uv":4.1,"elev_angle":58.56,"wind_dir":38,"weather":{"icon":"c04d","code":804,"description":"Overcast clouds"},"ghi":872.7,"dhi":116.92,"timestamp_local":"2022-06-21T12:30:00","solar_rad":603.2953,"vis":10,"dni":895.38,"temp":18.9,"slp":1016,"clouds":73,"ts":1655807400},{"precip_rate":0,"rh":46,"wind_spd":0.7,"timestamp_utc":"2022-06-21T10:45:00","snow_rate":0,"app_temp":18.4,"pres":1006.3195,"azimuth":159.7,"dewpt":7.3,"uv":3.5,"elev_angle":59.59,"wind_dir":36,"weather":{"icon":"c04d","code":804,"description":"Overcast clouds"},"ghi":884,"dhi":117.5,"timestamp_local":"2022-06-21T12:45:00","solar_rad":444.21103,"vis":10,"dni":898.1,"temp":19.2,"slp":1016,"clouds":84,"ts":1655808300},{"precip_rate":0,"rh":44,"wind_spd":0.8,"timestamp_utc":"2022-06-21T11:00:00","snow_rate":0,"app_temp":18.8,"pres":1006.3317,"azimuth":166.03,"dewpt":7,"uv":3,"elev_angle":60.63,"wind_dir":34,"weather":{"icon":"c04d","code":804,"description":"Overcast clouds"},"ghi":895.3,"dhi":118.09,"timestamp_local":"2022-06-21T13:00:00","solar_rad":218.48285,"vis":10,"dni":900.83,"temp":19.6,"slp":1016,"clouds":95,"ts":1655809200},{"precip_rate":0,"rh":43,"wind_spd":0.9,"timestamp_utc":"2022-06-21T11:15:00","snow_rate":0,"app_temp":19,"pres":1006.0932,"azimuth":173.09,"dewpt":6.9,"uv":3,"elev_angle":60.62,"wind_dir":38,"weather":{"icon":"c04d","code":804,"description":"Overcast clouds"},"ghi":895.2,"dhi":118.09,"timestamp_local":"2022-06-21T13:15:00","solar_rad":242.37424,"vis":10,"dni":900.82,"temp":19.9,"slp":1015.75,"clouds":94,"ts":1655810100},{"precip_rate":0,"rh":42,"wind_spd":1,"timestamp_utc":"2022-06-21T11:30:00","snow_rate":0,"app_temp":19.3,"pres":1005.8546,"azimuth":180.16,"dewpt":6.8,"uv":3.1,"elev_angle":60.62,"wind_dir":42,"weather":{"icon":"c04d","code":804,"description":"Overcast clouds"},"ghi":895.1,"dhi":118.09,"timestamp_local":"2022-06-21T13:30:00","solar_rad":288.3739,"vis":10,"dni":900.8,"temp":20.2,"slp":1015.5,"clouds":92,"ts":1655811000},{"precip_rate":0,"rh":41,"wind_spd":1.1,"timestamp_utc":"2022-06-21T11:45:00","snow_rate":0,"app_temp":19.6,"pres":1005.6161,"azimuth":187.22,"dewpt":6.7,"uv":3.3,"elev_angle":60.61,"wind_dir":46,"weather":{"icon":"c04d","code":804,"description":"Overcast clouds"},"ghi":895.1,"dhi":118.08,"timestamp_local":"2022-06-21T13:45:00","solar_rad":332.06085,"vis":10,"dni":900.79,"temp":20.4,"slp":1015.25,"clouds":90,"ts":1655811900},{"precip_rate":0,"rh":40,"wind_spd":1.2,"timestamp_utc":"2022-06-21T12:00:00","snow_rate":0,"app_temp":19.9,"pres":1005.37756,"azimuth":194.28,"dewpt":6.6,"uv":3.3,"elev_angle":60.6,"wind_dir":50,"weather":{"icon":"c04d","code":804,"description":"Overcast clouds"},"ghi":895,"dhi":118.08,"timestamp_local":"2022-06-21T14:00:00","solar_rad":353.00964,"vis":10,"dni":900.77,"temp":20.7,"slp":1015,"clouds":89,"ts":1655812800},{"precip_rate":0,"rh":39,"wind_spd":1.1,"timestamp_utc":"2022-06-21T12:15:00","snow_rate":0,"app_temp":20.2,"pres":1005.1389,"azimuth":200.6,"dewpt":6.5,"uv":3.1,"elev_angle":59.56,"wind_dir":50,"weather":{"icon":"c04d","code":804,"description":"Overcast clouds"},"ghi":883.6,"dhi":117.49,"timestamp_local":"2022-06-21T14:15:00","solar_rad":284.66895,"vis":10,"dni":898.01,"temp":21,"slp":1014.75,"clouds":92,"ts":1655813700},{"precip_rate":0,"rh":38,"wind_spd":1,"timestamp_utc":"2022-06-21T12:30:00","snow_rate":0,"app_temp":20.5,"pres":1004.90027,"azimuth":206.93,"dewpt":6.4,"uv":2.9,"elev_angle":58.51,"wind_dir":51,"weather":{"icon":"c04d","code":804,"description":"Overcast clouds"},"ghi":872.2,"dhi":116.89,"timestamp_local":"2022-06-21T14:30:00","solar_rad":236.14702,"vis":10,"dni":895.25,"temp":21.3,"slp":1014.5,"clouds":94,"ts":1655814600},{"precip_rate":0,"rh":37,"wind_spd":0.9,"timestamp_utc":"2022-06-21T12:45:00","snow_rate":0,"app_temp":20.8,"pres":1004.6617,"azimuth":213.25,"dewpt":6.3,"uv":2.6,"elev_angle":57.47,"wind_dir":52,"weather":{"icon":"c04d","code":804,"description":"Overcast clouds"},"ghi":860.8,"dhi":116.3,"timestamp_local":"2022-06-21T14:45:00","solar_rad":162.29637,"vis":10,"dni":892.49,"temp":21.6,"slp":1014.25,"clouds":97,"ts":1655815500},{"precip_rate":0,"rh":36,"wind_spd":0.8,"timestamp_utc":"2022-06-21T13:00:00","snow_rate":0,"app_temp":21.1,"pres":1004.42303,"azimuth":219.57,"dewpt":6.2,"uv":2.4,"elev_angle":56.42,"wind_dir":52,"weather":{"icon":"c04d","code":804,"description":"Overcast clouds"},"ghi":849.4,"dhi":115.7,"timestamp_local":"2022-06-21T15:00:00","solar_rad":200.64,"vis":10,"dni":889.73,"temp":21.9,"slp":1014,"clouds":100,"ts":1655816400},{"precip_rate":0,"rh":36,"wind_spd":0.7,"timestamp_utc":"2022-06-21T13:15:00","snow_rate":0,"app_temp":21.2,"pres":1004.426,"azimuth":224.52,"dewpt":6.2,"uv":2.4,"elev_angle":54.67,"wind_dir":78,"weather":{"icon":"c04d","code":804,"description":"Overcast clouds"},"ghi":827.6,"dhi":114.5,"timestamp_local":"2022-06-21T15:15:00","solar_rad":222.28207,"vis":10,"dni":883.96,"temp":22,"slp":1014,"clouds":99,"ts":1655817300},{"precip_rate":0,"rh":36,"wind_spd":0.6,"timestamp_utc":"2022-06-21T13:30:00","snow_rate":0,"app_temp":21.3,"pres":1004.429,"azimuth":229.47,"dewpt":6.3,"uv":2.3,"elev_angle":52.93,"wind_dir":105,"weather":{"icon":"c04d","code":804,"description":"Overcast clouds"},"ghi":805.8,"dhi":113.3,"timestamp_local":"2022-06-21T15:30:00","solar_rad":128.72243,"vis":10,"dni":878.18,"temp":22.1,"slp":1014,"clouds":98,"ts":1655818200},{"precip_rate":0,"rh":35,"wind_spd":0.5,"timestamp_utc":"2022-06-21T13:45:00","snow_rate":0,"app_temp":21.3,"pres":1004.432,"azimuth":234.41,"dewpt":6,"uv":2.2,"elev_angle":51.18,"wind_dir":132,"weather":{"icon":"c04d","code":804,"description":"Overcast clouds"},"ghi":784,"dhi":112.1,"timestamp_local":"2022-06-21T15:45:00","solar_rad":147.8164,"vis":10,"dni":872.41,"temp":22.1,"slp":1014,"clouds":97,"ts":1655819100},{"precip_rate":0,"rh":35,"wind_spd":0.4,"timestamp_utc":"2022-06-21T14:00:00","snow_rate":0,"app_temp":21.4,"pres":1004.435,"azimuth":239.36,"dewpt":6,"uv":2.2,"elev_angle":49.43,"wind_dir":158,"weather":{"icon":"c04d","code":804,"description":"Overcast clouds"},"ghi":762.2,"dhi":110.9,"timestamp_local":"2022-06-21T16:00:00","solar_rad":165.11845,"vis":10,"dni":866.63,"temp":22.2,"slp":1014,"clouds":96,"ts":1655820000},{"precip_rate":0,"rh":35,"wind_spd":0.4,"timestamp_utc":"2022-06-21T14:15:00","snow_rate":0,"app_temp":21.5,"pres":1004.1903,"azimuth":243.23,"dewpt":6.1,"uv":2.6,"elev_angle":47.32,"wind_dir":127,"weather":{"icon":"c04d","code":804,"description":"Overcast clouds"},"ghi":731.8,"dhi":109.06,"timestamp_local":"2022-06-21T16:15:00","solar_rad":396.3699,"vis":10,"dni":857.21,"temp":22.3,"slp":1013.75,"clouds":82,"ts":1655820900},{"precip_rate":0,"rh":34,"wind_spd":0.4,"timestamp_utc":"2022-06-21T14:30:00","snow_rate":0,"app_temp":21.6,"pres":1003.9457,"azimuth":247.1,"dewpt":5.8,"uv":3,"elev_angle":45.21,"wind_dir":96,"weather":{"icon":"c03d","code":803,"description":"Broken clouds"},"ghi":701.4,"dhi":107.22,"timestamp_local":"2022-06-21T16:30:00","solar_rad":531.28656,"vis":10,"dni":847.8,"temp":22.4,"slp":1013.5,"clouds":68,"ts":1655821800},{"precip_rate":0,"rh":34,"wind_spd":0.4,"timestamp_utc":"2022-06-21T14:45:00","snow_rate":0,"app_temp":21.7,"pres":1003.701,"azimuth":250.97,"dewpt":5.9,"uv":3.3,"elev_angle":43.09,"wind_dir":65,"weather":{"icon":"c03d","code":803,"description":"Broken clouds"},"ghi":671,"dhi":105.37,"timestamp_local":"2022-06-21T16:45:00","solar_rad":596.6803,"vis":10,"dni":838.38,"temp":22.5,"slp":1013.25,"clouds":54,"ts":1655822700},{"precip_rate":0,"rh":34,"wind_spd":0.4,"timestamp_utc":"2022-06-21T15:00:00","snow_rate":0,"app_temp":21.8,"pres":1003.4563,"azimuth":254.84,"dewpt":6,"uv":3.5,"elev_angle":40.98,"wind_dir":34,"weather":{"icon":"c02d","code":802,"description":"Scattered clouds"},"ghi":640.6,"dhi":103.53,"timestamp_local":"2022-06-21T17:00:00","solar_rad":615.0239,"vis":10,"dni":828.96,"temp":22.6,"slp":1013,"clouds":40,"ts":1655823600},{"precip_rate":0,"rh":34,"wind_spd":0.5,"timestamp_utc":"2022-06-21T15:15:00","snow_rate":0,"app_temp":21.7,"pres":1003.4533,"azimuth":258.07,"dewpt":5.9,"uv":3.5,"elev_angle":38.72,"wind_dir":26,"weather":{"icon":"c02d","code":802,"description":"Scattered clouds"},"ghi":604.3,"dhi":100.97,"timestamp_local":"2022-06-21T17:15:00","solar_rad":595.2279,"vis":10,"dni":814.71,"temp":22.5,"slp":1013,"clouds":30,"ts":1655824500},{"precip_rate":0,"rh":35,"wind_spd":0.6,"timestamp_utc":"2022-06-21T15:30:00","snow_rate":0,"app_temp":21.6,"pres":1003.4503,"azimuth":261.3,"dewpt":6.2,"uv":3.5,"elev_angle":36.45,"wind_dir":18,"weather":{"icon":"c02d","code":802,"description":"Scattered clouds"},"ghi":567.9,"dhi":98.42,"timestamp_local":"2022-06-21T17:30:00","solar_rad":565.3645,"vis":10,"dni":800.45,"temp":22.4,"slp":1013,"clouds":21,"ts":1655825400},{"precip_rate":0,"rh":36,"wind_spd":0.7,"timestamp_utc":"2022-06-21T15:45:00","snow_rate":0,"app_temp":21.5,"pres":1003.4474,"azimuth":264.52,"dewpt":6.5,"uv":3.4,"elev_angle":34.19,"wind_dir":10,"weather":{"icon":"c02d","code":801,"description":"Few clouds"},"ghi":531.6,"dhi":95.86,"timestamp_local":"2022-06-21T17:45:00","solar_rad":531.246,"vis":10,"dni":786.2,"temp":22.3,"slp":1013,"clouds":12,"ts":1655826300},{"precip_rate":0,"rh":36,"wind_spd":0.8,"timestamp_utc":"2022-06-21T16:00:00","snow_rate":0,"app_temp":21.4,"pres":1003.4444,"azimuth":267.75,"dewpt":6.4,"uv":3.4,"elev_angle":31.92,"wind_dir":2,"weather":{"icon":"c02d","code":801,"description":"Few clouds"},"ghi":495.2,"dhi":93.3,"timestamp_local":"2022-06-21T18:00:00","solar_rad":495.19925,"vis":10,"dni":771.94,"temp":22.2,"slp":1013,"clouds":2,"ts":1655827200},{"precip_rate":0,"rh":36,"wind_spd":0.9,"timestamp_utc":"2022-06-21T16:15:00","snow_rate":0,"app_temp":21.3,"pres":1003.4414,"azimuth":270.65,"dewpt":6.4,"uv":3,"elev_angle":29.63,"wind_dir":6,"weather":{"icon":"c02d","code":801,"description":"Few clouds"},"ghi":456.1,"dhi":89.9,"timestamp_local":"2022-06-21T18:15:00","solar_rad":456.07123,"vis":10,"dni":750.53,"temp":22.1,"slp":1013,"clouds":6,"ts":1655828100},{"precip_rate":0,"rh":36,"wind_spd":1,"timestamp_utc":"2022-06-21T16:30:00","snow_rate":0,"app_temp":21.3,"pres":1003.4385,"azimuth":273.55,"dewpt":6.3,"uv":2.7,"elev_angle":27.35,"wind_dir":9,"weather":{"icon":"c02d","code":801,"description":"Few clouds"},"ghi":417.1,"dhi":86.5,"timestamp_local":"2022-06-21T18:30:00","solar_rad":416.99554,"vis":10,"dni":729.12,"temp":22.1,"slp":1013,"clouds":9,"ts":1655829000},{"precip_rate":0,"rh":37,"wind_spd":1.1,"timestamp_utc":"2022-06-21T16:45:00","snow_rate":0,"app_temp":21.2,"pres":1003.4355,"azimuth":276.44,"dewpt":6.6,"uv":2.4,"elev_angle":25.06,"wind_dir":12,"weather":{"icon":"c02d","code":801,"description":"Few clouds"},"ghi":378,"dhi":83.09,"timestamp_local":"2022-06-21T18:45:00","solar_rad":377.74826,"vis":10,"dni":707.71,"temp":22,"slp":1013,"clouds":12,"ts":1655829900},{"precip_rate":0,"rh":37,"wind_spd":1.2,"timestamp_utc":"2022-06-21T17:00:00","snow_rate":0,"app_temp":21.1,"pres":1003.4325,"azimuth":279.34,"dewpt":6.6,"uv":2.2,"elev_angle":22.77,"wind_dir":16,"weather":{"icon":"c02d","code":801,"description":"Few clouds"},"ghi":338.9,"dhi":79.69,"timestamp_local":"2022-06-21T19:00:00","solar_rad":338.29977,"vis":10,"dni":686.3,"temp":21.9,"slp":1013,"clouds":16,"ts":1655830800},{"precip_rate":0,"rh":37,"wind_spd":1.4,"timestamp_utc":"2022-06-21T17:15:00","snow_rate":0,"app_temp":21,"pres":1003.4295,"azimuth":282.12,"dewpt":6.5,"uv":1.9,"elev_angle":20.56,"wind_dir":12,"weather":{"icon":"c02d","code":802,"description":"Scattered clouds"},"ghi":300.9,"dhi":75.18,"timestamp_local":"2022-06-21T19:15:00","solar_rad":298.12302,"vis":10,"dni":652.72,"temp":21.8,"slp":1013,"clouds":26,"ts":1655831700},{"precip_rate":0,"rh":38,"wind_spd":1.6,"timestamp_utc":"2022-06-21T17:30:00","snow_rate":0,"app_temp":20.9,"pres":1003.4265,"azimuth":284.89,"dewpt":6.8,"uv":1.6,"elev_angle":18.34,"wind_dir":9,"weather":{"icon":"c02d","code":802,"description":"Scattered clouds"},"ghi":262.9,"dhi":70.67,"timestamp_local":"2022-06-21T19:30:00","solar_rad":254.84772,"vis":10,"dni":619.13,"temp":21.7,"slp":1013,"clouds":37,"ts":1655832600},{"precip_rate":0,"rh":38,"wind_spd":1.8,"timestamp_utc":"2022-06-21T17:45:00","snow_rate":0,"app_temp":20.8,"pres":1003.4235,"azimuth":287.67,"dewpt":6.7,"uv":1.4,"elev_angle":16.13,"wind_dir":6,"weather":{"icon":"c03d","code":803,"description":"Broken clouds"},"ghi":224.9,"dhi":66.15,"timestamp_local":"2022-06-21T19:45:00","solar_rad":208.21016,"vis":10,"dni":585.55,"temp":21.6,"slp":1013,"clouds":48,"ts":1655833500},{"precip_rate":0,"rh":38,"wind_spd":2,"timestamp_utc":"2022-06-21T18:00:00","snow_rate":0,"app_temp":20.7,"pres":1003.42053,"azimuth":290.44,"dewpt":6.6,"uv":1.2,"elev_angle":13.91,"wind_dir":2,"weather":{"icon":"c03d","code":803,"description":"Broken clouds"},"ghi":186.9,"dhi":61.64,"timestamp_local":"2022-06-21T20:00:00","solar_rad":160.50589,"vis":10,"dni":551.96,"temp":21.5,"slp":1013,"clouds":58,"ts":1655834400},{"precip_rate":0,"rh":39,"wind_spd":2,"timestamp_utc":"2022-06-21T18:15:00","snow_rate":0,"app_temp":20.4,"pres":1003.4115,"azimuth":293.24,"dewpt":6.7,"uv":1,"elev_angle":11.85,"wind_dir":89,"weather":{"icon":"c03d","code":803,"description":"Broken clouds"},"ghi":154.8,"dhi":55.29,"timestamp_local":"2022-06-21T20:15:00","solar_rad":124.249,"vis":10,"dni":492.65,"temp":21.2,"slp":1013,"clouds":64,"ts":1655835300},{"precip_rate":0,"rh":40,"wind_spd":2,"timestamp_utc":"2022-06-21T18:30:00","snow_rate":0,"app_temp":20.1,"pres":1003.40247,"azimuth":296.04,"dewpt":6.9,"uv":0.9,"elev_angle":9.79,"wind_dir":176,"weather":{"icon":"c04d","code":804,"description":"Overcast clouds"},"ghi":122.7,"dhi":48.95,"timestamp_local":"2022-06-21T20:30:00","solar_rad":88.236015,"vis":10,"dni":433.34,"temp":20.9,"slp":1013,"clouds":71,"ts":1655836200},{"precip_rate":0,"rh":42,"wind_spd":2,"timestamp_utc":"2022-06-21T18:45:00","snow_rate":0,"app_temp":19.9,"pres":1003.3935,"azimuth":298.83,"dewpt":7.3,"uv":0.8,"elev_angle":7.73,"wind_dir":263,"weather":{"icon":"c04d","code":804,"description":"Overcast clouds"},"ghi":90.5,"dhi":42.6,"timestamp_local":"2022-06-21T20:45:00","solar_rad":55.504456,"vis":10,"dni":374.03,"temp":20.7,"slp":1013,"clouds":78,"ts":1655837100},{"precip_rate":0,"rh":43,"wind_spd":2,"timestamp_utc":"2022-06-21T19:00:00","snow_rate":0,"app_temp":19.6,"pres":1003.38446,"azimuth":301.63,"dewpt":7.4,"uv":0.7,"elev_angle":5.67,"wind_dir":350,"weather":{"icon":"c04d","code":804,"description":"Overcast clouds"},"ghi":58.4,"dhi":36.25,"timestamp_local":"2022-06-21T21:00:00","solar_rad":65.59607,"vis":10,"dni":314.72,"temp":20.4,"slp":1013,"clouds":84,"ts":1655838000},{"precip_rate":0,"rh":46,"wind_spd":2.3,"timestamp_utc":"2022-06-21T19:15:00","snow_rate":0,"app_temp":19.1,"pres":1003.3662,"azimuth":304.55,"dewpt":7.9,"uv":0.8,"elev_angle":3.85,"wind_dir":351,"weather":{"icon":"c04n","code":804,"description":"Overcast clouds"},"ghi":43.8,"dhi":27.19,"timestamp_local":"2022-06-21T21:15:00","solar_rad":50.913696,"vis":10,"dni":236.04,"temp":19.8,"slp":1013,"clouds":82,"ts":1655838900},{"precip_rate":0,"rh":49,"wind_spd":2.6,"timestamp_utc":"2022-06-21T19:30:00","snow_rate":0,"app_temp":18.5,"pres":1003.348,"azimuth":307.48,"dewpt":8.3,"uv":0.8,"elev_angle":2.03,"wind_dir":352,"weather":{"icon":"c04n","code":804,"description":"Overcast clouds"},"ghi":29.2,"dhi":18.13,"timestamp_local":"2022-06-21T21:30:00","solar_rad":34.49268,"vis":10,"dni":157.36,"temp":19.3,"slp":1013,"clouds":81,"ts":1655839800},{"precip_rate":0,"rh":52,"wind_spd":2.9,"timestamp_utc":"2022-06-21T19:45:00","snow_rate":0,"app_temp":18,"pres":1003.3298,"azimuth":310.4,"dewpt":8.6,"uv":0.8,"elev_angle":0.21,"wind_dir":353,"weather":{"icon":"c04n","code":804,"description":"Overcast clouds"},"ghi":14.6,"dhi":9.06,"timestamp_local":"2022-06-21T21:45:00","solar_rad":17.506796,"vis":10,"dni":78.68,"temp":18.7,"slp":1013,"clouds":80,"ts":1655840700},{"precip_rate":0,"rh":55,"wind_spd":3.2,"timestamp_utc":"2022-06-21T20:00:00","snow_rate":0,"app_temp":18.1,"pres":1003.3115,"azimuth":313.32,"dewpt":8.9,"uv":0,"elev_angle":-1.61,"wind_dir":354,"weather":{"icon":"c04n","code":804,"description":"Overcast clouds"},"ghi":0,"dhi":0,"timestamp_local":"2022-06-21T22:00:00","solar_rad":0,"vis":10,"dni":0,"temp":18.1,"slp":1013,"clouds":78,"ts":1655841600},{"precip_rate":0,"rh":56,"wind_spd":3.4,"timestamp_utc":"2022-06-21T20:15:00","snow_rate":0,"app_temp":17.9,"pres":1003.3054,"azimuth":316.43,"dewpt":9,"uv":0,"elev_angle":-3.1,"wind_dir":267,"weather":{"icon":"c04n","code":804,"description":"Overcast clouds"},"ghi":0,"dhi":0,"timestamp_local":"2022-06-21T22:15:00","solar_rad":0,"vis":10,"dni":0,"temp":17.9,"slp":1013,"clouds":83,"ts":1655842500},{"precip_rate":0,"rh":57,"wind_spd":3.6,"timestamp_utc":"2022-06-21T20:30:00","snow_rate":0,"app_temp":17.8,"pres":1003.29926,"azimuth":319.54,"dewpt":9.1,"uv":0,"elev_angle":-4.59,"wind_dir":180,"weather":{"icon":"c04n","code":804,"description":"Overcast clouds"},"ghi":0,"dhi":0,"timestamp_local":"2022-06-21T22:30:00","solar_rad":0,"vis":10,"dni":0,"temp":17.8,"slp":1013,"clouds":88,"ts":1655843400},{"precip_rate":0,"rh":58,"wind_spd":3.8,"timestamp_utc":"2022-06-21T20:45:00","snow_rate":0,"app_temp":17.6,"pres":1003.2931,"azimuth":322.65,"dewpt":9.2,"uv":0,"elev_angle":-6.07,"wind_dir":93,"weather":{"icon":"c04n","code":804,"description":"Overcast clouds"},"ghi":0,"dhi":0,"timestamp_local":"2022-06-21T22:45:00","solar_rad":0,"vis":10,"dni":0,"temp":17.6,"slp":1013,"clouds":94,"ts":1655844300},{"precip_rate":0,"rh":59,"wind_spd":4,"timestamp_utc":"2022-06-21T21:00:00","snow_rate":0,"app_temp":17.4,"pres":1003.287,"azimuth":325.76,"dewpt":9.3,"uv":0,"elev_angle":-7.56,"wind_dir":6,"weather":{"icon":"c04n","code":804,"description":"Overcast clouds"},"ghi":0,"dhi":0,"timestamp_local":"2022-06-21T23:00:00","solar_rad":0,"vis":10,"dni":0,"temp":17.4,"slp":1013,"clouds":99,"ts":1655845200},{"precip_rate":0,"rh":62,"wind_spd":3.8,"timestamp_utc":"2022-06-21T21:15:00","snow_rate":0,"app_temp":17,"pres":1003.5222,"azimuth":329.08,"dewpt":9.7,"uv":0,"elev_angle":-8.63,"wind_dir":12,"weather":{"icon":"c04n","code":804,"description":"Overcast clouds"},"ghi":0,"dhi":0,"timestamp_local":"2022-06-21T23:15:00","solar_rad":0,"vis":10,"dni":0,"temp":17,"slp":1013.25,"clouds":96,"ts":1655846100},{"precip_rate":0,"rh":64,"wind_spd":3.6,"timestamp_utc":"2022-06-21T21:30:00","snow_rate":0,"app_temp":16.6,"pres":1003.75745,"azimuth":332.4,"dewpt":9.8,"uv":0,"elev_angle":-9.69,"wind_dir":17,"weather":{"icon":"c04n","code":804,"description":"Overcast clouds"},"ghi":0,"dhi":0,"timestamp_local":"2022-06-21T23:30:00","solar_rad":0,"vis":10,"dni":0,"temp":16.6,"slp":1013.5,"clouds":94,"ts":1655847000},{"precip_rate":0,"rh":67,"wind_spd":3.4,"timestamp_utc":"2022-06-21T21:45:00","snow_rate":0,"app_temp":16.3,"pres":1003.9926,"azimuth":335.71,"dewpt":10.1,"uv":0,"elev_angle":-10.76,"wind_dir":22,"weather":{"icon":"c04n","code":804,"description":"Overcast clouds"},"ghi":0,"dhi":0,"timestamp_local":"2022-06-21T23:45:00","solar_rad":0,"vis":10,"dni":0,"temp":16.3,"slp":1013.75,"clouds":91,"ts":1655847900},{"precip_rate":0,"rh":70,"wind_spd":3.2,"timestamp_utc":"2022-06-21T22:00:00","snow_rate":0,"app_temp":15.9,"pres":1004.22784,"azimuth":339.03,"dewpt":10.4,"uv":0,"elev_angle":-11.82,"wind_dir":28,"weather":{"icon":"c04n","code":804,"description":"Overcast clouds"},"ghi":0,"dhi":0,"timestamp_local":"2022-06-22T00:00:00","solar_rad":0,"vis":10,"dni":0,"temp":15.9,"slp":1014,"clouds":88,"ts":1655848800},{"precip_rate":0,"rh":72,"wind_spd":3.1,"timestamp_utc":"2022-06-21T22:15:00","snow_rate":0,"app_temp":15.6,"pres":1004.2185,"azimuth":342.51,"dewpt":10.6,"uv":0,"elev_angle":-12.38,"wind_dir":33,"weather":{"icon":"c04n","code":804,"description":"Overcast clouds"},"ghi":0,"dhi":0,"timestamp_local":"2022-06-22T00:15:00","solar_rad":0,"vis":10,"dni":0,"temp":15.6,"slp":1014,"clouds":81,"ts":1655849700},{"precip_rate":0,"rh":74,"wind_spd":3,"timestamp_utc":"2022-06-21T22:30:00","snow_rate":0,"app_temp":15.3,"pres":1004.2091,"azimuth":346,"dewpt":10.7,"uv":0,"elev_angle":-12.93,"wind_dir":38,"weather":{"icon":"c04n","code":804,"description":"Overcast clouds"},"ghi":0,"dhi":0,"timestamp_local":"2022-06-22T00:30:00","solar_rad":0,"vis":10,"dni":0,"temp":15.3,"slp":1014,"clouds":74,"ts":1655850600},{"precip_rate":0,"rh":75,"wind_spd":2.9,"timestamp_utc":"2022-06-21T22:45:00","snow_rate":0,"app_temp":15.1,"pres":1004.1997,"azimuth":349.48,"dewpt":10.7,"uv":0,"elev_angle":-13.49,"wind_dir":43,"weather":{"icon":"c03n","code":803,"description":"Broken clouds"},"ghi":0,"dhi":0,"timestamp_local":"2022-06-22T00:45:00","solar_rad":0,"vis":10,"dni":0,"temp":15.1,"slp":1014,"clouds":68,"ts":1655851500},{"precip_rate":0,"rh":77,"wind_spd":2.8,"timestamp_utc":"2022-06-21T23:00:00","snow_rate":0,"app_temp":14.8,"pres":1004.19037,"azimuth":352.96,"dewpt":10.8,"uv":0,"elev_angle":-14.04,"wind_dir":48,"weather":{"icon":"c03n","code":803,"description":"Broken clouds"},"ghi":0,"dhi":0,"timestamp_local":"2022-06-22T01:00:00","solar_rad":0,"vis":10,"dni":0,"temp":14.8,"slp":1014,"clouds":61,"ts":1655852400},{"precip_rate":0,"rh":77,"wind_spd":2.6,"timestamp_utc":"2022-06-21T23:15:00","snow_rate":0,"app_temp":14.6,"pres":1004.1841,"azimuth":266.51,"dewpt":10.6,"uv":0,"elev_angle":-14.04,"wind_dir":50,"weather":{"icon":"c03n","code":803,"description":"Broken clouds"},"ghi":0,"dhi":0,"timestamp_local":"2022-06-22T01:15:00","solar_rad":0,"vis":10,"dni":0,"temp":14.6,"slp":1014,"clouds":70,"ts":1655853300},{"precip_rate":0,"rh":78,"wind_spd":2.4,"timestamp_utc":"2022-06-21T23:30:00","snow_rate":0,"app_temp":14.5,"pres":1004.1778,"azimuth":180.05,"dewpt":10.7,"uv":0,"elev_angle":-14.04,"wind_dir":53,"weather":{"icon":"c04n","code":804,"description":"Overcast clouds"},"ghi":0,"dhi":0,"timestamp_local":"2022-06-22T01:30:00","solar_rad":0,"vis":10,"dni":0,"temp":14.5,"slp":1014,"clouds":78,"ts":1655854200},{"precip_rate":0,"rh":78,"wind_spd":2.2,"timestamp_utc":"2022-06-21T23:45:00","snow_rate":0,"app_temp":14.3,"pres":1004.1715,"azimuth":93.6,"dewpt":10.5,"uv":0,"elev_angle":-14.03,"wind_dir":56,"weather":{"icon":"c04n","code":804,"description":"Overcast clouds"},"ghi":0,"dhi":0,"timestamp_local":"2022-06-22T01:45:00","solar_rad":0,"vis":10,"dni":0,"temp":14.3,"slp":1014,"clouds":86,"ts":1655855100}],"sources":["103150-99999","imerg","merra2","era5","modis"],"city_id":"2856883"}
