{"timezone":"Europe\/Berlin","state_code":"06","country_code":"DE","lat":52.2833,"lon":8,"city_name":"Osnabr�ck","station_id":"103150-99999","data":[{"precip_rate":0,"rh":91,"wind_spd":0.8,"timestamp_utc":"2022-06-08T00:00:00","snow_rate":0,"app_temp":11.5,"pres":1001.1055,"azimuth":7.89,"dewpt":10.1,"uv":0,"elev_angle":-14.54,"wind_dir":178,"weather":{"icon":"c03n","code":803,"description":"Broken clouds"},"ghi":0,"dhi":0,"timestamp_local":"2022-06-08T02:00:00","solar_rad":0,"vis":10,"dni":0,"temp":11.5,"slp":1011,"clouds":69,"ts":1654646400},{"precip_rate":0,"rh":91,"wind_spd":1,"timestamp_utc":"2022-06-08T00:15:00","snow_rate":0,"app_temp":11.6,"pres":1000.86115,"azimuth":11.39,"dewpt":10.2,"uv":0,"elev_angle":-13.95,"wind_dir":176,"weather":{"icon":"c03n","code":803,"description":"Broken clouds"},"ghi":0,"dhi":0,"timestamp_local":"2022-06-08T02:15:00","solar_rad":0,"vis":10,"dni":0,"temp":11.6,"slp":1010.75,"clouds":64,"ts":1654647300},{"precip_rate":0,"rh":91,"wind_spd":1.2,"timestamp_utc":"2022-06-08T00:30:00","snow_rate":0,"app_temp":11.7,"pres":1000.6168,"azimuth":14.89,"dewpt":10.3,"uv":0,"elev_angle":-13.36,"wind_dir":173,"weather":{"icon":"c03n","code":803,"description":"Broken clouds"},"ghi":0,"dhi":0,"timestamp_local":"2022-06-08T02:30:00","solar_rad":0,"vis":10,"dni":0,"temp":11.7,"slp":1010.5,"clouds":60,"ts":1654648200},{"precip_rate":0,"rh":91,"wind_spd":1.4,"timestamp_utc":"2022-06-08T00:45:00","snow_rate":0,"app_temp":11.8,"pres":1000.37244,"azimuth":18.38,"dewpt":10.4,"uv":0,"elev_angle":-12.77,"wind_dir":170,"weather":{"icon":"c03n","code":803,"description":"Broken clouds"},"ghi":0,"dhi":0,"timestamp_local":"2022-06-08T02:45:00","solar_rad":0,"vis":10,"dni":0,"temp":11.8,"slp":1010.25,"clouds":55,"ts":1654649100},{"precip_rate":0,"rh":91,"wind_spd":1.6,"timestamp_utc":"2022-06-08T01:00:00","snow_rate":0,"app_temp":11.9,"pres":1000.12805,"azimuth":21.88,"dewpt":10.5,"uv":0,"elev_angle":-12.18,"wind_dir":168,"weather":{"icon":"c03n","code":803,"description":"Broken clouds"},"ghi":0,"dhi":0,"timestamp_local":"2022-06-08T03:00:00","solar_rad":0,"vis":10,"dni":0,"temp":11.9,"slp":1010,"clouds":50,"ts":1654650000},{"precip_rate":0,"rh":91,"wind_spd":1.7,"timestamp_utc":"2022-06-08T01:15:00","snow_rate":0,"app_temp":12,"pres":1000.1312,"azimuth":25.21,"dewpt":10.6,"uv":0,"elev_angle":-11.08,"wind_dir":175,"weather":{"icon":"c03n","code":803,"description":"Broken clouds"},"ghi":0,"dhi":0,"timestamp_local":"2022-06-08T03:15:00","solar_rad":0,"vis":10,"dni":0,"temp":12,"slp":1010,"clouds":50,"ts":1654650900},{"precip_rate":0,"rh":91,"wind_spd":1.8,"timestamp_utc":"2022-06-08T01:30:00","snow_rate":0,"app_temp":12,"pres":1000.1344,"azimuth":28.53,"dewpt":10.6,"uv":0,"elev_angle":-9.99,"wind_dir":182,"weather":{"icon":"c03n","code":803,"description":"Broken clouds"},"ghi":0,"dhi":0,"timestamp_local":"2022-06-08T03:30:00","solar_rad":0,"vis":10,"dni":0,"temp":12,"slp":1010,"clouds":50,"ts":1654651800},{"precip_rate":0,"rh":91,"wind_spd":1.9,"timestamp_utc":"2022-06-08T01:45:00","snow_rate":0,"app_temp":12.1,"pres":1000.13763,"azimuth":31.86,"dewpt":10.7,"uv":0,"elev_angle":-8.89,"wind_dir":189,"weather":{"icon":"c03n","code":803,"description":"Broken clouds"},"ghi":0,"dhi":0,"timestamp_local":"2022-06-08T03:45:00","solar_rad":0,"vis":10,"dni":0,"temp":12.1,"slp":1010,"clouds":49,"ts":1654652700},{"precip_rate":0,"rh":91,"wind_spd":2,"timestamp_utc":"2022-06-08T02:00:00","snow_rate":0,"app_temp":12.2,"pres":1000.1408,"azimuth":35.18,"dewpt":10.8,"uv":0,"elev_angle":-7.79,"wind_dir":196,"weather":{"icon":"c03n","code":803,"description":"Broken clouds"},"ghi":0,"dhi":0,"timestamp_local":"2022-06-08T04:00:00","solar_rad":0,"vis":10,"dni":0,"temp":12.2,"slp":1010,"clouds":49,"ts":1654653600},{"precip_rate":0,"rh":92,"wind_spd":2.2,"timestamp_utc":"2022-06-08T02:15:00","snow_rate":0,"app_temp":12.2,"pres":1000.1408,"azimuth":38.3,"dewpt":10.9,"uv":0,"elev_angle":-6.27,"wind_dir":198,"weather":{"icon":"c03n","code":803,"description":"Broken clouds"},"ghi":0,"dhi":0,"timestamp_local":"2022-06-08T04:15:00","solar_rad":0,"vis":10,"dni":0,"temp":12.2,"slp":1010,"clouds":49,"ts":1654654500},{"precip_rate":0,"rh":92,"wind_spd":2.4,"timestamp_utc":"2022-06-08T02:30:00","snow_rate":0,"app_temp":12.2,"pres":1000.1408,"azimuth":41.41,"dewpt":10.9,"uv":0,"elev_angle":-4.76,"wind_dir":200,"weather":{"icon":"c03n","code":803,"description":"Broken clouds"},"ghi":0,"dhi":0,"timestamp_local":"2022-06-08T04:30:00","solar_rad":0,"vis":10,"dni":0,"temp":12.2,"slp":1010,"clouds":49,"ts":1654655400},{"precip_rate":0,"rh":92,"wind_spd":2.6,"timestamp_utc":"2022-06-08T02:45:00","snow_rate":0,"app_temp":12.2,"pres":1000.1408,"azimuth":44.53,"dewpt":10.9,"uv":0,"elev_angle":-3.24,"wind_dir":202,"weather":{"icon":"c03n","code":803,"description":"Broken clouds"},"ghi":0,"dhi":0,"timestamp_local":"2022-06-08T04:45:00","solar_rad":0,"vis":10,"dni":0,"temp":12.2,"slp":1010,"clouds":49,"ts":1654656300},{"precip_rate":0,"rh":93,"wind_spd":2.8,"timestamp_utc":"2022-06-08T03:00:00","snow_rate":0,"app_temp":12.2,"pres":1000.1408,"azimuth":47.64,"dewpt":11.1,"uv":0,"elev_angle":-1.72,"wind_dir":204,"weather":{"icon":"c03n","code":803,"description":"Broken clouds"},"ghi":0,"dhi":0,"timestamp_local":"2022-06-08T05:00:00","solar_rad":0,"vis":10,"dni":0,"temp":12.2,"slp":1010,"clouds":49,"ts":1654657200},{"precip_rate":0,"rh":93,"wind_spd":2.7,"timestamp_utc":"2022-06-08T03:15:00","snow_rate":0,"app_temp":12.3,"pres":999.8964,"azimuth":50.56,"dewpt":11.2,"uv":1.2,"elev_angle":0.13,"wind_dir":203,"weather":{"icon":"c03n","code":803,"description":"Broken clouds"},"ghi":14.6,"dhi":9.07,"timestamp_local":"2022-06-08T05:15:00","solar_rad":13.316485,"vis":10,"dni":78.73,"temp":12.3,"slp":1009.75,"clouds":44,"ts":1654658100},{"precip_rate":0,"rh":93,"wind_spd":2.6,"timestamp_utc":"2022-06-08T03:30:00","snow_rate":0,"app_temp":12.4,"pres":999.65204,"azimuth":53.49,"dewpt":11.3,"uv":1.3,"elev_angle":1.97,"wind_dir":202,"weather":{"icon":"c02n","code":802,"description":"Scattered clouds"},"ghi":29.2,"dhi":18.14,"timestamp_local":"2022-06-08T05:30:00","solar_rad":27.073315,"vis":9,"dni":157.45,"temp":12.4,"slp":1009.5,"clouds":40,"ts":1654659000},{"precip_rate":0,"rh":93,"wind_spd":2.5,"timestamp_utc":"2022-06-08T03:45:00","snow_rate":0,"app_temp":12.5,"pres":999.40765,"azimuth":56.41,"dewpt":11.4,"uv":1.3,"elev_angle":3.82,"wind_dir":201,"weather":{"icon":"c02n","code":802,"description":"Scattered clouds"},"ghi":43.8,"dhi":27.21,"timestamp_local":"2022-06-08T05:45:00","solar_rad":41.127674,"vis":9,"dni":236.18,"temp":12.5,"slp":1009.25,"clouds":36,"ts":1654659900},{"precip_rate":0,"rh":93,"wind_spd":2.4,"timestamp_utc":"2022-06-08T04:00:00","snow_rate":0,"app_temp":12.6,"pres":999.16327,"azimuth":59.33,"dewpt":11.5,"uv":1.4,"elev_angle":5.66,"wind_dir":200,"weather":{"icon":"c02d","code":802,"description":"Scattered clouds"},"ghi":58.4,"dhi":36.28,"timestamp_local":"2022-06-08T06:00:00","solar_rad":55.47456,"vis":9,"dni":314.9,"temp":12.6,"slp":1009,"clouds":31,"ts":1654660800},{"precip_rate":0,"rh":92,"wind_spd":2.5,"timestamp_utc":"2022-06-08T04:15:00","snow_rate":0,"app_temp":12.9,"pres":999.4203,"azimuth":62.13,"dewpt":11.6,"uv":1.4,"elev_angle":7.74,"wind_dir":201,"weather":{"icon":"c02d","code":802,"description":"Scattered clouds"},"ghi":90.9,"dhi":42.69,"timestamp_local":"2022-06-08T06:15:00","solar_rad":86.48942,"vis":8,"dni":374.77,"temp":12.9,"slp":1009.25,"clouds":30,"ts":1654661700},{"precip_rate":0,"rh":92,"wind_spd":2.6,"timestamp_utc":"2022-06-08T04:30:00","snow_rate":0,"app_temp":13.2,"pres":999.67737,"azimuth":64.94,"dewpt":11.9,"uv":1.5,"elev_angle":9.82,"wind_dir":202,"weather":{"icon":"c02d","code":802,"description":"Scattered clouds"},"ghi":123.3,"dhi":49.1,"timestamp_local":"2022-06-08T06:30:00","solar_rad":117.63458,"vis":6,"dni":434.64,"temp":13.2,"slp":1009.5,"clouds":28,"ts":1654662600},{"precip_rate":0,"rh":92,"wind_spd":2.7,"timestamp_utc":"2022-06-08T04:45:00","snow_rate":0,"app_temp":13.4,"pres":999.9344,"azimuth":67.74,"dewpt":12.2,"uv":1.5,"elev_angle":11.89,"wind_dir":203,"weather":{"icon":"c02d","code":802,"description":"Scattered clouds"},"ghi":155.8,"dhi":55.51,"timestamp_local":"2022-06-08T06:45:00","solar_rad":148.76678,"vis":5,"dni":494.51,"temp":13.4,"slp":1009.75,"clouds":27,"ts":1654663500},{"precip_rate":0,"rh":91,"wind_spd":2.8,"timestamp_utc":"2022-06-08T05:00:00","snow_rate":0,"app_temp":13.7,"pres":1000.1914,"azimuth":70.54,"dewpt":12.3,"uv":1.6,"elev_angle":13.97,"wind_dir":204,"weather":{"icon":"c02d","code":802,"description":"Scattered clouds"},"ghi":188.3,"dhi":61.92,"timestamp_local":"2022-06-08T07:00:00","solar_rad":179.99957,"vis":4,"dni":554.38,"temp":13.7,"slp":1010,"clouds":26,"ts":1654664400},{"precip_rate":0,"rh":90,"wind_spd":2.8,"timestamp_utc":"2022-06-08T05:15:00","snow_rate":0,"app_temp":14.1,"pres":1000.2039,"azimuth":73.33,"dewpt":12.5,"uv":1.4,"elev_angle":16.2,"wind_dir":204,"weather":{"icon":"c03d","code":803,"description":"Broken clouds"},"ghi":226.6,"dhi":66.45,"timestamp_local":"2022-06-08T07:15:00","solar_rad":206.09956,"vis":4,"dni":588.05,"temp":14.1,"slp":1010,"clouds":44,"ts":1654665300},{"precip_rate":0,"rh":89,"wind_spd":2.8,"timestamp_utc":"2022-06-08T05:30:00","snow_rate":0,"app_temp":14.4,"pres":1000.21643,"azimuth":76.12,"dewpt":12.7,"uv":1.2,"elev_angle":18.42,"wind_dir":204,"weather":{"icon":"c03d","code":803,"description":"Broken clouds"},"ghi":264.9,"dhi":70.99,"timestamp_local":"2022-06-08T07:30:00","solar_rad":205.89487,"vis":5,"dni":621.72,"temp":14.4,"slp":1010,"clouds":63,"ts":1654666200},{"precip_rate":0,"rh":88,"wind_spd":2.8,"timestamp_utc":"2022-06-08T05:45:00","snow_rate":0,"app_temp":14.8,"pres":1000.229,"azimuth":78.9,"dewpt":12.9,"uv":1,"elev_angle":20.65,"wind_dir":204,"weather":{"icon":"c04d","code":804,"description":"Overcast clouds"},"ghi":303.1,"dhi":75.52,"timestamp_local":"2022-06-08T07:45:00","solar_rad":153.23175,"vis":6,"dni":655.39,"temp":14.8,"slp":1010,"clouds":82,"ts":1654667100},{"precip_rate":0,"rh":87,"wind_spd":2.8,"timestamp_utc":"2022-06-08T06:00:00","snow_rate":0,"app_temp":15.2,"pres":1000.2415,"azimuth":81.69,"dewpt":13.1,"uv":0.8,"elev_angle":22.87,"wind_dir":204,"weather":{"icon":"c04d","code":804,"description":"Overcast clouds"},"ghi":341.4,"dhi":80.05,"timestamp_local":"2022-06-08T08:00:00","solar_rad":100.75508,"vis":8,"dni":689.06,"temp":15.2,"slp":1010,"clouds":100,"ts":1654668000},{"precip_rate":0,"rh":86,"wind_spd":2.7,"timestamp_utc":"2022-06-08T06:15:00","snow_rate":0,"app_temp":15.6,"pres":1000.00635,"azimuth":84.61,"dewpt":13.2,"uv":0.8,"elev_angle":25.16,"wind_dir":200,"weather":{"icon":"c04d","code":804,"description":"Overcast clouds"},"ghi":380.6,"dhi":83.45,"timestamp_local":"2022-06-08T08:15:00","solar_rad":106.43538,"vis":9,"dni":710.44,"temp":15.6,"slp":1009.75,"clouds":100,"ts":1654668900},{"precip_rate":0,"rh":84,"wind_spd":2.6,"timestamp_utc":"2022-06-08T06:30:00","snow_rate":0,"app_temp":16,"pres":999.7711,"azimuth":87.53,"dewpt":13.3,"uv":0.9,"elev_angle":27.45,"wind_dir":196,"weather":{"icon":"c04d","code":804,"description":"Overcast clouds"},"ghi":419.8,"dhi":86.86,"timestamp_local":"2022-06-08T08:30:00","solar_rad":112.29006,"vis":10,"dni":731.83,"temp":16,"slp":1009.5,"clouds":100,"ts":1654669800},{"precip_rate":0,"rh":82,"wind_spd":2.5,"timestamp_utc":"2022-06-08T06:45:00","snow_rate":0,"app_temp":16.3,"pres":999.5359,"azimuth":90.45,"dewpt":13.2,"uv":1,"elev_angle":29.74,"wind_dir":192,"weather":{"icon":"c04d","code":804,"description":"Overcast clouds"},"ghi":459,"dhi":90.26,"timestamp_local":"2022-06-08T08:45:00","solar_rad":118.14795,"vis":10,"dni":753.21,"temp":16.3,"slp":1009.25,"clouds":100,"ts":1654670700},{"precip_rate":0,"rh":81,"wind_spd":2.4,"timestamp_utc":"2022-06-08T07:00:00","snow_rate":0,"app_temp":16.7,"pres":999.3007,"azimuth":93.37,"dewpt":13.4,"uv":1.1,"elev_angle":32.03,"wind_dir":188,"weather":{"icon":"c04d","code":804,"description":"Overcast clouds"},"ghi":498.2,"dhi":93.66,"timestamp_local":"2022-06-08T09:00:00","solar_rad":123.77885,"vis":10,"dni":774.59,"temp":16.7,"slp":1009,"clouds":100,"ts":1654671600},{"precip_rate":0,"rh":78,"wind_spd":2.5,"timestamp_utc":"2022-06-08T07:15:00","snow_rate":0,"app_temp":17.3,"pres":999.3191,"azimuth":96.63,"dewpt":13.4,"uv":1.2,"elev_angle":34.29,"wind_dir":186,"weather":{"icon":"c04d","code":804,"description":"Overcast clouds"},"ghi":534.5,"dhi":96.21,"timestamp_local":"2022-06-08T09:15:00","solar_rad":128.67212,"vis":10,"dni":788.78,"temp":17.3,"slp":1009,"clouds":100,"ts":1654672500},{"precip_rate":0,"rh":74,"wind_spd":2.6,"timestamp_utc":"2022-06-08T07:30:00","snow_rate":0,"app_temp":17.8,"pres":999.3374,"azimuth":99.9,"dewpt":13.1,"uv":1.3,"elev_angle":36.55,"wind_dir":184,"weather":{"icon":"c04d","code":804,"description":"Overcast clouds"},"ghi":570.8,"dhi":98.76,"timestamp_local":"2022-06-08T09:30:00","solar_rad":133.90822,"vis":10,"dni":802.97,"temp":17.8,"slp":1009,"clouds":100,"ts":1654673400},{"precip_rate":0,"rh":70,"wind_spd":2.7,"timestamp_utc":"2022-06-08T07:45:00","snow_rate":0,"app_temp":18.1,"pres":999.3558,"azimuth":103.16,"dewpt":12.8,"uv":1.4,"elev_angle":38.8,"wind_dir":182,"weather":{"icon":"c04d","code":804,"description":"Overcast clouds"},"ghi":607.1,"dhi":101.3,"timestamp_local":"2022-06-08T09:45:00","solar_rad":157.6024,"vis":10,"dni":817.15,"temp":18.4,"slp":1009,"clouds":99,"ts":1654674300},{"precip_rate":0,"rh":67,"wind_spd":2.8,"timestamp_utc":"2022-06-08T08:00:00","snow_rate":0,"app_temp":18.6,"pres":999.37415,"azimuth":106.42,"dewpt":12.6,"uv":1.5,"elev_angle":41.06,"wind_dir":180,"weather":{"icon":"c04d","code":804,"description":"Overcast clouds"},"ghi":643.4,"dhi":103.85,"timestamp_local":"2022-06-08T10:00:00","solar_rad":163.81949,"vis":10,"dni":831.34,"temp":18.9,"slp":1009,"clouds":99,"ts":1654675200},{"precip_rate":0,"rh":65,"wind_spd":2.8,"timestamp_utc":"2022-06-08T08:15:00","snow_rate":0,"app_temp":18.8,"pres":999.1356,"azimuth":110.34,"dewpt":12.4,"uv":1.7,"elev_angle":43.15,"wind_dir":178,"weather":{"icon":"c04d","code":804,"description":"Overcast clouds"},"ghi":673.5,"dhi":105.68,"timestamp_local":"2022-06-08T10:15:00","solar_rad":168.83278,"vis":10,"dni":840.67,"temp":19.2,"slp":1008.75,"clouds":99,"ts":1654676100},{"precip_rate":0,"rh":63,"wind_spd":2.8,"timestamp_utc":"2022-06-08T08:30:00","snow_rate":0,"app_temp":19.1,"pres":998.89703,"azimuth":114.27,"dewpt":12.2,"uv":1.8,"elev_angle":45.25,"wind_dir":175,"weather":{"icon":"c04d","code":804,"description":"Overcast clouds"},"ghi":703.7,"dhi":107.51,"timestamp_local":"2022-06-08T10:30:00","solar_rad":173.90488,"vis":10,"dni":850,"temp":19.4,"slp":1008.5,"clouds":99,"ts":1654677000},{"precip_rate":0,"rh":61,"wind_spd":2.8,"timestamp_utc":"2022-06-08T08:45:00","snow_rate":0,"app_temp":19.3,"pres":998.65845,"azimuth":118.19,"dewpt":12,"uv":1.9,"elev_angle":47.34,"wind_dir":172,"weather":{"icon":"c04d","code":804,"description":"Overcast clouds"},"ghi":733.8,"dhi":109.34,"timestamp_local":"2022-06-08T10:45:00","solar_rad":179.01955,"vis":10,"dni":859.33,"temp":19.7,"slp":1008.25,"clouds":99,"ts":1654677900},{"precip_rate":0,"rh":59,"wind_spd":2.8,"timestamp_utc":"2022-06-08T09:00:00","snow_rate":0,"app_temp":19.6,"pres":998.4199,"azimuth":122.11,"dewpt":11.7,"uv":2,"elev_angle":49.43,"wind_dir":170,"weather":{"icon":"c04d","code":804,"description":"Overcast clouds"},"ghi":763.9,"dhi":111.17,"timestamp_local":"2022-06-08T11:00:00","solar_rad":184.18944,"vis":10,"dni":868.66,"temp":20,"slp":1008,"clouds":99,"ts":1654678800},{"precip_rate":0,"rh":57,"wind_spd":2.9,"timestamp_utc":"2022-06-08T09:15:00","snow_rate":0,"app_temp":19.8,"pres":998.1813,"azimuth":127.11,"dewpt":11.5,"uv":2.1,"elev_angle":51.14,"wind_dir":174,"weather":{"icon":"c04d","code":804,"description":"Overcast clouds"},"ghi":785.3,"dhi":112.35,"timestamp_local":"2022-06-08T11:15:00","solar_rad":187.92403,"vis":10,"dni":874.33,"temp":20.3,"slp":1007.75,"clouds":99,"ts":1654679700},{"precip_rate":0,"rh":54,"wind_spd":3,"timestamp_utc":"2022-06-08T09:30:00","snow_rate":0,"app_temp":20.1,"pres":997.9426,"azimuth":132.12,"dewpt":10.9,"uv":2.2,"elev_angle":52.85,"wind_dir":177,"weather":{"icon":"c04d","code":804,"description":"Overcast clouds"},"ghi":806.7,"dhi":113.53,"timestamp_local":"2022-06-08T11:30:00","solar_rad":192.19792,"vis":10,"dni":880.01,"temp":20.6,"slp":1007.5,"clouds":99,"ts":1654680600},{"precip_rate":0,"rh":52,"wind_spd":3.1,"timestamp_utc":"2022-06-08T09:45:00","snow_rate":0,"app_temp":20.3,"pres":997.704,"azimuth":137.12,"dewpt":10.6,"uv":2.4,"elev_angle":54.55,"wind_dir":180,"weather":{"icon":"c04d","code":804,"description":"Overcast clouds"},"ghi":828.1,"dhi":114.7,"timestamp_local":"2022-06-08T11:45:00","solar_rad":196.04716,"vis":10,"dni":885.68,"temp":20.8,"slp":1007.25,"clouds":99,"ts":1654681500},{"precip_rate":0,"rh":50,"wind_spd":3.2,"timestamp_utc":"2022-06-08T10:00:00","snow_rate":0,"app_temp":20.6,"pres":997.46533,"azimuth":142.12,"dewpt":10.3,"uv":2.5,"elev_angle":56.26,"wind_dir":184,"weather":{"icon":"c04d","code":804,"description":"Overcast clouds"},"ghi":849.5,"dhi":115.88,"timestamp_local":"2022-06-08T12:00:00","solar_rad":226.51422,"vis":10,"dni":891.35,"temp":21.1,"slp":1007,"clouds":99,"ts":1654682400},{"precip_rate":0,"rh":50,"wind_spd":3.4,"timestamp_utc":"2022-06-08T10:15:00","snow_rate":0,"app_temp":20.7,"pres":997.2207,"azimuth":148.45,"dewpt":10.4,"uv":2.5,"elev_angle":57.25,"wind_dir":184,"weather":{"icon":"c04d","code":804,"description":"Overcast clouds"},"ghi":860.3,"dhi":116.45,"timestamp_local":"2022-06-08T12:15:00","solar_rad":201.45074,"vis":10,"dni":893.99,"temp":21.2,"slp":1006.75,"clouds":99,"ts":1654683300},{"precip_rate":0,"rh":49,"wind_spd":3.6,"timestamp_utc":"2022-06-08T10:30:00","snow_rate":0,"app_temp":20.8,"pres":996.9761,"azimuth":154.79,"dewpt":10.2,"uv":2.5,"elev_angle":58.23,"wind_dir":183,"weather":{"icon":"c04d","code":804,"description":"Overcast clouds"},"ghi":871.2,"dhi":117.01,"timestamp_local":"2022-06-08T12:30:00","solar_rad":204.13,"vis":10,"dni":896.63,"temp":21.3,"slp":1006.5,"clouds":100,"ts":1654684200},{"precip_rate":0,"rh":48,"wind_spd":3.8,"timestamp_utc":"2022-06-08T10:45:00","snow_rate":0,"app_temp":20.8,"pres":996.7314,"azimuth":161.12,"dewpt":9.9,"uv":2.6,"elev_angle":59.22,"wind_dir":182,"weather":{"icon":"c04d","code":804,"description":"Overcast clouds"},"ghi":882.1,"dhi":117.58,"timestamp_local":"2022-06-08T12:45:00","solar_rad":205.79,"vis":10,"dni":899.26,"temp":21.4,"slp":1006.25,"clouds":100,"ts":1654685100},{"precip_rate":0,"rh":48,"wind_spd":4,"timestamp_utc":"2022-06-08T11:00:00","snow_rate":0,"app_temp":21,"pres":996.48676,"azimuth":167.45,"dewpt":10,"uv":2.6,"elev_angle":60.2,"wind_dir":182,"weather":{"icon":"c04d","code":804,"description":"Overcast clouds"},"ghi":892.9,"dhi":118.14,"timestamp_local":"2022-06-08T13:00:00","solar_rad":207.43001,"vis":10,"dni":901.9,"temp":21.5,"slp":1006,"clouds":100,"ts":1654686000},{"precip_rate":0,"rh":48,"wind_spd":4.2,"timestamp_utc":"2022-06-08T11:15:00","snow_rate":0,"app_temp":20.8,"pres":996.48376,"azimuth":174.43,"dewpt":9.9,"uv":2.6,"elev_angle":60.14,"wind_dir":186,"weather":{"icon":"c04d","code":804,"description":"Overcast clouds"},"ghi":892.3,"dhi":118.11,"timestamp_local":"2022-06-08T13:15:00","solar_rad":207.34,"vis":10,"dni":901.76,"temp":21.4,"slp":1006,"clouds":100,"ts":1654686900},{"precip_rate":0,"rh":49,"wind_spd":4.4,"timestamp_utc":"2022-06-08T11:30:00","snow_rate":0,"app_temp":20.8,"pres":996.4808,"azimuth":181.4,"dewpt":10.2,"uv":2.6,"elev_angle":60.09,"wind_dir":189,"weather":{"icon":"c04d","code":804,"description":"Overcast clouds"},"ghi":891.7,"dhi":118.08,"timestamp_local":"2022-06-08T13:30:00","solar_rad":207.25,"vis":10,"dni":901.62,"temp":21.3,"slp":1006,"clouds":100,"ts":1654687800},{"precip_rate":0,"rh":50,"wind_spd":4.6,"timestamp_utc":"2022-06-08T11:45:00","snow_rate":0,"app_temp":20.7,"pres":996.4778,"azimuth":188.38,"dewpt":10.4,"uv":2.6,"elev_angle":60.03,"wind_dir":192,"weather":{"icon":"c04d","code":804,"description":"Overcast clouds"},"ghi":891.2,"dhi":118.05,"timestamp_local":"2022-06-08T13:45:00","solar_rad":179.18466,"vis":10,"dni":901.48,"temp":21.2,"slp":1006,"clouds":100,"ts":1654688700},{"precip_rate":0,"rh":50,"wind_spd":4.8,"timestamp_utc":"2022-06-08T12:00:00","snow_rate":0,"app_temp":20.6,"pres":996.4748,"azimuth":195.35,"dewpt":10.3,"uv":2.6,"elev_angle":59.97,"wind_dir":196,"weather":{"icon":"c04d","code":804,"description":"Overcast clouds"},"ghi":890.6,"dhi":118.02,"timestamp_local":"2022-06-08T14:00:00","solar_rad":207.08,"vis":10,"dni":901.34,"temp":21.1,"slp":1006,"clouds":100,"ts":1654689600},{"precip_rate":0,"rh":50,"wind_spd":4.9,"timestamp_utc":"2022-06-08T12:15:00","snow_rate":0,"app_temp":20.6,"pres":996.4748,"azimuth":201.56,"dewpt":10.3,"uv":2.6,"elev_angle":58.9,"wind_dir":202,"weather":{"icon":"c04d","code":804,"description":"Overcast clouds"},"ghi":878.6,"dhi":117.39,"timestamp_local":"2022-06-08T14:15:00","solar_rad":205.25,"vis":10,"dni":898.42,"temp":21.1,"slp":1006,"clouds":100,"ts":1654690500},{"precip_rate":0,"rh":50,"wind_spd":5,"timestamp_utc":"2022-06-08T12:30:00","snow_rate":0,"app_temp":20.6,"pres":996.4748,"azimuth":207.77,"dewpt":10.3,"uv":2.5,"elev_angle":57.82,"wind_dir":208,"weather":{"icon":"c04d","code":804,"description":"Overcast clouds"},"ghi":866.6,"dhi":116.77,"timestamp_local":"2022-06-08T14:30:00","solar_rad":203.43001,"vis":10,"dni":895.5,"temp":21.1,"slp":1006,"clouds":100,"ts":1654691400},{"precip_rate":0,"rh":50,"wind_spd":5.1,"timestamp_utc":"2022-06-08T12:45:00","snow_rate":0,"app_temp":20.6,"pres":996.4748,"azimuth":213.97,"dewpt":10.3,"uv":2.4,"elev_angle":56.75,"wind_dir":214,"weather":{"icon":"c04d","code":804,"description":"Overcast clouds"},"ghi":854.7,"dhi":116.14,"timestamp_local":"2022-06-08T14:45:00","solar_rad":201.61,"vis":10,"dni":892.57,"temp":21.1,"slp":1006,"clouds":100,"ts":1654692300},{"precip_rate":0,"rh":50,"wind_spd":5.2,"timestamp_utc":"2022-06-08T13:00:00","snow_rate":0,"app_temp":20.6,"pres":996.4748,"azimuth":220.18,"dewpt":10.3,"uv":2.4,"elev_angle":55.67,"wind_dir":220,"weather":{"icon":"c04d","code":804,"description":"Overcast clouds"},"ghi":842.7,"dhi":115.51,"timestamp_local":"2022-06-08T15:00:00","solar_rad":199.78,"vis":10,"dni":889.65,"temp":21.1,"slp":1006,"clouds":100,"ts":1654693200},{"precip_rate":0,"rh":53,"wind_spd":4.8,"timestamp_utc":"2022-06-08T13:15:00","snow_rate":0,"app_temp":20.2,"pres":996.45984,"azimuth":225.06,"dewpt":10.7,"uv":2.3,"elev_angle":53.91,"wind_dir":220,"weather":{"icon":"c04d","code":804,"description":"Overcast clouds"},"ghi":820.3,"dhi":114.27,"timestamp_local":"2022-06-08T15:15:00","solar_rad":169.81479,"vis":10,"dni":883.65,"temp":20.6,"slp":1006,"clouds":100,"ts":1654694100},{"precip_rate":0,"rh":56,"wind_spd":4.4,"timestamp_utc":"2022-06-08T13:30:00","snow_rate":0,"app_temp":19.7,"pres":996.4448,"azimuth":229.93,"dewpt":11.1,"uv":2.2,"elev_angle":52.16,"wind_dir":221,"weather":{"icon":"c04d","code":804,"description":"Overcast clouds"},"ghi":798,"dhi":113.03,"timestamp_local":"2022-06-08T15:30:00","solar_rad":166.30588,"vis":10,"dni":877.64,"temp":20.2,"slp":1006,"clouds":100,"ts":1654695000},{"precip_rate":0.25,"rh":59,"wind_spd":4,"timestamp_utc":"2022-06-08T13:45:00","snow_rate":0,"app_temp":19.3,"pres":996.4298,"azimuth":234.81,"dewpt":11.5,"uv":2,"elev_angle":50.4,"wind_dir":222,"weather":{"icon":"c04d","code":804,"description":"Overcast clouds"},"ghi":775.6,"dhi":111.79,"timestamp_local":"2022-06-08T15:45:00","solar_rad":162.88744,"vis":9,"dni":871.64,"temp":19.8,"slp":1006,"clouds":100,"ts":1654695900},{"precip_rate":0.5,"rh":62,"wind_spd":3.6,"timestamp_utc":"2022-06-08T14:00:00","snow_rate":0,"app_temp":18.9,"pres":996.41486,"azimuth":239.68,"dewpt":11.8,"uv":1.9,"elev_angle":48.64,"wind_dir":222,"weather":{"icon":"c04d","code":804,"description":"Overcast clouds"},"ghi":753.3,"dhi":110.55,"timestamp_local":"2022-06-08T16:00:00","solar_rad":159.56595,"vis":10,"dni":865.63,"temp":19.3,"slp":1006,"clouds":100,"ts":1654696800},{"precip_rate":0.5,"rh":65,"wind_spd":3.4,"timestamp_utc":"2022-06-08T14:15:00","snow_rate":0,"app_temp":18.6,"pres":996.4027,"azimuth":243.52,"dewpt":12.2,"uv":1.8,"elev_angle":46.53,"wind_dir":222,"weather":{"icon":"c04d","code":804,"description":"Overcast clouds"},"ghi":722.4,"dhi":108.66,"timestamp_local":"2022-06-08T16:15:00","solar_rad":155.00139,"vis":10,"dni":855.88,"temp":18.9,"slp":1006,"clouds":100,"ts":1654697700},{"precip_rate":0.5,"rh":68,"wind_spd":3.2,"timestamp_utc":"2022-06-08T14:30:00","snow_rate":0,"app_temp":18.2,"pres":996.3906,"azimuth":247.36,"dewpt":12.5,"uv":1.7,"elev_angle":44.41,"wind_dir":221,"weather":{"icon":"c04d","code":804,"description":"Overcast clouds"},"ghi":691.5,"dhi":106.76,"timestamp_local":"2022-06-08T16:30:00","solar_rad":150.5195,"vis":10,"dni":846.14,"temp":18.6,"slp":1006,"clouds":100,"ts":1654698600},{"precip_rate":1.25,"rh":72,"wind_spd":3,"timestamp_utc":"2022-06-08T14:45:00","snow_rate":0,"app_temp":18.2,"pres":996.3785,"azimuth":251.2,"dewpt":13,"uv":1.6,"elev_angle":42.3,"wind_dir":220,"weather":{"icon":"r01d","code":500,"description":"Light rain"},"ghi":660.7,"dhi":104.87,"timestamp_local":"2022-06-08T16:45:00","solar_rad":132.68195,"vis":10,"dni":836.39,"temp":18.2,"slp":1006,"clouds":100,"ts":1654699500},{"precip_rate":2,"rh":75,"wind_spd":2.8,"timestamp_utc":"2022-06-08T15:00:00","snow_rate":0,"app_temp":17.8,"pres":996.36633,"azimuth":255.04,"dewpt":13.3,"uv":1.5,"elev_angle":40.18,"wind_dir":220,"weather":{"icon":"r01d","code":500,"description":"Light rain"},"ghi":629.8,"dhi":102.97,"timestamp_local":"2022-06-08T17:00:00","solar_rad":120.90388,"vis":10,"dni":826.64,"temp":17.8,"slp":1006,"clouds":100,"ts":1654700400},{"precip_rate":2.5,"rh":78,"wind_spd":2.7,"timestamp_utc":"2022-06-08T15:15:00","snow_rate":0,"app_temp":17.5,"pres":996.3572,"azimuth":258.26,"dewpt":13.6,"uv":1.3,"elev_angle":37.91,"wind_dir":220,"weather":{"icon":"r01d","code":500,"description":"Light rain"},"ghi":593.1,"dhi":100.35,"timestamp_local":"2022-06-08T17:15:00","solar_rad":110.97492,"vis":10,"dni":811.87,"temp":17.5,"slp":1006,"clouds":100,"ts":1654701300},{"precip_rate":3,"rh":81,"wind_spd":2.6,"timestamp_utc":"2022-06-08T15:30:00","snow_rate":0,"app_temp":17.3,"pres":996.34796,"azimuth":261.47,"dewpt":14,"uv":1.2,"elev_angle":35.65,"wind_dir":219,"weather":{"icon":"r01d","code":500,"description":"Light rain"},"ghi":556.4,"dhi":97.72,"timestamp_local":"2022-06-08T17:30:00","solar_rad":101.38708,"vis":10,"dni":797.11,"temp":17.3,"slp":1006,"clouds":100,"ts":1654702200},{"precip_rate":3.75,"rh":84,"wind_spd":2.5,"timestamp_utc":"2022-06-08T15:45:00","snow_rate":0,"app_temp":17,"pres":996.33875,"azimuth":264.69,"dewpt":14.3,"uv":1.1,"elev_angle":33.38,"wind_dir":218,"weather":{"icon":"r01d","code":500,"description":"Light rain"},"ghi":519.6,"dhi":95.1,"timestamp_local":"2022-06-08T17:45:00","solar_rad":89.766136,"vis":10,"dni":782.34,"temp":17,"slp":1006,"clouds":100,"ts":1654703100},{"precip_rate":4.5,"rh":87,"wind_spd":2.4,"timestamp_utc":"2022-06-08T16:00:00","snow_rate":0,"app_temp":16.7,"pres":996.3296,"azimuth":267.9,"dewpt":14.5,"uv":1,"elev_angle":31.11,"wind_dir":218,"weather":{"icon":"r02d","code":501,"description":"Moderate rain"},"ghi":482.9,"dhi":92.47,"timestamp_local":"2022-06-08T18:00:00","solar_rad":78.61539,"vis":10,"dni":767.57,"temp":16.7,"slp":1006,"clouds":100,"ts":1654704000},{"precip_rate":3.75,"rh":89,"wind_spd":2.5,"timestamp_utc":"2022-06-08T16:15:00","snow_rate":0,"app_temp":16.3,"pres":996.31726,"azimuth":270.8,"dewpt":14.5,"uv":0.9,"elev_angle":28.83,"wind_dir":216,"weather":{"icon":"r01d","code":500,"description":"Light rain"},"ghi":443.6,"dhi":88.97,"timestamp_local":"2022-06-08T18:15:00","solar_rad":81.04934,"vis":10,"dni":745.28,"temp":16.3,"slp":1006,"clouds":100,"ts":1654704900},{"precip_rate":3,"rh":91,"wind_spd":2.6,"timestamp_utc":"2022-06-08T16:30:00","snow_rate":0,"app_temp":16,"pres":996.30493,"azimuth":273.7,"dewpt":14.5,"uv":0.9,"elev_angle":26.54,"wind_dir":214,"weather":{"icon":"r01d","code":500,"description":"Light rain"},"ghi":404.4,"dhi":85.48,"timestamp_local":"2022-06-08T18:30:00","solar_rad":82.98056,"vis":10,"dni":723,"temp":16,"slp":1006,"clouds":100,"ts":1654705800},{"precip_rate":2.5,"rh":93,"wind_spd":2.7,"timestamp_utc":"2022-06-08T16:45:00","snow_rate":0,"app_temp":15.6,"pres":996.29254,"azimuth":276.59,"dewpt":14.4,"uv":0.8,"elev_angle":24.26,"wind_dir":212,"weather":{"icon":"r01d","code":500,"description":"Light rain"},"ghi":365.1,"dhi":81.98,"timestamp_local":"2022-06-08T18:45:00","solar_rad":82.331604,"vis":10,"dni":700.71,"temp":15.6,"slp":1006,"clouds":100,"ts":1654706700},{"precip_rate":2,"rh":95,"wind_spd":2.8,"timestamp_utc":"2022-06-08T17:00:00","snow_rate":0,"app_temp":15.2,"pres":996.2802,"azimuth":279.49,"dewpt":14.4,"uv":0.7,"elev_angle":21.97,"wind_dir":210,"weather":{"icon":"r01d","code":500,"description":"Light rain"},"ghi":325.8,"dhi":78.48,"timestamp_local":"2022-06-08T19:00:00","solar_rad":81.336296,"vis":10,"dni":678.42,"temp":15.2,"slp":1006,"clouds":100,"ts":1654707600},{"precip_rate":1.75,"rh":96,"wind_spd":2.6,"timestamp_utc":"2022-06-08T17:15:00","snow_rate":0,"app_temp":15,"pres":996.52155,"azimuth":282.27,"dewpt":14.4,"uv":0.7,"elev_angle":19.76,"wind_dir":212,"weather":{"icon":"r01d","code":500,"description":"Light rain"},"ghi":287.9,"dhi":73.82,"timestamp_local":"2022-06-08T19:15:00","solar_rad":77.25696,"vis":10,"dni":643.07,"temp":15,"slp":1006.25,"clouds":100,"ts":1654708500},{"precip_rate":1.5,"rh":96,"wind_spd":2.4,"timestamp_utc":"2022-06-08T17:30:00","snow_rate":0,"app_temp":14.8,"pres":996.76294,"azimuth":285.06,"dewpt":14.2,"uv":0.6,"elev_angle":17.55,"wind_dir":214,"weather":{"icon":"r01d","code":500,"description":"Light rain"},"ghi":250,"dhi":69.15,"timestamp_local":"2022-06-08T19:30:00","solar_rad":73.044044,"vis":10,"dni":607.73,"temp":14.8,"slp":1006.5,"clouds":100,"ts":1654709400},{"precip_rate":1.75,"rh":97,"wind_spd":2.2,"timestamp_utc":"2022-06-08T17:45:00","snow_rate":0,"app_temp":14.6,"pres":997.0043,"azimuth":287.84,"dewpt":14.1,"uv":0.6,"elev_angle":15.33,"wind_dir":216,"weather":{"icon":"r01d","code":500,"description":"Light rain"},"ghi":212.1,"dhi":64.49,"timestamp_local":"2022-06-08T19:45:00","solar_rad":65.24805,"vis":10,"dni":572.38,"temp":14.6,"slp":1006.75,"clouds":100,"ts":1654710300},{"precip_rate":2,"rh":98,"wind_spd":2,"timestamp_utc":"2022-06-08T18:00:00","snow_rate":0,"app_temp":14.4,"pres":997.2456,"azimuth":290.62,"dewpt":14.1,"uv":0.6,"elev_angle":13.12,"wind_dir":218,"weather":{"icon":"r01d","code":500,"description":"Light rain"},"ghi":174.2,"dhi":59.82,"timestamp_local":"2022-06-08T20:00:00","solar_rad":57.672485,"vis":10,"dni":537.03,"temp":14.4,"slp":1007,"clouds":100,"ts":1654711200},{"precip_rate":2,"rh":98,"wind_spd":2,"timestamp_utc":"2022-06-08T18:15:00","snow_rate":0,"app_temp":14.3,"pres":996.9949,"azimuth":293.43,"dewpt":14,"uv":0.6,"elev_angle":11.07,"wind_dir":218,"weather":{"icon":"r01d","code":500,"description":"Light rain"},"ghi":142.7,"dhi":53.15,"timestamp_local":"2022-06-08T20:15:00","solar_rad":50.535835,"vis":10,"dni":473.11,"temp":14.3,"slp":1006.75,"clouds":100,"ts":1654712100},{"precip_rate":2,"rh":98,"wind_spd":2,"timestamp_utc":"2022-06-08T18:30:00","snow_rate":0,"app_temp":14.3,"pres":996.7442,"azimuth":296.24,"dewpt":13.9,"uv":0.6,"elev_angle":9.01,"wind_dir":219,"weather":{"icon":"r01d","code":500,"description":"Light rain"},"ghi":111.1,"dhi":46.48,"timestamp_local":"2022-06-08T20:30:00","solar_rad":43.38096,"vis":10,"dni":409.19,"temp":14.3,"slp":1006.5,"clouds":100,"ts":1654713000},{"precip_rate":1.75,"rh":98,"wind_spd":2,"timestamp_utc":"2022-06-08T18:45:00","snow_rate":0,"app_temp":14.2,"pres":996.4935,"azimuth":299.05,"dewpt":13.9,"uv":0.6,"elev_angle":6.96,"wind_dir":220,"weather":{"icon":"r01d","code":500,"description":"Light rain"},"ghi":79.6,"dhi":39.8,"timestamp_local":"2022-06-08T20:45:00","solar_rad":37.20727,"vis":10,"dni":345.27,"temp":14.2,"slp":1006.25,"clouds":100,"ts":1654713900},{"precip_rate":1.5,"rh":98,"wind_spd":2,"timestamp_utc":"2022-06-08T19:00:00","snow_rate":0,"app_temp":14.1,"pres":996.2428,"azimuth":301.86,"dewpt":13.8,"uv":0.5,"elev_angle":4.9,"wind_dir":220,"weather":{"icon":"r01n","code":500,"description":"Light rain"},"ghi":48.1,"dhi":33.13,"timestamp_local":"2022-06-08T21:00:00","solar_rad":30.696007,"vis":10,"dni":281.35,"temp":14.1,"slp":1006,"clouds":100,"ts":1654714800},{"precip_rate":1.25,"rh":98,"wind_spd":2.1,"timestamp_utc":"2022-06-08T19:15:00","snow_rate":0,"app_temp":14.1,"pres":996.49036,"azimuth":304.8,"dewpt":13.8,"uv":0.5,"elev_angle":3.09,"wind_dir":222,"weather":{"icon":"r01n","code":500,"description":"Light rain"},"ghi":36.1,"dhi":24.85,"timestamp_local":"2022-06-08T21:15:00","solar_rad":23.646887,"vis":10,"dni":211.01,"temp":14.1,"slp":1006.25,"clouds":100,"ts":1654715700},{"precip_rate":1,"rh":98,"wind_spd":2.2,"timestamp_utc":"2022-06-08T19:30:00","snow_rate":0,"app_temp":14.1,"pres":996.7379,"azimuth":307.75,"dewpt":13.8,"uv":0.5,"elev_angle":1.28,"wind_dir":225,"weather":{"icon":"r01n","code":500,"description":"Light rain"},"ghi":24.1,"dhi":16.57,"timestamp_local":"2022-06-08T21:30:00","solar_rad":17.840767,"vis":10,"dni":140.68,"temp":14.1,"slp":1006.5,"clouds":100,"ts":1654716600},{"precip_rate":1,"rh":98,"wind_spd":2.3,"timestamp_utc":"2022-06-08T19:45:00","snow_rate":0,"app_temp":14.1,"pres":996.98553,"azimuth":310.69,"dewpt":13.8,"uv":0,"elev_angle":-0.54,"wind_dir":228,"weather":{"icon":"r01n","code":500,"description":"Light rain"},"ghi":12,"dhi":8.28,"timestamp_local":"2022-06-08T21:45:00","solar_rad":8.91237,"vis":10,"dni":70.34,"temp":14.1,"slp":1006.75,"clouds":100,"ts":1654717500},{"precip_rate":1,"rh":98,"wind_spd":2.4,"timestamp_utc":"2022-06-08T20:00:00","snow_rate":0,"app_temp":14.1,"pres":997.2331,"azimuth":313.63,"dewpt":13.8,"uv":0,"elev_angle":-2.35,"wind_dir":230,"weather":{"icon":"r01n","code":500,"description":"Light rain"},"ghi":0,"dhi":0,"timestamp_local":"2022-06-08T22:00:00","solar_rad":0,"vis":10,"dni":0,"temp":14.1,"slp":1007,"clouds":100,"ts":1654718400},{"precip_rate":0.75,"rh":98,"wind_spd":2.5,"timestamp_utc":"2022-06-08T20:15:00","snow_rate":0,"app_temp":14.1,"pres":997.2331,"azimuth":316.76,"dewpt":13.8,"uv":0,"elev_angle":-3.83,"wind_dir":230,"weather":{"icon":"r01n","code":500,"description":"Light rain"},"ghi":0,"dhi":0,"timestamp_local":"2022-06-08T22:15:00","solar_rad":0,"vis":10,"dni":0,"temp":14.1,"slp":1007,"clouds":100,"ts":1654719300},{"precip_rate":0.5,"rh":98,"wind_spd":2.6,"timestamp_utc":"2022-06-08T20:30:00","snow_rate":0,"app_temp":14.1,"pres":997.2331,"azimuth":319.9,"dewpt":13.8,"uv":0,"elev_angle":-5.31,"wind_dir":230,"weather":{"icon":"c04n","code":804,"description":"Overcast clouds"},"ghi":0,"dhi":0,"timestamp_local":"2022-06-08T22:30:00","solar_rad":0,"vis":10,"dni":0,"temp":14.1,"slp":1007,"clouds":100,"ts":1654720200},{"precip_rate":0.5,"rh":98,"wind_spd":2.7,"timestamp_utc":"2022-06-08T20:45:00","snow_rate":0,"app_temp":14.1,"pres":997.2331,"azimuth":323.03,"dewpt":13.8,"uv":0,"elev_angle":-6.78,"wind_dir":230,"weather":{"icon":"c04n","code":804,"description":"Overcast clouds"},"ghi":0,"dhi":0,"timestamp_local":"2022-06-08T22:45:00","solar_rad":0,"vis":10,"dni":0,"temp":14.1,"slp":1007,"clouds":100,"ts":1654721100},{"precip_rate":0.5,"rh":98,"wind_spd":2.8,"timestamp_utc":"2022-06-08T21:00:00","snow_rate":0,"app_temp":14.1,"pres":997.2331,"azimuth":326.16,"dewpt":13.8,"uv":0,"elev_angle":-8.26,"wind_dir":230,"weather":{"icon":"c04n","code":804,"description":"Overcast clouds"},"ghi":0,"dhi":0,"timestamp_local":"2022-06-08T23:00:00","solar_rad":0,"vis":10,"dni":0,"temp":14.1,"slp":1007,"clouds":100,"ts":1654722000},{"precip_rate":0.75,"rh":98,"wind_spd":2.8,"timestamp_utc":"2022-06-08T21:15:00","snow_rate":0,"app_temp":14,"pres":997.23,"azimuth":329.51,"dewpt":13.7,"uv":0,"elev_angle":-9.31,"wind_dir":231,"weather":{"icon":"r01n","code":500,"description":"Light rain"},"ghi":0,"dhi":0,"timestamp_local":"2022-06-08T23:15:00","solar_rad":0,"vis":10,"dni":0,"temp":14,"slp":1007,"clouds":100,"ts":1654722900},{"precip_rate":1,"rh":98,"wind_spd":2.8,"timestamp_utc":"2022-06-08T21:30:00","snow_rate":0,"app_temp":13.9,"pres":997.2268,"azimuth":332.85,"dewpt":13.6,"uv":0,"elev_angle":-10.36,"wind_dir":232,"weather":{"icon":"r01n","code":500,"description":"Light rain"},"ghi":0,"dhi":0,"timestamp_local":"2022-06-08T23:30:00","solar_rad":0,"vis":10,"dni":0,"temp":13.9,"slp":1007,"clouds":100,"ts":1654723800},{"precip_rate":0.75,"rh":98,"wind_spd":2.8,"timestamp_utc":"2022-06-08T21:45:00","snow_rate":0,"app_temp":13.8,"pres":997.2237,"azimuth":336.2,"dewpt":13.5,"uv":0,"elev_angle":-11.4,"wind_dir":233,"weather":{"icon":"r01n","code":500,"description":"Light rain"},"ghi":0,"dhi":0,"timestamp_local":"2022-06-08T23:45:00","solar_rad":0,"vis":10,"dni":0,"temp":13.8,"slp":1007,"clouds":100,"ts":1654724700},{"precip_rate":0.5,"rh":98,"wind_spd":2.8,"timestamp_utc":"2022-06-08T22:00:00","snow_rate":0,"app_temp":13.7,"pres":997.2206,"azimuth":339.54,"dewpt":13.4,"uv":0,"elev_angle":-12.45,"wind_dir":234,"weather":{"icon":"c04n","code":804,"description":"Overcast clouds"},"ghi":0,"dhi":0,"timestamp_local":"2022-06-09T00:00:00","solar_rad":0,"vis":10,"dni":0,"temp":13.7,"slp":1007,"clouds":100,"ts":1654725600},{"precip_rate":0.75,"rh":97,"wind_spd":3.2,"timestamp_utc":"2022-06-08T22:15:00","snow_rate":0,"app_temp":13.8,"pres":997.2237,"azimuth":343.05,"dewpt":13.3,"uv":0,"elev_angle":-12.98,"wind_dir":236,"weather":{"icon":"r01n","code":500,"description":"Light rain"},"ghi":0,"dhi":0,"timestamp_local":"2022-06-09T00:15:00","solar_rad":0,"vis":10,"dni":0,"temp":13.8,"slp":1007,"clouds":100,"ts":1654726500},{"precip_rate":1,"rh":96,"wind_spd":3.6,"timestamp_utc":"2022-06-08T22:30:00","snow_rate":0,"app_temp":13.9,"pres":997.2268,"azimuth":346.56,"dewpt":13.3,"uv":0,"elev_angle":-13.52,"wind_dir":238,"weather":{"icon":"r01n","code":500,"description":"Light rain"},"ghi":0,"dhi":0,"timestamp_local":"2022-06-09T00:30:00","solar_rad":0,"vis":10,"dni":0,"temp":13.9,"slp":1007,"clouds":100,"ts":1654727400},{"precip_rate":0.75,"rh":96,"wind_spd":4,"timestamp_utc":"2022-06-08T22:45:00","snow_rate":0,"app_temp":14,"pres":997.23,"azimuth":350.06,"dewpt":13.4,"uv":0,"elev_angle":-14.05,"wind_dir":240,"weather":{"icon":"r01n","code":500,"description":"Light rain"},"ghi":0,"dhi":0,"timestamp_local":"2022-06-09T00:45:00","solar_rad":0,"vis":10,"dni":0,"temp":14,"slp":1007,"clouds":99,"ts":1654728300},{"precip_rate":0.5,"rh":95,"wind_spd":4.4,"timestamp_utc":"2022-06-08T23:00:00","snow_rate":0,"app_temp":14.1,"pres":997.2331,"azimuth":353.57,"dewpt":13.3,"uv":0,"elev_angle":-14.58,"wind_dir":242,"weather":{"icon":"c04n","code":804,"description":"Overcast clouds"},"ghi":0,"dhi":0,"timestamp_local":"2022-06-09T01:00:00","solar_rad":0,"vis":10,"dni":0,"temp":14.1,"slp":1007,"clouds":99,"ts":1654729200},{"precip_rate":0.5,"rh":96,"wind_spd":4.4,"timestamp_utc":"2022-06-08T23:15:00","snow_rate":0,"app_temp":14,"pres":997.23,"azimuth":267.14,"dewpt":13.4,"uv":0,"elev_angle":-14.55,"wind_dir":242,"weather":{"icon":"c04n","code":804,"description":"Overcast clouds"},"ghi":0,"dhi":0,"timestamp_local":"2022-06-09T01:15:00","solar_rad":0,"vis":10,"dni":0,"temp":14,"slp":1007,"clouds":99,"ts":1654730100},{"precip_rate":0.5,"rh":96,"wind_spd":4.4,"timestamp_utc":"2022-06-08T23:30:00","snow_rate":0,"app_temp":13.9,"pres":997.2268,"azimuth":180.71,"dewpt":13.3,"uv":0,"elev_angle":-14.52,"wind_dir":241,"weather":{"icon":"c04n","code":804,"description":"Overcast clouds"},"ghi":0,"dhi":0,"timestamp_local":"2022-06-09T01:30:00","solar_rad":0,"vis":10,"dni":0,"temp":13.9,"slp":1007,"clouds":99,"ts":1654731000},{"precip_rate":0.25,"rh":97,"wind_spd":4.4,"timestamp_utc":"2022-06-08T23:45:00","snow_rate":0,"app_temp":13.8,"pres":997.2237,"azimuth":94.27,"dewpt":13.3,"uv":0,"elev_angle":-14.49,"wind_dir":240,"weather":{"icon":"c04n","code":804,"description":"Overcast clouds"},"ghi":0,"dhi":0,"timestamp_local":"2022-06-09T01:45:00","solar_rad":0,"vis":10,"dni":0,"temp":13.8,"slp":1007,"clouds":99,"ts":1654731900}],"sources":["103150-99999","imerg","merra2","era5","modis"],"city_id":"2856883"}
