{"timezone":"Europe\/Berlin","state_code":"06","country_code":"DE","lat":52.2833,"lon":8,"city_name":"Osnabr�ck","station_id":"103150-99999","data":[{"precip_rate":0,"rh":86,"wind_spd":2,"timestamp_utc":"2022-06-12T00:00:00","snow_rate":0,"app_temp":13,"pres":1012.0494,"azimuth":7.67,"dewpt":10.7,"uv":0,"elev_angle":-14.26,"wind_dir":322,"weather":{"icon":"c02n","code":802,"description":"Scattered clouds"},"ghi":0,"dhi":0,"timestamp_local":"2022-06-12T02:00:00","solar_rad":0,"vis":10,"dni":0,"temp":13,"slp":1022,"clouds":27,"ts":1654992000},{"precip_rate":0,"rh":86,"wind_spd":2,"timestamp_utc":"2022-06-12T00:15:00","snow_rate":0,"app_temp":12.7,"pres":1012.03973,"azimuth":11.16,"dewpt":10.4,"uv":0,"elev_angle":-13.68,"wind_dir":322,"weather":{"icon":"c02n","code":802,"description":"Scattered clouds"},"ghi":0,"dhi":0,"timestamp_local":"2022-06-12T02:15:00","solar_rad":0,"vis":10,"dni":0,"temp":12.7,"slp":1022,"clouds":26,"ts":1654992900},{"precip_rate":0,"rh":87,"wind_spd":2,"timestamp_utc":"2022-06-12T00:30:00","snow_rate":0,"app_temp":12.4,"pres":1012.0301,"azimuth":14.65,"dewpt":10.3,"uv":0,"elev_angle":-13.1,"wind_dir":322,"weather":{"icon":"c02n","code":802,"description":"Scattered clouds"},"ghi":0,"dhi":0,"timestamp_local":"2022-06-12T02:30:00","solar_rad":0,"vis":10,"dni":0,"temp":12.4,"slp":1022,"clouds":25,"ts":1654993800},{"precip_rate":0,"rh":88,"wind_spd":2,"timestamp_utc":"2022-06-12T00:45:00","snow_rate":0,"app_temp":12.2,"pres":1012.02045,"azimuth":18.13,"dewpt":10.2,"uv":0,"elev_angle":-12.52,"wind_dir":322,"weather":{"icon":"c02n","code":802,"description":"Scattered clouds"},"ghi":0,"dhi":0,"timestamp_local":"2022-06-12T02:45:00","solar_rad":0,"vis":10,"dni":0,"temp":12.2,"slp":1022,"clouds":24,"ts":1654994700},{"precip_rate":0,"rh":88,"wind_spd":2,"timestamp_utc":"2022-06-12T01:00:00","snow_rate":0,"app_temp":11.9,"pres":1012.0108,"azimuth":21.62,"dewpt":10,"uv":0,"elev_angle":-11.94,"wind_dir":322,"weather":{"icon":"c02n","code":802,"description":"Scattered clouds"},"ghi":0,"dhi":0,"timestamp_local":"2022-06-12T03:00:00","solar_rad":0,"vis":10,"dni":0,"temp":11.9,"slp":1022,"clouds":23,"ts":1654995600},{"precip_rate":0,"rh":88,"wind_spd":1.8,"timestamp_utc":"2022-06-12T01:15:00","snow_rate":0,"app_temp":11.8,"pres":1012.00757,"azimuth":24.94,"dewpt":9.9,"uv":0,"elev_angle":-10.85,"wind_dir":322,"weather":{"icon":"c02n","code":802,"description":"Scattered clouds"},"ghi":0,"dhi":0,"timestamp_local":"2022-06-12T03:15:00","solar_rad":0,"vis":10,"dni":0,"temp":11.8,"slp":1022,"clouds":33,"ts":1654996500},{"precip_rate":0,"rh":88,"wind_spd":1.6,"timestamp_utc":"2022-06-12T01:30:00","snow_rate":0,"app_temp":11.7,"pres":1012.00433,"azimuth":28.26,"dewpt":9.8,"uv":0,"elev_angle":-9.77,"wind_dir":322,"weather":{"icon":"c03n","code":803,"description":"Broken clouds"},"ghi":0,"dhi":0,"timestamp_local":"2022-06-12T03:30:00","solar_rad":0,"vis":10,"dni":0,"temp":11.7,"slp":1022,"clouds":42,"ts":1654997400},{"precip_rate":0,"rh":88,"wind_spd":1.4,"timestamp_utc":"2022-06-12T01:45:00","snow_rate":0,"app_temp":11.6,"pres":1012.0011,"azimuth":31.58,"dewpt":9.7,"uv":0,"elev_angle":-8.68,"wind_dir":322,"weather":{"icon":"c03n","code":803,"description":"Broken clouds"},"ghi":0,"dhi":0,"timestamp_local":"2022-06-12T03:45:00","solar_rad":0,"vis":10,"dni":0,"temp":11.6,"slp":1022,"clouds":52,"ts":1654998300},{"precip_rate":0,"rh":88,"wind_spd":1.2,"timestamp_utc":"2022-06-12T02:00:00","snow_rate":0,"app_temp":11.5,"pres":1011.99786,"azimuth":34.9,"dewpt":9.6,"uv":0,"elev_angle":-7.59,"wind_dir":322,"weather":{"icon":"c03n","code":803,"description":"Broken clouds"},"ghi":0,"dhi":0,"timestamp_local":"2022-06-12T04:00:00","solar_rad":0,"vis":10,"dni":0,"temp":11.5,"slp":1022,"clouds":62,"ts":1654999200},{"precip_rate":0,"rh":89,"wind_spd":1.1,"timestamp_utc":"2022-06-12T02:15:00","snow_rate":0,"app_temp":11.2,"pres":1011.9881,"azimuth":38.01,"dewpt":9.5,"uv":0,"elev_angle":-6.08,"wind_dir":291,"weather":{"icon":"c03n","code":803,"description":"Broken clouds"},"ghi":0,"dhi":0,"timestamp_local":"2022-06-12T04:15:00","solar_rad":0,"vis":10,"dni":0,"temp":11.2,"slp":1022,"clouds":66,"ts":1655000100},{"precip_rate":0,"rh":90,"wind_spd":1,"timestamp_utc":"2022-06-12T02:30:00","snow_rate":0,"app_temp":10.9,"pres":1011.9784,"azimuth":41.12,"dewpt":9.4,"uv":0,"elev_angle":-4.57,"wind_dir":260,"weather":{"icon":"c03n","code":803,"description":"Broken clouds"},"ghi":0,"dhi":0,"timestamp_local":"2022-06-12T04:30:00","solar_rad":0,"vis":10,"dni":0,"temp":10.9,"slp":1022,"clouds":69,"ts":1655001000},{"precip_rate":0,"rh":90,"wind_spd":0.9,"timestamp_utc":"2022-06-12T02:45:00","snow_rate":0,"app_temp":10.7,"pres":1011.9686,"azimuth":44.22,"dewpt":9.1,"uv":0,"elev_angle":-3.06,"wind_dir":229,"weather":{"icon":"c04n","code":804,"description":"Overcast clouds"},"ghi":0,"dhi":0,"timestamp_local":"2022-06-12T04:45:00","solar_rad":0,"vis":10,"dni":0,"temp":10.7,"slp":1022,"clouds":72,"ts":1655001900},{"precip_rate":0,"rh":91,"wind_spd":0.8,"timestamp_utc":"2022-06-12T03:00:00","snow_rate":0,"app_temp":10.4,"pres":1011.95886,"azimuth":47.33,"dewpt":9,"uv":0,"elev_angle":-1.55,"wind_dir":198,"weather":{"icon":"c04n","code":804,"description":"Overcast clouds"},"ghi":0,"dhi":0,"timestamp_local":"2022-06-12T05:00:00","solar_rad":0,"vis":10,"dni":0,"temp":10.4,"slp":1022,"clouds":76,"ts":1655002800},{"precip_rate":0,"rh":91,"wind_spd":0.8,"timestamp_utc":"2022-06-12T03:15:00","snow_rate":0,"app_temp":10.4,"pres":1011.95886,"azimuth":50.25,"dewpt":9,"uv":1,"elev_angle":0.29,"wind_dir":202,"weather":{"icon":"c03n","code":803,"description":"Broken clouds"},"ghi":15.1,"dhi":9.2,"timestamp_local":"2022-06-12T05:15:00","solar_rad":12.839959,"vis":10,"dni":80.09,"temp":10.4,"slp":1022,"clouds":59,"ts":1655003700},{"precip_rate":0,"rh":91,"wind_spd":0.8,"timestamp_utc":"2022-06-12T03:30:00","snow_rate":0,"app_temp":10.4,"pres":1011.95886,"azimuth":53.17,"dewpt":9,"uv":1.2,"elev_angle":2.12,"wind_dir":206,"weather":{"icon":"c03n","code":803,"description":"Broken clouds"},"ghi":30.1,"dhi":18.4,"timestamp_local":"2022-06-12T05:30:00","solar_rad":28.681412,"vis":10,"dni":160.18,"temp":10.4,"slp":1022,"clouds":42,"ts":1655004600},{"precip_rate":0,"rh":91,"wind_spd":0.8,"timestamp_utc":"2022-06-12T03:45:00","snow_rate":0,"app_temp":10.4,"pres":1011.95886,"azimuth":56.09,"dewpt":9,"uv":1.5,"elev_angle":3.96,"wind_dir":210,"weather":{"icon":"c02n","code":802,"description":"Scattered clouds"},"ghi":45.2,"dhi":27.6,"timestamp_local":"2022-06-12T05:45:00","solar_rad":44.88224,"vis":10,"dni":240.26,"temp":10.4,"slp":1022,"clouds":24,"ts":1655005500},{"precip_rate":0,"rh":91,"wind_spd":0.8,"timestamp_utc":"2022-06-12T04:00:00","snow_rate":0,"app_temp":10.4,"pres":1011.95886,"azimuth":59.01,"dewpt":9,"uv":1.7,"elev_angle":5.79,"wind_dir":214,"weather":{"icon":"c02d","code":801,"description":"Few clouds"},"ghi":60.2,"dhi":36.8,"timestamp_local":"2022-06-12T06:00:00","solar_rad":60.193584,"vis":10,"dni":320.35,"temp":10.4,"slp":1022,"clouds":7,"ts":1655006400},{"precip_rate":0,"rh":88,"wind_spd":1,"timestamp_utc":"2022-06-12T04:15:00","snow_rate":0,"app_temp":11.1,"pres":1011.9847,"azimuth":61.81,"dewpt":9.2,"uv":1.7,"elev_angle":7.86,"wind_dir":218,"weather":{"icon":"c02d","code":801,"description":"Few clouds"},"ghi":92.7,"dhi":43.14,"timestamp_local":"2022-06-12T06:15:00","solar_rad":92.69685,"vis":10,"dni":379.3,"temp":11.1,"slp":1022,"clouds":5,"ts":1655007300},{"precip_rate":0,"rh":86,"wind_spd":1.2,"timestamp_utc":"2022-06-12T04:30:00","snow_rate":0,"app_temp":11.8,"pres":1012.0105,"azimuth":64.61,"dewpt":9.6,"uv":1.8,"elev_angle":9.94,"wind_dir":222,"weather":{"icon":"c02d","code":801,"description":"Few clouds"},"ghi":125.1,"dhi":49.47,"timestamp_local":"2022-06-12T06:30:00","solar_rad":125.098015,"vis":10,"dni":438.24,"temp":11.8,"slp":1022,"clouds":4,"ts":1655008200},{"precip_rate":0,"rh":83,"wind_spd":1.4,"timestamp_utc":"2022-06-12T04:45:00","snow_rate":0,"app_temp":12.6,"pres":1012.0363,"azimuth":67.4,"dewpt":9.8,"uv":1.8,"elev_angle":12.01,"wind_dir":226,"weather":{"icon":"c02d","code":801,"description":"Few clouds"},"ghi":157.6,"dhi":55.81,"timestamp_local":"2022-06-12T06:45:00","solar_rad":157.59976,"vis":10,"dni":497.19,"temp":12.6,"slp":1022,"clouds":2,"ts":1655009100},{"precip_rate":0,"rh":80,"wind_spd":1.6,"timestamp_utc":"2022-06-12T05:00:00","snow_rate":0,"app_temp":13.3,"pres":1012.06213,"azimuth":70.2,"dewpt":9.9,"uv":1.9,"elev_angle":14.08,"wind_dir":230,"weather":{"icon":"c01d","code":800,"description":"Clear Sky"},"ghi":190,"dhi":62.14,"timestamp_local":"2022-06-12T07:00:00","solar_rad":190,"vis":10,"dni":556.13,"temp":13.3,"slp":1022,"clouds":0,"ts":1655010000},{"precip_rate":0,"rh":76,"wind_spd":1.6,"timestamp_utc":"2022-06-12T05:15:00","snow_rate":0,"app_temp":14.1,"pres":1012.0874,"azimuth":72.98,"dewpt":9.9,"uv":2,"elev_angle":16.3,"wind_dir":232,"weather":{"icon":"c01d","code":800,"description":"Clear Sky"},"ghi":228.2,"dhi":66.64,"timestamp_local":"2022-06-12T07:15:00","solar_rad":228.2,"vis":10,"dni":589.5,"temp":14.1,"slp":1022,"clouds":0,"ts":1655010900},{"precip_rate":0,"rh":73,"wind_spd":1.6,"timestamp_utc":"2022-06-12T05:30:00","snow_rate":0,"app_temp":14.8,"pres":1012.1127,"azimuth":75.77,"dewpt":10,"uv":2.1,"elev_angle":18.53,"wind_dir":233,"weather":{"icon":"c01d","code":800,"description":"Clear Sky"},"ghi":266.4,"dhi":71.15,"timestamp_local":"2022-06-12T07:30:00","solar_rad":266.4,"vis":10,"dni":622.86,"temp":14.8,"slp":1022,"clouds":0,"ts":1655011800},{"precip_rate":0,"rh":70,"wind_spd":1.6,"timestamp_utc":"2022-06-12T05:45:00","snow_rate":0,"app_temp":15.5,"pres":1012.138,"azimuth":78.55,"dewpt":10.1,"uv":2.3,"elev_angle":20.75,"wind_dir":234,"weather":{"icon":"c01d","code":800,"description":"Clear Sky"},"ghi":304.6,"dhi":75.65,"timestamp_local":"2022-06-12T07:45:00","solar_rad":304.59995,"vis":10,"dni":656.23,"temp":15.5,"slp":1022,"clouds":1,"ts":1655012700},{"precip_rate":0,"rh":66,"wind_spd":1.6,"timestamp_utc":"2022-06-12T06:00:00","snow_rate":0,"app_temp":16.3,"pres":1012.16327,"azimuth":81.33,"dewpt":9.9,"uv":2.4,"elev_angle":22.97,"wind_dir":236,"weather":{"icon":"c01d","code":800,"description":"Clear Sky"},"ghi":342.8,"dhi":80.15,"timestamp_local":"2022-06-12T08:00:00","solar_rad":342.79996,"vis":10,"dni":689.59,"temp":16.3,"slp":1022,"clouds":1,"ts":1655013600},{"precip_rate":0,"rh":64,"wind_spd":1.8,"timestamp_utc":"2022-06-12T06:15:00","snow_rate":0,"app_temp":16.8,"pres":1012.17883,"azimuth":84.24,"dewpt":9.9,"uv":2.6,"elev_angle":25.26,"wind_dir":238,"weather":{"icon":"c02d","code":801,"description":"Few clouds"},"ghi":382,"dhi":83.54,"timestamp_local":"2022-06-12T08:15:00","solar_rad":381.99942,"vis":10,"dni":710.85,"temp":16.8,"slp":1022,"clouds":2,"ts":1655014500},{"precip_rate":0,"rh":62,"wind_spd":2,"timestamp_utc":"2022-06-12T06:30:00","snow_rate":0,"app_temp":17.2,"pres":1012.19434,"azimuth":87.15,"dewpt":9.9,"uv":2.8,"elev_angle":27.55,"wind_dir":239,"weather":{"icon":"c02d","code":801,"description":"Few clouds"},"ghi":421.1,"dhi":86.93,"timestamp_local":"2022-06-12T08:30:00","solar_rad":421.09747,"vis":10,"dni":732.11,"temp":17.2,"slp":1022,"clouds":3,"ts":1655015400},{"precip_rate":0,"rh":60,"wind_spd":2.2,"timestamp_utc":"2022-06-12T06:45:00","snow_rate":0,"app_temp":17.6,"pres":1012.2099,"azimuth":90.06,"dewpt":9.8,"uv":3.1,"elev_angle":29.83,"wind_dir":240,"weather":{"icon":"c02d","code":801,"description":"Few clouds"},"ghi":460.3,"dhi":90.31,"timestamp_local":"2022-06-12T08:45:00","solar_rad":460.2927,"vis":10,"dni":753.36,"temp":17.6,"slp":1022,"clouds":4,"ts":1655016300},{"precip_rate":0,"rh":58,"wind_spd":2.4,"timestamp_utc":"2022-06-12T07:00:00","snow_rate":0,"app_temp":18.1,"pres":1012.22546,"azimuth":92.97,"dewpt":9.7,"uv":3.3,"elev_angle":32.12,"wind_dir":242,"weather":{"icon":"c02d","code":801,"description":"Few clouds"},"ghi":499.4,"dhi":93.7,"timestamp_local":"2022-06-12T09:00:00","solar_rad":499.38306,"vis":10,"dni":774.62,"temp":18.1,"slp":1022,"clouds":5,"ts":1655017200},{"precip_rate":0,"rh":57,"wind_spd":2.6,"timestamp_utc":"2022-06-12T07:15:00","snow_rate":0,"app_temp":17.8,"pres":1012.2347,"azimuth":96.22,"dewpt":9.7,"uv":3.7,"elev_angle":34.38,"wind_dir":242,"weather":{"icon":"c02d","code":801,"description":"Few clouds"},"ghi":535.7,"dhi":96.24,"timestamp_local":"2022-06-12T09:15:00","solar_rad":535.69147,"vis":10,"dni":788.75,"temp":18.4,"slp":1022,"clouds":4,"ts":1655018100},{"precip_rate":0,"rh":56,"wind_spd":2.8,"timestamp_utc":"2022-06-12T07:30:00","snow_rate":0,"app_temp":18.1,"pres":1012.2439,"azimuth":99.48,"dewpt":9.8,"uv":4.1,"elev_angle":36.65,"wind_dir":243,"weather":{"icon":"c02d","code":801,"description":"Few clouds"},"ghi":571.9,"dhi":98.79,"timestamp_local":"2022-06-12T09:30:00","solar_rad":571.8991,"vis":10,"dni":802.89,"temp":18.7,"slp":1022,"clouds":2,"ts":1655019000},{"precip_rate":0,"rh":55,"wind_spd":3,"timestamp_utc":"2022-06-12T07:45:00","snow_rate":0,"app_temp":18.4,"pres":1012.2532,"azimuth":102.73,"dewpt":9.8,"uv":4.5,"elev_angle":38.91,"wind_dir":244,"weather":{"icon":"c01d","code":800,"description":"Clear Sky"},"ghi":608.2,"dhi":101.33,"timestamp_local":"2022-06-12T09:45:00","solar_rad":608.1999,"vis":10,"dni":817.02,"temp":19,"slp":1022,"clouds":1,"ts":1655019900},{"precip_rate":0,"rh":54,"wind_spd":3.2,"timestamp_utc":"2022-06-12T08:00:00","snow_rate":0,"app_temp":18.7,"pres":1012.2624,"azimuth":105.98,"dewpt":9.8,"uv":4.9,"elev_angle":41.17,"wind_dir":244,"weather":{"icon":"c01d","code":800,"description":"Clear Sky"},"ghi":644.4,"dhi":103.87,"timestamp_local":"2022-06-12T10:00:00","solar_rad":644.4,"vis":10,"dni":831.15,"temp":19.3,"slp":1022,"clouds":0,"ts":1655020800},{"precip_rate":0,"rh":53,"wind_spd":3.3,"timestamp_utc":"2022-06-12T08:15:00","snow_rate":0,"app_temp":19.1,"pres":1012.2746,"azimuth":109.89,"dewpt":9.8,"uv":5.1,"elev_angle":43.27,"wind_dir":245,"weather":{"icon":"c02d","code":801,"description":"Few clouds"},"ghi":674.6,"dhi":105.7,"timestamp_local":"2022-06-12T10:15:00","solar_rad":674.59595,"vis":10,"dni":840.46,"temp":19.6,"slp":1022,"clouds":3,"ts":1655021700},{"precip_rate":0,"rh":52,"wind_spd":3.4,"timestamp_utc":"2022-06-12T08:30:00","snow_rate":0,"app_temp":19.4,"pres":1012.2868,"azimuth":113.8,"dewpt":9.9,"uv":5.4,"elev_angle":45.37,"wind_dir":246,"weather":{"icon":"c02d","code":801,"description":"Few clouds"},"ghi":704.7,"dhi":107.52,"timestamp_local":"2022-06-12T10:30:00","solar_rad":704.6555,"vis":10,"dni":849.78,"temp":20,"slp":1022,"clouds":6,"ts":1655022600},{"precip_rate":0,"rh":51,"wind_spd":3.5,"timestamp_utc":"2022-06-12T08:45:00","snow_rate":0,"app_temp":19.8,"pres":1012.299,"azimuth":117.71,"dewpt":9.9,"uv":5.6,"elev_angle":47.46,"wind_dir":247,"weather":{"icon":"c02d","code":801,"description":"Few clouds"},"ghi":734.9,"dhi":109.35,"timestamp_local":"2022-06-12T10:45:00","solar_rad":734.63666,"vis":10,"dni":859.09,"temp":20.4,"slp":1022,"clouds":10,"ts":1655023500},{"precip_rate":0,"rh":50,"wind_spd":3.6,"timestamp_utc":"2022-06-12T09:00:00","snow_rate":0,"app_temp":20.1,"pres":1012.3112,"azimuth":121.62,"dewpt":9.9,"uv":5.9,"elev_angle":49.56,"wind_dir":248,"weather":{"icon":"c02d","code":801,"description":"Few clouds"},"ghi":765.1,"dhi":111.17,"timestamp_local":"2022-06-12T11:00:00","solar_rad":764.4311,"vis":10,"dni":868.4,"temp":20.7,"slp":1022,"clouds":13,"ts":1655024400},{"precip_rate":0,"rh":49,"wind_spd":3.6,"timestamp_utc":"2022-06-12T09:15:00","snow_rate":0,"app_temp":20.3,"pres":1012.31726,"azimuth":126.62,"dewpt":9.8,"uv":5.2,"elev_angle":51.28,"wind_dir":251,"weather":{"icon":"c02d","code":802,"description":"Scattered clouds"},"ghi":786.5,"dhi":112.35,"timestamp_local":"2022-06-12T11:15:00","solar_rad":770.17365,"vis":10,"dni":874.08,"temp":20.9,"slp":1022,"clouds":33,"ts":1655025300},{"precip_rate":0,"rh":48,"wind_spd":3.6,"timestamp_utc":"2022-06-12T09:30:00","snow_rate":0,"app_temp":20.5,"pres":1012.32336,"azimuth":131.61,"dewpt":9.7,"uv":4.5,"elev_angle":53,"wind_dir":254,"weather":{"icon":"c03d","code":803,"description":"Broken clouds"},"ghi":808,"dhi":113.53,"timestamp_local":"2022-06-12T11:30:00","solar_rad":724.0169,"vis":10,"dni":879.75,"temp":21.1,"slp":1022,"clouds":53,"ts":1655026200},{"precip_rate":0,"rh":47,"wind_spd":3.6,"timestamp_utc":"2022-06-12T09:45:00","snow_rate":0,"app_temp":20.7,"pres":1012.3294,"azimuth":136.61,"dewpt":9.5,"uv":3.7,"elev_angle":54.72,"wind_dir":257,"weather":{"icon":"c04d","code":804,"description":"Overcast clouds"},"ghi":829.4,"dhi":114.71,"timestamp_local":"2022-06-12T11:45:00","solar_rad":573.3621,"vis":10,"dni":885.43,"temp":21.3,"slp":1022,"clouds":73,"ts":1655027100},{"precip_rate":0,"rh":46,"wind_spd":3.6,"timestamp_utc":"2022-06-12T10:00:00","snow_rate":0,"app_temp":20.9,"pres":1012.33545,"azimuth":141.6,"dewpt":9.4,"uv":2.8,"elev_angle":56.44,"wind_dir":260,"weather":{"icon":"c04d","code":804,"description":"Overcast clouds"},"ghi":850.9,"dhi":115.89,"timestamp_local":"2022-06-12T12:00:00","solar_rad":252.5393,"vis":10,"dni":891.1,"temp":21.5,"slp":1022,"clouds":93,"ts":1655028000},{"precip_rate":0,"rh":45,"wind_spd":3.6,"timestamp_utc":"2022-06-12T10:15:00","snow_rate":0,"app_temp":21.1,"pres":1012.0938,"azimuth":147.95,"dewpt":9.2,"uv":2.8,"elev_angle":57.44,"wind_dir":261,"weather":{"icon":"c04d","code":804,"description":"Overcast clouds"},"ghi":861.9,"dhi":116.46,"timestamp_local":"2022-06-12T12:15:00","solar_rad":233.3583,"vis":10,"dni":893.76,"temp":21.7,"slp":1021.75,"clouds":94,"ts":1655028900},{"precip_rate":0,"rh":44,"wind_spd":3.6,"timestamp_utc":"2022-06-12T10:30:00","snow_rate":0,"app_temp":21.2,"pres":1011.8522,"azimuth":154.3,"dewpt":9.1,"uv":2.8,"elev_angle":58.45,"wind_dir":262,"weather":{"icon":"c04d","code":804,"description":"Overcast clouds"},"ghi":872.8,"dhi":117.03,"timestamp_local":"2022-06-12T12:30:00","solar_rad":212.99211,"vis":10,"dni":896.41,"temp":21.9,"slp":1021.5,"clouds":95,"ts":1655029800},{"precip_rate":0,"rh":42,"wind_spd":3.6,"timestamp_utc":"2022-06-12T10:45:00","snow_rate":0,"app_temp":21.4,"pres":1011.6106,"azimuth":160.64,"dewpt":8.5,"uv":2.8,"elev_angle":59.45,"wind_dir":263,"weather":{"icon":"c04d","code":804,"description":"Overcast clouds"},"ghi":883.8,"dhi":117.6,"timestamp_local":"2022-06-12T12:45:00","solar_rad":191.46115,"vis":10,"dni":899.07,"temp":22,"slp":1021.25,"clouds":96,"ts":1655030700},{"precip_rate":0,"rh":41,"wind_spd":3.6,"timestamp_utc":"2022-06-12T11:00:00","snow_rate":0,"app_temp":21.5,"pres":1011.36896,"azimuth":166.99,"dewpt":8.3,"uv":2.8,"elev_angle":60.45,"wind_dir":264,"weather":{"icon":"c04d","code":804,"description":"Overcast clouds"},"ghi":894.8,"dhi":118.17,"timestamp_local":"2022-06-12T13:00:00","solar_rad":168.70679,"vis":10,"dni":901.72,"temp":22.2,"slp":1021,"clouds":97,"ts":1655031600},{"precip_rate":0,"rh":40,"wind_spd":3.8,"timestamp_utc":"2022-06-12T11:15:00","snow_rate":0,"app_temp":21.6,"pres":1011.37195,"azimuth":174.01,"dewpt":8.1,"uv":3,"elev_angle":60.41,"wind_dir":264,"weather":{"icon":"c04d","code":804,"description":"Overcast clouds"},"ghi":894.4,"dhi":118.15,"timestamp_local":"2022-06-12T13:15:00","solar_rad":242.15764,"vis":10,"dni":901.62,"temp":22.3,"slp":1021,"clouds":94,"ts":1655032500},{"precip_rate":0,"rh":40,"wind_spd":4,"timestamp_utc":"2022-06-12T11:30:00","snow_rate":0,"app_temp":21.7,"pres":1011.375,"azimuth":181.04,"dewpt":8.1,"uv":3.2,"elev_angle":60.37,"wind_dir":265,"weather":{"icon":"c04d","code":804,"description":"Overcast clouds"},"ghi":893.9,"dhi":118.13,"timestamp_local":"2022-06-12T13:30:00","solar_rad":331.61566,"vis":10,"dni":901.52,"temp":22.4,"slp":1021,"clouds":90,"ts":1655033400},{"precip_rate":0,"rh":40,"wind_spd":4.2,"timestamp_utc":"2022-06-12T11:45:00","snow_rate":0,"app_temp":21.9,"pres":1011.378,"azimuth":188.06,"dewpt":8.2,"uv":3.5,"elev_angle":60.33,"wind_dir":266,"weather":{"icon":"c04d","code":804,"description":"Overcast clouds"},"ghi":893.5,"dhi":118.1,"timestamp_local":"2022-06-12T13:45:00","solar_rad":411.96063,"vis":10,"dni":901.42,"temp":22.5,"slp":1021,"clouds":86,"ts":1655034300},{"precip_rate":0,"rh":39,"wind_spd":4.4,"timestamp_utc":"2022-06-12T12:00:00","snow_rate":0,"app_temp":21.9,"pres":1011.381,"azimuth":195.08,"dewpt":8,"uv":3.7,"elev_angle":60.29,"wind_dir":266,"weather":{"icon":"c04d","code":804,"description":"Overcast clouds"},"ghi":893.1,"dhi":118.08,"timestamp_local":"2022-06-12T14:00:00","solar_rad":466.5125,"vis":10,"dni":901.32,"temp":22.6,"slp":1021,"clouds":83,"ts":1655035200},{"precip_rate":0,"rh":39,"wind_spd":4.5,"timestamp_utc":"2022-06-12T12:15:00","snow_rate":0,"app_temp":21.9,"pres":1011.381,"azimuth":201.34,"dewpt":8,"uv":3.4,"elev_angle":59.22,"wind_dir":266,"weather":{"icon":"c04d","code":804,"description":"Overcast clouds"},"ghi":881.3,"dhi":117.47,"timestamp_local":"2022-06-12T14:15:00","solar_rad":406.33566,"vis":10,"dni":898.45,"temp":22.6,"slp":1021,"clouds":86,"ts":1655036100},{"precip_rate":0,"rh":39,"wind_spd":4.6,"timestamp_utc":"2022-06-12T12:30:00","snow_rate":0,"app_temp":21.9,"pres":1011.381,"azimuth":207.59,"dewpt":8,"uv":3.1,"elev_angle":58.15,"wind_dir":266,"weather":{"icon":"c04d","code":804,"description":"Overcast clouds"},"ghi":869.5,"dhi":116.85,"timestamp_local":"2022-06-12T14:30:00","solar_rad":342.9518,"vis":10,"dni":895.59,"temp":22.6,"slp":1021,"clouds":89,"ts":1655037000},{"precip_rate":0,"rh":39,"wind_spd":4.7,"timestamp_utc":"2022-06-12T12:45:00","snow_rate":0,"app_temp":21.9,"pres":1011.381,"azimuth":213.85,"dewpt":8,"uv":2.9,"elev_angle":57.08,"wind_dir":266,"weather":{"icon":"c04d","code":804,"description":"Overcast clouds"},"ghi":857.7,"dhi":116.24,"timestamp_local":"2022-06-12T14:45:00","solar_rad":276.32477,"vis":10,"dni":892.72,"temp":22.6,"slp":1021,"clouds":92,"ts":1655037900},{"precip_rate":0,"rh":39,"wind_spd":4.8,"timestamp_utc":"2022-06-12T13:00:00","snow_rate":0,"app_temp":21.9,"pres":1011.381,"azimuth":220.1,"dewpt":8,"uv":2.7,"elev_angle":56.01,"wind_dir":266,"weather":{"icon":"c04d","code":804,"description":"Overcast clouds"},"ghi":845.9,"dhi":115.62,"timestamp_local":"2022-06-12T15:00:00","solar_rad":206.42761,"vis":10,"dni":889.85,"temp":22.6,"slp":1021,"clouds":95,"ts":1655038800},{"precip_rate":0,"rh":40,"wind_spd":4.8,"timestamp_utc":"2022-06-12T13:15:00","snow_rate":0,"app_temp":21.8,"pres":1011.1273,"azimuth":225,"dewpt":8.2,"uv":2.5,"elev_angle":54.25,"wind_dir":266,"weather":{"icon":"c04d","code":804,"description":"Overcast clouds"},"ghi":823.7,"dhi":114.4,"timestamp_local":"2022-06-12T15:15:00","solar_rad":178.44145,"vis":10,"dni":883.93,"temp":22.4,"slp":1020.75,"clouds":96,"ts":1655039700},{"precip_rate":0,"rh":40,"wind_spd":4.8,"timestamp_utc":"2022-06-12T13:30:00","snow_rate":0,"app_temp":21.6,"pres":1010.87366,"azimuth":229.9,"dewpt":8,"uv":2.4,"elev_angle":52.5,"wind_dir":267,"weather":{"icon":"c04d","code":804,"description":"Overcast clouds"},"ghi":801.6,"dhi":113.17,"timestamp_local":"2022-06-12T15:30:00","solar_rad":173.65384,"vis":10,"dni":878.02,"temp":22.3,"slp":1020.5,"clouds":96,"ts":1655040600},{"precip_rate":0,"rh":41,"wind_spd":4.8,"timestamp_utc":"2022-06-12T13:45:00","snow_rate":0,"app_temp":21.4,"pres":1010.62006,"azimuth":234.8,"dewpt":8.2,"uv":2.3,"elev_angle":50.74,"wind_dir":268,"weather":{"icon":"c04d","code":804,"description":"Overcast clouds"},"ghi":779.4,"dhi":111.95,"timestamp_local":"2022-06-12T15:45:00","solar_rad":168.84456,"vis":10,"dni":872.1,"temp":22.1,"slp":1020.25,"clouds":96,"ts":1655041500},{"precip_rate":0,"rh":42,"wind_spd":4.8,"timestamp_utc":"2022-06-12T14:00:00","snow_rate":0,"app_temp":21.2,"pres":1010.3664,"azimuth":239.7,"dewpt":8.4,"uv":2.1,"elev_angle":48.98,"wind_dir":268,"weather":{"icon":"c04d","code":804,"description":"Overcast clouds"},"ghi":757.2,"dhi":110.72,"timestamp_local":"2022-06-12T16:00:00","solar_rad":142.76349,"vis":10,"dni":866.18,"temp":21.9,"slp":1020,"clouds":97,"ts":1655042400},{"precip_rate":0,"rh":43,"wind_spd":4.8,"timestamp_utc":"2022-06-12T14:15:00","snow_rate":0,"app_temp":21.2,"pres":1010.3634,"azimuth":243.55,"dewpt":8.7,"uv":2,"elev_angle":46.86,"wind_dir":269,"weather":{"icon":"c04d","code":804,"description":"Overcast clouds"},"ghi":726.5,"dhi":108.85,"timestamp_local":"2022-06-12T16:15:00","solar_rad":136.97528,"vis":10,"dni":856.56,"temp":21.8,"slp":1020,"clouds":97,"ts":1655043300},{"precip_rate":0,"rh":44,"wind_spd":4.8,"timestamp_utc":"2022-06-12T14:30:00","snow_rate":0,"app_temp":21.1,"pres":1010.36035,"azimuth":247.4,"dewpt":8.9,"uv":1.8,"elev_angle":44.75,"wind_dir":270,"weather":{"icon":"c04d","code":804,"description":"Overcast clouds"},"ghi":695.8,"dhi":106.97,"timestamp_local":"2022-06-12T16:30:00","solar_rad":131.18706,"vis":10,"dni":846.95,"temp":21.7,"slp":1020,"clouds":97,"ts":1655044200},{"precip_rate":0,"rh":45,"wind_spd":4.8,"timestamp_utc":"2022-06-12T14:45:00","snow_rate":0,"app_temp":21,"pres":1010.3573,"azimuth":251.24,"dewpt":9.2,"uv":1.7,"elev_angle":42.63,"wind_dir":271,"weather":{"icon":"c04d","code":804,"description":"Overcast clouds"},"ghi":665.1,"dhi":105.1,"timestamp_local":"2022-06-12T16:45:00","solar_rad":125.398834,"vis":10,"dni":837.33,"temp":21.6,"slp":1020,"clouds":97,"ts":1655045100},{"precip_rate":0,"rh":46,"wind_spd":4.8,"timestamp_utc":"2022-06-12T15:00:00","snow_rate":0,"app_temp":20.9,"pres":1010.3543,"azimuth":255.09,"dewpt":9.4,"uv":1.6,"elev_angle":40.51,"wind_dir":272,"weather":{"icon":"c04d","code":804,"description":"Overcast clouds"},"ghi":634.4,"dhi":103.22,"timestamp_local":"2022-06-12T17:00:00","solar_rad":119.61062,"vis":10,"dni":827.71,"temp":21.5,"slp":1020,"clouds":97,"ts":1655046000},{"precip_rate":0,"rh":46,"wind_spd":4.7,"timestamp_utc":"2022-06-12T15:15:00","snow_rate":0,"app_temp":20.9,"pres":1010.3543,"azimuth":258.31,"dewpt":9.4,"uv":1.4,"elev_angle":38.25,"wind_dir":275,"weather":{"icon":"c04d","code":804,"description":"Overcast clouds"},"ghi":597.8,"dhi":100.62,"timestamp_local":"2022-06-12T17:15:00","solar_rad":112.71001,"vis":10,"dni":813.16,"temp":21.5,"slp":1020,"clouds":97,"ts":1655046900},{"precip_rate":0,"rh":46,"wind_spd":4.6,"timestamp_utc":"2022-06-12T15:30:00","snow_rate":0,"app_temp":20.9,"pres":1010.3543,"azimuth":261.53,"dewpt":9.4,"uv":1.3,"elev_angle":35.98,"wind_dir":278,"weather":{"icon":"c04d","code":804,"description":"Overcast clouds"},"ghi":561.3,"dhi":98.03,"timestamp_local":"2022-06-12T17:30:00","solar_rad":105.82825,"vis":10,"dni":798.6,"temp":21.5,"slp":1020,"clouds":97,"ts":1655047800},{"precip_rate":0,"rh":46,"wind_spd":4.5,"timestamp_utc":"2022-06-12T15:45:00","snow_rate":0,"app_temp":20.9,"pres":1010.3543,"azimuth":264.74,"dewpt":9.4,"uv":1.2,"elev_angle":33.72,"wind_dir":281,"weather":{"icon":"c04d","code":804,"description":"Overcast clouds"},"ghi":524.7,"dhi":95.43,"timestamp_local":"2022-06-12T17:45:00","solar_rad":98.927635,"vis":10,"dni":784.05,"temp":21.5,"slp":1020,"clouds":97,"ts":1655048700},{"precip_rate":0,"rh":46,"wind_spd":4.4,"timestamp_utc":"2022-06-12T16:00:00","snow_rate":0,"app_temp":20.9,"pres":1010.3543,"azimuth":267.96,"dewpt":9.4,"uv":1.1,"elev_angle":31.45,"wind_dir":284,"weather":{"icon":"c04d","code":804,"description":"Overcast clouds"},"ghi":488.1,"dhi":92.83,"timestamp_local":"2022-06-12T18:00:00","solar_rad":184.85703,"vis":10,"dni":769.49,"temp":21.5,"slp":1020,"clouds":97,"ts":1655049600},{"precip_rate":0,"rh":46,"wind_spd":4.4,"timestamp_utc":"2022-06-12T16:15:00","snow_rate":0,"app_temp":20.7,"pres":1010.10065,"azimuth":270.86,"dewpt":9.2,"uv":1,"elev_angle":29.16,"wind_dir":286,"weather":{"icon":"c04d","code":804,"description":"Overcast clouds"},"ghi":448.9,"dhi":89.37,"timestamp_local":"2022-06-12T18:15:00","solar_rad":161.07948,"vis":10,"dni":747.58,"temp":21.3,"slp":1019.75,"clouds":98,"ts":1655050500},{"precip_rate":0,"rh":47,"wind_spd":4.4,"timestamp_utc":"2022-06-12T16:30:00","snow_rate":0,"app_temp":20.5,"pres":1009.847,"azimuth":273.75,"dewpt":9.4,"uv":0.9,"elev_angle":26.88,"wind_dir":289,"weather":{"icon":"c04d","code":804,"description":"Overcast clouds"},"ghi":409.7,"dhi":85.92,"timestamp_local":"2022-06-12T18:30:00","solar_rad":151.36748,"vis":10,"dni":725.66,"temp":21.1,"slp":1019.5,"clouds":98,"ts":1655051400},{"precip_rate":0,"rh":48,"wind_spd":4.4,"timestamp_utc":"2022-06-12T16:45:00","snow_rate":0,"app_temp":20.3,"pres":1009.5933,"azimuth":276.65,"dewpt":9.5,"uv":0.8,"elev_angle":24.59,"wind_dir":292,"weather":{"icon":"c04d","code":804,"description":"Overcast clouds"},"ghi":370.5,"dhi":82.46,"timestamp_local":"2022-06-12T18:45:00","solar_rad":141.64548,"vis":10,"dni":703.75,"temp":20.9,"slp":1019.25,"clouds":98,"ts":1655052300},{"precip_rate":0,"rh":48,"wind_spd":4.4,"timestamp_utc":"2022-06-12T17:00:00","snow_rate":0,"app_temp":20.1,"pres":1009.33966,"azimuth":279.54,"dewpt":9.3,"uv":0.8,"elev_angle":22.3,"wind_dir":294,"weather":{"icon":"c04d","code":804,"description":"Overcast clouds"},"ghi":331.3,"dhi":79,"timestamp_local":"2022-06-12T19:00:00","solar_rad":122.1467,"vis":10,"dni":681.83,"temp":20.7,"slp":1019,"clouds":99,"ts":1655053200},{"precip_rate":0,"rh":48,"wind_spd":4.2,"timestamp_utc":"2022-06-12T17:15:00","snow_rate":0,"app_temp":19.9,"pres":1009.5812,"azimuth":282.32,"dewpt":9.1,"uv":0.7,"elev_angle":20.09,"wind_dir":296,"weather":{"icon":"c04d","code":804,"description":"Overcast clouds"},"ghi":293.4,"dhi":74.4,"timestamp_local":"2022-06-12T19:15:00","solar_rad":112.6108,"vis":10,"dni":647.26,"temp":20.5,"slp":1019.25,"clouds":99,"ts":1655054100},{"precip_rate":0,"rh":48,"wind_spd":4,"timestamp_utc":"2022-06-12T17:30:00","snow_rate":0,"app_temp":19.7,"pres":1009.82275,"azimuth":285.1,"dewpt":9,"uv":0.7,"elev_angle":17.88,"wind_dir":299,"weather":{"icon":"c04d","code":804,"description":"Overcast clouds"},"ghi":255.5,"dhi":69.81,"timestamp_local":"2022-06-12T19:30:00","solar_rad":103.084915,"vis":10,"dni":612.69,"temp":20.4,"slp":1019.5,"clouds":99,"ts":1655055000},{"precip_rate":0,"rh":48,"wind_spd":3.8,"timestamp_utc":"2022-06-12T17:45:00","snow_rate":0,"app_temp":19.5,"pres":1010.06433,"azimuth":287.87,"dewpt":8.8,"uv":0.6,"elev_angle":15.67,"wind_dir":302,"weather":{"icon":"c04d","code":804,"description":"Overcast clouds"},"ghi":217.5,"dhi":65.21,"timestamp_local":"2022-06-12T19:45:00","solar_rad":93.536,"vis":10,"dni":578.12,"temp":20.2,"slp":1019.75,"clouds":99,"ts":1655055900},{"precip_rate":0,"rh":48,"wind_spd":3.6,"timestamp_utc":"2022-06-12T18:00:00","snow_rate":0,"app_temp":19.3,"pres":1010.30585,"azimuth":290.65,"dewpt":8.7,"uv":0.6,"elev_angle":13.46,"wind_dir":304,"weather":{"icon":"c04d","code":804,"description":"Overcast clouds"},"ghi":179.6,"dhi":60.61,"timestamp_local":"2022-06-12T20:00:00","solar_rad":84.000114,"vis":10,"dni":543.55,"temp":20,"slp":1020,"clouds":99,"ts":1655056800},{"precip_rate":0,"rh":49,"wind_spd":3.6,"timestamp_utc":"2022-06-12T18:15:00","snow_rate":0,"app_temp":19,"pres":1010.2967,"azimuth":293.46,"dewpt":8.7,"uv":0.7,"elev_angle":11.4,"wind_dir":306,"weather":{"icon":"c04d","code":804,"description":"Overcast clouds"},"ghi":147.8,"dhi":54.09,"timestamp_local":"2022-06-12T20:15:00","solar_rad":101.70665,"vis":10,"dni":481.73,"temp":19.7,"slp":1020,"clouds":92,"ts":1655057700},{"precip_rate":0,"rh":50,"wind_spd":3.6,"timestamp_utc":"2022-06-12T18:30:00","snow_rate":0,"app_temp":18.8,"pres":1010.2875,"azimuth":296.26,"dewpt":8.8,"uv":0.7,"elev_angle":9.35,"wind_dir":309,"weather":{"icon":"c04d","code":804,"description":"Overcast clouds"},"ghi":116.1,"dhi":47.57,"timestamp_local":"2022-06-12T20:30:00","solar_rad":53.529522,"vis":10,"dni":419.91,"temp":19.4,"slp":1020,"clouds":86,"ts":1655058600},{"precip_rate":0,"rh":50,"wind_spd":3.6,"timestamp_utc":"2022-06-12T18:45:00","snow_rate":0,"app_temp":18.5,"pres":1010.2783,"azimuth":299.07,"dewpt":8.5,"uv":0.8,"elev_angle":7.29,"wind_dir":312,"weather":{"icon":"c04d","code":804,"description":"Overcast clouds"},"ghi":84.3,"dhi":41.04,"timestamp_local":"2022-06-12T20:45:00","solar_rad":50.25901,"vis":10,"dni":358.09,"temp":19.2,"slp":1020,"clouds":79,"ts":1655059500},{"precip_rate":0,"rh":51,"wind_spd":3.6,"timestamp_utc":"2022-06-12T19:00:00","snow_rate":0,"app_temp":18.2,"pres":1010.26917,"azimuth":301.87,"dewpt":8.6,"uv":0.9,"elev_angle":5.23,"wind_dir":314,"weather":{"icon":"c04d","code":804,"description":"Overcast clouds"},"ghi":52.6,"dhi":34.52,"timestamp_local":"2022-06-12T21:00:00","solar_rad":37.10617,"vis":10,"dni":296.27,"temp":18.9,"slp":1020,"clouds":72,"ts":1655060400},{"precip_rate":0,"rh":53,"wind_spd":3.4,"timestamp_utc":"2022-06-12T19:15:00","snow_rate":0,"app_temp":17.6,"pres":1010.2506,"azimuth":304.8,"dewpt":8.6,"uv":1.1,"elev_angle":3.42,"wind_dir":315,"weather":{"icon":"c03n","code":803,"description":"Broken clouds"},"ghi":39.4,"dhi":25.89,"timestamp_local":"2022-06-12T21:15:00","solar_rad":33.835915,"vis":10,"dni":222.2,"temp":18.4,"slp":1020,"clouds":58,"ts":1655061300},{"precip_rate":0,"rh":55,"wind_spd":3.2,"timestamp_utc":"2022-06-12T19:30:00","snow_rate":0,"app_temp":17.8,"pres":1010.23206,"azimuth":307.74,"dewpt":8.6,"uv":1.2,"elev_angle":1.61,"wind_dir":316,"weather":{"icon":"c03n","code":803,"description":"Broken clouds"},"ghi":26.3,"dhi":17.26,"timestamp_local":"2022-06-12T21:30:00","solar_rad":24.848099,"vis":10,"dni":148.14,"temp":17.8,"slp":1020,"clouds":44,"ts":1655062200},{"precip_rate":0,"rh":57,"wind_spd":3,"timestamp_utc":"2022-06-12T19:45:00","snow_rate":0,"app_temp":17.3,"pres":1010.21356,"azimuth":310.67,"dewpt":8.7,"uv":0,"elev_angle":-0.21,"wind_dir":317,"weather":{"icon":"c02n","code":802,"description":"Scattered clouds"},"ghi":13.1,"dhi":8.63,"timestamp_local":"2022-06-12T21:45:00","solar_rad":12.9247465,"vis":10,"dni":74.07,"temp":17.3,"slp":1020,"clouds":29,"ts":1655063100},{"precip_rate":0,"rh":59,"wind_spd":2.8,"timestamp_utc":"2022-06-12T20:00:00","snow_rate":0,"app_temp":16.7,"pres":1010.195,"azimuth":313.6,"dewpt":8.7,"uv":0,"elev_angle":-2.02,"wind_dir":318,"weather":{"icon":"c02n","code":801,"description":"Few clouds"},"ghi":0,"dhi":0,"timestamp_local":"2022-06-12T22:00:00","solar_rad":0,"vis":10,"dni":0,"temp":16.7,"slp":1020,"clouds":15,"ts":1655064000},{"precip_rate":0,"rh":60,"wind_spd":2.8,"timestamp_utc":"2022-06-12T20:15:00","snow_rate":0,"app_temp":16.4,"pres":1010.1856,"azimuth":316.72,"dewpt":8.6,"uv":0,"elev_angle":-3.5,"wind_dir":319,"weather":{"icon":"c02n","code":801,"description":"Few clouds"},"ghi":0,"dhi":0,"timestamp_local":"2022-06-12T22:15:00","solar_rad":0,"vis":10,"dni":0,"temp":16.4,"slp":1020,"clouds":15,"ts":1655064900},{"precip_rate":0,"rh":62,"wind_spd":2.8,"timestamp_utc":"2022-06-12T20:30:00","snow_rate":0,"app_temp":16.2,"pres":1010.1763,"azimuth":319.85,"dewpt":8.9,"uv":0,"elev_angle":-4.98,"wind_dir":320,"weather":{"icon":"c02n","code":801,"description":"Few clouds"},"ghi":0,"dhi":0,"timestamp_local":"2022-06-12T22:30:00","solar_rad":0,"vis":10,"dni":0,"temp":16.2,"slp":1020,"clouds":14,"ts":1655065800},{"precip_rate":0,"rh":64,"wind_spd":2.8,"timestamp_utc":"2022-06-12T20:45:00","snow_rate":0,"app_temp":15.9,"pres":1010.1669,"azimuth":322.97,"dewpt":9.1,"uv":0,"elev_angle":-6.45,"wind_dir":321,"weather":{"icon":"c02n","code":801,"description":"Few clouds"},"ghi":0,"dhi":0,"timestamp_local":"2022-06-12T22:45:00","solar_rad":0,"vis":10,"dni":0,"temp":15.9,"slp":1020,"clouds":14,"ts":1655066700},{"precip_rate":0,"rh":65,"wind_spd":2.8,"timestamp_utc":"2022-06-12T21:00:00","snow_rate":0,"app_temp":15.6,"pres":1010.1575,"azimuth":326.09,"dewpt":9.1,"uv":0,"elev_angle":-7.93,"wind_dir":322,"weather":{"icon":"c02n","code":801,"description":"Few clouds"},"ghi":0,"dhi":0,"timestamp_local":"2022-06-12T23:00:00","solar_rad":0,"vis":10,"dni":0,"temp":15.6,"slp":1020,"clouds":14,"ts":1655067600},{"precip_rate":0,"rh":68,"wind_spd":2.8,"timestamp_utc":"2022-06-12T21:15:00","snow_rate":0,"app_temp":15.1,"pres":1010.14166,"azimuth":329.42,"dewpt":9.3,"uv":0,"elev_angle":-8.98,"wind_dir":322,"weather":{"icon":"c02n","code":801,"description":"Few clouds"},"ghi":0,"dhi":0,"timestamp_local":"2022-06-12T23:15:00","solar_rad":0,"vis":10,"dni":0,"temp":15.1,"slp":1020,"clouds":18,"ts":1655068500},{"precip_rate":0,"rh":70,"wind_spd":2.8,"timestamp_utc":"2022-06-12T21:30:00","snow_rate":0,"app_temp":14.7,"pres":1010.12585,"azimuth":332.76,"dewpt":9.2,"uv":0,"elev_angle":-10.04,"wind_dir":322,"weather":{"icon":"c02n","code":802,"description":"Scattered clouds"},"ghi":0,"dhi":0,"timestamp_local":"2022-06-12T23:30:00","solar_rad":0,"vis":10,"dni":0,"temp":14.7,"slp":1020,"clouds":22,"ts":1655069400},{"precip_rate":0,"rh":72,"wind_spd":2.8,"timestamp_utc":"2022-06-12T21:45:00","snow_rate":0,"app_temp":14.2,"pres":1010.1101,"azimuth":336.09,"dewpt":9.2,"uv":0,"elev_angle":-11.09,"wind_dir":322,"weather":{"icon":"c02n","code":802,"description":"Scattered clouds"},"ghi":0,"dhi":0,"timestamp_local":"2022-06-12T23:45:00","solar_rad":0,"vis":10,"dni":0,"temp":14.2,"slp":1020,"clouds":26,"ts":1655070300},{"precip_rate":0,"rh":75,"wind_spd":2.8,"timestamp_utc":"2022-06-12T22:00:00","snow_rate":0,"app_temp":13.7,"pres":1010.0943,"azimuth":339.42,"dewpt":9.4,"uv":0,"elev_angle":-12.14,"wind_dir":322,"weather":{"icon":"c02n","code":802,"description":"Scattered clouds"},"ghi":0,"dhi":0,"timestamp_local":"2022-06-13T00:00:00","solar_rad":0,"vis":10,"dni":0,"temp":13.7,"slp":1020,"clouds":30,"ts":1655071200},{"precip_rate":0,"rh":77,"wind_spd":2.6,"timestamp_utc":"2022-06-12T22:15:00","snow_rate":0,"app_temp":13.3,"pres":1010.08154,"azimuth":342.92,"dewpt":9.4,"uv":0,"elev_angle":-12.68,"wind_dir":320,"weather":{"icon":"c02n","code":802,"description":"Scattered clouds"},"ghi":0,"dhi":0,"timestamp_local":"2022-06-13T00:15:00","solar_rad":0,"vis":10,"dni":0,"temp":13.3,"slp":1020,"clouds":28,"ts":1655072100},{"precip_rate":0,"rh":78,"wind_spd":2.4,"timestamp_utc":"2022-06-12T22:30:00","snow_rate":0,"app_temp":12.9,"pres":1010.0687,"azimuth":346.41,"dewpt":9.2,"uv":0,"elev_angle":-13.22,"wind_dir":319,"weather":{"icon":"c02n","code":802,"description":"Scattered clouds"},"ghi":0,"dhi":0,"timestamp_local":"2022-06-13T00:30:00","solar_rad":0,"vis":10,"dni":0,"temp":12.9,"slp":1020,"clouds":26,"ts":1655073000},{"precip_rate":0,"rh":80,"wind_spd":2.2,"timestamp_utc":"2022-06-12T22:45:00","snow_rate":0,"app_temp":12.6,"pres":1010.05597,"azimuth":349.91,"dewpt":9.2,"uv":0,"elev_angle":-13.75,"wind_dir":318,"weather":{"icon":"c02n","code":802,"description":"Scattered clouds"},"ghi":0,"dhi":0,"timestamp_local":"2022-06-13T00:45:00","solar_rad":0,"vis":10,"dni":0,"temp":12.6,"slp":1020,"clouds":25,"ts":1655073900},{"precip_rate":0,"rh":82,"wind_spd":2,"timestamp_utc":"2022-06-12T23:00:00","snow_rate":0,"app_temp":12.2,"pres":1010.0432,"azimuth":353.4,"dewpt":9.2,"uv":0,"elev_angle":-14.29,"wind_dir":316,"weather":{"icon":"c02n","code":802,"description":"Scattered clouds"},"ghi":0,"dhi":0,"timestamp_local":"2022-06-13T01:00:00","solar_rad":0,"vis":10,"dni":0,"temp":12.2,"slp":1020,"clouds":23,"ts":1655074800},{"precip_rate":0,"rh":84,"wind_spd":1.8,"timestamp_utc":"2022-06-12T23:15:00","snow_rate":0,"app_temp":11.8,"pres":1010.0303,"azimuth":266.96,"dewpt":9.2,"uv":0,"elev_angle":-14.27,"wind_dir":310,"weather":{"icon":"c02n","code":802,"description":"Scattered clouds"},"ghi":0,"dhi":0,"timestamp_local":"2022-06-13T01:15:00","solar_rad":0,"vis":10,"dni":0,"temp":11.8,"slp":1020,"clouds":30,"ts":1655075700},{"precip_rate":0,"rh":85,"wind_spd":1.6,"timestamp_utc":"2022-06-12T23:30:00","snow_rate":0,"app_temp":11.4,"pres":1010.01733,"azimuth":180.51,"dewpt":9,"uv":0,"elev_angle":-14.25,"wind_dir":303,"weather":{"icon":"c02n","code":802,"description":"Scattered clouds"},"ghi":0,"dhi":0,"timestamp_local":"2022-06-13T01:30:00","solar_rad":0,"vis":10,"dni":0,"temp":11.4,"slp":1020,"clouds":37,"ts":1655076600},{"precip_rate":0,"rh":86,"wind_spd":1.4,"timestamp_utc":"2022-06-12T23:45:00","snow_rate":0,"app_temp":11.1,"pres":1010.00446,"azimuth":94.07,"dewpt":8.8,"uv":0,"elev_angle":-14.23,"wind_dir":296,"weather":{"icon":"c03n","code":803,"description":"Broken clouds"},"ghi":0,"dhi":0,"timestamp_local":"2022-06-13T01:45:00","solar_rad":0,"vis":10,"dni":0,"temp":11.1,"slp":1020,"clouds":44,"ts":1655077500}],"sources":["103150-99999","imerg","merra2","era5","modis"],"city_id":"2856883"}
