{"timezone":"Europe\/Berlin","state_code":"06","country_code":"DE","lat":52.2833,"lon":8,"city_name":"Osnabr�ck","station_id":"103150-99999","data":[{"precip_rate":0,"rh":88,"wind_spd":2,"timestamp_utc":"2022-06-20T00:00:00","snow_rate":0,"app_temp":12.2,"pres":1004.10175,"azimuth":7.25,"dewpt":10.3,"uv":0,"elev_angle":-14.02,"wind_dir":36,"weather":{"icon":"c04n","code":804,"description":"Overcast clouds"},"ghi":0,"dhi":0,"timestamp_local":"2022-06-20T02:00:00","solar_rad":0,"vis":10,"dni":0,"temp":12.2,"slp":1014,"clouds":100,"ts":1655683200},{"precip_rate":0,"rh":88,"wind_spd":1.8,"timestamp_utc":"2022-06-20T00:15:00","snow_rate":0,"app_temp":12.2,"pres":1003.8542,"azimuth":10.73,"dewpt":10.3,"uv":0,"elev_angle":-13.46,"wind_dir":36,"weather":{"icon":"c04n","code":804,"description":"Overcast clouds"},"ghi":0,"dhi":0,"timestamp_local":"2022-06-20T02:15:00","solar_rad":0,"vis":10,"dni":0,"temp":12.2,"slp":1013.75,"clouds":100,"ts":1655684100},{"precip_rate":0,"rh":88,"wind_spd":1.6,"timestamp_utc":"2022-06-20T00:30:00","snow_rate":0,"app_temp":12.2,"pres":1003.6066,"azimuth":14.21,"dewpt":10.3,"uv":0,"elev_angle":-12.9,"wind_dir":36,"weather":{"icon":"c04n","code":804,"description":"Overcast clouds"},"ghi":0,"dhi":0,"timestamp_local":"2022-06-20T02:30:00","solar_rad":0,"vis":10,"dni":0,"temp":12.2,"slp":1013.5,"clouds":100,"ts":1655685000},{"precip_rate":0,"rh":88,"wind_spd":1.4,"timestamp_utc":"2022-06-20T00:45:00","snow_rate":0,"app_temp":12.2,"pres":1003.3591,"azimuth":17.69,"dewpt":10.3,"uv":0,"elev_angle":-12.33,"wind_dir":36,"weather":{"icon":"c04n","code":804,"description":"Overcast clouds"},"ghi":0,"dhi":0,"timestamp_local":"2022-06-20T02:45:00","solar_rad":0,"vis":10,"dni":0,"temp":12.2,"slp":1013.25,"clouds":100,"ts":1655685900},{"precip_rate":0,"rh":88,"wind_spd":1.2,"timestamp_utc":"2022-06-20T01:00:00","snow_rate":0,"app_temp":12.2,"pres":1003.1115,"azimuth":21.17,"dewpt":10.3,"uv":0,"elev_angle":-11.77,"wind_dir":36,"weather":{"icon":"c04n","code":804,"description":"Overcast clouds"},"ghi":0,"dhi":0,"timestamp_local":"2022-06-20T03:00:00","solar_rad":0,"vis":10,"dni":0,"temp":12.2,"slp":1013,"clouds":100,"ts":1655686800},{"precip_rate":0,"rh":89,"wind_spd":1.4,"timestamp_utc":"2022-06-20T01:15:00","snow_rate":0,"app_temp":12,"pres":1003.35266,"azimuth":24.49,"dewpt":10.3,"uv":0,"elev_angle":-10.7,"wind_dir":116,"weather":{"icon":"c04n","code":804,"description":"Overcast clouds"},"ghi":0,"dhi":0,"timestamp_local":"2022-06-20T03:15:00","solar_rad":0,"vis":10,"dni":0,"temp":12,"slp":1013.25,"clouds":100,"ts":1655687700},{"precip_rate":0,"rh":90,"wind_spd":1.6,"timestamp_utc":"2022-06-20T01:30:00","snow_rate":0,"app_temp":11.8,"pres":1003.5939,"azimuth":27.8,"dewpt":10.3,"uv":0,"elev_angle":-9.63,"wind_dir":195,"weather":{"icon":"c04n","code":804,"description":"Overcast clouds"},"ghi":0,"dhi":0,"timestamp_local":"2022-06-20T03:30:00","solar_rad":0,"vis":10,"dni":0,"temp":11.8,"slp":1013.5,"clouds":100,"ts":1655688600},{"precip_rate":0,"rh":92,"wind_spd":1.8,"timestamp_utc":"2022-06-20T01:45:00","snow_rate":0,"app_temp":11.7,"pres":1003.835,"azimuth":31.12,"dewpt":10.4,"uv":0,"elev_angle":-8.56,"wind_dir":274,"weather":{"icon":"c04n","code":804,"description":"Overcast clouds"},"ghi":0,"dhi":0,"timestamp_local":"2022-06-20T03:45:00","solar_rad":0,"vis":10,"dni":0,"temp":11.7,"slp":1013.75,"clouds":100,"ts":1655689500},{"precip_rate":0,"rh":93,"wind_spd":2,"timestamp_utc":"2022-06-20T02:00:00","snow_rate":0,"app_temp":11.5,"pres":1004.0762,"azimuth":34.43,"dewpt":10.4,"uv":0,"elev_angle":-7.49,"wind_dir":354,"weather":{"icon":"c04n","code":804,"description":"Overcast clouds"},"ghi":0,"dhi":0,"timestamp_local":"2022-06-20T04:00:00","solar_rad":0,"vis":10,"dni":0,"temp":11.5,"slp":1014,"clouds":100,"ts":1655690400},{"precip_rate":0,"rh":94,"wind_spd":2.1,"timestamp_utc":"2022-06-20T02:15:00","snow_rate":0,"app_temp":11.5,"pres":1004.0762,"azimuth":37.54,"dewpt":10.6,"uv":0,"elev_angle":-6,"wind_dir":266,"weather":{"icon":"c04n","code":804,"description":"Overcast clouds"},"ghi":0,"dhi":0,"timestamp_local":"2022-06-20T04:15:00","solar_rad":0,"vis":10,"dni":0,"temp":11.5,"slp":1014,"clouds":100,"ts":1655691300},{"precip_rate":0,"rh":94,"wind_spd":2.2,"timestamp_utc":"2022-06-20T02:30:00","snow_rate":0,"app_temp":11.5,"pres":1004.0762,"azimuth":40.65,"dewpt":10.6,"uv":0,"elev_angle":-4.5,"wind_dir":178,"weather":{"icon":"c04n","code":804,"description":"Overcast clouds"},"ghi":0,"dhi":0,"timestamp_local":"2022-06-20T04:30:00","solar_rad":0,"vis":10,"dni":0,"temp":11.5,"slp":1014,"clouds":100,"ts":1655692200},{"precip_rate":0,"rh":94,"wind_spd":2.3,"timestamp_utc":"2022-06-20T02:45:00","snow_rate":0,"app_temp":11.5,"pres":1004.0762,"azimuth":43.75,"dewpt":10.6,"uv":0,"elev_angle":-3.01,"wind_dir":90,"weather":{"icon":"c04n","code":804,"description":"Overcast clouds"},"ghi":0,"dhi":0,"timestamp_local":"2022-06-20T04:45:00","solar_rad":0,"vis":10,"dni":0,"temp":11.5,"slp":1014,"clouds":100,"ts":1655693100},{"precip_rate":0,"rh":95,"wind_spd":2.4,"timestamp_utc":"2022-06-20T03:00:00","snow_rate":0,"app_temp":11.5,"pres":1004.0762,"azimuth":46.86,"dewpt":10.7,"uv":0,"elev_angle":-1.51,"wind_dir":2,"weather":{"icon":"c04n","code":804,"description":"Overcast clouds"},"ghi":0,"dhi":0,"timestamp_local":"2022-06-20T05:00:00","solar_rad":0,"vis":10,"dni":0,"temp":11.5,"slp":1014,"clouds":100,"ts":1655694000},{"precip_rate":0,"rh":94,"wind_spd":2.3,"timestamp_utc":"2022-06-20T03:15:00","snow_rate":0,"app_temp":11.5,"pres":1003.8286,"azimuth":49.78,"dewpt":10.6,"uv":0.5,"elev_angle":0.32,"wind_dir":3,"weather":{"icon":"c04n","code":804,"description":"Overcast clouds"},"ghi":15,"dhi":9.18,"timestamp_local":"2022-06-20T05:15:00","solar_rad":10.111387,"vis":10,"dni":79.9,"temp":11.5,"slp":1013.75,"clouds":100,"ts":1655694900},{"precip_rate":0,"rh":94,"wind_spd":2.2,"timestamp_utc":"2022-06-20T03:30:00","snow_rate":0,"app_temp":11.5,"pres":1003.58105,"azimuth":52.7,"dewpt":10.6,"uv":0.5,"elev_angle":2.14,"wind_dir":4,"weather":{"icon":"c04n","code":804,"description":"Overcast clouds"},"ghi":30,"dhi":18.36,"timestamp_local":"2022-06-20T05:30:00","solar_rad":20.222775,"vis":10,"dni":159.8,"temp":11.5,"slp":1013.5,"clouds":100,"ts":1655695800},{"precip_rate":0,"rh":94,"wind_spd":2.1,"timestamp_utc":"2022-06-20T03:45:00","snow_rate":0,"app_temp":11.5,"pres":1003.3335,"azimuth":55.62,"dewpt":10.6,"uv":0.5,"elev_angle":3.97,"wind_dir":5,"weather":{"icon":"c04n","code":804,"description":"Overcast clouds"},"ghi":45,"dhi":27.54,"timestamp_local":"2022-06-20T05:45:00","solar_rad":30.334162,"vis":10,"dni":239.7,"temp":11.5,"slp":1013.25,"clouds":100,"ts":1655696700},{"precip_rate":0,"rh":93,"wind_spd":2,"timestamp_utc":"2022-06-20T04:00:00","snow_rate":0,"app_temp":11.5,"pres":1003.08594,"azimuth":58.54,"dewpt":10.4,"uv":0.5,"elev_angle":5.79,"wind_dir":6,"weather":{"icon":"c04d","code":804,"description":"Overcast clouds"},"ghi":60,"dhi":36.72,"timestamp_local":"2022-06-20T06:00:00","solar_rad":40.469746,"vis":10,"dni":319.6,"temp":11.5,"slp":1013,"clouds":100,"ts":1655697600},{"precip_rate":0,"rh":92,"wind_spd":1.9,"timestamp_utc":"2022-06-20T04:15:00","snow_rate":0,"app_temp":11.7,"pres":1003.09235,"azimuth":61.34,"dewpt":10.4,"uv":0.6,"elev_angle":7.85,"wind_dir":80,"weather":{"icon":"c04d","code":804,"description":"Overcast clouds"},"ghi":92.3,"dhi":43.03,"timestamp_local":"2022-06-20T06:15:00","solar_rad":48.93856,"vis":10,"dni":378.34,"temp":11.7,"slp":1013,"clouds":100,"ts":1655698500},{"precip_rate":0,"rh":92,"wind_spd":1.8,"timestamp_utc":"2022-06-20T04:30:00","snow_rate":0,"app_temp":11.8,"pres":1003.09875,"azimuth":64.13,"dewpt":10.6,"uv":0.6,"elev_angle":9.92,"wind_dir":155,"weather":{"icon":"c04d","code":804,"description":"Overcast clouds"},"ghi":124.5,"dhi":49.34,"timestamp_local":"2022-06-20T06:30:00","solar_rad":57.353085,"vis":10,"dni":437.08,"temp":11.8,"slp":1013,"clouds":100,"ts":1655699400},{"precip_rate":0,"rh":92,"wind_spd":1.7,"timestamp_utc":"2022-06-20T04:45:00","snow_rate":0,"app_temp":12,"pres":1003.1051,"azimuth":66.93,"dewpt":10.8,"uv":0.6,"elev_angle":11.98,"wind_dir":230,"weather":{"icon":"c04d","code":804,"description":"Overcast clouds"},"ghi":156.8,"dhi":55.64,"timestamp_local":"2022-06-20T06:45:00","solar_rad":65.74099,"vis":10,"dni":495.81,"temp":12,"slp":1013,"clouds":100,"ts":1655700300},{"precip_rate":0,"rh":91,"wind_spd":1.6,"timestamp_utc":"2022-06-20T05:00:00","snow_rate":0,"app_temp":12.2,"pres":1003.1115,"azimuth":69.72,"dewpt":10.8,"uv":0.6,"elev_angle":14.04,"wind_dir":304,"weather":{"icon":"c04d","code":804,"description":"Overcast clouds"},"ghi":189.1,"dhi":61.95,"timestamp_local":"2022-06-20T07:00:00","solar_rad":74.18812,"vis":10,"dni":554.55,"temp":12.2,"slp":1013,"clouds":100,"ts":1655701200},{"precip_rate":0,"rh":89,"wind_spd":1.8,"timestamp_utc":"2022-06-20T05:15:00","snow_rate":0,"app_temp":12.5,"pres":1003.36865,"azimuth":72.5,"dewpt":10.7,"uv":0.8,"elev_angle":16.26,"wind_dir":306,"weather":{"icon":"c04d","code":804,"description":"Overcast clouds"},"ghi":227.1,"dhi":66.45,"timestamp_local":"2022-06-20T07:15:00","solar_rad":71.59536,"vis":10,"dni":587.9,"temp":12.5,"slp":1013.25,"clouds":91,"ts":1655702100},{"precip_rate":0,"rh":86,"wind_spd":2,"timestamp_utc":"2022-06-20T05:30:00","snow_rate":0,"app_temp":12.8,"pres":1003.62573,"azimuth":75.27,"dewpt":10.5,"uv":0.9,"elev_angle":18.47,"wind_dir":307,"weather":{"icon":"c04d","code":804,"description":"Overcast clouds"},"ghi":265.2,"dhi":70.94,"timestamp_local":"2022-06-20T07:30:00","solar_rad":135.3982,"vis":10,"dni":621.25,"temp":12.8,"slp":1013.5,"clouds":82,"ts":1655703000},{"precip_rate":0,"rh":84,"wind_spd":2.2,"timestamp_utc":"2022-06-20T05:45:00","snow_rate":0,"app_temp":13,"pres":1003.8828,"azimuth":78.05,"dewpt":10.4,"uv":1.2,"elev_angle":20.69,"wind_dir":308,"weather":{"icon":"c04d","code":804,"description":"Overcast clouds"},"ghi":303.2,"dhi":75.44,"timestamp_local":"2022-06-20T07:45:00","solar_rad":204.52805,"vis":10,"dni":654.59,"temp":13,"slp":1013.75,"clouds":72,"ts":1655703900},{"precip_rate":0,"rh":82,"wind_spd":2.4,"timestamp_utc":"2022-06-20T06:00:00","snow_rate":0,"app_temp":13.3,"pres":1004.13995,"azimuth":80.82,"dewpt":10.3,"uv":1.4,"elev_angle":22.9,"wind_dir":310,"weather":{"icon":"c03d","code":803,"description":"Broken clouds"},"ghi":341.3,"dhi":79.93,"timestamp_local":"2022-06-20T08:00:00","solar_rad":266.99286,"vis":10,"dni":687.94,"temp":13.3,"slp":1014,"clouds":63,"ts":1655704800},{"precip_rate":0,"rh":81,"wind_spd":2.6,"timestamp_utc":"2022-06-20T06:15:00","snow_rate":0,"app_temp":13.5,"pres":1004.14624,"azimuth":83.72,"dewpt":10.3,"uv":1.3,"elev_angle":25.19,"wind_dir":311,"weather":{"icon":"c04d","code":804,"description":"Overcast clouds"},"ghi":380.3,"dhi":83.32,"timestamp_local":"2022-06-20T08:15:00","solar_rad":256.62408,"vis":10,"dni":709.22,"temp":13.5,"slp":1014,"clouds":72,"ts":1655705700},{"precip_rate":0,"rh":80,"wind_spd":2.8,"timestamp_utc":"2022-06-20T06:30:00","snow_rate":0,"app_temp":13.7,"pres":1004.1526,"azimuth":86.63,"dewpt":10.3,"uv":1.3,"elev_angle":27.48,"wind_dir":312,"weather":{"icon":"c04d","code":804,"description":"Overcast clouds"},"ghi":419.4,"dhi":86.71,"timestamp_local":"2022-06-20T08:30:00","solar_rad":214.31252,"vis":10,"dni":730.5,"temp":13.7,"slp":1014,"clouds":82,"ts":1655706600},{"precip_rate":0,"rh":79,"wind_spd":3,"timestamp_utc":"2022-06-20T06:45:00","snow_rate":0,"app_temp":13.9,"pres":1004.15894,"azimuth":89.53,"dewpt":10.3,"uv":1.2,"elev_angle":29.76,"wind_dir":313,"weather":{"icon":"c04d","code":804,"description":"Overcast clouds"},"ghi":458.5,"dhi":90.09,"timestamp_local":"2022-06-20T08:45:00","solar_rad":145.00896,"vis":10,"dni":751.78,"temp":13.9,"slp":1014,"clouds":91,"ts":1655707500},{"precip_rate":0,"rh":78,"wind_spd":3.2,"timestamp_utc":"2022-06-20T07:00:00","snow_rate":0,"app_temp":14.1,"pres":1004.1652,"azimuth":92.43,"dewpt":10.3,"uv":1.1,"elev_angle":32.05,"wind_dir":314,"weather":{"icon":"c04d","code":804,"description":"Overcast clouds"},"ghi":497.6,"dhi":93.48,"timestamp_local":"2022-06-20T09:00:00","solar_rad":127.055244,"vis":10,"dni":773.06,"temp":14.1,"slp":1014,"clouds":100,"ts":1655708400},{"precip_rate":0,"rh":76,"wind_spd":3.4,"timestamp_utc":"2022-06-20T07:15:00","snow_rate":0,"app_temp":14.4,"pres":1004.1746,"azimuth":95.66,"dewpt":10.2,"uv":1.2,"elev_angle":34.32,"wind_dir":312,"weather":{"icon":"c04d","code":804,"description":"Overcast clouds"},"ghi":533.8,"dhi":96.03,"timestamp_local":"2022-06-20T09:15:00","solar_rad":132.25078,"vis":10,"dni":787.23,"temp":14.4,"slp":1014,"clouds":100,"ts":1655709300},{"precip_rate":0,"rh":74,"wind_spd":3.6,"timestamp_utc":"2022-06-20T07:30:00","snow_rate":0,"app_temp":14.7,"pres":1004.1841,"azimuth":98.9,"dewpt":10.1,"uv":1.3,"elev_angle":36.58,"wind_dir":310,"weather":{"icon":"c04d","code":804,"description":"Overcast clouds"},"ghi":570.1,"dhi":98.58,"timestamp_local":"2022-06-20T09:30:00","solar_rad":137.48535,"vis":10,"dni":801.4,"temp":14.7,"slp":1014,"clouds":100,"ts":1655710200},{"precip_rate":0,"rh":71,"wind_spd":3.8,"timestamp_utc":"2022-06-20T07:45:00","snow_rate":0,"app_temp":14.9,"pres":1004.1935,"azimuth":102.13,"dewpt":9.7,"uv":1.4,"elev_angle":38.85,"wind_dir":308,"weather":{"icon":"c04d","code":804,"description":"Overcast clouds"},"ghi":606.4,"dhi":101.12,"timestamp_local":"2022-06-20T09:45:00","solar_rad":161.76,"vis":10,"dni":815.57,"temp":14.9,"slp":1014,"clouds":100,"ts":1655711100},{"precip_rate":0,"rh":69,"wind_spd":4,"timestamp_utc":"2022-06-20T08:00:00","snow_rate":0,"app_temp":15.2,"pres":1004.2029,"azimuth":105.36,"dewpt":9.6,"uv":1.5,"elev_angle":41.11,"wind_dir":306,"weather":{"icon":"c04d","code":804,"description":"Overcast clouds"},"ghi":642.7,"dhi":103.67,"timestamp_local":"2022-06-20T10:00:00","solar_rad":167.94,"vis":10,"dni":829.74,"temp":15.2,"slp":1014,"clouds":100,"ts":1655712000},{"precip_rate":0,"rh":67,"wind_spd":4.1,"timestamp_utc":"2022-06-20T08:15:00","snow_rate":0,"app_temp":15.5,"pres":1004.45984,"azimuth":109.25,"dewpt":9.4,"uv":2.1,"elev_angle":43.22,"wind_dir":306,"weather":{"icon":"c04d","code":804,"description":"Overcast clouds"},"ghi":673,"dhi":105.51,"timestamp_local":"2022-06-20T10:15:00","solar_rad":310.29602,"vis":10,"dni":839.1,"temp":15.5,"slp":1014.25,"clouds":86,"ts":1655712900},{"precip_rate":0,"rh":66,"wind_spd":4.2,"timestamp_utc":"2022-06-20T08:30:00","snow_rate":0,"app_temp":15.8,"pres":1004.7168,"azimuth":113.13,"dewpt":9.4,"uv":2.8,"elev_angle":45.33,"wind_dir":307,"weather":{"icon":"c04d","code":804,"description":"Overcast clouds"},"ghi":703.3,"dhi":107.34,"timestamp_local":"2022-06-20T10:30:00","solar_rad":496.13632,"vis":10,"dni":848.46,"temp":15.8,"slp":1014.5,"clouds":72,"ts":1655713800},{"precip_rate":0,"rh":64,"wind_spd":4.3,"timestamp_utc":"2022-06-20T08:45:00","snow_rate":0,"app_temp":16,"pres":1004.9737,"azimuth":117.02,"dewpt":9.2,"uv":3.6,"elev_angle":47.44,"wind_dir":308,"weather":{"icon":"c03d","code":803,"description":"Broken clouds"},"ghi":733.5,"dhi":109.18,"timestamp_local":"2022-06-20T10:45:00","solar_rad":623.7159,"vis":10,"dni":857.82,"temp":16,"slp":1014.75,"clouds":59,"ts":1655714700},{"precip_rate":0,"rh":62,"wind_spd":4.4,"timestamp_utc":"2022-06-20T09:00:00","snow_rate":0,"app_temp":16.3,"pres":1005.23065,"azimuth":120.9,"dewpt":9,"uv":4.4,"elev_angle":49.55,"wind_dir":308,"weather":{"icon":"c03d","code":803,"description":"Broken clouds"},"ghi":763.8,"dhi":111.01,"timestamp_local":"2022-06-20T11:00:00","solar_rad":718.286,"vis":10,"dni":867.18,"temp":16.3,"slp":1015,"clouds":45,"ts":1655715600},{"precip_rate":0,"rh":59,"wind_spd":4.4,"timestamp_utc":"2022-06-20T09:15:00","snow_rate":0,"app_temp":16.7,"pres":1004.9954,"azimuth":125.87,"dewpt":8.6,"uv":4,"elev_angle":51.29,"wind_dir":308,"weather":{"icon":"c03d","code":803,"description":"Broken clouds"},"ghi":785.5,"dhi":112.2,"timestamp_local":"2022-06-20T11:15:00","solar_rad":667.933,"vis":10,"dni":872.91,"temp":16.7,"slp":1014.75,"clouds":59,"ts":1655716500},{"precip_rate":0,"rh":56,"wind_spd":4.4,"timestamp_utc":"2022-06-20T09:30:00","snow_rate":0,"app_temp":17.1,"pres":1004.76013,"azimuth":130.84,"dewpt":8.2,"uv":3.6,"elev_angle":53.03,"wind_dir":307,"weather":{"icon":"c04d","code":804,"description":"Overcast clouds"},"ghi":807.1,"dhi":113.39,"timestamp_local":"2022-06-20T11:30:00","solar_rad":569.361,"vis":10,"dni":878.64,"temp":17.1,"slp":1014.5,"clouds":72,"ts":1655717400},{"precip_rate":0,"rh":54,"wind_spd":4.4,"timestamp_utc":"2022-06-20T09:45:00","snow_rate":0,"app_temp":17.4,"pres":1004.5249,"azimuth":135.8,"dewpt":8,"uv":3,"elev_angle":54.76,"wind_dir":306,"weather":{"icon":"c04d","code":804,"description":"Overcast clouds"},"ghi":828.8,"dhi":114.58,"timestamp_local":"2022-06-20T11:45:00","solar_rad":382.1298,"vis":10,"dni":884.36,"temp":17.4,"slp":1014.25,"clouds":86,"ts":1655718300},{"precip_rate":0,"rh":51,"wind_spd":4.4,"timestamp_utc":"2022-06-20T10:00:00","snow_rate":0,"app_temp":17.8,"pres":1004.2897,"azimuth":140.77,"dewpt":7.5,"uv":2.4,"elev_angle":56.5,"wind_dir":306,"weather":{"icon":"c04d","code":804,"description":"Overcast clouds"},"ghi":850.5,"dhi":115.77,"timestamp_local":"2022-06-20T12:00:00","solar_rad":200.82,"vis":10,"dni":890.09,"temp":17.8,"slp":1014,"clouds":100,"ts":1655719200},{"precip_rate":0,"rh":50,"wind_spd":4.5,"timestamp_utc":"2022-06-20T10:15:00","snow_rate":0,"app_temp":18,"pres":1004.2958,"azimuth":147.11,"dewpt":7.4,"uv":2.5,"elev_angle":57.54,"wind_dir":306,"weather":{"icon":"c04d","code":804,"description":"Overcast clouds"},"ghi":861.7,"dhi":116.36,"timestamp_local":"2022-06-20T12:15:00","solar_rad":202.53,"vis":10,"dni":892.81,"temp":18,"slp":1014,"clouds":100,"ts":1655720100},{"precip_rate":0,"rh":48,"wind_spd":4.6,"timestamp_utc":"2022-06-20T10:30:00","snow_rate":0,"app_temp":18.1,"pres":1004.30194,"azimuth":153.45,"dewpt":7,"uv":2.5,"elev_angle":58.57,"wind_dir":305,"weather":{"icon":"c04d","code":804,"description":"Overcast clouds"},"ghi":873,"dhi":116.94,"timestamp_local":"2022-06-20T12:30:00","solar_rad":204.24,"vis":10,"dni":895.53,"temp":18.1,"slp":1014,"clouds":100,"ts":1655721000},{"precip_rate":0,"rh":47,"wind_spd":4.7,"timestamp_utc":"2022-06-20T10:45:00","snow_rate":0,"app_temp":18.3,"pres":1004.3081,"azimuth":159.79,"dewpt":6.8,"uv":2.6,"elev_angle":59.61,"wind_dir":304,"weather":{"icon":"c04d","code":804,"description":"Overcast clouds"},"ghi":884.2,"dhi":117.53,"timestamp_local":"2022-06-20T12:45:00","solar_rad":205.95,"vis":10,"dni":898.24,"temp":18.3,"slp":1014,"clouds":100,"ts":1655721900},{"precip_rate":0,"rh":46,"wind_spd":4.8,"timestamp_utc":"2022-06-20T11:00:00","snow_rate":0,"app_temp":17.6,"pres":1004.3142,"azimuth":166.13,"dewpt":6.7,"uv":2.7,"elev_angle":60.64,"wind_dir":304,"weather":{"icon":"c04d","code":804,"description":"Overcast clouds"},"ghi":895.5,"dhi":118.11,"timestamp_local":"2022-06-20T13:00:00","solar_rad":207.66,"vis":10,"dni":900.96,"temp":18.5,"slp":1014,"clouds":100,"ts":1655722800},{"precip_rate":0,"rh":46,"wind_spd":4.8,"timestamp_utc":"2022-06-20T11:15:00","snow_rate":0,"app_temp":17.6,"pres":1004.3142,"azimuth":173.19,"dewpt":6.7,"uv":3,"elev_angle":60.63,"wind_dir":304,"weather":{"icon":"c04d","code":804,"description":"Overcast clouds"},"ghi":895.4,"dhi":118.11,"timestamp_local":"2022-06-20T13:15:00","solar_rad":218.50726,"vis":10,"dni":900.94,"temp":18.5,"slp":1014,"clouds":95,"ts":1655723700},{"precip_rate":0,"rh":46,"wind_spd":4.8,"timestamp_utc":"2022-06-20T11:30:00","snow_rate":0,"app_temp":17.6,"pres":1004.3142,"azimuth":180.26,"dewpt":6.7,"uv":3.3,"elev_angle":60.62,"wind_dir":303,"weather":{"icon":"c04d","code":804,"description":"Overcast clouds"},"ghi":895.3,"dhi":118.1,"timestamp_local":"2022-06-20T13:30:00","solar_rad":332.13504,"vis":10,"dni":900.91,"temp":18.5,"slp":1014,"clouds":90,"ts":1655724600},{"precip_rate":0,"rh":46,"wind_spd":4.8,"timestamp_utc":"2022-06-20T11:45:00","snow_rate":0,"app_temp":17.6,"pres":1004.3142,"azimuth":187.32,"dewpt":6.7,"uv":3.5,"elev_angle":60.61,"wind_dir":302,"weather":{"icon":"c04d","code":804,"description":"Overcast clouds"},"ghi":895.2,"dhi":118.1,"timestamp_local":"2022-06-20T13:45:00","solar_rad":412.74445,"vis":10,"dni":900.89,"temp":18.5,"slp":1014,"clouds":86,"ts":1655725500},{"precip_rate":0,"rh":46,"wind_spd":4.8,"timestamp_utc":"2022-06-20T12:00:00","snow_rate":0,"app_temp":17.6,"pres":1004.3142,"azimuth":194.38,"dewpt":6.7,"uv":3.8,"elev_angle":60.6,"wind_dir":302,"weather":{"icon":"c04d","code":804,"description":"Overcast clouds"},"ghi":895.1,"dhi":118.09,"timestamp_local":"2022-06-20T14:00:00","solar_rad":501.58334,"vis":10,"dni":900.86,"temp":18.5,"slp":1014,"clouds":81,"ts":1655726400},{"precip_rate":0,"rh":46,"wind_spd":4.9,"timestamp_utc":"2022-06-20T12:15:00","snow_rate":0,"app_temp":17.6,"pres":1004.5618,"azimuth":200.7,"dewpt":6.7,"uv":3.6,"elev_angle":59.55,"wind_dir":300,"weather":{"icon":"c04d","code":804,"description":"Overcast clouds"},"ghi":883.6,"dhi":117.5,"timestamp_local":"2022-06-20T14:15:00","solar_rad":461.55017,"vis":10,"dni":898.09,"temp":18.5,"slp":1014.25,"clouds":83,"ts":1655727300},{"precip_rate":0,"rh":46,"wind_spd":5,"timestamp_utc":"2022-06-20T12:30:00","snow_rate":0,"app_temp":17.6,"pres":1004.80945,"azimuth":207.02,"dewpt":6.7,"uv":3.3,"elev_angle":58.5,"wind_dir":299,"weather":{"icon":"c04d","code":804,"description":"Overcast clouds"},"ghi":872.2,"dhi":116.9,"timestamp_local":"2022-06-20T14:30:00","solar_rad":402.13995,"vis":10,"dni":895.32,"temp":18.5,"slp":1014.5,"clouds":86,"ts":1655728200},{"precip_rate":0,"rh":47,"wind_spd":5.1,"timestamp_utc":"2022-06-20T12:45:00","snow_rate":0,"app_temp":17.6,"pres":1005.05707,"azimuth":213.33,"dewpt":7,"uv":3.1,"elev_angle":57.45,"wind_dir":298,"weather":{"icon":"c04d","code":804,"description":"Overcast clouds"},"ghi":860.7,"dhi":116.31,"timestamp_local":"2022-06-20T14:45:00","solar_rad":359.12555,"vis":10,"dni":892.55,"temp":18.5,"slp":1014.75,"clouds":88,"ts":1655729100},{"precip_rate":0,"rh":47,"wind_spd":5.2,"timestamp_utc":"2022-06-20T13:00:00","snow_rate":0,"app_temp":17.6,"pres":1005.3047,"azimuth":219.65,"dewpt":7,"uv":3,"elev_angle":56.4,"wind_dir":296,"weather":{"icon":"c04d","code":804,"description":"Overcast clouds"},"ghi":849.3,"dhi":115.71,"timestamp_local":"2022-06-20T15:00:00","solar_rad":315.07013,"vis":10,"dni":889.78,"temp":18.5,"slp":1015,"clouds":90,"ts":1655730000},{"precip_rate":0,"rh":48,"wind_spd":5.3,"timestamp_utc":"2022-06-20T13:15:00","snow_rate":0,"app_temp":17.5,"pres":1005.30164,"azimuth":224.59,"dewpt":7.2,"uv":2.7,"elev_angle":54.65,"wind_dir":298,"weather":{"icon":"c04d","code":804,"description":"Overcast clouds"},"ghi":827.4,"dhi":114.51,"timestamp_local":"2022-06-20T15:15:00","solar_rad":266.56302,"vis":10,"dni":883.99,"temp":18.4,"slp":1015,"clouds":92,"ts":1655730900},{"precip_rate":0,"rh":48,"wind_spd":5.4,"timestamp_utc":"2022-06-20T13:30:00","snow_rate":0,"app_temp":18.3,"pres":1005.2986,"azimuth":229.54,"dewpt":7.1,"uv":2.4,"elev_angle":52.9,"wind_dir":300,"weather":{"icon":"c04d","code":804,"description":"Overcast clouds"},"ghi":805.6,"dhi":113.31,"timestamp_local":"2022-06-20T15:30:00","solar_rad":196.59308,"vis":10,"dni":878.21,"temp":18.3,"slp":1015,"clouds":95,"ts":1655731800},{"precip_rate":0,"rh":48,"wind_spd":5.5,"timestamp_utc":"2022-06-20T13:45:00","snow_rate":0,"app_temp":18.2,"pres":1005.2955,"azimuth":234.48,"dewpt":7,"uv":2.2,"elev_angle":51.15,"wind_dir":302,"weather":{"icon":"c04d","code":804,"description":"Overcast clouds"},"ghi":783.7,"dhi":112.1,"timestamp_local":"2022-06-20T15:45:00","solar_rad":125.19206,"vis":10,"dni":872.42,"temp":18.2,"slp":1015,"clouds":98,"ts":1655732700},{"precip_rate":0,"rh":49,"wind_spd":5.6,"timestamp_utc":"2022-06-20T14:00:00","snow_rate":0,"app_temp":18.1,"pres":1005.2924,"azimuth":239.42,"dewpt":7.2,"uv":2,"elev_angle":49.4,"wind_dir":304,"weather":{"icon":"c04d","code":804,"description":"Overcast clouds"},"ghi":761.9,"dhi":110.9,"timestamp_local":"2022-06-20T16:00:00","solar_rad":187.09,"vis":10,"dni":866.63,"temp":18.1,"slp":1015,"clouds":100,"ts":1655733600},{"precip_rate":0,"rh":49,"wind_spd":5.6,"timestamp_utc":"2022-06-20T14:15:00","snow_rate":0,"app_temp":18.2,"pres":1005.2955,"azimuth":243.29,"dewpt":7.3,"uv":2.1,"elev_angle":47.29,"wind_dir":307,"weather":{"icon":"c04d","code":804,"description":"Overcast clouds"},"ghi":731.5,"dhi":109.05,"timestamp_local":"2022-06-20T16:15:00","solar_rad":217.10248,"vis":10,"dni":857.2,"temp":18.2,"slp":1015,"clouds":93,"ts":1655734500},{"precip_rate":0,"rh":48,"wind_spd":5.6,"timestamp_utc":"2022-06-20T14:30:00","snow_rate":0,"app_temp":18.3,"pres":1005.2986,"azimuth":247.16,"dewpt":7.1,"uv":2.3,"elev_angle":45.18,"wind_dir":310,"weather":{"icon":"c04d","code":804,"description":"Overcast clouds"},"ghi":701.1,"dhi":107.21,"timestamp_local":"2022-06-20T16:30:00","solar_rad":323.25192,"vis":10,"dni":847.77,"temp":18.3,"slp":1015,"clouds":86,"ts":1655735400},{"precip_rate":0,"rh":48,"wind_spd":5.6,"timestamp_utc":"2022-06-20T14:45:00","snow_rate":0,"app_temp":17.5,"pres":1005.30164,"azimuth":251.02,"dewpt":7.2,"uv":2.4,"elev_angle":43.06,"wind_dir":313,"weather":{"icon":"c04d","code":804,"description":"Overcast clouds"},"ghi":670.6,"dhi":105.36,"timestamp_local":"2022-06-20T16:45:00","solar_rad":399.80655,"vis":10,"dni":838.33,"temp":18.4,"slp":1015,"clouds":79,"ts":1655736300},{"precip_rate":0,"rh":48,"wind_spd":5.6,"timestamp_utc":"2022-06-20T15:00:00","snow_rate":0,"app_temp":17.7,"pres":1005.3047,"azimuth":254.89,"dewpt":7.3,"uv":2.4,"elev_angle":40.95,"wind_dir":316,"weather":{"icon":"c04d","code":804,"description":"Overcast clouds"},"ghi":640.2,"dhi":103.51,"timestamp_local":"2022-06-20T17:00:00","solar_rad":451.62302,"vis":10,"dni":828.9,"temp":18.5,"slp":1015,"clouds":72,"ts":1655737200},{"precip_rate":0,"rh":48,"wind_spd":5.6,"timestamp_utc":"2022-06-20T15:15:00","snow_rate":0,"app_temp":17.7,"pres":1005.5523,"azimuth":258.12,"dewpt":7.3,"uv":2.4,"elev_angle":38.69,"wind_dir":318,"weather":{"icon":"c03d","code":803,"description":"Broken clouds"},"ghi":603.9,"dhi":100.95,"timestamp_local":"2022-06-20T17:15:00","solar_rad":457.43365,"vis":10,"dni":814.63,"temp":18.5,"slp":1015.25,"clouds":68,"ts":1655738100},{"precip_rate":0,"rh":48,"wind_spd":5.6,"timestamp_utc":"2022-06-20T15:30:00","snow_rate":0,"app_temp":17.7,"pres":1005.7999,"azimuth":261.35,"dewpt":7.3,"uv":2.3,"elev_angle":36.42,"wind_dir":319,"weather":{"icon":"c03d","code":803,"description":"Broken clouds"},"ghi":567.5,"dhi":98.39,"timestamp_local":"2022-06-20T17:30:00","solar_rad":455.49942,"vis":10,"dni":800.35,"temp":18.5,"slp":1015.5,"clouds":64,"ts":1655739000},{"precip_rate":0,"rh":47,"wind_spd":5.6,"timestamp_utc":"2022-06-20T15:45:00","snow_rate":0,"app_temp":17.6,"pres":1006.0475,"azimuth":264.57,"dewpt":7,"uv":2.2,"elev_angle":34.16,"wind_dir":320,"weather":{"icon":"c03d","code":803,"description":"Broken clouds"},"ghi":531.1,"dhi":95.83,"timestamp_local":"2022-06-20T17:45:00","solar_rad":451.60944,"vis":10,"dni":786.08,"temp":18.5,"slp":1015.75,"clouds":59,"ts":1655739900},{"precip_rate":0,"rh":47,"wind_spd":5.6,"timestamp_utc":"2022-06-20T16:00:00","snow_rate":0,"app_temp":17.6,"pres":1006.2951,"azimuth":267.8,"dewpt":7,"uv":2.1,"elev_angle":31.89,"wind_dir":322,"weather":{"icon":"c03d","code":803,"description":"Broken clouds"},"ghi":494.8,"dhi":93.27,"timestamp_local":"2022-06-20T18:00:00","solar_rad":436.4682,"vis":10,"dni":771.8,"temp":18.5,"slp":1016,"clouds":55,"ts":1655740800},{"precip_rate":0,"rh":47,"wind_spd":5.4,"timestamp_utc":"2022-06-20T16:15:00","snow_rate":0,"app_temp":17.5,"pres":1006.29205,"azimuth":270.7,"dewpt":6.9,"uv":2.1,"elev_angle":29.6,"wind_dir":323,"weather":{"icon":"c03d","code":803,"description":"Broken clouds"},"ghi":455.7,"dhi":89.87,"timestamp_local":"2022-06-20T18:15:00","solar_rad":419.4266,"vis":10,"dni":750.36,"temp":18.4,"slp":1016,"clouds":49,"ts":1655741700},{"precip_rate":0,"rh":48,"wind_spd":5.2,"timestamp_utc":"2022-06-20T16:30:00","snow_rate":0,"app_temp":18.3,"pres":1006.28894,"azimuth":273.59,"dewpt":7.1,"uv":2,"elev_angle":27.32,"wind_dir":324,"weather":{"icon":"c03d","code":803,"description":"Broken clouds"},"ghi":416.6,"dhi":86.46,"timestamp_local":"2022-06-20T18:30:00","solar_rad":396.96597,"vis":10,"dni":728.91,"temp":18.3,"slp":1016,"clouds":42,"ts":1655742600},{"precip_rate":0,"rh":48,"wind_spd":5,"timestamp_utc":"2022-06-20T16:45:00","snow_rate":0,"app_temp":18.2,"pres":1006.2859,"azimuth":276.49,"dewpt":7,"uv":2,"elev_angle":25.03,"wind_dir":325,"weather":{"icon":"c02d","code":802,"description":"Scattered clouds"},"ghi":377.5,"dhi":83.06,"timestamp_local":"2022-06-20T18:45:00","solar_rad":366.96613,"vis":10,"dni":707.47,"temp":18.2,"slp":1016,"clouds":36,"ts":1655743500},{"precip_rate":0,"rh":48,"wind_spd":4.8,"timestamp_utc":"2022-06-20T17:00:00","snow_rate":0,"app_temp":18.1,"pres":1006.28284,"azimuth":279.38,"dewpt":6.9,"uv":1.9,"elev_angle":22.74,"wind_dir":326,"weather":{"icon":"c02d","code":802,"description":"Scattered clouds"},"ghi":338.4,"dhi":79.65,"timestamp_local":"2022-06-20T19:00:00","solar_rad":333.31976,"vis":10,"dni":686.02,"temp":18.1,"slp":1016,"clouds":30,"ts":1655744400},{"precip_rate":0,"rh":48,"wind_spd":4.7,"timestamp_utc":"2022-06-20T17:15:00","snow_rate":0,"app_temp":17.9,"pres":1006.2767,"azimuth":282.16,"dewpt":6.8,"uv":1.9,"elev_angle":20.53,"wind_dir":326,"weather":{"icon":"c02d","code":802,"description":"Scattered clouds"},"ghi":300.4,"dhi":75.13,"timestamp_local":"2022-06-20T19:15:00","solar_rad":297.97372,"vis":10,"dni":652.38,"temp":17.9,"slp":1016,"clouds":25,"ts":1655745300},{"precip_rate":0,"rh":48,"wind_spd":4.6,"timestamp_utc":"2022-06-20T17:30:00","snow_rate":0,"app_temp":17.8,"pres":1006.2705,"azimuth":284.93,"dewpt":6.6,"uv":1.8,"elev_angle":18.31,"wind_dir":326,"weather":{"icon":"c02d","code":801,"description":"Few clouds"},"ghi":262.4,"dhi":70.61,"timestamp_local":"2022-06-20T19:30:00","solar_rad":261.40756,"vis":10,"dni":618.74,"temp":17.8,"slp":1016,"clouds":20,"ts":1655746200},{"precip_rate":0,"rh":49,"wind_spd":4.5,"timestamp_utc":"2022-06-20T17:45:00","snow_rate":0,"app_temp":17.6,"pres":1006.2644,"azimuth":287.71,"dewpt":6.7,"uv":1.8,"elev_angle":16.1,"wind_dir":326,"weather":{"icon":"c02d","code":801,"description":"Few clouds"},"ghi":224.4,"dhi":66.09,"timestamp_local":"2022-06-20T19:45:00","solar_rad":224.1476,"vis":10,"dni":585.09,"temp":17.6,"slp":1016,"clouds":14,"ts":1655747100},{"precip_rate":0,"rh":49,"wind_spd":4.4,"timestamp_utc":"2022-06-20T18:00:00","snow_rate":0,"app_temp":17.4,"pres":1006.25824,"azimuth":290.48,"dewpt":6.6,"uv":1.8,"elev_angle":13.88,"wind_dir":326,"weather":{"icon":"c02d","code":801,"description":"Few clouds"},"ghi":186.5,"dhi":61.57,"timestamp_local":"2022-06-20T20:00:00","solar_rad":186.4533,"vis":10,"dni":551.45,"temp":17.4,"slp":1016,"clouds":9,"ts":1655748000},{"precip_rate":0,"rh":50,"wind_spd":4.2,"timestamp_utc":"2022-06-20T18:15:00","snow_rate":0,"app_temp":17.1,"pres":1006.2489,"azimuth":293.28,"dewpt":6.6,"uv":1.7,"elev_angle":11.82,"wind_dir":325,"weather":{"icon":"c02d","code":801,"description":"Few clouds"},"ghi":154.4,"dhi":55.22,"timestamp_local":"2022-06-20T20:15:00","solar_rad":154.29718,"vis":10,"dni":492,"temp":17.1,"slp":1016,"clouds":12,"ts":1655748900},{"precip_rate":0,"rh":52,"wind_spd":4,"timestamp_utc":"2022-06-20T18:30:00","snow_rate":0,"app_temp":16.8,"pres":1006.2396,"azimuth":296.08,"dewpt":6.9,"uv":1.6,"elev_angle":9.76,"wind_dir":324,"weather":{"icon":"c02d","code":801,"description":"Few clouds"},"ghi":122.3,"dhi":48.86,"timestamp_local":"2022-06-20T20:30:00","solar_rad":122.08339,"vis":10,"dni":432.56,"temp":16.8,"slp":1016,"clouds":16,"ts":1655749800},{"precip_rate":0,"rh":53,"wind_spd":3.8,"timestamp_utc":"2022-06-20T18:45:00","snow_rate":0,"app_temp":16.6,"pres":1006.23035,"azimuth":298.87,"dewpt":7,"uv":1.5,"elev_angle":7.7,"wind_dir":323,"weather":{"icon":"c02d","code":801,"description":"Few clouds"},"ghi":90.2,"dhi":42.51,"timestamp_local":"2022-06-20T20:45:00","solar_rad":89.913445,"vis":10,"dni":373.11,"temp":16.6,"slp":1016,"clouds":19,"ts":1655750700},{"precip_rate":0,"rh":54,"wind_spd":3.6,"timestamp_utc":"2022-06-20T19:00:00","snow_rate":0,"app_temp":16.3,"pres":1006.221,"azimuth":301.67,"dewpt":7,"uv":1.5,"elev_angle":5.64,"wind_dir":322,"weather":{"icon":"c02d","code":802,"description":"Scattered clouds"},"ghi":58.1,"dhi":36.15,"timestamp_local":"2022-06-20T21:00:00","solar_rad":57.796154,"vis":10,"dni":313.66,"temp":16.3,"slp":1016,"clouds":22,"ts":1655751600},{"precip_rate":0,"rh":56,"wind_spd":3.5,"timestamp_utc":"2022-06-20T19:15:00","snow_rate":0,"app_temp":15.9,"pres":1006.2085,"azimuth":304.59,"dewpt":7.2,"uv":1.5,"elev_angle":3.82,"wind_dir":321,"weather":{"icon":"c02n","code":802,"description":"Scattered clouds"},"ghi":43.5,"dhi":27.11,"timestamp_local":"2022-06-20T21:15:00","solar_rad":43.23539,"vis":10,"dni":235.25,"temp":15.9,"slp":1016,"clouds":23,"ts":1655752500},{"precip_rate":0,"rh":58,"wind_spd":3.4,"timestamp_utc":"2022-06-20T19:30:00","snow_rate":0,"app_temp":15.5,"pres":1006.19604,"azimuth":307.52,"dewpt":7.3,"uv":1.5,"elev_angle":2.01,"wind_dir":320,"weather":{"icon":"c02n","code":802,"description":"Scattered clouds"},"ghi":29,"dhi":18.08,"timestamp_local":"2022-06-20T21:30:00","solar_rad":28.796127,"vis":10,"dni":156.83,"temp":15.5,"slp":1016,"clouds":24,"ts":1655753400},{"precip_rate":0,"rh":61,"wind_spd":3.3,"timestamp_utc":"2022-06-20T19:45:00","snow_rate":0,"app_temp":15.2,"pres":1006.18353,"azimuth":310.44,"dewpt":7.7,"uv":1.5,"elev_angle":0.19,"wind_dir":319,"weather":{"icon":"c02n","code":802,"description":"Scattered clouds"},"ghi":14.5,"dhi":9.04,"timestamp_local":"2022-06-20T21:45:00","solar_rad":14.398064,"vis":10,"dni":78.42,"temp":15.2,"slp":1016,"clouds":24,"ts":1655754300},{"precip_rate":0,"rh":63,"wind_spd":3.2,"timestamp_utc":"2022-06-20T20:00:00","snow_rate":0,"app_temp":14.8,"pres":1006.171,"azimuth":313.36,"dewpt":7.8,"uv":0,"elev_angle":-1.63,"wind_dir":318,"weather":{"icon":"c02n","code":802,"description":"Scattered clouds"},"ghi":0,"dhi":0,"timestamp_local":"2022-06-20T22:00:00","solar_rad":0,"vis":10,"dni":0,"temp":14.8,"slp":1016,"clouds":25,"ts":1655755200},{"precip_rate":0,"rh":66,"wind_spd":3.2,"timestamp_utc":"2022-06-20T20:15:00","snow_rate":0,"app_temp":14.4,"pres":1006.40594,"azimuth":316.47,"dewpt":8.2,"uv":0,"elev_angle":-3.12,"wind_dir":318,"weather":{"icon":"c02n","code":802,"description":"Scattered clouds"},"ghi":0,"dhi":0,"timestamp_local":"2022-06-20T22:15:00","solar_rad":0,"vis":10,"dni":0,"temp":14.4,"slp":1016.25,"clouds":30,"ts":1655756100},{"precip_rate":0,"rh":68,"wind_spd":3.2,"timestamp_utc":"2022-06-20T20:30:00","snow_rate":0,"app_temp":14.1,"pres":1006.64087,"azimuth":319.59,"dewpt":8.2,"uv":0,"elev_angle":-4.61,"wind_dir":319,"weather":{"icon":"c02n","code":802,"description":"Scattered clouds"},"ghi":0,"dhi":0,"timestamp_local":"2022-06-20T22:30:00","solar_rad":0,"vis":10,"dni":0,"temp":14.1,"slp":1016.5,"clouds":36,"ts":1655757000},{"precip_rate":0,"rh":70,"wind_spd":3.2,"timestamp_utc":"2022-06-20T20:45:00","snow_rate":0,"app_temp":13.7,"pres":1006.87585,"azimuth":322.7,"dewpt":8.3,"uv":0,"elev_angle":-6.09,"wind_dir":320,"weather":{"icon":"c03n","code":803,"description":"Broken clouds"},"ghi":0,"dhi":0,"timestamp_local":"2022-06-20T22:45:00","solar_rad":0,"vis":10,"dni":0,"temp":13.7,"slp":1016.75,"clouds":42,"ts":1655757900},{"precip_rate":0,"rh":73,"wind_spd":3.2,"timestamp_utc":"2022-06-20T21:00:00","snow_rate":0,"app_temp":13.3,"pres":1007.1108,"azimuth":325.81,"dewpt":8.6,"uv":0,"elev_angle":-7.58,"wind_dir":320,"weather":{"icon":"c03n","code":803,"description":"Broken clouds"},"ghi":0,"dhi":0,"timestamp_local":"2022-06-20T23:00:00","solar_rad":0,"vis":10,"dni":0,"temp":13.3,"slp":1017,"clouds":47,"ts":1655758800},{"precip_rate":0,"rh":74,"wind_spd":3.1,"timestamp_utc":"2022-06-20T21:15:00","snow_rate":0,"app_temp":13,"pres":1007.34875,"azimuth":329.13,"dewpt":8.5,"uv":0,"elev_angle":-8.64,"wind_dir":322,"weather":{"icon":"c02n","code":802,"description":"Scattered clouds"},"ghi":0,"dhi":0,"timestamp_local":"2022-06-20T23:15:00","solar_rad":0,"vis":10,"dni":0,"temp":13,"slp":1017.25,"clouds":35,"ts":1655759700},{"precip_rate":0,"rh":76,"wind_spd":3,"timestamp_utc":"2022-06-20T21:30:00","snow_rate":0,"app_temp":12.8,"pres":1007.5868,"azimuth":332.45,"dewpt":8.6,"uv":0,"elev_angle":-9.71,"wind_dir":323,"weather":{"icon":"c02n","code":802,"description":"Scattered clouds"},"ghi":0,"dhi":0,"timestamp_local":"2022-06-20T23:30:00","solar_rad":0,"vis":10,"dni":0,"temp":12.8,"slp":1017.5,"clouds":24,"ts":1655760600},{"precip_rate":0,"rh":77,"wind_spd":2.9,"timestamp_utc":"2022-06-20T21:45:00","snow_rate":0,"app_temp":12.5,"pres":1007.82477,"azimuth":335.76,"dewpt":8.6,"uv":0,"elev_angle":-10.77,"wind_dir":324,"weather":{"icon":"c02n","code":801,"description":"Few clouds"},"ghi":0,"dhi":0,"timestamp_local":"2022-06-20T23:45:00","solar_rad":0,"vis":10,"dni":0,"temp":12.5,"slp":1017.75,"clouds":12,"ts":1655761500},{"precip_rate":0,"rh":78,"wind_spd":2.8,"timestamp_utc":"2022-06-20T22:00:00","snow_rate":0,"app_temp":12.2,"pres":1008.06274,"azimuth":339.08,"dewpt":8.5,"uv":0,"elev_angle":-11.83,"wind_dir":326,"weather":{"icon":"c01n","code":800,"description":"Clear Sky"},"ghi":0,"dhi":0,"timestamp_local":"2022-06-21T00:00:00","solar_rad":0,"vis":10,"dni":0,"temp":12.2,"slp":1018,"clouds":0,"ts":1655762400},{"precip_rate":0,"rh":80,"wind_spd":2.8,"timestamp_utc":"2022-06-20T22:15:00","snow_rate":0,"app_temp":11.8,"pres":1007.8023,"azimuth":342.56,"dewpt":8.5,"uv":0,"elev_angle":-12.38,"wind_dir":324,"weather":{"icon":"c01n","code":800,"description":"Clear Sky"},"ghi":0,"dhi":0,"timestamp_local":"2022-06-21T00:15:00","solar_rad":0,"vis":10,"dni":0,"temp":11.8,"slp":1017.75,"clouds":0,"ts":1655763300},{"precip_rate":0,"rh":82,"wind_spd":2.8,"timestamp_utc":"2022-06-20T22:30:00","snow_rate":0,"app_temp":11.4,"pres":1007.5419,"azimuth":346.05,"dewpt":8.5,"uv":0,"elev_angle":-12.94,"wind_dir":321,"weather":{"icon":"c01n","code":800,"description":"Clear Sky"},"ghi":0,"dhi":0,"timestamp_local":"2022-06-21T00:30:00","solar_rad":0,"vis":10,"dni":0,"temp":11.4,"slp":1017.5,"clouds":0,"ts":1655764200},{"precip_rate":0,"rh":84,"wind_spd":2.8,"timestamp_utc":"2022-06-20T22:45:00","snow_rate":0,"app_temp":11.1,"pres":1007.28143,"azimuth":349.53,"dewpt":8.5,"uv":0,"elev_angle":-13.49,"wind_dir":318,"weather":{"icon":"c01n","code":800,"description":"Clear Sky"},"ghi":0,"dhi":0,"timestamp_local":"2022-06-21T00:45:00","solar_rad":0,"vis":10,"dni":0,"temp":11.1,"slp":1017.25,"clouds":1,"ts":1655765100},{"precip_rate":0,"rh":86,"wind_spd":2.8,"timestamp_utc":"2022-06-20T23:00:00","snow_rate":0,"app_temp":10.7,"pres":1007.021,"azimuth":353.01,"dewpt":8.5,"uv":0,"elev_angle":-14.04,"wind_dir":316,"weather":{"icon":"c01n","code":800,"description":"Clear Sky"},"ghi":0,"dhi":0,"timestamp_local":"2022-06-21T01:00:00","solar_rad":0,"vis":10,"dni":0,"temp":10.7,"slp":1017,"clouds":1,"ts":1655766000},{"precip_rate":0,"rh":88,"wind_spd":2.7,"timestamp_utc":"2022-06-20T23:15:00","snow_rate":0,"app_temp":10.3,"pres":1007.008,"azimuth":266.56,"dewpt":8.5,"uv":0,"elev_angle":-14.04,"wind_dir":314,"weather":{"icon":"c01n","code":800,"description":"Clear Sky"},"ghi":0,"dhi":0,"timestamp_local":"2022-06-21T01:15:00","solar_rad":0,"vis":10,"dni":0,"temp":10.3,"slp":1017,"clouds":1,"ts":1655766900},{"precip_rate":0,"rh":90,"wind_spd":2.6,"timestamp_utc":"2022-06-20T23:30:00","snow_rate":0,"app_temp":10,"pres":1006.995,"azimuth":180.1,"dewpt":8.4,"uv":0,"elev_angle":-14.04,"wind_dir":313,"weather":{"icon":"c01n","code":800,"description":"Clear Sky"},"ghi":0,"dhi":0,"timestamp_local":"2022-06-21T01:30:00","solar_rad":0,"vis":10,"dni":0,"temp":10,"slp":1017,"clouds":1,"ts":1655767800},{"precip_rate":0,"rh":91,"wind_spd":2.5,"timestamp_utc":"2022-06-20T23:45:00","snow_rate":0,"app_temp":9.7,"pres":1006.98193,"azimuth":93.65,"dewpt":8.3,"uv":0,"elev_angle":-14.03,"wind_dir":312,"weather":{"icon":"c01n","code":800,"description":"Clear Sky"},"ghi":0,"dhi":0,"timestamp_local":"2022-06-21T01:45:00","solar_rad":0,"vis":10,"dni":0,"temp":9.7,"slp":1017,"clouds":1,"ts":1655768700}],"sources":["103150-99999","imerg","merra2","era5","modis"],"city_id":"2856883"}
