{"timezone":"Europe\/Berlin","state_code":"06","country_code":"DE","lat":52.2833,"lon":8,"city_name":"Osnabr�ck","station_id":"103150-99999","data":[{"precip_rate":1.5,"rh":89,"wind_spd":2.8,"timestamp_utc":"2022-06-27T00:00:00","snow_rate":0,"app_temp":16.7,"pres":1005.2431,"azimuth":6.9,"dewpt":14.9,"uv":0,"elev_angle":-14.18,"wind_dir":314,"weather":{"icon":"r01n","code":500,"description":"Light rain"},"ghi":0,"dhi":0,"timestamp_local":"2022-06-27T02:00:00","solar_rad":0,"vis":10,"dni":0,"temp":16.7,"slp":1015,"clouds":100,"ts":1656288000},{"precip_rate":0.25,"rh":90,"wind_spd":2.6,"timestamp_utc":"2022-06-27T00:15:00","snow_rate":0,"app_temp":16.7,"pres":1005.4907,"azimuth":10.39,"dewpt":15.1,"uv":0,"elev_angle":-13.63,"wind_dir":322,"weather":{"icon":"c04n","code":804,"description":"Overcast clouds"},"ghi":0,"dhi":0,"timestamp_local":"2022-06-27T02:15:00","solar_rad":0,"vis":10,"dni":0,"temp":16.7,"slp":1015.25,"clouds":100,"ts":1656288900},{"precip_rate":0.5,"rh":90,"wind_spd":2.4,"timestamp_utc":"2022-06-27T00:30:00","snow_rate":0,"app_temp":16.7,"pres":1005.7383,"azimuth":13.88,"dewpt":15.1,"uv":0,"elev_angle":-13.08,"wind_dir":329,"weather":{"icon":"c04n","code":804,"description":"Overcast clouds"},"ghi":0,"dhi":0,"timestamp_local":"2022-06-27T02:30:00","solar_rad":0,"vis":10,"dni":0,"temp":16.7,"slp":1015.5,"clouds":100,"ts":1656289800},{"precip_rate":0.25,"rh":90,"wind_spd":2.2,"timestamp_utc":"2022-06-27T00:45:00","snow_rate":0,"app_temp":16.7,"pres":1005.98584,"azimuth":17.37,"dewpt":15.1,"uv":0,"elev_angle":-12.52,"wind_dir":336,"weather":{"icon":"c04n","code":804,"description":"Overcast clouds"},"ghi":0,"dhi":0,"timestamp_local":"2022-06-27T02:45:00","solar_rad":0,"vis":10,"dni":0,"temp":16.7,"slp":1015.75,"clouds":100,"ts":1656290700},{"precip_rate":1,"rh":91,"wind_spd":2,"timestamp_utc":"2022-06-27T01:00:00","snow_rate":0,"app_temp":16.7,"pres":1006.23346,"azimuth":20.86,"dewpt":15.2,"uv":0,"elev_angle":-11.97,"wind_dir":344,"weather":{"icon":"r01n","code":500,"description":"Light rain"},"ghi":0,"dhi":0,"timestamp_local":"2022-06-27T03:00:00","solar_rad":0,"vis":10,"dni":0,"temp":16.7,"slp":1016,"clouds":100,"ts":1656291600},{"precip_rate":1.125,"rh":91,"wind_spd":2.3,"timestamp_utc":"2022-06-27T01:15:00","snow_rate":0,"app_temp":16.7,"pres":1006.23346,"azimuth":24.19,"dewpt":15.2,"uv":0,"elev_angle":-10.91,"wind_dir":268,"weather":{"icon":"r01n","code":500,"description":"Light rain"},"ghi":0,"dhi":0,"timestamp_local":"2022-06-27T03:15:00","solar_rad":0,"vis":10,"dni":0,"temp":16.7,"slp":1016,"clouds":100,"ts":1656292500},{"precip_rate":1.25,"rh":91,"wind_spd":2.6,"timestamp_utc":"2022-06-27T01:30:00","snow_rate":0,"app_temp":16.7,"pres":1006.23346,"azimuth":27.51,"dewpt":15.2,"uv":0,"elev_angle":-9.85,"wind_dir":191,"weather":{"icon":"r01n","code":500,"description":"Light rain"},"ghi":0,"dhi":0,"timestamp_local":"2022-06-27T03:30:00","solar_rad":0,"vis":10,"dni":0,"temp":16.7,"slp":1016,"clouds":100,"ts":1656293400},{"precip_rate":1.25,"rh":91,"wind_spd":2.9,"timestamp_utc":"2022-06-27T01:45:00","snow_rate":0,"app_temp":16.7,"pres":1006.23346,"azimuth":30.84,"dewpt":15.2,"uv":0,"elev_angle":-8.79,"wind_dir":114,"weather":{"icon":"r01n","code":500,"description":"Light rain"},"ghi":0,"dhi":0,"timestamp_local":"2022-06-27T03:45:00","solar_rad":0,"vis":10,"dni":0,"temp":16.7,"slp":1016,"clouds":100,"ts":1656294300},{"precip_rate":2.5,"rh":91,"wind_spd":3.2,"timestamp_utc":"2022-06-27T02:00:00","snow_rate":0,"app_temp":16.7,"pres":1006.23346,"azimuth":34.16,"dewpt":15.2,"uv":0,"elev_angle":-7.73,"wind_dir":38,"weather":{"icon":"r01n","code":500,"description":"Light rain"},"ghi":0,"dhi":0,"timestamp_local":"2022-06-27T04:00:00","solar_rad":0,"vis":10,"dni":0,"temp":16.7,"slp":1016,"clouds":100,"ts":1656295200},{"precip_rate":1.75,"rh":92,"wind_spd":3.6,"timestamp_utc":"2022-06-27T02:15:00","snow_rate":0,"app_temp":16.6,"pres":1005.9828,"azimuth":37.28,"dewpt":15.3,"uv":0,"elev_angle":-6.25,"wind_dir":37,"weather":{"icon":"r01n","code":500,"description":"Light rain"},"ghi":0,"dhi":0,"timestamp_local":"2022-06-27T04:15:00","solar_rad":0,"vis":10,"dni":0,"temp":16.6,"slp":1015.75,"clouds":100,"ts":1656296100},{"precip_rate":1,"rh":92,"wind_spd":4,"timestamp_utc":"2022-06-27T02:30:00","snow_rate":0,"app_temp":16.5,"pres":1005.73206,"azimuth":40.4,"dewpt":15.2,"uv":0,"elev_angle":-4.76,"wind_dir":36,"weather":{"icon":"r01n","code":500,"description":"Light rain"},"ghi":0,"dhi":0,"timestamp_local":"2022-06-27T04:30:00","solar_rad":0,"vis":10,"dni":0,"temp":16.5,"slp":1015.5,"clouds":100,"ts":1656297000},{"precip_rate":1,"rh":92,"wind_spd":4.4,"timestamp_utc":"2022-06-27T02:45:00","snow_rate":0,"app_temp":16.4,"pres":1005.4813,"azimuth":43.51,"dewpt":15.1,"uv":0,"elev_angle":-3.28,"wind_dir":35,"weather":{"icon":"r01n","code":500,"description":"Light rain"},"ghi":0,"dhi":0,"timestamp_local":"2022-06-27T04:45:00","solar_rad":0,"vis":10,"dni":0,"temp":16.4,"slp":1015.25,"clouds":100,"ts":1656297900},{"precip_rate":1,"rh":93,"wind_spd":4.8,"timestamp_utc":"2022-06-27T03:00:00","snow_rate":0,"app_temp":16.3,"pres":1005.23065,"azimuth":46.63,"dewpt":15.2,"uv":0,"elev_angle":-1.79,"wind_dir":34,"weather":{"icon":"r01n","code":500,"description":"Light rain"},"ghi":0,"dhi":0,"timestamp_local":"2022-06-27T05:00:00","solar_rad":0,"vis":10,"dni":0,"temp":16.3,"slp":1015,"clouds":100,"ts":1656298800},{"precip_rate":1,"rh":93,"wind_spd":4.7,"timestamp_utc":"2022-06-27T03:15:00","snow_rate":0,"app_temp":16.2,"pres":1004.98,"azimuth":49.56,"dewpt":15.1,"uv":0.5,"elev_angle":0.03,"wind_dir":30,"weather":{"icon":"r01n","code":500,"description":"Light rain"},"ghi":14,"dhi":8.87,"timestamp_local":"2022-06-27T05:15:00","solar_rad":9.567084,"vis":10,"dni":76.66,"temp":16.2,"slp":1014.75,"clouds":100,"ts":1656299700},{"precip_rate":1,"rh":93,"wind_spd":4.6,"timestamp_utc":"2022-06-27T03:30:00","snow_rate":0,"app_temp":16.1,"pres":1004.72925,"azimuth":52.48,"dewpt":15,"uv":0.5,"elev_angle":1.85,"wind_dir":26,"weather":{"icon":"r01n","code":500,"description":"Light rain"},"ghi":27.9,"dhi":17.74,"timestamp_local":"2022-06-27T05:30:00","solar_rad":19.136768,"vis":10,"dni":153.31,"temp":16.1,"slp":1014.5,"clouds":100,"ts":1656300600},{"precip_rate":1,"rh":93,"wind_spd":4.5,"timestamp_utc":"2022-06-27T03:45:00","snow_rate":0,"app_temp":16,"pres":1004.4785,"azimuth":55.41,"dewpt":14.9,"uv":0.5,"elev_angle":3.66,"wind_dir":22,"weather":{"icon":"r01n","code":500,"description":"Light rain"},"ghi":41.9,"dhi":26.61,"timestamp_local":"2022-06-27T05:45:00","solar_rad":28.720715,"vis":10,"dni":229.97,"temp":16,"slp":1014.25,"clouds":100,"ts":1656301500},{"precip_rate":1,"rh":93,"wind_spd":4.4,"timestamp_utc":"2022-06-27T04:00:00","snow_rate":0,"app_temp":15.9,"pres":1004.22784,"azimuth":58.33,"dewpt":14.8,"uv":0.5,"elev_angle":5.48,"wind_dir":18,"weather":{"icon":"r01d","code":500,"description":"Light rain"},"ghi":55.8,"dhi":35.48,"timestamp_local":"2022-06-27T06:00:00","solar_rad":38.307068,"vis":10,"dni":306.62,"temp":15.9,"slp":1014,"clouds":100,"ts":1656302400},{"precip_rate":0.5,"rh":93,"wind_spd":4,"timestamp_utc":"2022-06-27T04:15:00","snow_rate":0,"app_temp":15.9,"pres":1004.22784,"azimuth":61.13,"dewpt":14.8,"uv":0.6,"elev_angle":7.54,"wind_dir":14,"weather":{"icon":"c04d","code":804,"description":"Overcast clouds"},"ghi":87.8,"dhi":41.9,"timestamp_local":"2022-06-27T06:15:00","solar_rad":46.537304,"vis":10,"dni":366.93,"temp":15.9,"slp":1014,"clouds":100,"ts":1656303300},{"precip_rate":2.25,"rh":93,"wind_spd":3.6,"timestamp_utc":"2022-06-27T04:30:00","snow_rate":0,"app_temp":15.9,"pres":1004.22784,"azimuth":63.93,"dewpt":14.8,"uv":0.6,"elev_angle":9.6,"wind_dir":10,"weather":{"icon":"r01d","code":500,"description":"Light rain"},"ghi":119.7,"dhi":48.31,"timestamp_local":"2022-06-27T06:30:00","solar_rad":43.881996,"vis":10,"dni":427.24,"temp":15.9,"slp":1014,"clouds":100,"ts":1656304200},{"precip_rate":2.375,"rh":93,"wind_spd":3.2,"timestamp_utc":"2022-06-27T04:45:00","snow_rate":0,"app_temp":15.9,"pres":1004.22784,"azimuth":66.73,"dewpt":14.8,"uv":0.6,"elev_angle":11.66,"wind_dir":6,"weather":{"icon":"r01d","code":500,"description":"Light rain"},"ghi":151.7,"dhi":54.73,"timestamp_local":"2022-06-27T06:45:00","solar_rad":49.98361,"vis":10,"dni":487.54,"temp":15.9,"slp":1014,"clouds":100,"ts":1656305100},{"precip_rate":2.5,"rh":93,"wind_spd":2.8,"timestamp_utc":"2022-06-27T05:00:00","snow_rate":0,"app_temp":15.9,"pres":1004.22784,"azimuth":69.53,"dewpt":14.8,"uv":0.6,"elev_angle":13.72,"wind_dir":2,"weather":{"icon":"r01d","code":500,"description":"Light rain"},"ghi":183.6,"dhi":61.14,"timestamp_local":"2022-06-27T07:00:00","solar_rad":55.911423,"vis":10,"dni":547.85,"temp":15.9,"slp":1014,"clouds":100,"ts":1656306000},{"precip_rate":2.75,"rh":93,"wind_spd":2.6,"timestamp_utc":"2022-06-27T05:15:00","snow_rate":0,"app_temp":15.8,"pres":1004.4723,"azimuth":72.31,"dewpt":14.7,"uv":0.6,"elev_angle":15.94,"wind_dir":2,"weather":{"icon":"r01d","code":500,"description":"Light rain"},"ghi":221.6,"dhi":65.69,"timestamp_local":"2022-06-27T07:15:00","solar_rad":59.917953,"vis":9,"dni":581.81,"temp":15.8,"slp":1014.25,"clouds":100,"ts":1656306900},{"precip_rate":3,"rh":93,"wind_spd":2.4,"timestamp_utc":"2022-06-27T05:30:00","snow_rate":0,"app_temp":15.8,"pres":1004.7168,"azimuth":75.09,"dewpt":14.6,"uv":0.7,"elev_angle":18.15,"wind_dir":2,"weather":{"icon":"r01d","code":500,"description":"Light rain"},"ghi":259.5,"dhi":70.23,"timestamp_local":"2022-06-27T07:30:00","solar_rad":63.698505,"vis":9,"dni":615.77,"temp":15.8,"slp":1014.5,"clouds":100,"ts":1656307800},{"precip_rate":3.25,"rh":93,"wind_spd":2.2,"timestamp_utc":"2022-06-27T05:45:00","snow_rate":0,"app_temp":15.7,"pres":1004.9613,"azimuth":77.86,"dewpt":14.5,"uv":0.7,"elev_angle":20.37,"wind_dir":2,"weather":{"icon":"r01d","code":500,"description":"Light rain"},"ghi":297.4,"dhi":74.78,"timestamp_local":"2022-06-27T07:45:00","solar_rad":67.272896,"vis":9,"dni":649.72,"temp":15.7,"slp":1014.75,"clouds":100,"ts":1656308700},{"precip_rate":3.5,"rh":93,"wind_spd":2,"timestamp_utc":"2022-06-27T06:00:00","snow_rate":0,"app_temp":15.6,"pres":1005.20575,"azimuth":80.64,"dewpt":14.5,"uv":0.8,"elev_angle":22.58,"wind_dir":2,"weather":{"icon":"r01d","code":500,"description":"Light rain"},"ghi":335.4,"dhi":79.32,"timestamp_local":"2022-06-27T08:00:00","solar_rad":70.633545,"vis":10,"dni":683.68,"temp":15.6,"slp":1015,"clouds":100,"ts":1656309600},{"precip_rate":2.75,"rh":92,"wind_spd":2.2,"timestamp_utc":"2022-06-27T06:15:00","snow_rate":0,"app_temp":15.7,"pres":1005.20886,"azimuth":83.54,"dewpt":14.4,"uv":0.9,"elev_angle":24.87,"wind_dir":9,"weather":{"icon":"r01d","code":500,"description":"Light rain"},"ghi":374.5,"dhi":82.74,"timestamp_local":"2022-06-27T08:15:00","solar_rad":114.6226,"vis":10,"dni":705.27,"temp":15.7,"slp":1015,"clouds":97,"ts":1656310500},{"precip_rate":2,"rh":92,"wind_spd":2.4,"timestamp_utc":"2022-06-27T06:30:00","snow_rate":0,"app_temp":15.8,"pres":1005.212,"azimuth":86.44,"dewpt":14.5,"uv":1,"elev_angle":27.15,"wind_dir":16,"weather":{"icon":"r01d","code":500,"description":"Light rain"},"ghi":413.5,"dhi":86.16,"timestamp_local":"2022-06-27T08:30:00","solar_rad":86.837494,"vis":10,"dni":726.87,"temp":15.8,"slp":1015,"clouds":94,"ts":1656311400},{"precip_rate":1.25,"rh":92,"wind_spd":2.6,"timestamp_utc":"2022-06-27T06:45:00","snow_rate":0,"app_temp":15.8,"pres":1005.2151,"azimuth":89.34,"dewpt":14.5,"uv":1.1,"elev_angle":29.44,"wind_dir":23,"weather":{"icon":"r01d","code":500,"description":"Light rain"},"ghi":452.6,"dhi":89.58,"timestamp_local":"2022-06-27T08:45:00","solar_rad":122.07151,"vis":10,"dni":748.46,"temp":15.8,"slp":1015,"clouds":92,"ts":1656312300},{"precip_rate":0.5,"rh":91,"wind_spd":2.8,"timestamp_utc":"2022-06-27T07:00:00","snow_rate":0,"app_temp":15.9,"pres":1005.2182,"azimuth":92.24,"dewpt":14.4,"uv":1.3,"elev_angle":31.72,"wind_dir":30,"weather":{"icon":"c04d","code":804,"description":"Overcast clouds"},"ghi":491.7,"dhi":93,"timestamp_local":"2022-06-27T09:00:00","solar_rad":174.3528,"vis":10,"dni":770.05,"temp":15.9,"slp":1015,"clouds":89,"ts":1656313200},{"precip_rate":0.375,"rh":90,"wind_spd":2.7,"timestamp_utc":"2022-06-27T07:15:00","snow_rate":0,"app_temp":16.2,"pres":1005.22754,"azimuth":95.47,"dewpt":14.5,"uv":1.7,"elev_angle":33.99,"wind_dir":34,"weather":{"icon":"c04d","code":804,"description":"Overcast clouds"},"ghi":528.1,"dhi":95.57,"timestamp_local":"2022-06-27T09:15:00","solar_rad":284.37753,"vis":10,"dni":784.41,"temp":16.2,"slp":1015,"clouds":80,"ts":1656314100},{"precip_rate":0.25,"rh":89,"wind_spd":2.6,"timestamp_utc":"2022-06-27T07:30:00","snow_rate":0,"app_temp":16.4,"pres":1005.2368,"azimuth":98.69,"dewpt":14.6,"uv":2.1,"elev_angle":36.25,"wind_dir":38,"weather":{"icon":"c03d","code":803,"description":"Broken clouds"},"ghi":564.5,"dhi":98.14,"timestamp_local":"2022-06-27T09:30:00","solar_rad":390.67334,"vis":10,"dni":798.77,"temp":16.4,"slp":1015,"clouds":70,"ts":1656315000},{"precip_rate":0.125,"rh":88,"wind_spd":2.5,"timestamp_utc":"2022-06-27T07:45:00","snow_rate":0,"app_temp":16.7,"pres":1005.2461,"azimuth":101.92,"dewpt":14.7,"uv":2.6,"elev_angle":38.52,"wind_dir":42,"weather":{"icon":"c03d","code":803,"description":"Broken clouds"},"ghi":600.9,"dhi":100.71,"timestamp_local":"2022-06-27T09:45:00","solar_rad":475.83804,"vis":10,"dni":813.12,"temp":16.7,"slp":1015,"clouds":61,"ts":1656315900},{"precip_rate":0,"rh":87,"wind_spd":2.4,"timestamp_utc":"2022-06-27T08:00:00","snow_rate":0,"app_temp":17,"pres":1005.25543,"azimuth":105.14,"dewpt":14.8,"uv":3.1,"elev_angle":40.78,"wind_dir":46,"weather":{"icon":"c03d","code":803,"description":"Broken clouds"},"ghi":637.3,"dhi":103.28,"timestamp_local":"2022-06-27T10:00:00","solar_rad":549.2755,"vis":10,"dni":827.48,"temp":17,"slp":1015,"clouds":52,"ts":1656316800},{"precip_rate":0,"rh":88,"wind_spd":2,"timestamp_utc":"2022-06-27T08:15:00","snow_rate":0,"app_temp":16.9,"pres":1005.2523,"azimuth":109,"dewpt":14.9,"uv":2.9,"elev_angle":42.89,"wind_dir":42,"weather":{"icon":"c03d","code":803,"description":"Broken clouds"},"ghi":667.7,"dhi":105.13,"timestamp_local":"2022-06-27T10:15:00","solar_rad":508.56076,"vis":10,"dni":836.96,"temp":16.9,"slp":1015,"clouds":64,"ts":1656317700},{"precip_rate":0,"rh":88,"wind_spd":1.6,"timestamp_utc":"2022-06-27T08:30:00","snow_rate":0,"app_temp":16.9,"pres":1005.24927,"azimuth":112.87,"dewpt":14.9,"uv":2.6,"elev_angle":45.01,"wind_dir":38,"weather":{"icon":"c04d","code":804,"description":"Overcast clouds"},"ghi":698.2,"dhi":106.99,"timestamp_local":"2022-06-27T10:30:00","solar_rad":422.55,"vis":10,"dni":846.45,"temp":16.9,"slp":1015,"clouds":76,"ts":1656318600},{"precip_rate":0,"rh":88,"wind_spd":1.2,"timestamp_utc":"2022-06-27T08:45:00","snow_rate":0,"app_temp":16.8,"pres":1005.2462,"azimuth":116.73,"dewpt":14.8,"uv":2.3,"elev_angle":47.12,"wind_dir":34,"weather":{"icon":"c04d","code":804,"description":"Overcast clouds"},"ghi":728.7,"dhi":108.84,"timestamp_local":"2022-06-27T10:45:00","solar_rad":274.4547,"vis":10,"dni":855.93,"temp":16.8,"slp":1015,"clouds":88,"ts":1656319500},{"precip_rate":0,"rh":89,"wind_spd":0.8,"timestamp_utc":"2022-06-27T09:00:00","snow_rate":0,"app_temp":16.7,"pres":1005.2431,"azimuth":120.59,"dewpt":14.9,"uv":2,"elev_angle":49.23,"wind_dir":30,"weather":{"icon":"c04d","code":804,"description":"Overcast clouds"},"ghi":759.1,"dhi":110.69,"timestamp_local":"2022-06-27T11:00:00","solar_rad":154.05325,"vis":10,"dni":865.41,"temp":16.7,"slp":1015,"clouds":100,"ts":1656320400},{"precip_rate":0,"rh":85,"wind_spd":1,"timestamp_utc":"2022-06-27T09:15:00","snow_rate":0,"app_temp":17.4,"pres":1005.2646,"azimuth":125.52,"dewpt":14.8,"uv":2.1,"elev_angle":50.98,"wind_dir":90,"weather":{"icon":"c04d","code":804,"description":"Overcast clouds"},"ghi":781,"dhi":111.9,"timestamp_local":"2022-06-27T11:15:00","solar_rad":156.767,"vis":10,"dni":871.23,"temp":17.4,"slp":1015,"clouds":100,"ts":1656321300},{"precip_rate":0,"rh":80,"wind_spd":1.2,"timestamp_utc":"2022-06-27T09:30:00","snow_rate":0,"app_temp":18,"pres":1005.28613,"azimuth":130.46,"dewpt":14.5,"uv":2.2,"elev_angle":52.73,"wind_dir":149,"weather":{"icon":"c04d","code":804,"description":"Overcast clouds"},"ghi":802.9,"dhi":113.11,"timestamp_local":"2022-06-27T11:30:00","solar_rad":159.98727,"vis":10,"dni":877.06,"temp":18,"slp":1015,"clouds":100,"ts":1656322200},{"precip_rate":0,"rh":76,"wind_spd":1.4,"timestamp_utc":"2022-06-27T09:45:00","snow_rate":0,"app_temp":18.6,"pres":1005.3076,"azimuth":135.39,"dewpt":14.3,"uv":2.3,"elev_angle":54.48,"wind_dir":208,"weather":{"icon":"c04d","code":804,"description":"Overcast clouds"},"ghi":824.8,"dhi":114.31,"timestamp_local":"2022-06-27T11:45:00","solar_rad":187.84637,"vis":10,"dni":882.88,"temp":18.6,"slp":1015,"clouds":99,"ts":1656323100},{"precip_rate":0,"rh":72,"wind_spd":1.6,"timestamp_utc":"2022-06-27T10:00:00","snow_rate":0,"app_temp":19.2,"pres":1005.3291,"azimuth":140.32,"dewpt":14.1,"uv":2.5,"elev_angle":56.23,"wind_dir":268,"weather":{"icon":"c04d","code":804,"description":"Overcast clouds"},"ghi":846.7,"dhi":115.52,"timestamp_local":"2022-06-27T12:00:00","solar_rad":191.5551,"vis":10,"dni":888.7,"temp":19.3,"slp":1015,"clouds":99,"ts":1656324000},{"precip_rate":0.125,"rh":72,"wind_spd":1.8,"timestamp_utc":"2022-06-27T10:15:00","snow_rate":0,"app_temp":19.2,"pres":1005.0815,"azimuth":146.61,"dewpt":14.1,"uv":2.5,"elev_angle":57.28,"wind_dir":272,"weather":{"icon":"c04d","code":804,"description":"Overcast clouds"},"ghi":858.3,"dhi":116.12,"timestamp_local":"2022-06-27T12:15:00","solar_rad":193.20946,"vis":10,"dni":891.49,"temp":19.3,"slp":1014.75,"clouds":99,"ts":1656324900},{"precip_rate":0.25,"rh":72,"wind_spd":2,"timestamp_utc":"2022-06-27T10:30:00","snow_rate":0,"app_temp":19.2,"pres":1004.83386,"azimuth":152.91,"dewpt":14.1,"uv":2.6,"elev_angle":58.34,"wind_dir":276,"weather":{"icon":"c04d","code":804,"description":"Overcast clouds"},"ghi":869.8,"dhi":116.72,"timestamp_local":"2022-06-27T12:30:00","solar_rad":194.85468,"vis":10,"dni":894.29,"temp":19.3,"slp":1014.5,"clouds":99,"ts":1656325800},{"precip_rate":0.375,"rh":72,"wind_spd":2.2,"timestamp_utc":"2022-06-27T10:45:00","snow_rate":0,"app_temp":19.2,"pres":1004.58624,"azimuth":159.2,"dewpt":14.1,"uv":2.6,"elev_angle":59.39,"wind_dir":280,"weather":{"icon":"c04d","code":804,"description":"Overcast clouds"},"ghi":881.3,"dhi":117.32,"timestamp_local":"2022-06-27T12:45:00","solar_rad":196.49988,"vis":10,"dni":897.08,"temp":19.3,"slp":1014.25,"clouds":99,"ts":1656326700},{"precip_rate":0.5,"rh":72,"wind_spd":2.4,"timestamp_utc":"2022-06-27T11:00:00","snow_rate":0,"app_temp":19.2,"pres":1004.3386,"azimuth":165.49,"dewpt":14.1,"uv":2.7,"elev_angle":60.44,"wind_dir":284,"weather":{"icon":"c04d","code":804,"description":"Overcast clouds"},"ghi":892.8,"dhi":117.92,"timestamp_local":"2022-06-27T13:00:00","solar_rad":198.1451,"vis":10,"dni":899.87,"temp":19.3,"slp":1014,"clouds":99,"ts":1656327600},{"precip_rate":0.375,"rh":71,"wind_spd":2.5,"timestamp_utc":"2022-06-27T11:15:00","snow_rate":0,"app_temp":19.3,"pres":1004.5923,"azimuth":172.53,"dewpt":14.1,"uv":2.8,"elev_angle":60.46,"wind_dir":284,"weather":{"icon":"c04d","code":804,"description":"Overcast clouds"},"ghi":893,"dhi":117.93,"timestamp_local":"2022-06-27T13:15:00","solar_rad":224.6529,"vis":10,"dni":899.91,"temp":19.5,"slp":1014.25,"clouds":98,"ts":1656328500},{"precip_rate":0.25,"rh":70,"wind_spd":2.6,"timestamp_utc":"2022-06-27T11:30:00","snow_rate":0,"app_temp":19.5,"pres":1004.846,"azimuth":179.57,"dewpt":14,"uv":2.9,"elev_angle":60.48,"wind_dir":285,"weather":{"icon":"c04d","code":804,"description":"Overcast clouds"},"ghi":893.2,"dhi":117.94,"timestamp_local":"2022-06-27T13:30:00","solar_rad":159.20364,"vis":10,"dni":899.96,"temp":19.6,"slp":1014.5,"clouds":96,"ts":1656329400},{"precip_rate":0.125,"rh":70,"wind_spd":2.7,"timestamp_utc":"2022-06-27T11:45:00","snow_rate":0,"app_temp":19.7,"pres":1005.09973,"azimuth":186.61,"dewpt":14.2,"uv":3,"elev_angle":60.49,"wind_dir":286,"weather":{"icon":"c04d","code":804,"description":"Overcast clouds"},"ghi":893.3,"dhi":117.95,"timestamp_local":"2022-06-27T13:45:00","solar_rad":207.20197,"vis":10,"dni":900,"temp":19.8,"slp":1014.75,"clouds":94,"ts":1656330300},{"precip_rate":0,"rh":69,"wind_spd":2.8,"timestamp_utc":"2022-06-27T12:00:00","snow_rate":0,"app_temp":19.9,"pres":1005.3534,"azimuth":193.65,"dewpt":14.1,"uv":3.1,"elev_angle":60.51,"wind_dir":286,"weather":{"icon":"c04d","code":804,"description":"Overcast clouds"},"ghi":893.5,"dhi":117.96,"timestamp_local":"2022-06-27T14:00:00","solar_rad":230.6537,"vis":10,"dni":900.04,"temp":20,"slp":1015,"clouds":93,"ts":1656331200},{"precip_rate":0,"rh":69,"wind_spd":2.8,"timestamp_utc":"2022-06-27T12:15:00","snow_rate":0,"app_temp":19.7,"pres":1005.35034,"azimuth":199.98,"dewpt":14,"uv":2.9,"elev_angle":59.49,"wind_dir":290,"weather":{"icon":"c04d","code":804,"description":"Overcast clouds"},"ghi":882.3,"dhi":117.38,"timestamp_local":"2022-06-27T14:15:00","solar_rad":204.98822,"vis":10,"dni":897.33,"temp":19.9,"slp":1015,"clouds":94,"ts":1656332100},{"precip_rate":0,"rh":69,"wind_spd":2.8,"timestamp_utc":"2022-06-27T12:30:00","snow_rate":0,"app_temp":19.6,"pres":1005.3473,"azimuth":206.31,"dewpt":14,"uv":2.9,"elev_angle":58.46,"wind_dir":293,"weather":{"icon":"c04d","code":804,"description":"Overcast clouds"},"ghi":871.2,"dhi":116.8,"timestamp_local":"2022-06-27T14:30:00","solar_rad":202.60838,"vis":10,"dni":894.63,"temp":19.8,"slp":1015,"clouds":94,"ts":1656333000},{"precip_rate":0,"rh":69,"wind_spd":2.8,"timestamp_utc":"2022-06-27T12:45:00","snow_rate":0,"app_temp":19.5,"pres":1005.3443,"azimuth":212.64,"dewpt":13.9,"uv":2.8,"elev_angle":57.44,"wind_dir":296,"weather":{"icon":"c04d","code":804,"description":"Overcast clouds"},"ghi":860,"dhi":116.21,"timestamp_local":"2022-06-27T14:45:00","solar_rad":200.1991,"vis":10,"dni":891.92,"temp":19.7,"slp":1015,"clouds":94,"ts":1656333900},{"precip_rate":0,"rh":69,"wind_spd":2.8,"timestamp_utc":"2022-06-27T13:00:00","snow_rate":0,"app_temp":19.4,"pres":1005.34125,"azimuth":218.97,"dewpt":13.8,"uv":2.7,"elev_angle":56.41,"wind_dir":300,"weather":{"icon":"c04d","code":804,"description":"Overcast clouds"},"ghi":848.8,"dhi":115.63,"timestamp_local":"2022-06-27T15:00:00","solar_rad":175.10748,"vis":10,"dni":889.21,"temp":19.6,"slp":1015,"clouds":95,"ts":1656334800},{"precip_rate":0.25,"rh":69,"wind_spd":2.8,"timestamp_utc":"2022-06-27T13:15:00","snow_rate":0,"app_temp":19.3,"pres":1005.5858,"azimuth":223.94,"dewpt":13.7,"uv":2.5,"elev_angle":54.68,"wind_dir":301,"weather":{"icon":"c04d","code":804,"description":"Overcast clouds"},"ghi":827.2,"dhi":114.44,"timestamp_local":"2022-06-27T15:15:00","solar_rad":148.1264,"vis":10,"dni":883.49,"temp":19.5,"slp":1015.25,"clouds":96,"ts":1656335700},{"precip_rate":0.5,"rh":70,"wind_spd":2.8,"timestamp_utc":"2022-06-27T13:30:00","snow_rate":0,"app_temp":19.3,"pres":1005.83044,"azimuth":228.92,"dewpt":13.8,"uv":2.3,"elev_angle":52.94,"wind_dir":302,"weather":{"icon":"c04d","code":804,"description":"Overcast clouds"},"ghi":805.5,"dhi":113.26,"timestamp_local":"2022-06-27T15:30:00","solar_rad":209.94283,"vis":10,"dni":877.76,"temp":19.4,"slp":1015.5,"clouds":98,"ts":1656336600},{"precip_rate":0.25,"rh":70,"wind_spd":2.8,"timestamp_utc":"2022-06-27T13:45:00","snow_rate":0,"app_temp":19.2,"pres":1006.075,"azimuth":233.89,"dewpt":13.8,"uv":2.1,"elev_angle":51.21,"wind_dir":303,"weather":{"icon":"c04d","code":804,"description":"Overcast clouds"},"ghi":783.9,"dhi":112.07,"timestamp_local":"2022-06-27T15:45:00","solar_rad":183.14304,"vis":10,"dni":872.04,"temp":19.4,"slp":1015.75,"clouds":99,"ts":1656337500},{"precip_rate":0,"rh":70,"wind_spd":2.8,"timestamp_utc":"2022-06-27T14:00:00","snow_rate":0,"app_temp":19.1,"pres":1006.3196,"azimuth":238.86,"dewpt":13.7,"uv":2,"elev_angle":49.47,"wind_dir":304,"weather":{"icon":"c04d","code":804,"description":"Overcast clouds"},"ghi":762.3,"dhi":110.88,"timestamp_local":"2022-06-27T16:00:00","solar_rad":157.05806,"vis":10,"dni":866.31,"temp":19.3,"slp":1016,"clouds":100,"ts":1656338400},{"precip_rate":0.25,"rh":70,"wind_spd":2.8,"timestamp_utc":"2022-06-27T14:15:00","snow_rate":0,"app_temp":19.1,"pres":1006.3196,"azimuth":242.75,"dewpt":13.7,"uv":1.9,"elev_angle":47.37,"wind_dir":304,"weather":{"icon":"c04d","code":804,"description":"Overcast clouds"},"ghi":732.1,"dhi":109.05,"timestamp_local":"2022-06-27T16:15:00","solar_rad":153.3665,"vis":10,"dni":856.95,"temp":19.3,"slp":1016,"clouds":100,"ts":1656339300},{"precip_rate":0.5,"rh":70,"wind_spd":2.8,"timestamp_utc":"2022-06-27T14:30:00","snow_rate":0,"app_temp":19.1,"pres":1006.3196,"azimuth":246.64,"dewpt":13.7,"uv":1.7,"elev_angle":45.26,"wind_dir":305,"weather":{"icon":"c04d","code":804,"description":"Overcast clouds"},"ghi":701.8,"dhi":107.21,"timestamp_local":"2022-06-27T16:30:00","solar_rad":149.65884,"vis":10,"dni":847.59,"temp":19.3,"slp":1016,"clouds":100,"ts":1656340200},{"precip_rate":0.25,"rh":70,"wind_spd":2.8,"timestamp_utc":"2022-06-27T14:45:00","snow_rate":0,"app_temp":19.1,"pres":1006.3196,"azimuth":250.53,"dewpt":13.7,"uv":1.6,"elev_angle":43.16,"wind_dir":306,"weather":{"icon":"c04d","code":804,"description":"Overcast clouds"},"ghi":671.6,"dhi":105.38,"timestamp_local":"2022-06-27T16:45:00","solar_rad":145.96729,"vis":10,"dni":838.23,"temp":19.3,"slp":1016,"clouds":100,"ts":1656341100},{"precip_rate":0,"rh":70,"wind_spd":2.8,"timestamp_utc":"2022-06-27T15:00:00","snow_rate":0,"app_temp":19.1,"pres":1006.3196,"azimuth":254.42,"dewpt":13.7,"uv":1.5,"elev_angle":41.05,"wind_dir":306,"weather":{"icon":"c04d","code":804,"description":"Overcast clouds"},"ghi":641.4,"dhi":103.54,"timestamp_local":"2022-06-27T17:00:00","solar_rad":142.26585,"vis":10,"dni":828.87,"temp":19.3,"slp":1016,"clouds":100,"ts":1656342000},{"precip_rate":0.25,"rh":70,"wind_spd":2.8,"timestamp_utc":"2022-06-27T15:15:00","snow_rate":0,"app_temp":19.1,"pres":1006.3196,"azimuth":257.66,"dewpt":13.7,"uv":1.4,"elev_angle":38.79,"wind_dir":304,"weather":{"icon":"c04d","code":804,"description":"Overcast clouds"},"ghi":605.1,"dhi":100.99,"timestamp_local":"2022-06-27T17:15:00","solar_rad":137.48268,"vis":10,"dni":814.68,"temp":19.3,"slp":1016,"clouds":100,"ts":1656342900},{"precip_rate":0.5,"rh":70,"wind_spd":2.8,"timestamp_utc":"2022-06-27T15:30:00","snow_rate":0,"app_temp":19.1,"pres":1006.3196,"azimuth":260.9,"dewpt":13.7,"uv":1.3,"elev_angle":36.53,"wind_dir":302,"weather":{"icon":"c04d","code":804,"description":"Overcast clouds"},"ghi":568.8,"dhi":98.45,"timestamp_local":"2022-06-27T17:30:00","solar_rad":132.7094,"vis":10,"dni":800.49,"temp":19.3,"slp":1016,"clouds":100,"ts":1656343800},{"precip_rate":0.25,"rh":70,"wind_spd":2.8,"timestamp_utc":"2022-06-27T15:45:00","snow_rate":0,"app_temp":19.1,"pres":1006.3196,"azimuth":264.13,"dewpt":13.7,"uv":1.2,"elev_angle":34.26,"wind_dir":300,"weather":{"icon":"c04d","code":804,"description":"Overcast clouds"},"ghi":532.5,"dhi":95.9,"timestamp_local":"2022-06-27T17:45:00","solar_rad":127.926216,"vis":10,"dni":786.3,"temp":19.3,"slp":1016,"clouds":100,"ts":1656344700},{"precip_rate":0,"rh":70,"wind_spd":2.8,"timestamp_utc":"2022-06-27T16:00:00","snow_rate":0,"app_temp":19.1,"pres":1006.3196,"azimuth":267.37,"dewpt":13.7,"uv":1.1,"elev_angle":32,"wind_dir":298,"weather":{"icon":"c04d","code":804,"description":"Overcast clouds"},"ghi":496.3,"dhi":93.35,"timestamp_local":"2022-06-27T18:00:00","solar_rad":123.149284,"vis":10,"dni":772.11,"temp":19.3,"slp":1016,"clouds":100,"ts":1656345600},{"precip_rate":0,"rh":70,"wind_spd":2.7,"timestamp_utc":"2022-06-27T16:15:00","snow_rate":0,"app_temp":19,"pres":1006.56415,"azimuth":270.28,"dewpt":13.6,"uv":1,"elev_angle":29.71,"wind_dir":296,"weather":{"icon":"c04d","code":804,"description":"Overcast clouds"},"ghi":457.2,"dhi":89.96,"timestamp_local":"2022-06-27T18:15:00","solar_rad":117.47117,"vis":10,"dni":750.78,"temp":19.2,"slp":1016.25,"clouds":100,"ts":1656346500},{"precip_rate":0,"rh":71,"wind_spd":2.6,"timestamp_utc":"2022-06-27T16:30:00","snow_rate":0,"app_temp":18.9,"pres":1006.8087,"azimuth":273.18,"dewpt":13.7,"uv":0.9,"elev_angle":27.42,"wind_dir":295,"weather":{"icon":"c04d","code":804,"description":"Overcast clouds"},"ghi":418.1,"dhi":86.57,"timestamp_local":"2022-06-27T18:30:00","solar_rad":111.53723,"vis":10,"dni":729.45,"temp":19.1,"slp":1016.5,"clouds":100,"ts":1656347400},{"precip_rate":0,"rh":72,"wind_spd":2.5,"timestamp_utc":"2022-06-27T16:45:00","snow_rate":0,"app_temp":18.8,"pres":1007.0532,"azimuth":276.09,"dewpt":13.8,"uv":0.8,"elev_angle":25.13,"wind_dir":294,"weather":{"icon":"c04d","code":804,"description":"Overcast clouds"},"ghi":379.1,"dhi":83.17,"timestamp_local":"2022-06-27T18:45:00","solar_rad":105.62646,"vis":10,"dni":708.11,"temp":19,"slp":1016.75,"clouds":100,"ts":1656348300},{"precip_rate":0,"rh":72,"wind_spd":2.4,"timestamp_utc":"2022-06-27T17:00:00","snow_rate":0,"app_temp":18.7,"pres":1007.2978,"azimuth":278.99,"dewpt":13.7,"uv":0.8,"elev_angle":22.84,"wind_dir":292,"weather":{"icon":"c04d","code":804,"description":"Overcast clouds"},"ghi":340,"dhi":79.78,"timestamp_local":"2022-06-27T19:00:00","solar_rad":99.93778,"vis":10,"dni":686.78,"temp":18.9,"slp":1017,"clouds":100,"ts":1656349200},{"precip_rate":0.75,"rh":71,"wind_spd":2.4,"timestamp_utc":"2022-06-27T17:15:00","snow_rate":0,"app_temp":18.9,"pres":1007.3039,"azimuth":281.77,"dewpt":13.7,"uv":0.8,"elev_angle":20.62,"wind_dir":286,"weather":{"icon":"r01d","code":500,"description":"Light rain"},"ghi":302,"dhi":75.27,"timestamp_local":"2022-06-27T19:15:00","solar_rad":119.90211,"vis":10,"dni":653.29,"temp":19.1,"slp":1017,"clouds":97,"ts":1656350100},{"precip_rate":1.5,"rh":70,"wind_spd":2.4,"timestamp_utc":"2022-06-27T17:30:00","snow_rate":0,"app_temp":19.1,"pres":1007.31,"azimuth":284.55,"dewpt":13.6,"uv":0.8,"elev_angle":18.41,"wind_dir":279,"weather":{"icon":"r01d","code":500,"description":"Light rain"},"ghi":263.9,"dhi":70.77,"timestamp_local":"2022-06-27T19:30:00","solar_rad":120.82782,"vis":10,"dni":619.81,"temp":19.3,"slp":1017,"clouds":94,"ts":1656351000},{"precip_rate":1,"rh":70,"wind_spd":2.4,"timestamp_utc":"2022-06-27T17:45:00","snow_rate":0,"app_temp":19.3,"pres":1007.3161,"azimuth":287.33,"dewpt":13.8,"uv":0.8,"elev_angle":16.19,"wind_dir":272,"weather":{"icon":"r01d","code":500,"description":"Light rain"},"ghi":225.9,"dhi":66.26,"timestamp_local":"2022-06-27T19:45:00","solar_rad":69.806015,"vis":10,"dni":586.32,"temp":19.4,"slp":1017,"clouds":91,"ts":1656351900},{"precip_rate":0.5,"rh":69,"wind_spd":2.4,"timestamp_utc":"2022-06-27T18:00:00","snow_rate":0,"app_temp":19.4,"pres":1007.3222,"azimuth":290.11,"dewpt":13.8,"uv":0.8,"elev_angle":13.97,"wind_dir":266,"weather":{"icon":"c04d","code":804,"description":"Overcast clouds"},"ghi":187.8,"dhi":61.75,"timestamp_local":"2022-06-27T20:00:00","solar_rad":71.27295,"vis":10,"dni":552.83,"temp":19.6,"slp":1017,"clouds":88,"ts":1656352800},{"precip_rate":0.25,"rh":70,"wind_spd":2.4,"timestamp_utc":"2022-06-27T18:15:00","snow_rate":0,"app_temp":19,"pres":1007.5576,"azimuth":292.91,"dewpt":13.6,"uv":0.7,"elev_angle":11.91,"wind_dir":262,"weather":{"icon":"c04d","code":804,"description":"Overcast clouds"},"ghi":155.6,"dhi":55.41,"timestamp_local":"2022-06-27T20:15:00","solar_rad":62.555374,"vis":10,"dni":493.62,"temp":19.2,"slp":1017.25,"clouds":87,"ts":1656353700},{"precip_rate":0,"rh":71,"wind_spd":2.4,"timestamp_utc":"2022-06-27T18:30:00","snow_rate":0,"app_temp":18.6,"pres":1007.79297,"azimuth":295.71,"dewpt":13.5,"uv":0.7,"elev_angle":9.84,"wind_dir":259,"weather":{"icon":"c04d","code":804,"description":"Overcast clouds"},"ghi":123.3,"dhi":49.06,"timestamp_local":"2022-06-27T20:30:00","solar_rad":52.271885,"vis":10,"dni":434.42,"temp":18.9,"slp":1017.5,"clouds":86,"ts":1656354600},{"precip_rate":0,"rh":72,"wind_spd":2.4,"timestamp_utc":"2022-06-27T18:45:00","snow_rate":0,"app_temp":18.3,"pres":1008.0283,"azimuth":298.5,"dewpt":13.3,"uv":0.7,"elev_angle":7.78,"wind_dir":256,"weather":{"icon":"c04d","code":804,"description":"Overcast clouds"},"ghi":91.1,"dhi":42.72,"timestamp_local":"2022-06-27T20:45:00","solar_rad":80.84547,"vis":10,"dni":375.21,"temp":18.5,"slp":1017.75,"clouds":86,"ts":1656355500},{"precip_rate":0,"rh":73,"wind_spd":2.4,"timestamp_utc":"2022-06-27T19:00:00","snow_rate":0,"app_temp":18.1,"pres":1008.26373,"azimuth":301.3,"dewpt":13.2,"uv":0.7,"elev_angle":5.71,"wind_dir":252,"weather":{"icon":"c04d","code":804,"description":"Overcast clouds"},"ghi":58.9,"dhi":36.37,"timestamp_local":"2022-06-27T21:00:00","solar_rad":62.172634,"vis":10,"dni":316,"temp":18.1,"slp":1018,"clouds":85,"ts":1656356400},{"precip_rate":0,"rh":75,"wind_spd":2.4,"timestamp_utc":"2022-06-27T19:15:00","snow_rate":0,"app_temp":17.8,"pres":1008.5021,"azimuth":304.22,"dewpt":13.3,"uv":0.7,"elev_angle":3.88,"wind_dir":251,"weather":{"icon":"c04n","code":804,"description":"Overcast clouds"},"ghi":44.1,"dhi":27.28,"timestamp_local":"2022-06-27T21:15:00","solar_rad":43.719193,"vis":10,"dni":237,"temp":17.8,"slp":1018.25,"clouds":88,"ts":1656357300},{"precip_rate":0,"rh":77,"wind_spd":2.4,"timestamp_utc":"2022-06-27T19:30:00","snow_rate":0,"app_temp":17.6,"pres":1008.74036,"azimuth":307.14,"dewpt":13.5,"uv":0.7,"elev_angle":2.05,"wind_dir":250,"weather":{"icon":"c04n","code":804,"description":"Overcast clouds"},"ghi":29.4,"dhi":18.19,"timestamp_local":"2022-06-27T21:30:00","solar_rad":27.776194,"vis":10,"dni":158,"temp":17.6,"slp":1018.5,"clouds":90,"ts":1656358200},{"precip_rate":0,"rh":79,"wind_spd":2.4,"timestamp_utc":"2022-06-27T19:45:00","snow_rate":0,"app_temp":17.3,"pres":1008.9787,"azimuth":310.06,"dewpt":13.6,"uv":0.6,"elev_angle":0.22,"wind_dir":249,"weather":{"icon":"c04n","code":804,"description":"Overcast clouds"},"ghi":14.7,"dhi":9.09,"timestamp_local":"2022-06-27T21:45:00","solar_rad":13.159682,"vis":10,"dni":79,"temp":17.3,"slp":1018.75,"clouds":92,"ts":1656359100},{"precip_rate":0,"rh":81,"wind_spd":2.4,"timestamp_utc":"2022-06-27T20:00:00","snow_rate":0,"app_temp":17,"pres":1009.21704,"azimuth":312.98,"dewpt":13.7,"uv":0,"elev_angle":-1.61,"wind_dir":248,"weather":{"icon":"c04n","code":804,"description":"Overcast clouds"},"ghi":0,"dhi":0,"timestamp_local":"2022-06-27T22:00:00","solar_rad":0,"vis":10,"dni":0,"temp":17,"slp":1019,"clouds":95,"ts":1656360000},{"precip_rate":0,"rh":82,"wind_spd":2.7,"timestamp_utc":"2022-06-27T20:15:00","snow_rate":0,"app_temp":16.7,"pres":1009.2077,"azimuth":316.09,"dewpt":13.6,"uv":0,"elev_angle":-3.11,"wind_dir":250,"weather":{"icon":"c04n","code":804,"description":"Overcast clouds"},"ghi":0,"dhi":0,"timestamp_local":"2022-06-27T22:15:00","solar_rad":0,"vis":10,"dni":0,"temp":16.7,"slp":1019,"clouds":86,"ts":1656360900},{"precip_rate":0,"rh":84,"wind_spd":3,"timestamp_utc":"2022-06-27T20:30:00","snow_rate":0,"app_temp":16.4,"pres":1009.19836,"azimuth":319.21,"dewpt":13.7,"uv":0,"elev_angle":-4.61,"wind_dir":253,"weather":{"icon":"c04n","code":804,"description":"Overcast clouds"},"ghi":0,"dhi":0,"timestamp_local":"2022-06-27T22:30:00","solar_rad":0,"vis":10,"dni":0,"temp":16.4,"slp":1019,"clouds":78,"ts":1656361800},{"precip_rate":0,"rh":86,"wind_spd":3.3,"timestamp_utc":"2022-06-27T20:45:00","snow_rate":0,"app_temp":16.2,"pres":1009.189,"azimuth":322.32,"dewpt":13.8,"uv":0,"elev_angle":-6.11,"wind_dir":256,"weather":{"icon":"c03n","code":803,"description":"Broken clouds"},"ghi":0,"dhi":0,"timestamp_local":"2022-06-27T22:45:00","solar_rad":0,"vis":10,"dni":0,"temp":16.2,"slp":1019,"clouds":70,"ts":1656362700},{"precip_rate":0,"rh":87,"wind_spd":3.6,"timestamp_utc":"2022-06-27T21:00:00","snow_rate":0,"app_temp":15.9,"pres":1009.1797,"azimuth":325.43,"dewpt":13.7,"uv":0,"elev_angle":-7.61,"wind_dir":258,"weather":{"icon":"c03n","code":803,"description":"Broken clouds"},"ghi":0,"dhi":0,"timestamp_local":"2022-06-27T23:00:00","solar_rad":0,"vis":10,"dni":0,"temp":15.9,"slp":1019,"clouds":61,"ts":1656363600},{"precip_rate":0,"rh":88,"wind_spd":3.7,"timestamp_utc":"2022-06-27T21:15:00","snow_rate":0,"app_temp":15.5,"pres":1009.4147,"azimuth":328.75,"dewpt":13.5,"uv":0,"elev_angle":-8.69,"wind_dir":256,"weather":{"icon":"c03n","code":803,"description":"Broken clouds"},"ghi":0,"dhi":0,"timestamp_local":"2022-06-27T23:15:00","solar_rad":0,"vis":10,"dni":0,"temp":15.5,"slp":1019.25,"clouds":58,"ts":1656364500},{"precip_rate":0,"rh":90,"wind_spd":3.8,"timestamp_utc":"2022-06-27T21:30:00","snow_rate":0,"app_temp":15.2,"pres":1009.64966,"azimuth":332.07,"dewpt":13.5,"uv":0,"elev_angle":-9.76,"wind_dir":255,"weather":{"icon":"c03n","code":803,"description":"Broken clouds"},"ghi":0,"dhi":0,"timestamp_local":"2022-06-27T23:30:00","solar_rad":0,"vis":10,"dni":0,"temp":15.2,"slp":1019.5,"clouds":56,"ts":1656365400},{"precip_rate":0,"rh":92,"wind_spd":3.9,"timestamp_utc":"2022-06-27T21:45:00","snow_rate":0,"app_temp":14.8,"pres":1009.8847,"azimuth":335.39,"dewpt":13.5,"uv":0,"elev_angle":-10.84,"wind_dir":254,"weather":{"icon":"c03n","code":803,"description":"Broken clouds"},"ghi":0,"dhi":0,"timestamp_local":"2022-06-27T23:45:00","solar_rad":0,"vis":10,"dni":0,"temp":14.8,"slp":1019.75,"clouds":53,"ts":1656366300},{"precip_rate":0,"rh":93,"wind_spd":4,"timestamp_utc":"2022-06-27T22:00:00","snow_rate":0,"app_temp":14.4,"pres":1010.1197,"azimuth":338.71,"dewpt":13.3,"uv":0,"elev_angle":-11.91,"wind_dir":252,"weather":{"icon":"c03n","code":803,"description":"Broken clouds"},"ghi":0,"dhi":0,"timestamp_local":"2022-06-28T00:00:00","solar_rad":0,"vis":10,"dni":0,"temp":14.4,"slp":1020,"clouds":50,"ts":1656367200},{"precip_rate":0,"rh":92,"wind_spd":4,"timestamp_utc":"2022-06-27T22:15:00","snow_rate":0,"app_temp":14.4,"pres":1010.36725,"azimuth":342.2,"dewpt":13.1,"uv":0,"elev_angle":-12.48,"wind_dir":256,"weather":{"icon":"c03n","code":803,"description":"Broken clouds"},"ghi":0,"dhi":0,"timestamp_local":"2022-06-28T00:15:00","solar_rad":0,"vis":10,"dni":0,"temp":14.4,"slp":1020.25,"clouds":52,"ts":1656368100},{"precip_rate":0,"rh":92,"wind_spd":4,"timestamp_utc":"2022-06-27T22:30:00","snow_rate":0,"app_temp":14.4,"pres":1010.61487,"azimuth":345.68,"dewpt":13.1,"uv":0,"elev_angle":-13.05,"wind_dir":259,"weather":{"icon":"c03n","code":803,"description":"Broken clouds"},"ghi":0,"dhi":0,"timestamp_local":"2022-06-28T00:30:00","solar_rad":0,"vis":10,"dni":0,"temp":14.4,"slp":1020.5,"clouds":53,"ts":1656369000},{"precip_rate":0,"rh":92,"wind_spd":4,"timestamp_utc":"2022-06-27T22:45:00","snow_rate":0,"app_temp":14.4,"pres":1010.8624,"azimuth":349.17,"dewpt":13.1,"uv":0,"elev_angle":-13.61,"wind_dir":262,"weather":{"icon":"c03n","code":803,"description":"Broken clouds"},"ghi":0,"dhi":0,"timestamp_local":"2022-06-28T00:45:00","solar_rad":0,"vis":10,"dni":0,"temp":14.4,"slp":1020.75,"clouds":54,"ts":1656369900},{"precip_rate":0,"rh":91,"wind_spd":4,"timestamp_utc":"2022-06-27T23:00:00","snow_rate":0,"app_temp":14.4,"pres":1011.11,"azimuth":352.65,"dewpt":13,"uv":0,"elev_angle":-14.18,"wind_dir":266,"weather":{"icon":"c03n","code":803,"description":"Broken clouds"},"ghi":0,"dhi":0,"timestamp_local":"2022-06-28T01:00:00","solar_rad":0,"vis":10,"dni":0,"temp":14.4,"slp":1021,"clouds":56,"ts":1656370800},{"precip_rate":0,"rh":91,"wind_spd":3.8,"timestamp_utc":"2022-06-27T23:15:00","snow_rate":0,"app_temp":14.2,"pres":1011.10364,"azimuth":266.2,"dewpt":12.8,"uv":0,"elev_angle":-14.19,"wind_dir":268,"weather":{"icon":"c03n","code":803,"description":"Broken clouds"},"ghi":0,"dhi":0,"timestamp_local":"2022-06-28T01:15:00","solar_rad":0,"vis":10,"dni":0,"temp":14.2,"slp":1021,"clouds":46,"ts":1656371700},{"precip_rate":0,"rh":91,"wind_spd":3.6,"timestamp_utc":"2022-06-27T23:30:00","snow_rate":0,"app_temp":14,"pres":1011.0973,"azimuth":179.76,"dewpt":12.6,"uv":0,"elev_angle":-14.2,"wind_dir":269,"weather":{"icon":"c02n","code":802,"description":"Scattered clouds"},"ghi":0,"dhi":0,"timestamp_local":"2022-06-28T01:30:00","solar_rad":0,"vis":9,"dni":0,"temp":14,"slp":1021,"clouds":35,"ts":1656372600},{"precip_rate":0,"rh":91,"wind_spd":3.4,"timestamp_utc":"2022-06-27T23:45:00","snow_rate":0,"app_temp":13.9,"pres":1011.09094,"azimuth":93.31,"dewpt":12.4,"uv":0,"elev_angle":-14.21,"wind_dir":270,"weather":{"icon":"c02n","code":802,"description":"Scattered clouds"},"ghi":0,"dhi":0,"timestamp_local":"2022-06-28T01:45:00","solar_rad":0,"vis":9,"dni":0,"temp":13.9,"slp":1021,"clouds":24,"ts":1656373500}],"sources":["103150-99999","imerg","merra2","era5","modis"],"city_id":"2856883"}
