{"timezone":"Europe\/Berlin","state_code":"06","country_code":"DE","lat":52.2833,"lon":8,"city_name":"Osnabr�ck","station_id":"103150-99999","data":[{"precip_rate":0,"rh":66,"wind_spd":1.15,"timestamp_utc":"2022-07-19T00:00:00","snow_rate":0,"app_temp":17.7,"pres":1012.8,"azimuth":6.32,"dewpt":11.4,"uv":0,"elev_angle":-16.73,"wind_dir":106,"weather":{"icon":"c01n","code":800,"description":"Clear Sky"},"ghi":0,"dhi":0,"timestamp_local":"2022-07-19T02:00:00","solar_rad":0,"vis":10,"dni":0,"temp":17.7,"slp":1019,"clouds":0,"ts":1658188800},{"precip_rate":0,"rh":67,"wind_spd":1.11,"timestamp_utc":"2022-07-19T00:15:00","snow_rate":0,"app_temp":17.5,"pres":1012.8,"azimuth":9.92,"dewpt":11.4,"uv":0,"elev_angle":-16.2,"wind_dir":107,"weather":{"icon":"c01n","code":800,"description":"Clear Sky"},"ghi":0,"dhi":0,"timestamp_local":"2022-07-19T02:15:00","solar_rad":0,"vis":10,"dni":0,"temp":17.5,"slp":1019,"clouds":0,"ts":1658189700},{"precip_rate":0,"rh":68,"wind_spd":1.08,"timestamp_utc":"2022-07-19T00:30:00","snow_rate":0,"app_temp":17.3,"pres":1012.8,"azimuth":13.52,"dewpt":11.3,"uv":0,"elev_angle":-15.66,"wind_dir":108,"weather":{"icon":"c01n","code":800,"description":"Clear Sky"},"ghi":0,"dhi":0,"timestamp_local":"2022-07-19T02:30:00","solar_rad":0,"vis":10,"dni":0,"temp":17.3,"slp":1019,"clouds":0,"ts":1658190600},{"precip_rate":0,"rh":69,"wind_spd":1.04,"timestamp_utc":"2022-07-19T00:45:00","snow_rate":0,"app_temp":17,"pres":1012.8,"azimuth":17.11,"dewpt":11.3,"uv":0,"elev_angle":-15.13,"wind_dir":110,"weather":{"icon":"c01n","code":800,"description":"Clear Sky"},"ghi":0,"dhi":0,"timestamp_local":"2022-07-19T02:45:00","solar_rad":0,"vis":10,"dni":0,"temp":17,"slp":1019,"clouds":0,"ts":1658191500},{"precip_rate":0,"rh":70,"wind_spd":1.01,"timestamp_utc":"2022-07-19T01:00:00","snow_rate":0,"app_temp":16.8,"pres":1012.8,"azimuth":20.71,"dewpt":11.3,"uv":0,"elev_angle":-14.59,"wind_dir":111,"weather":{"icon":"c01n","code":800,"description":"Clear Sky"},"ghi":0,"dhi":0,"timestamp_local":"2022-07-19T03:00:00","solar_rad":0,"vis":10,"dni":0,"temp":16.8,"slp":1019,"clouds":0,"ts":1658192400},{"precip_rate":0,"rh":71,"wind_spd":0.92,"timestamp_utc":"2022-07-19T01:15:00","snow_rate":0,"app_temp":16.6,"pres":1012.775,"azimuth":24.13,"dewpt":11.3,"uv":0,"elev_angle":-13.53,"wind_dir":114,"weather":{"icon":"c01n","code":800,"description":"Clear Sky"},"ghi":0,"dhi":0,"timestamp_local":"2022-07-19T03:15:00","solar_rad":0,"vis":10,"dni":0,"temp":16.6,"slp":1019,"clouds":1,"ts":1658193300},{"precip_rate":0,"rh":72,"wind_spd":0.84,"timestamp_utc":"2022-07-19T01:30:00","snow_rate":0,"app_temp":16.3,"pres":1012.75,"azimuth":27.56,"dewpt":11.3,"uv":0,"elev_angle":-12.47,"wind_dir":116,"weather":{"icon":"c02n","code":801,"description":"Few clouds"},"ghi":0,"dhi":0,"timestamp_local":"2022-07-19T03:30:00","solar_rad":0,"vis":10,"dni":0,"temp":16.3,"slp":1019,"clouds":2,"ts":1658194200},{"precip_rate":0,"rh":73,"wind_spd":0.76,"timestamp_utc":"2022-07-19T01:45:00","snow_rate":0,"app_temp":16.1,"pres":1012.725,"azimuth":30.98,"dewpt":11.3,"uv":0,"elev_angle":-11.41,"wind_dir":118,"weather":{"icon":"c02n","code":801,"description":"Few clouds"},"ghi":0,"dhi":0,"timestamp_local":"2022-07-19T03:45:00","solar_rad":0,"vis":10,"dni":0,"temp":16.1,"slp":1019,"clouds":2,"ts":1658195100},{"precip_rate":0,"rh":74,"wind_spd":0.67,"timestamp_utc":"2022-07-19T02:00:00","snow_rate":0,"app_temp":15.8,"pres":1012.7,"azimuth":34.4,"dewpt":11.3,"uv":0,"elev_angle":-10.35,"wind_dir":121,"weather":{"icon":"c02n","code":801,"description":"Few clouds"},"ghi":0,"dhi":0,"timestamp_local":"2022-07-19T04:00:00","solar_rad":0,"vis":10,"dni":0,"temp":15.8,"slp":1019,"clouds":3,"ts":1658196000},{"precip_rate":0,"rh":75,"wind_spd":0.74,"timestamp_utc":"2022-07-19T02:15:00","snow_rate":0,"app_temp":15.5,"pres":1012.7,"azimuth":37.6,"dewpt":11.3,"uv":0,"elev_angle":-8.85,"wind_dir":124,"weather":{"icon":"c02n","code":801,"description":"Few clouds"},"ghi":0,"dhi":0,"timestamp_local":"2022-07-19T04:15:00","solar_rad":0,"vis":10,"dni":0,"temp":15.5,"slp":1019,"clouds":2,"ts":1658196900},{"precip_rate":0,"rh":76,"wind_spd":0.81,"timestamp_utc":"2022-07-19T02:30:00","snow_rate":0,"app_temp":15.3,"pres":1012.7,"azimuth":40.8,"dewpt":11.3,"uv":0,"elev_angle":-7.36,"wind_dir":126,"weather":{"icon":"c02n","code":801,"description":"Few clouds"},"ghi":0,"dhi":0,"timestamp_local":"2022-07-19T04:30:00","solar_rad":0,"vis":10,"dni":0,"temp":15.3,"slp":1019,"clouds":2,"ts":1658197800},{"precip_rate":0,"rh":78,"wind_spd":0.87,"timestamp_utc":"2022-07-19T02:45:00","snow_rate":0,"app_temp":15,"pres":1012.7,"azimuth":43.99,"dewpt":11.2,"uv":0,"elev_angle":-5.86,"wind_dir":128,"weather":{"icon":"c01n","code":800,"description":"Clear Sky"},"ghi":0,"dhi":0,"timestamp_local":"2022-07-19T04:45:00","solar_rad":0,"vis":10,"dni":0,"temp":15,"slp":1019,"clouds":1,"ts":1658198700},{"precip_rate":0,"rh":79,"wind_spd":0.94,"timestamp_utc":"2022-07-19T03:00:00","snow_rate":0,"app_temp":14.7,"pres":1012.7,"azimuth":47.19,"dewpt":11.2,"uv":0,"elev_angle":-4.36,"wind_dir":131,"weather":{"icon":"c01n","code":800,"description":"Clear Sky"},"ghi":0,"dhi":0,"timestamp_local":"2022-07-19T05:00:00","solar_rad":0,"vis":10,"dni":0,"temp":14.7,"slp":1019,"clouds":0,"ts":1658199600},{"precip_rate":0,"rh":79,"wind_spd":0.94,"timestamp_utc":"2022-07-19T03:15:00","snow_rate":0,"app_temp":14.7,"pres":1012.7,"azimuth":50.18,"dewpt":11.2,"uv":0,"elev_angle":-2.53,"wind_dir":130,"weather":{"icon":"c01n","code":800,"description":"Clear Sky"},"ghi":6.1,"dhi":5.99,"timestamp_local":"2022-07-19T05:15:00","solar_rad":11.83046,"vis":10,"dni":45.23,"temp":14.7,"slp":1019,"clouds":1,"ts":1658200500},{"precip_rate":0,"rh":80,"wind_spd":0.95,"timestamp_utc":"2022-07-19T03:30:00","snow_rate":0,"app_temp":14.6,"pres":1012.7,"azimuth":53.17,"dewpt":11.2,"uv":0,"elev_angle":-0.7,"wind_dir":128,"weather":{"icon":"c02n","code":801,"description":"Few clouds"},"ghi":12.3,"dhi":11.98,"timestamp_local":"2022-07-19T05:30:00","solar_rad":11.901924,"vis":10,"dni":90.46,"temp":14.6,"slp":1019,"clouds":2,"ts":1658201400},{"precip_rate":0,"rh":80,"wind_spd":0.96,"timestamp_utc":"2022-07-19T03:45:00","snow_rate":0,"app_temp":14.6,"pres":1012.7,"azimuth":56.15,"dewpt":11.1,"uv":1.7,"elev_angle":1.14,"wind_dir":126,"weather":{"icon":"c02n","code":801,"description":"Few clouds"},"ghi":18.4,"dhi":17.97,"timestamp_local":"2022-07-19T05:45:00","solar_rad":17.806227,"vis":10,"dni":135.69,"temp":14.6,"slp":1019,"clouds":3,"ts":1658202300},{"precip_rate":0,"rh":80,"wind_spd":0.96,"timestamp_utc":"2022-07-19T04:00:00","snow_rate":0,"app_temp":14.5,"pres":1012.7,"azimuth":59.14,"dewpt":11.1,"uv":1.7,"elev_angle":2.97,"wind_dir":125,"weather":{"icon":"c02n","code":801,"description":"Few clouds"},"ghi":24.5,"dhi":23.96,"timestamp_local":"2022-07-19T06:00:00","solar_rad":23.711535,"vis":10,"dni":180.92,"temp":14.5,"slp":1019,"clouds":4,"ts":1658203200},{"precip_rate":0,"rh":79,"wind_spd":0.95,"timestamp_utc":"2022-07-19T04:15:00","snow_rate":0,"app_temp":14.9,"pres":1012.725,"azimuth":61.99,"dewpt":11.4,"uv":1.7,"elev_angle":5.05,"wind_dir":122,"weather":{"icon":"c02d","code":801,"description":"Few clouds"},"ghi":54.2,"dhi":31.67,"timestamp_local":"2022-07-19T06:15:00","solar_rad":52.429813,"vis":10,"dni":259.16,"temp":14.9,"slp":1019,"clouds":4,"ts":1658204100},{"precip_rate":0,"rh":78,"wind_spd":0.94,"timestamp_utc":"2022-07-19T04:30:00","snow_rate":0,"app_temp":15.4,"pres":1012.75,"azimuth":64.85,"dewpt":11.7,"uv":1.7,"elev_angle":7.12,"wind_dir":118,"weather":{"icon":"c02d","code":801,"description":"Few clouds"},"ghi":84,"dhi":39.38,"timestamp_local":"2022-07-19T06:30:00","solar_rad":81.21632,"vis":10,"dni":337.41,"temp":15.4,"slp":1019,"clouds":4,"ts":1658205000},{"precip_rate":0,"rh":78,"wind_spd":0.92,"timestamp_utc":"2022-07-19T04:45:00","snow_rate":0,"app_temp":15.8,"pres":1012.775,"azimuth":67.7,"dewpt":11.9,"uv":1.8,"elev_angle":9.2,"wind_dir":114,"weather":{"icon":"c02d","code":801,"description":"Few clouds"},"ghi":113.7,"dhi":47.08,"timestamp_local":"2022-07-19T06:45:00","solar_rad":109.82911,"vis":10,"dni":415.65,"temp":15.8,"slp":1019,"clouds":3,"ts":1658205900},{"precip_rate":0,"rh":77,"wind_spd":0.91,"timestamp_utc":"2022-07-19T05:00:00","snow_rate":0,"app_temp":16.3,"pres":1012.8,"azimuth":70.55,"dewpt":12.2,"uv":1.8,"elev_angle":11.27,"wind_dir":111,"weather":{"icon":"c02d","code":801,"description":"Few clouds"},"ghi":143.4,"dhi":54.79,"timestamp_local":"2022-07-19T07:00:00","solar_rad":138.44753,"vis":10,"dni":493.89,"temp":16.3,"slp":1019,"clouds":3,"ts":1658206800},{"precip_rate":0,"rh":74,"wind_spd":0.83,"timestamp_utc":"2022-07-19T05:15:00","snow_rate":0,"app_temp":17.4,"pres":1012.825,"azimuth":73.37,"dewpt":12.6,"uv":1.8,"elev_angle":13.49,"wind_dir":110,"weather":{"icon":"c02d","code":801,"description":"Few clouds"},"ghi":181,"dhi":59.85,"timestamp_local":"2022-07-19T07:15:00","solar_rad":174.57939,"vis":10,"dni":533.94,"temp":17.4,"slp":1019,"clouds":6,"ts":1658207700},{"precip_rate":0,"rh":71,"wind_spd":0.75,"timestamp_utc":"2022-07-19T05:30:00","snow_rate":0,"app_temp":18.2,"pres":1012.85,"azimuth":76.19,"dewpt":13,"uv":1.9,"elev_angle":15.72,"wind_dir":110,"weather":{"icon":"c02d","code":801,"description":"Few clouds"},"ghi":218.6,"dhi":64.91,"timestamp_local":"2022-07-19T07:30:00","solar_rad":210.64052,"vis":10,"dni":573.99,"temp":18.4,"slp":1019,"clouds":8,"ts":1658208600},{"precip_rate":0,"rh":68,"wind_spd":0.66,"timestamp_utc":"2022-07-19T05:45:00","snow_rate":0,"app_temp":19.3,"pres":1012.875,"azimuth":79,"dewpt":13.4,"uv":2,"elev_angle":17.94,"wind_dir":109,"weather":{"icon":"c02d","code":801,"description":"Few clouds"},"ghi":256.3,"dhi":69.97,"timestamp_local":"2022-07-19T07:45:00","solar_rad":246.71994,"vis":10,"dni":614.04,"temp":19.5,"slp":1019,"clouds":10,"ts":1658209500},{"precip_rate":0,"rh":65,"wind_spd":0.58,"timestamp_utc":"2022-07-19T06:00:00","snow_rate":0,"app_temp":20.4,"pres":1012.9,"azimuth":81.82,"dewpt":13.8,"uv":2,"elev_angle":20.16,"wind_dir":108,"weather":{"icon":"c02d","code":801,"description":"Few clouds"},"ghi":293.9,"dhi":75.03,"timestamp_local":"2022-07-19T08:00:00","solar_rad":282.55475,"vis":10,"dni":654.09,"temp":20.6,"slp":1019,"clouds":13,"ts":1658210400},{"precip_rate":0,"rh":61,"wind_spd":0.68,"timestamp_utc":"2022-07-19T06:15:00","snow_rate":0,"app_temp":21.7,"pres":1012.9,"azimuth":84.75,"dewpt":13.8,"uv":2.1,"elev_angle":22.45,"wind_dir":109,"weather":{"icon":"c02d","code":802,"description":"Scattered clouds"},"ghi":333.3,"dhi":78.74,"timestamp_local":"2022-07-19T08:15:00","solar_rad":318.86725,"vis":10,"dni":678.43,"temp":21.8,"slp":1019,"clouds":22,"ts":1658211300},{"precip_rate":0,"rh":56,"wind_spd":0.78,"timestamp_utc":"2022-07-19T06:30:00","snow_rate":0,"app_temp":22.9,"pres":1012.9,"azimuth":87.68,"dewpt":13.8,"uv":2.1,"elev_angle":24.74,"wind_dir":110,"weather":{"icon":"c02d","code":802,"description":"Scattered clouds"},"ghi":372.7,"dhi":82.44,"timestamp_local":"2022-07-19T08:30:00","solar_rad":352.44363,"vis":10,"dni":702.77,"temp":23.1,"slp":1019,"clouds":31,"ts":1658212200},{"precip_rate":0,"rh":52,"wind_spd":0.88,"timestamp_utc":"2022-07-19T06:45:00","snow_rate":0,"app_temp":24.1,"pres":1012.9,"azimuth":90.61,"dewpt":13.8,"uv":2.1,"elev_angle":27.03,"wind_dir":110,"weather":{"icon":"c02d","code":802,"description":"Scattered clouds"},"ghi":412.2,"dhi":86.15,"timestamp_local":"2022-07-19T08:45:00","solar_rad":380.29532,"vis":10,"dni":727.1,"temp":24.3,"slp":1019,"clouds":40,"ts":1658213100},{"precip_rate":0,"rh":48,"wind_spd":0.98,"timestamp_utc":"2022-07-19T07:00:00","snow_rate":0,"app_temp":25.4,"pres":1012.9,"azimuth":93.54,"dewpt":13.8,"uv":2.1,"elev_angle":29.32,"wind_dir":111,"weather":{"icon":"c03d","code":803,"description":"Broken clouds"},"ghi":451.6,"dhi":89.85,"timestamp_local":"2022-07-19T09:00:00","solar_rad":398.87833,"vis":10,"dni":751.44,"temp":25.5,"slp":1019,"clouds":49,"ts":1658214000},{"precip_rate":0,"rh":45,"wind_spd":1.15,"timestamp_utc":"2022-07-19T07:15:00","snow_rate":0,"app_temp":26.2,"pres":1012.92505,"azimuth":96.78,"dewpt":13.3,"uv":2.3,"elev_angle":31.58,"wind_dir":114,"weather":{"icon":"c03d","code":803,"description":"Broken clouds"},"ghi":488.7,"dhi":92.6,"timestamp_local":"2022-07-19T09:15:00","solar_rad":441.73035,"vis":10,"dni":767.27,"temp":26.3,"slp":1019,"clouds":45,"ts":1658214900},{"precip_rate":0,"rh":42,"wind_spd":1.31,"timestamp_utc":"2022-07-19T07:30:00","snow_rate":0,"app_temp":27.1,"pres":1012.95,"azimuth":100.02,"dewpt":12.9,"uv":2.6,"elev_angle":33.83,"wind_dir":117,"weather":{"icon":"c03d","code":803,"description":"Broken clouds"},"ghi":525.7,"dhi":95.36,"timestamp_local":"2022-07-19T09:30:00","solar_rad":484.08334,"vis":10,"dni":783.09,"temp":27.1,"slp":1019,"clouds":41,"ts":1658215800},{"precip_rate":0,"rh":38,"wind_spd":1.48,"timestamp_utc":"2022-07-19T07:45:00","snow_rate":0,"app_temp":27.5,"pres":1012.975,"azimuth":103.26,"dewpt":12.4,"uv":3,"elev_angle":36.09,"wind_dir":120,"weather":{"icon":"c02d","code":802,"description":"Scattered clouds"},"ghi":562.8,"dhi":98.11,"timestamp_local":"2022-07-19T09:45:00","solar_rad":526.4832,"vis":10,"dni":798.92,"temp":28,"slp":1019,"clouds":37,"ts":1658216700},{"precip_rate":0,"rh":35,"wind_spd":1.64,"timestamp_utc":"2022-07-19T08:00:00","snow_rate":0,"app_temp":28,"pres":1013,"azimuth":106.5,"dewpt":12,"uv":3.4,"elev_angle":38.34,"wind_dir":123,"weather":{"icon":"c02d","code":802,"description":"Scattered clouds"},"ghi":599.9,"dhi":100.86,"timestamp_local":"2022-07-19T10:00:00","solar_rad":567.81635,"vis":10,"dni":814.74,"temp":28.8,"slp":1019,"clouds":33,"ts":1658217600},{"precip_rate":0,"rh":33,"wind_spd":1.78,"timestamp_utc":"2022-07-19T08:15:00","snow_rate":0,"app_temp":28.5,"pres":1013.025,"azimuth":110.34,"dewpt":11.6,"uv":3.9,"elev_angle":40.43,"wind_dir":124,"weather":{"icon":"c02d","code":802,"description":"Scattered clouds"},"ghi":631.1,"dhi":102.84,"timestamp_local":"2022-07-19T10:15:00","solar_rad":605.0743,"vis":10,"dni":825.08,"temp":29.4,"slp":1019,"clouds":26,"ts":1658218500},{"precip_rate":0,"rh":31,"wind_spd":1.91,"timestamp_utc":"2022-07-19T08:30:00","snow_rate":0,"app_temp":28.9,"pres":1013.05,"azimuth":114.17,"dewpt":11.1,"uv":4.4,"elev_angle":42.52,"wind_dir":126,"weather":{"icon":"c02d","code":801,"description":"Few clouds"},"ghi":662.4,"dhi":104.82,"timestamp_local":"2022-07-19T10:30:00","solar_rad":639.6342,"vis":10,"dni":835.42,"temp":30.1,"slp":1019,"clouds":19,"ts":1658219400},{"precip_rate":0,"rh":29,"wind_spd":2.05,"timestamp_utc":"2022-07-19T08:45:00","snow_rate":0,"app_temp":29.4,"pres":1013.07495,"azimuth":118.01,"dewpt":10.7,"uv":5,"elev_angle":44.61,"wind_dir":128,"weather":{"icon":"c02d","code":801,"description":"Few clouds"},"ghi":693.7,"dhi":106.79,"timestamp_local":"2022-07-19T10:45:00","solar_rad":672.2443,"vis":10,"dni":845.76,"temp":30.8,"slp":1019,"clouds":12,"ts":1658220300},{"precip_rate":0,"rh":27,"wind_spd":2.19,"timestamp_utc":"2022-07-19T09:00:00","snow_rate":0,"app_temp":29.9,"pres":1013.1,"azimuth":121.84,"dewpt":10.2,"uv":5.7,"elev_angle":46.7,"wind_dir":129,"weather":{"icon":"c02d","code":801,"description":"Few clouds"},"ghi":725,"dhi":108.77,"timestamp_local":"2022-07-19T11:00:00","solar_rad":724.9754,"vis":10,"dni":856.1,"temp":31.4,"slp":1019,"clouds":5,"ts":1658221200},{"precip_rate":0,"rh":26,"wind_spd":2.26,"timestamp_utc":"2022-07-19T09:15:00","snow_rate":0,"app_temp":30.3,"pres":1012.85,"azimuth":126.64,"dewpt":9.7,"uv":6,"elev_angle":48.42,"wind_dir":130,"weather":{"icon":"c02d","code":801,"description":"Few clouds"},"ghi":747.7,"dhi":110.06,"timestamp_local":"2022-07-19T11:15:00","solar_rad":747.6746,"vis":10,"dni":862.44,"temp":31.9,"slp":1018.75,"clouds":5,"ts":1658222100},{"precip_rate":0,"rh":24,"wind_spd":2.33,"timestamp_utc":"2022-07-19T09:30:00","snow_rate":0,"app_temp":30.5,"pres":1012.6,"azimuth":131.43,"dewpt":9.2,"uv":6.4,"elev_angle":50.15,"wind_dir":132,"weather":{"icon":"c02d","code":801,"description":"Few clouds"},"ghi":770.5,"dhi":111.35,"timestamp_local":"2022-07-19T11:30:00","solar_rad":770.48773,"vis":10,"dni":868.78,"temp":32.3,"slp":1018.5,"clouds":4,"ts":1658223000},{"precip_rate":0,"rh":22,"wind_spd":2.4,"timestamp_utc":"2022-07-19T09:45:00","snow_rate":0,"app_temp":30.8,"pres":1012.35,"azimuth":136.23,"dewpt":8.6,"uv":6.7,"elev_angle":51.87,"wind_dir":134,"weather":{"icon":"c02d","code":801,"description":"Few clouds"},"ghi":793.2,"dhi":112.64,"timestamp_local":"2022-07-19T11:45:00","solar_rad":793.1874,"vis":10,"dni":875.12,"temp":32.8,"slp":1018.25,"clouds":4,"ts":1658223900},{"precip_rate":0,"rh":21,"wind_spd":2.47,"timestamp_utc":"2022-07-19T10:00:00","snow_rate":0,"app_temp":31.2,"pres":1012.1,"azimuth":141.02,"dewpt":8.1,"uv":7,"elev_angle":53.59,"wind_dir":135,"weather":{"icon":"c02d","code":801,"description":"Few clouds"},"ghi":816,"dhi":113.93,"timestamp_local":"2022-07-19T12:00:00","solar_rad":815.98706,"vis":10,"dni":881.46,"temp":33.2,"slp":1018,"clouds":4,"ts":1658224800},{"precip_rate":0,"rh":20,"wind_spd":2.5,"timestamp_utc":"2022-07-19T10:15:00","snow_rate":0,"app_temp":31.5,"pres":1012.1,"azimuth":147,"dewpt":8,"uv":7.2,"elev_angle":54.64,"wind_dir":135,"weather":{"icon":"c02d","code":801,"description":"Few clouds"},"ghi":828.2,"dhi":114.59,"timestamp_local":"2022-07-19T12:15:00","solar_rad":828.1868,"vis":10,"dni":884.56,"temp":33.5,"slp":1018,"clouds":4,"ts":1658225700},{"precip_rate":0,"rh":20,"wind_spd":2.54,"timestamp_utc":"2022-07-19T10:30:00","snow_rate":0,"app_temp":31.9,"pres":1012.1,"azimuth":152.97,"dewpt":7.8,"uv":7.4,"elev_angle":55.69,"wind_dir":134,"weather":{"icon":"c02d","code":801,"description":"Few clouds"},"ghi":840.5,"dhi":115.25,"timestamp_local":"2022-07-19T12:30:00","solar_rad":840.48663,"vis":10,"dni":887.67,"temp":33.9,"slp":1018,"clouds":4,"ts":1658226600},{"precip_rate":0,"rh":20,"wind_spd":2.58,"timestamp_utc":"2022-07-19T10:45:00","snow_rate":0,"app_temp":32.2,"pres":1012.1,"azimuth":158.95,"dewpt":7.7,"uv":7.7,"elev_angle":56.73,"wind_dir":134,"weather":{"icon":"c02d","code":801,"description":"Few clouds"},"ghi":852.8,"dhi":115.9,"timestamp_local":"2022-07-19T12:45:00","solar_rad":852.7949,"vis":10,"dni":890.77,"temp":34.3,"slp":1018,"clouds":3,"ts":1658227500},{"precip_rate":0,"rh":19,"wind_spd":2.61,"timestamp_utc":"2022-07-19T11:00:00","snow_rate":0,"app_temp":32.5,"pres":1012.1,"azimuth":164.92,"dewpt":7.5,"uv":7.9,"elev_angle":57.78,"wind_dir":134,"weather":{"icon":"c02d","code":801,"description":"Few clouds"},"ghi":865.1,"dhi":116.56,"timestamp_local":"2022-07-19T13:00:00","solar_rad":865.09485,"vis":10,"dni":893.87,"temp":34.6,"slp":1018,"clouds":3,"ts":1658228400},{"precip_rate":0,"rh":18,"wind_spd":2.63,"timestamp_utc":"2022-07-19T11:15:00","snow_rate":0,"app_temp":32.6,"pres":1011.875,"azimuth":171.56,"dewpt":7.3,"uv":7.6,"elev_angle":57.85,"wind_dir":134,"weather":{"icon":"c02d","code":801,"description":"Few clouds"},"ghi":865.9,"dhi":116.6,"timestamp_local":"2022-07-19T13:15:00","solar_rad":865.7547,"vis":10,"dni":894.06,"temp":34.8,"slp":1017.75,"clouds":8,"ts":1658229300},{"precip_rate":0,"rh":18,"wind_spd":2.65,"timestamp_utc":"2022-07-19T11:30:00","snow_rate":0,"app_temp":32.7,"pres":1011.65,"azimuth":178.21,"dewpt":7.1,"uv":7.4,"elev_angle":57.92,"wind_dir":134,"weather":{"icon":"c02d","code":801,"description":"Few clouds"},"ghi":866.7,"dhi":116.64,"timestamp_local":"2022-07-19T13:30:00","solar_rad":866.1228,"vis":10,"dni":894.25,"temp":34.9,"slp":1017.5,"clouds":12,"ts":1658230200},{"precip_rate":0,"rh":18,"wind_spd":2.67,"timestamp_utc":"2022-07-19T11:45:00","snow_rate":0,"app_temp":32.9,"pres":1011.425,"azimuth":184.85,"dewpt":6.9,"uv":7.1,"elev_angle":57.99,"wind_dir":133,"weather":{"icon":"c02d","code":801,"description":"Few clouds"},"ghi":867.4,"dhi":116.68,"timestamp_local":"2022-07-19T13:45:00","solar_rad":865.5121,"vis":10,"dni":894.44,"temp":35,"slp":1017.25,"clouds":17,"ts":1658231100},{"precip_rate":0,"rh":17,"wind_spd":2.69,"timestamp_utc":"2022-07-19T12:00:00","snow_rate":0,"app_temp":32.9,"pres":1011.2,"azimuth":191.49,"dewpt":6.7,"uv":6.9,"elev_angle":58.06,"wind_dir":133,"weather":{"icon":"c02d","code":802,"description":"Scattered clouds"},"ghi":868.2,"dhi":116.72,"timestamp_local":"2022-07-19T14:00:00","solar_rad":863.65955,"vis":10,"dni":894.63,"temp":35.2,"slp":1017,"clouds":22,"ts":1658232000},{"precip_rate":0,"rh":17,"wind_spd":2.67,"timestamp_utc":"2022-07-19T12:15:00","snow_rate":0,"app_temp":33.2,"pres":1011.2,"azimuth":197.61,"dewpt":6.8,"uv":6.8,"elev_angle":57.13,"wind_dir":133,"weather":{"icon":"c02d","code":801,"description":"Few clouds"},"ghi":857.4,"dhi":116.15,"timestamp_local":"2022-07-19T14:15:00","solar_rad":854.15717,"vis":10,"dni":891.93,"temp":35.4,"slp":1017,"clouds":20,"ts":1658232900},{"precip_rate":0,"rh":17,"wind_spd":2.66,"timestamp_utc":"2022-07-19T12:30:00","snow_rate":0,"app_temp":33.4,"pres":1011.2,"azimuth":203.73,"dewpt":6.8,"uv":6.8,"elev_angle":56.2,"wind_dir":132,"weather":{"icon":"c02d","code":801,"description":"Few clouds"},"ghi":846.7,"dhi":115.58,"timestamp_local":"2022-07-19T14:30:00","solar_rad":844.4618,"vis":10,"dni":889.23,"temp":35.6,"slp":1017,"clouds":18,"ts":1658233800},{"precip_rate":0,"rh":17,"wind_spd":2.65,"timestamp_utc":"2022-07-19T12:45:00","snow_rate":0,"app_temp":33.7,"pres":1011.2,"azimuth":209.84,"dewpt":6.9,"uv":6.8,"elev_angle":55.26,"wind_dir":132,"weather":{"icon":"c02d","code":801,"description":"Few clouds"},"ghi":835.9,"dhi":115,"timestamp_local":"2022-07-19T14:45:00","solar_rad":834.7112,"vis":10,"dni":886.53,"temp":35.9,"slp":1017,"clouds":15,"ts":1658234700},{"precip_rate":0,"rh":17,"wind_spd":2.63,"timestamp_utc":"2022-07-19T13:00:00","snow_rate":0,"app_temp":33.9,"pres":1011.2,"azimuth":215.96,"dewpt":7,"uv":6.7,"elev_angle":54.33,"wind_dir":132,"weather":{"icon":"c02d","code":801,"description":"Few clouds"},"ghi":825.1,"dhi":114.43,"timestamp_local":"2022-07-19T15:00:00","solar_rad":824.37866,"vis":10,"dni":883.83,"temp":36.1,"slp":1017,"clouds":13,"ts":1658235600},{"precip_rate":0,"rh":17,"wind_spd":2.61,"timestamp_utc":"2022-07-19T13:15:00","snow_rate":0,"app_temp":34.1,"pres":1010.95,"azimuth":220.91,"dewpt":7,"uv":6.6,"elev_angle":52.68,"wind_dir":132,"weather":{"icon":"c02d","code":801,"description":"Few clouds"},"ghi":803.6,"dhi":113.23,"timestamp_local":"2022-07-19T15:15:00","solar_rad":803.3121,"vis":10,"dni":877.95,"temp":36.3,"slp":1016.75,"clouds":10,"ts":1658236500},{"precip_rate":0,"rh":16,"wind_spd":2.59,"timestamp_utc":"2022-07-19T13:30:00","snow_rate":0,"app_temp":34.1,"pres":1010.7,"azimuth":225.86,"dewpt":7,"uv":6.4,"elev_angle":51.03,"wind_dir":131,"weather":{"icon":"c02d","code":801,"description":"Few clouds"},"ghi":782.2,"dhi":112.02,"timestamp_local":"2022-07-19T15:30:00","solar_rad":782.0688,"vis":10,"dni":872.07,"temp":36.4,"slp":1016.5,"clouds":8,"ts":1658237400},{"precip_rate":0,"rh":16,"wind_spd":2.57,"timestamp_utc":"2022-07-19T13:45:00","snow_rate":0,"app_temp":34.3,"pres":1010.45,"azimuth":230.81,"dewpt":7,"uv":6.1,"elev_angle":49.38,"wind_dir":130,"weather":{"icon":"c02d","code":801,"description":"Few clouds"},"ghi":760.7,"dhi":110.82,"timestamp_local":"2022-07-19T15:45:00","solar_rad":760.652,"vis":10,"dni":866.19,"temp":36.5,"slp":1016.25,"clouds":6,"ts":1658238300},{"precip_rate":0,"rh":16,"wind_spd":2.55,"timestamp_utc":"2022-07-19T14:00:00","snow_rate":0,"app_temp":34.4,"pres":1010.2,"azimuth":235.76,"dewpt":7,"uv":6,"elev_angle":47.73,"wind_dir":130,"weather":{"icon":"c02d","code":801,"description":"Few clouds"},"ghi":739.3,"dhi":109.61,"timestamp_local":"2022-07-19T16:00:00","solar_rad":739.2956,"vis":10,"dni":860.31,"temp":36.7,"slp":1016,"clouds":3,"ts":1658239200},{"precip_rate":0,"rh":16,"wind_spd":2.57,"timestamp_utc":"2022-07-19T14:15:00","snow_rate":0,"app_temp":34.5,"pres":1010.2,"azimuth":239.7,"dewpt":6.9,"uv":5.6,"elev_angle":45.67,"wind_dir":128,"weather":{"icon":"c02d","code":801,"description":"Few clouds"},"ghi":709,"dhi":107.73,"timestamp_local":"2022-07-19T16:15:00","solar_rad":708.9958,"vis":10,"dni":850.56,"temp":36.8,"slp":1016,"clouds":3,"ts":1658240100},{"precip_rate":0,"rh":16,"wind_spd":2.58,"timestamp_utc":"2022-07-19T14:30:00","snow_rate":0,"app_temp":34.5,"pres":1010.2,"azimuth":243.64,"dewpt":6.8,"uv":5.2,"elev_angle":43.62,"wind_dir":126,"weather":{"icon":"c02d","code":801,"description":"Few clouds"},"ghi":678.7,"dhi":105.85,"timestamp_local":"2022-07-19T16:30:00","solar_rad":678.6959,"vis":10,"dni":840.81,"temp":36.8,"slp":1016,"clouds":3,"ts":1658241000},{"precip_rate":0,"rh":16,"wind_spd":2.6,"timestamp_utc":"2022-07-19T14:45:00","snow_rate":0,"app_temp":34.6,"pres":1010.2,"azimuth":247.58,"dewpt":6.7,"uv":4.8,"elev_angle":41.56,"wind_dir":123,"weather":{"icon":"c02d","code":801,"description":"Few clouds"},"ghi":648.4,"dhi":103.96,"timestamp_local":"2022-07-19T16:45:00","solar_rad":648.3961,"vis":10,"dni":831.06,"temp":36.9,"slp":1016,"clouds":3,"ts":1658241900},{"precip_rate":0,"rh":16,"wind_spd":2.62,"timestamp_utc":"2022-07-19T15:00:00","snow_rate":0,"app_temp":34.7,"pres":1010.2,"azimuth":251.52,"dewpt":6.6,"uv":4.5,"elev_angle":39.5,"wind_dir":121,"weather":{"icon":"c02d","code":801,"description":"Few clouds"},"ghi":618.1,"dhi":102.08,"timestamp_local":"2022-07-19T17:00:00","solar_rad":618.0963,"vis":10,"dni":821.31,"temp":36.9,"slp":1016,"clouds":3,"ts":1658242800},{"precip_rate":0,"rh":16,"wind_spd":2.65,"timestamp_utc":"2022-07-19T15:15:00","snow_rate":0,"app_temp":34.6,"pres":1009.95,"azimuth":254.82,"dewpt":6.6,"uv":4.1,"elev_angle":37.26,"wind_dir":119,"weather":{"icon":"c02d","code":801,"description":"Few clouds"},"ghi":581.5,"dhi":99.44,"timestamp_local":"2022-07-19T17:15:00","solar_rad":581.4965,"vis":10,"dni":806.33,"temp":36.9,"slp":1015.75,"clouds":3,"ts":1658243700},{"precip_rate":0,"rh":16,"wind_spd":2.68,"timestamp_utc":"2022-07-19T15:30:00","snow_rate":0,"app_temp":34.5,"pres":1009.7,"azimuth":258.13,"dewpt":6.6,"uv":3.8,"elev_angle":35.01,"wind_dir":118,"weather":{"icon":"c02d","code":801,"description":"Few clouds"},"ghi":545,"dhi":96.79,"timestamp_local":"2022-07-19T17:30:00","solar_rad":544.9992,"vis":10,"dni":791.34,"temp":36.8,"slp":1015.5,"clouds":2,"ts":1658244600},{"precip_rate":0,"rh":16,"wind_spd":2.71,"timestamp_utc":"2022-07-19T15:45:00","snow_rate":0,"app_temp":34.5,"pres":1009.45,"azimuth":261.43,"dewpt":6.6,"uv":3.5,"elev_angle":32.77,"wind_dir":116,"weather":{"icon":"c02d","code":801,"description":"Few clouds"},"ghi":508.5,"dhi":94.15,"timestamp_local":"2022-07-19T17:45:00","solar_rad":508.49924,"vis":10,"dni":776.36,"temp":36.8,"slp":1015.25,"clouds":2,"ts":1658245500},{"precip_rate":0,"rh":16,"wind_spd":2.75,"timestamp_utc":"2022-07-19T16:00:00","snow_rate":0,"app_temp":34.4,"pres":1009.2,"azimuth":264.73,"dewpt":6.6,"uv":3.2,"elev_angle":30.52,"wind_dir":114,"weather":{"icon":"c02d","code":801,"description":"Few clouds"},"ghi":472,"dhi":91.5,"timestamp_local":"2022-07-19T18:00:00","solar_rad":471.9993,"vis":10,"dni":761.37,"temp":36.7,"slp":1015,"clouds":2,"ts":1658246400},{"precip_rate":0,"rh":16,"wind_spd":2.8,"timestamp_utc":"2022-07-19T16:15:00","snow_rate":0,"app_temp":34.2,"pres":1008.95,"azimuth":267.69,"dewpt":6.4,"uv":2.9,"elev_angle":28.23,"wind_dir":112,"weather":{"icon":"c02d","code":801,"description":"Few clouds"},"ghi":432.6,"dhi":87.93,"timestamp_local":"2022-07-19T18:15:00","solar_rad":432.59933,"vis":10,"dni":738.39,"temp":36.5,"slp":1014.75,"clouds":2,"ts":1658247300},{"precip_rate":0,"rh":16,"wind_spd":2.85,"timestamp_utc":"2022-07-19T16:30:00","snow_rate":0,"app_temp":34.1,"pres":1008.7,"azimuth":270.64,"dewpt":6.3,"uv":2.7,"elev_angle":25.94,"wind_dir":111,"weather":{"icon":"c01d","code":800,"description":"Clear Sky"},"ghi":393.2,"dhi":84.36,"timestamp_local":"2022-07-19T18:30:00","solar_rad":393.19995,"vis":10,"dni":715.41,"temp":36.4,"slp":1014.5,"clouds":1,"ts":1658248200},{"precip_rate":0,"rh":16,"wind_spd":2.9,"timestamp_utc":"2022-07-19T16:45:00","snow_rate":0,"app_temp":33.9,"pres":1008.45,"azimuth":273.6,"dewpt":6.1,"uv":2.5,"elev_angle":23.64,"wind_dir":110,"weather":{"icon":"c01d","code":800,"description":"Clear Sky"},"ghi":353.8,"dhi":80.79,"timestamp_local":"2022-07-19T18:45:00","solar_rad":353.8,"vis":10,"dni":692.42,"temp":36.2,"slp":1014.25,"clouds":0,"ts":1658249100},{"precip_rate":0,"rh":16,"wind_spd":2.94,"timestamp_utc":"2022-07-19T17:00:00","snow_rate":0,"app_temp":33.7,"pres":1008.2,"azimuth":276.55,"dewpt":5.9,"uv":2.3,"elev_angle":21.35,"wind_dir":108,"weather":{"icon":"c01d","code":800,"description":"Clear Sky"},"ghi":314.4,"dhi":77.22,"timestamp_local":"2022-07-19T19:00:00","solar_rad":314.4,"vis":10,"dni":669.44,"temp":36,"slp":1014,"clouds":0,"ts":1658250000},{"precip_rate":0,"rh":16,"wind_spd":2.82,"timestamp_utc":"2022-07-19T17:15:00","snow_rate":0,"app_temp":33.2,"pres":1008.2,"azimuth":279.38,"dewpt":5.9,"uv":2.2,"elev_angle":19.11,"wind_dir":106,"weather":{"icon":"c01d","code":800,"description":"Clear Sky"},"ghi":276.2,"dhi":72.37,"timestamp_local":"2022-07-19T19:15:00","solar_rad":276.2,"vis":10,"dni":632.07,"temp":35.6,"slp":1014,"clouds":0,"ts":1658250900},{"precip_rate":0,"rh":16,"wind_spd":2.7,"timestamp_utc":"2022-07-19T17:30:00","snow_rate":0,"app_temp":32.8,"pres":1008.2,"azimuth":282.2,"dewpt":6,"uv":2.1,"elev_angle":16.87,"wind_dir":104,"weather":{"icon":"c01d","code":800,"description":"Clear Sky"},"ghi":238,"dhi":67.51,"timestamp_local":"2022-07-19T19:30:00","solar_rad":238,"vis":10,"dni":594.7,"temp":35.1,"slp":1014,"clouds":0,"ts":1658251800},{"precip_rate":0,"rh":17,"wind_spd":2.58,"timestamp_utc":"2022-07-19T17:45:00","snow_rate":0,"app_temp":32.5,"pres":1008.2,"azimuth":285.03,"dewpt":6,"uv":2,"elev_angle":14.62,"wind_dir":101,"weather":{"icon":"c01d","code":800,"description":"Clear Sky"},"ghi":199.8,"dhi":62.66,"timestamp_local":"2022-07-19T19:45:00","solar_rad":199.8,"vis":10,"dni":557.33,"temp":34.7,"slp":1014,"clouds":0,"ts":1658252700},{"precip_rate":0,"rh":17,"wind_spd":2.45,"timestamp_utc":"2022-07-19T18:00:00","snow_rate":0,"app_temp":32,"pres":1008.2,"azimuth":287.85,"dewpt":6,"uv":1.9,"elev_angle":12.38,"wind_dir":99,"weather":{"icon":"c01d","code":800,"description":"Clear Sky"},"ghi":161.6,"dhi":57.8,"timestamp_local":"2022-07-19T20:00:00","solar_rad":161.6,"vis":10,"dni":519.96,"temp":34.3,"slp":1014,"clouds":0,"ts":1658253600},{"precip_rate":0,"rh":18,"wind_spd":2.34,"timestamp_utc":"2022-07-19T18:15:00","snow_rate":0,"app_temp":31.3,"pres":1008.2,"azimuth":290.69,"dewpt":6.5,"uv":1.8,"elev_angle":10.28,"wind_dir":99,"weather":{"icon":"c01d","code":800,"description":"Clear Sky"},"ghi":130.3,"dhi":50.57,"timestamp_local":"2022-07-19T20:15:00","solar_rad":130.3,"vis":10,"dni":448.83,"temp":33.5,"slp":1014,"clouds":0,"ts":1658254500},{"precip_rate":0,"rh":20,"wind_spd":2.23,"timestamp_utc":"2022-07-19T18:30:00","snow_rate":0,"app_temp":30.6,"pres":1008.2,"azimuth":293.53,"dewpt":6.9,"uv":1.8,"elev_angle":8.18,"wind_dir":99,"weather":{"icon":"c01d","code":800,"description":"Clear Sky"},"ghi":98.9,"dhi":43.35,"timestamp_local":"2022-07-19T20:30:00","solar_rad":98.9,"vis":10,"dni":377.71,"temp":32.7,"slp":1014,"clouds":0,"ts":1658255400},{"precip_rate":0,"rh":22,"wind_spd":2.12,"timestamp_utc":"2022-07-19T18:45:00","snow_rate":0,"app_temp":30,"pres":1008.2,"azimuth":296.36,"dewpt":7.4,"uv":1.8,"elev_angle":6.07,"wind_dir":99,"weather":{"icon":"c01d","code":800,"description":"Clear Sky"},"ghi":67.5,"dhi":36.12,"timestamp_local":"2022-07-19T20:45:00","solar_rad":67.5,"vis":10,"dni":306.58,"temp":31.9,"slp":1014,"clouds":0,"ts":1658256300},{"precip_rate":0,"rh":23,"wind_spd":2.01,"timestamp_utc":"2022-07-19T19:00:00","snow_rate":0,"app_temp":29.3,"pres":1008.2,"azimuth":299.2,"dewpt":7.8,"uv":1.8,"elev_angle":3.97,"wind_dir":99,"weather":{"icon":"c01n","code":800,"description":"Clear Sky"},"ghi":36.2,"dhi":28.89,"timestamp_local":"2022-07-19T21:00:00","solar_rad":36.2,"vis":10,"dni":235.45,"temp":31.1,"slp":1014,"clouds":0,"ts":1658257200},{"precip_rate":0,"rh":25,"wind_spd":1.97,"timestamp_utc":"2022-07-19T19:15:00","snow_rate":0,"app_temp":28.6,"pres":1008.175,"azimuth":302.17,"dewpt":7.9,"uv":1.8,"elev_angle":2.09,"wind_dir":100,"weather":{"icon":"c01n","code":800,"description":"Clear Sky"},"ghi":27.1,"dhi":21.67,"timestamp_local":"2022-07-19T21:15:00","solar_rad":27.1,"vis":10,"dni":176.59,"temp":30.2,"slp":1014,"clouds":0,"ts":1658258100},{"precip_rate":0,"rh":26,"wind_spd":1.93,"timestamp_utc":"2022-07-19T19:30:00","snow_rate":0,"app_temp":27.9,"pres":1008.15,"azimuth":305.13,"dewpt":8,"uv":1.8,"elev_angle":0.22,"wind_dir":100,"weather":{"icon":"c01n","code":800,"description":"Clear Sky"},"ghi":18.1,"dhi":14.45,"timestamp_local":"2022-07-19T21:30:00","solar_rad":18.1,"vis":10,"dni":117.73,"temp":29.4,"slp":1014,"clouds":0,"ts":1658259000},{"precip_rate":0,"rh":28,"wind_spd":1.89,"timestamp_utc":"2022-07-19T19:45:00","snow_rate":0,"app_temp":27.4,"pres":1008.125,"azimuth":308.1,"dewpt":8.1,"uv":0,"elev_angle":-1.66,"wind_dir":101,"weather":{"icon":"c01n","code":800,"description":"Clear Sky"},"ghi":9,"dhi":7.22,"timestamp_local":"2022-07-19T21:45:00","solar_rad":9,"vis":10,"dni":58.86,"temp":28.5,"slp":1014,"clouds":0,"ts":1658259900},{"precip_rate":0,"rh":30,"wind_spd":1.86,"timestamp_utc":"2022-07-19T20:00:00","snow_rate":0,"app_temp":26.8,"pres":1008.1,"azimuth":311.06,"dewpt":8.2,"uv":0,"elev_angle":-3.54,"wind_dir":102,"weather":{"icon":"c01n","code":800,"description":"Clear Sky"},"ghi":0,"dhi":0,"timestamp_local":"2022-07-19T22:00:00","solar_rad":0,"vis":10,"dni":0,"temp":27.6,"slp":1014,"clouds":0,"ts":1658260800},{"precip_rate":0,"rh":32,"wind_spd":1.85,"timestamp_utc":"2022-07-19T20:15:00","snow_rate":0,"app_temp":26.6,"pres":1008.1,"azimuth":314.23,"dewpt":8.6,"uv":0,"elev_angle":-5.1,"wind_dir":102,"weather":{"icon":"c01n","code":800,"description":"Clear Sky"},"ghi":0,"dhi":0,"timestamp_local":"2022-07-19T22:15:00","solar_rad":0,"vis":10,"dni":0,"temp":27.1,"slp":1014,"clouds":0,"ts":1658261700},{"precip_rate":0,"rh":33,"wind_spd":1.85,"timestamp_utc":"2022-07-19T20:30:00","snow_rate":0,"app_temp":26.4,"pres":1008.1,"azimuth":317.4,"dewpt":9,"uv":0,"elev_angle":-6.65,"wind_dir":103,"weather":{"icon":"c01n","code":800,"description":"Clear Sky"},"ghi":0,"dhi":0,"timestamp_local":"2022-07-19T22:30:00","solar_rad":0,"vis":10,"dni":0,"temp":26.7,"slp":1014,"clouds":0,"ts":1658262600},{"precip_rate":0,"rh":34,"wind_spd":1.85,"timestamp_utc":"2022-07-19T20:45:00","snow_rate":0,"app_temp":25.8,"pres":1008.1,"azimuth":320.56,"dewpt":9.4,"uv":0,"elev_angle":-8.21,"wind_dir":104,"weather":{"icon":"c01n","code":800,"description":"Clear Sky"},"ghi":0,"dhi":0,"timestamp_local":"2022-07-19T22:45:00","solar_rad":0,"vis":10,"dni":0,"temp":26.3,"slp":1014,"clouds":0,"ts":1658263500},{"precip_rate":0,"rh":36,"wind_spd":1.84,"timestamp_utc":"2022-07-19T21:00:00","snow_rate":0,"app_temp":25.4,"pres":1008.1,"azimuth":323.73,"dewpt":9.8,"uv":0,"elev_angle":-9.76,"wind_dir":104,"weather":{"icon":"c01n","code":800,"description":"Clear Sky"},"ghi":0,"dhi":0,"timestamp_local":"2022-07-19T23:00:00","solar_rad":0,"vis":10,"dni":0,"temp":25.8,"slp":1014,"clouds":0,"ts":1658264400},{"precip_rate":0,"rh":37,"wind_spd":1.83,"timestamp_utc":"2022-07-19T21:15:00","snow_rate":0,"app_temp":25,"pres":1008.07495,"azimuth":327.13,"dewpt":9.8,"uv":0,"elev_angle":-10.89,"wind_dir":106,"weather":{"icon":"c01n","code":800,"description":"Clear Sky"},"ghi":0,"dhi":0,"timestamp_local":"2022-07-19T23:15:00","solar_rad":0,"vis":10,"dni":0,"temp":25.5,"slp":1014,"clouds":0,"ts":1658265300},{"precip_rate":0,"rh":38,"wind_spd":1.83,"timestamp_utc":"2022-07-19T21:30:00","snow_rate":0,"app_temp":24.7,"pres":1008.05,"azimuth":330.53,"dewpt":9.8,"uv":0,"elev_angle":-12.02,"wind_dir":108,"weather":{"icon":"c01n","code":800,"description":"Clear Sky"},"ghi":0,"dhi":0,"timestamp_local":"2022-07-19T23:30:00","solar_rad":0,"vis":10,"dni":0,"temp":25.1,"slp":1014,"clouds":1,"ts":1658266200},{"precip_rate":0,"rh":38,"wind_spd":1.82,"timestamp_utc":"2022-07-19T21:45:00","snow_rate":0,"app_temp":24.4,"pres":1008.025,"azimuth":333.92,"dewpt":9.7,"uv":0,"elev_angle":-13.15,"wind_dir":109,"weather":{"icon":"c02n","code":801,"description":"Few clouds"},"ghi":0,"dhi":0,"timestamp_local":"2022-07-19T23:45:00","solar_rad":0,"vis":10,"dni":0,"temp":24.8,"slp":1014,"clouds":2,"ts":1658267100},{"precip_rate":0,"rh":39,"wind_spd":1.81,"timestamp_utc":"2022-07-19T22:00:00","snow_rate":0,"app_temp":24,"pres":1008,"azimuth":337.32,"dewpt":9.7,"uv":0,"elev_angle":-14.28,"wind_dir":111,"weather":{"icon":"c02n","code":801,"description":"Few clouds"},"ghi":0,"dhi":0,"timestamp_local":"2022-07-20T00:00:00","solar_rad":0,"vis":10,"dni":0,"temp":24.5,"slp":1014,"clouds":2,"ts":1658268000},{"precip_rate":0,"rh":39,"wind_spd":1.75,"timestamp_utc":"2022-07-19T22:15:00","snow_rate":0,"app_temp":23.8,"pres":1008,"azimuth":340.91,"dewpt":9.4,"uv":0,"elev_angle":-14.9,"wind_dir":113,"weather":{"icon":"c02n","code":801,"description":"Few clouds"},"ghi":0,"dhi":0,"timestamp_local":"2022-07-20T00:15:00","solar_rad":0,"vis":10,"dni":0,"temp":24.3,"slp":1014,"clouds":2,"ts":1658268900},{"precip_rate":0,"rh":39,"wind_spd":1.69,"timestamp_utc":"2022-07-19T22:30:00","snow_rate":0,"app_temp":23.5,"pres":1008,"azimuth":344.49,"dewpt":9.2,"uv":0,"elev_angle":-15.52,"wind_dir":116,"weather":{"icon":"c02n","code":801,"description":"Few clouds"},"ghi":0,"dhi":0,"timestamp_local":"2022-07-20T00:30:00","solar_rad":0,"vis":10,"dni":0,"temp":24.1,"slp":1014,"clouds":2,"ts":1658269800},{"precip_rate":0,"rh":39,"wind_spd":1.63,"timestamp_utc":"2022-07-19T22:45:00","snow_rate":0,"app_temp":23.3,"pres":1008,"azimuth":348.08,"dewpt":8.9,"uv":0,"elev_angle":-16.13,"wind_dir":118,"weather":{"icon":"c02n","code":801,"description":"Few clouds"},"ghi":0,"dhi":0,"timestamp_local":"2022-07-20T00:45:00","solar_rad":0,"vis":10,"dni":0,"temp":23.8,"slp":1014,"clouds":2,"ts":1658270700},{"precip_rate":0,"rh":39,"wind_spd":1.56,"timestamp_utc":"2022-07-19T23:00:00","snow_rate":0,"app_temp":23,"pres":1008,"azimuth":351.66,"dewpt":8.7,"uv":0,"elev_angle":-16.75,"wind_dir":120,"weather":{"icon":"c02n","code":801,"description":"Few clouds"},"ghi":0,"dhi":0,"timestamp_local":"2022-07-20T01:00:00","solar_rad":0,"vis":10,"dni":0,"temp":23.6,"slp":1014,"clouds":2,"ts":1658271600},{"precip_rate":0,"rh":40,"wind_spd":1.57,"timestamp_utc":"2022-07-19T23:15:00","snow_rate":0,"app_temp":22.9,"pres":1008,"azimuth":265.33,"dewpt":8.8,"uv":0,"elev_angle":-16.79,"wind_dir":121,"weather":{"icon":"c02n","code":801,"description":"Few clouds"},"ghi":0,"dhi":0,"timestamp_local":"2022-07-20T01:15:00","solar_rad":0,"vis":10,"dni":0,"temp":23.4,"slp":1014,"clouds":2,"ts":1658272500},{"precip_rate":0,"rh":40,"wind_spd":1.58,"timestamp_utc":"2022-07-19T23:30:00","snow_rate":0,"app_temp":22.7,"pres":1008,"azimuth":178.99,"dewpt":8.8,"uv":0,"elev_angle":-16.84,"wind_dir":122,"weather":{"icon":"c01n","code":800,"description":"Clear Sky"},"ghi":0,"dhi":0,"timestamp_local":"2022-07-20T01:30:00","solar_rad":0,"vis":10,"dni":0,"temp":23.3,"slp":1014,"clouds":1,"ts":1658273400},{"precip_rate":0,"rh":40,"wind_spd":1.59,"timestamp_utc":"2022-07-19T23:45:00","snow_rate":0,"app_temp":22.5,"pres":1008,"azimuth":92.66,"dewpt":8.8,"uv":0,"elev_angle":-16.88,"wind_dir":122,"weather":{"icon":"c01n","code":800,"description":"Clear Sky"},"ghi":0,"dhi":0,"timestamp_local":"2022-07-20T01:45:00","solar_rad":0,"vis":10,"dni":0,"temp":23.1,"slp":1014,"clouds":0,"ts":1658274300}],"sources":["103150-99999","imerg","merra2","era5","modis"],"city_id":"2856883"}
