{"timezone":"Europe\/Berlin","state_code":"06","country_code":"DE","lat":52.2833,"lon":8,"city_name":"Osnabr�ck","station_id":"103150-99999","data":[{"precip_rate":0,"rh":78,"wind_spd":0.8,"timestamp_utc":"2022-07-05T00:00:00","snow_rate":0,"app_temp":13.3,"pres":1011.07184,"azimuth":6.58,"dewpt":9.5,"uv":0,"elev_angle":-14.75,"wind_dir":324,"weather":{"icon":"c03n","code":803,"description":"Broken clouds"},"ghi":0,"dhi":0,"timestamp_local":"2022-07-05T02:00:00","solar_rad":0,"vis":10,"dni":0,"temp":13.3,"slp":1021,"clouds":45,"ts":1656979200},{"precip_rate":0,"rh":80,"wind_spd":0.9,"timestamp_utc":"2022-07-05T00:15:00","snow_rate":0,"app_temp":12.9,"pres":1011.059,"azimuth":10.1,"dewpt":9.6,"uv":0,"elev_angle":-14.21,"wind_dir":319,"weather":{"icon":"c03n","code":803,"description":"Broken clouds"},"ghi":0,"dhi":0,"timestamp_local":"2022-07-05T02:15:00","solar_rad":0,"vis":10,"dni":0,"temp":12.9,"slp":1021,"clouds":48,"ts":1656980100},{"precip_rate":0,"rh":82,"wind_spd":1,"timestamp_utc":"2022-07-05T00:30:00","snow_rate":0,"app_temp":12.6,"pres":1011.0462,"azimuth":13.61,"dewpt":9.6,"uv":0,"elev_angle":-13.67,"wind_dir":314,"weather":{"icon":"c03n","code":803,"description":"Broken clouds"},"ghi":0,"dhi":0,"timestamp_local":"2022-07-05T02:30:00","solar_rad":0,"vis":10,"dni":0,"temp":12.6,"slp":1021,"clouds":50,"ts":1656981000},{"precip_rate":0,"rh":84,"wind_spd":1.1,"timestamp_utc":"2022-07-05T00:45:00","snow_rate":0,"app_temp":12.3,"pres":1011.0334,"azimuth":17.13,"dewpt":9.6,"uv":0,"elev_angle":-13.13,"wind_dir":309,"weather":{"icon":"c03n","code":803,"description":"Broken clouds"},"ghi":0,"dhi":0,"timestamp_local":"2022-07-05T02:45:00","solar_rad":0,"vis":10,"dni":0,"temp":12.3,"slp":1021,"clouds":52,"ts":1656981900},{"precip_rate":0,"rh":86,"wind_spd":1.2,"timestamp_utc":"2022-07-05T01:00:00","snow_rate":0,"app_temp":11.9,"pres":1011.02057,"azimuth":20.64,"dewpt":9.6,"uv":0,"elev_angle":-12.59,"wind_dir":304,"weather":{"icon":"c03n","code":803,"description":"Broken clouds"},"ghi":0,"dhi":0,"timestamp_local":"2022-07-05T03:00:00","solar_rad":0,"vis":10,"dni":0,"temp":11.9,"slp":1021,"clouds":55,"ts":1656982800},{"precip_rate":0,"rh":86,"wind_spd":1.2,"timestamp_utc":"2022-07-05T01:15:00","snow_rate":0,"app_temp":11.8,"pres":1011.01733,"azimuth":23.99,"dewpt":9.5,"uv":0,"elev_angle":-11.54,"wind_dir":286,"weather":{"icon":"c03n","code":803,"description":"Broken clouds"},"ghi":0,"dhi":0,"timestamp_local":"2022-07-05T03:15:00","solar_rad":0,"vis":10,"dni":0,"temp":11.8,"slp":1021,"clouds":56,"ts":1656983700},{"precip_rate":0,"rh":86,"wind_spd":1.2,"timestamp_utc":"2022-07-05T01:30:00","snow_rate":0,"app_temp":11.7,"pres":1011.0141,"azimuth":27.34,"dewpt":9.4,"uv":0,"elev_angle":-10.49,"wind_dir":268,"weather":{"icon":"c03n","code":803,"description":"Broken clouds"},"ghi":0,"dhi":0,"timestamp_local":"2022-07-05T03:30:00","solar_rad":0,"vis":10,"dni":0,"temp":11.7,"slp":1021,"clouds":56,"ts":1656984600},{"precip_rate":0,"rh":86,"wind_spd":1.2,"timestamp_utc":"2022-07-05T01:45:00","snow_rate":0,"app_temp":11.6,"pres":1011.01086,"azimuth":30.69,"dewpt":9.3,"uv":0,"elev_angle":-9.43,"wind_dir":250,"weather":{"icon":"c03n","code":803,"description":"Broken clouds"},"ghi":0,"dhi":0,"timestamp_local":"2022-07-05T03:45:00","solar_rad":0,"vis":10,"dni":0,"temp":11.6,"slp":1021,"clouds":57,"ts":1656985500},{"precip_rate":0,"rh":86,"wind_spd":1.2,"timestamp_utc":"2022-07-05T02:00:00","snow_rate":0,"app_temp":11.5,"pres":1011.0076,"azimuth":34.04,"dewpt":9.2,"uv":0,"elev_angle":-8.38,"wind_dir":232,"weather":{"icon":"c03n","code":803,"description":"Broken clouds"},"ghi":0,"dhi":0,"timestamp_local":"2022-07-05T04:00:00","solar_rad":0,"vis":10,"dni":0,"temp":11.5,"slp":1021,"clouds":58,"ts":1656986400},{"precip_rate":0,"rh":86,"wind_spd":1.3,"timestamp_utc":"2022-07-05T02:15:00","snow_rate":0,"app_temp":11.4,"pres":1011.0044,"azimuth":37.18,"dewpt":9.1,"uv":0,"elev_angle":-6.9,"wind_dir":236,"weather":{"icon":"c03n","code":803,"description":"Broken clouds"},"ghi":0,"dhi":0,"timestamp_local":"2022-07-05T04:15:00","solar_rad":0,"vis":10,"dni":0,"temp":11.4,"slp":1021,"clouds":52,"ts":1656987300},{"precip_rate":0,"rh":87,"wind_spd":1.4,"timestamp_utc":"2022-07-05T02:30:00","snow_rate":0,"app_temp":11.3,"pres":1011.00116,"azimuth":40.32,"dewpt":9.2,"uv":0,"elev_angle":-5.42,"wind_dir":241,"weather":{"icon":"c03n","code":803,"description":"Broken clouds"},"ghi":0,"dhi":0,"timestamp_local":"2022-07-05T04:30:00","solar_rad":0,"vis":10,"dni":0,"temp":11.3,"slp":1021,"clouds":46,"ts":1656988200},{"precip_rate":0,"rh":88,"wind_spd":1.5,"timestamp_utc":"2022-07-05T02:45:00","snow_rate":0,"app_temp":11.2,"pres":1010.9979,"azimuth":43.45,"dewpt":9.3,"uv":0,"elev_angle":-3.93,"wind_dir":246,"weather":{"icon":"c03n","code":803,"description":"Broken clouds"},"ghi":0,"dhi":0,"timestamp_local":"2022-07-05T04:45:00","solar_rad":0,"vis":10,"dni":0,"temp":11.2,"slp":1021,"clouds":41,"ts":1656989100},{"precip_rate":0,"rh":88,"wind_spd":1.6,"timestamp_utc":"2022-07-05T03:00:00","snow_rate":0,"app_temp":11.1,"pres":1010.9947,"azimuth":46.59,"dewpt":9.2,"uv":0,"elev_angle":-2.45,"wind_dir":250,"weather":{"icon":"c02n","code":802,"description":"Scattered clouds"},"ghi":0,"dhi":0,"timestamp_local":"2022-07-05T05:00:00","solar_rad":0,"vis":10,"dni":0,"temp":11.1,"slp":1021,"clouds":35,"ts":1656990000},{"precip_rate":0,"rh":88,"wind_spd":1.6,"timestamp_utc":"2022-07-05T03:15:00","snow_rate":0,"app_temp":11.1,"pres":1010.9947,"azimuth":49.53,"dewpt":9.2,"uv":0,"elev_angle":-0.63,"wind_dir":251,"weather":{"icon":"c02n","code":802,"description":"Scattered clouds"},"ghi":11.8,"dhi":8.18,"timestamp_local":"2022-07-05T05:15:00","solar_rad":11.528886,"vis":10,"dni":69.27,"temp":11.1,"slp":1021,"clouds":34,"ts":1656990900},{"precip_rate":0,"rh":88,"wind_spd":1.6,"timestamp_utc":"2022-07-05T03:30:00","snow_rate":0,"app_temp":11.1,"pres":1010.9947,"azimuth":52.48,"dewpt":9.2,"uv":1.4,"elev_angle":1.19,"wind_dir":252,"weather":{"icon":"c02n","code":802,"description":"Scattered clouds"},"ghi":23.5,"dhi":16.36,"timestamp_local":"2022-07-05T05:30:00","solar_rad":23.06064,"vis":10,"dni":138.53,"temp":11.1,"slp":1021,"clouds":32,"ts":1656991800},{"precip_rate":0,"rh":88,"wind_spd":1.6,"timestamp_utc":"2022-07-05T03:45:00","snow_rate":0,"app_temp":11.1,"pres":1010.9947,"azimuth":55.42,"dewpt":9.2,"uv":1.4,"elev_angle":3,"wind_dir":253,"weather":{"icon":"c02n","code":802,"description":"Scattered clouds"},"ghi":35.3,"dhi":24.53,"timestamp_local":"2022-07-05T05:45:00","solar_rad":34.707558,"vis":10,"dni":207.8,"temp":11.1,"slp":1021,"clouds":31,"ts":1656992700},{"precip_rate":0,"rh":88,"wind_spd":1.6,"timestamp_utc":"2022-07-05T04:00:00","snow_rate":0,"app_temp":11.1,"pres":1010.9947,"azimuth":58.36,"dewpt":9.2,"uv":1.4,"elev_angle":4.82,"wind_dir":254,"weather":{"icon":"c02n","code":802,"description":"Scattered clouds"},"ghi":47,"dhi":32.71,"timestamp_local":"2022-07-05T06:00:00","solar_rad":46.29441,"vis":10,"dni":277.06,"temp":11.1,"slp":1021,"clouds":30,"ts":1656993600},{"precip_rate":0,"rh":86,"wind_spd":1.7,"timestamp_utc":"2022-07-05T04:15:00","snow_rate":0,"app_temp":11.6,"pres":1011.25836,"azimuth":61.17,"dewpt":9.3,"uv":1.4,"elev_angle":6.88,"wind_dir":256,"weather":{"icon":"c02d","code":802,"description":"Scattered clouds"},"ghi":78.4,"dhi":39.41,"timestamp_local":"2022-07-05T06:15:00","solar_rad":77.084206,"vis":10,"dni":341.33,"temp":11.6,"slp":1021.25,"clouds":31,"ts":1656994500},{"precip_rate":0,"rh":85,"wind_spd":1.8,"timestamp_utc":"2022-07-05T04:30:00","snow_rate":0,"app_temp":12.1,"pres":1011.52203,"azimuth":63.99,"dewpt":9.6,"uv":1.4,"elev_angle":8.94,"wind_dir":259,"weather":{"icon":"c02d","code":802,"description":"Scattered clouds"},"ghi":109.8,"dhi":46.1,"timestamp_local":"2022-07-05T06:30:00","solar_rad":107.74716,"vis":10,"dni":405.6,"temp":12.1,"slp":1021.5,"clouds":32,"ts":1656995400},{"precip_rate":0,"rh":84,"wind_spd":1.9,"timestamp_utc":"2022-07-05T04:45:00","snow_rate":0,"app_temp":12.5,"pres":1011.7857,"azimuth":66.8,"dewpt":9.9,"uv":1.4,"elev_angle":11,"wind_dir":262,"weather":{"icon":"c02d","code":802,"description":"Scattered clouds"},"ghi":141.2,"dhi":52.8,"timestamp_local":"2022-07-05T06:45:00","solar_rad":138.5601,"vis":10,"dni":469.87,"temp":12.5,"slp":1021.75,"clouds":32,"ts":1656996300},{"precip_rate":0,"rh":82,"wind_spd":2,"timestamp_utc":"2022-07-05T05:00:00","snow_rate":0,"app_temp":13,"pres":1012.0494,"azimuth":69.61,"dewpt":10,"uv":1.5,"elev_angle":13.06,"wind_dir":264,"weather":{"icon":"c02d","code":802,"description":"Scattered clouds"},"ghi":172.7,"dhi":59.49,"timestamp_local":"2022-07-05T07:00:00","solar_rad":163.9177,"vis":10,"dni":534.14,"temp":13,"slp":1022,"clouds":33,"ts":1656997200},{"precip_rate":0,"rh":80,"wind_spd":2,"timestamp_utc":"2022-07-05T05:15:00","snow_rate":0,"app_temp":13.7,"pres":1012.0716,"azimuth":72.4,"dewpt":10.3,"uv":1.5,"elev_angle":15.28,"wind_dir":262,"weather":{"icon":"c02d","code":802,"description":"Scattered clouds"},"ghi":210.5,"dhi":64.16,"timestamp_local":"2022-07-05T07:15:00","solar_rad":198.19621,"vis":10,"dni":569.54,"temp":13.7,"slp":1022,"clouds":36,"ts":1656998100},{"precip_rate":0,"rh":78,"wind_spd":2,"timestamp_utc":"2022-07-05T05:30:00","snow_rate":0,"app_temp":14.3,"pres":1012.09375,"azimuth":75.18,"dewpt":10.5,"uv":1.5,"elev_angle":17.49,"wind_dir":261,"weather":{"icon":"c02d","code":802,"description":"Scattered clouds"},"ghi":248.3,"dhi":68.82,"timestamp_local":"2022-07-05T07:30:00","solar_rad":231.51108,"vis":10,"dni":604.94,"temp":14.3,"slp":1022,"clouds":39,"ts":1656999000},{"precip_rate":0,"rh":75,"wind_spd":2,"timestamp_utc":"2022-07-05T05:45:00","snow_rate":0,"app_temp":15,"pres":1012.11597,"azimuth":77.97,"dewpt":10.6,"uv":1.6,"elev_angle":19.71,"wind_dir":260,"weather":{"icon":"c03d","code":803,"description":"Broken clouds"},"ghi":286.1,"dhi":73.49,"timestamp_local":"2022-07-05T07:45:00","solar_rad":263.74966,"vis":10,"dni":640.33,"temp":15,"slp":1022,"clouds":42,"ts":1656999900},{"precip_rate":0,"rh":73,"wind_spd":2,"timestamp_utc":"2022-07-05T06:00:00","snow_rate":0,"app_temp":15.6,"pres":1012.1382,"azimuth":80.75,"dewpt":10.8,"uv":1.6,"elev_angle":21.92,"wind_dir":258,"weather":{"icon":"c03d","code":803,"description":"Broken clouds"},"ghi":324,"dhi":78.15,"timestamp_local":"2022-07-05T08:00:00","solar_rad":294.52673,"vis":10,"dni":675.73,"temp":15.6,"slp":1022,"clouds":45,"ts":1657000800},{"precip_rate":0,"rh":69,"wind_spd":2.1,"timestamp_utc":"2022-07-05T06:15:00","snow_rate":0,"app_temp":16.1,"pres":1012.1569,"azimuth":83.66,"dewpt":10.5,"uv":1.7,"elev_angle":24.21,"wind_dir":260,"weather":{"icon":"c03d","code":803,"description":"Broken clouds"},"ghi":363.1,"dhi":81.64,"timestamp_local":"2022-07-05T08:15:00","solar_rad":325.02057,"vis":10,"dni":698.01,"temp":16.1,"slp":1022,"clouds":48,"ts":1657001700},{"precip_rate":0,"rh":65,"wind_spd":2.2,"timestamp_utc":"2022-07-05T06:30:00","snow_rate":0,"app_temp":16.7,"pres":1012.17566,"azimuth":86.56,"dewpt":10.1,"uv":1.8,"elev_angle":26.5,"wind_dir":262,"weather":{"icon":"c03d","code":803,"description":"Broken clouds"},"ghi":402.3,"dhi":85.14,"timestamp_local":"2022-07-05T08:30:00","solar_rad":368.00027,"vis":10,"dni":720.29,"temp":16.7,"slp":1022,"clouds":50,"ts":1657002600},{"precip_rate":0,"rh":61,"wind_spd":2.3,"timestamp_utc":"2022-07-05T06:45:00","snow_rate":0,"app_temp":17.3,"pres":1012.19434,"azimuth":89.47,"dewpt":9.7,"uv":1.9,"elev_angle":28.78,"wind_dir":264,"weather":{"icon":"c03d","code":803,"description":"Broken clouds"},"ghi":441.5,"dhi":88.63,"timestamp_local":"2022-07-05T08:45:00","solar_rad":395.61072,"vis":10,"dni":742.56,"temp":17.3,"slp":1022,"clouds":53,"ts":1657003500},{"precip_rate":0,"rh":57,"wind_spd":2.4,"timestamp_utc":"2022-07-05T07:00:00","snow_rate":0,"app_temp":17.8,"pres":1012.2131,"azimuth":92.37,"dewpt":9.2,"uv":2,"elev_angle":31.07,"wind_dir":266,"weather":{"icon":"c03d","code":803,"description":"Broken clouds"},"ghi":480.6,"dhi":92.12,"timestamp_local":"2022-07-05T09:00:00","solar_rad":420.3627,"vis":10,"dni":764.84,"temp":17.8,"slp":1022,"clouds":56,"ts":1657004400},{"precip_rate":0,"rh":55,"wind_spd":2.6,"timestamp_utc":"2022-07-05T07:15:00","snow_rate":0,"app_temp":18.1,"pres":1012.22235,"azimuth":95.59,"dewpt":8.9,"uv":2.2,"elev_angle":33.33,"wind_dir":267,"weather":{"icon":"c03d","code":803,"description":"Broken clouds"},"ghi":517.2,"dhi":94.74,"timestamp_local":"2022-07-05T09:15:00","solar_rad":448.3545,"vis":10,"dni":779.58,"temp":18.1,"slp":1022,"clouds":57,"ts":1657005300},{"precip_rate":0,"rh":54,"wind_spd":2.8,"timestamp_utc":"2022-07-05T07:30:00","snow_rate":0,"app_temp":17.7,"pres":1012.23157,"azimuth":98.82,"dewpt":8.9,"uv":2.4,"elev_angle":35.6,"wind_dir":268,"weather":{"icon":"c03d","code":803,"description":"Broken clouds"},"ghi":553.8,"dhi":97.36,"timestamp_local":"2022-07-05T09:30:00","solar_rad":475.5921,"vis":10,"dni":794.32,"temp":18.3,"slp":1022,"clouds":58,"ts":1657006200},{"precip_rate":0,"rh":52,"wind_spd":3,"timestamp_utc":"2022-07-05T07:45:00","snow_rate":0,"app_temp":17.9,"pres":1012.24084,"azimuth":102.04,"dewpt":8.6,"uv":2.6,"elev_angle":37.86,"wind_dir":269,"weather":{"icon":"c03d","code":803,"description":"Broken clouds"},"ghi":590.4,"dhi":99.98,"timestamp_local":"2022-07-05T09:45:00","solar_rad":507.02344,"vis":10,"dni":809.06,"temp":18.6,"slp":1022,"clouds":58,"ts":1657007100},{"precip_rate":0,"rh":50,"wind_spd":3.2,"timestamp_utc":"2022-07-05T08:00:00","snow_rate":0,"app_temp":18.2,"pres":1012.2501,"azimuth":105.26,"dewpt":8.3,"uv":2.8,"elev_angle":40.12,"wind_dir":270,"weather":{"icon":"c03d","code":803,"description":"Broken clouds"},"ghi":627,"dhi":102.6,"timestamp_local":"2022-07-05T10:00:00","solar_rad":533.15594,"vis":10,"dni":823.8,"temp":18.9,"slp":1022,"clouds":59,"ts":1657008000},{"precip_rate":0,"rh":49,"wind_spd":3.3,"timestamp_utc":"2022-07-05T08:15:00","snow_rate":0,"app_temp":18.3,"pres":1012.2562,"azimuth":109.11,"dewpt":8.1,"uv":3,"elev_angle":42.23,"wind_dir":270,"weather":{"icon":"c03d","code":803,"description":"Broken clouds"},"ghi":657.7,"dhi":104.49,"timestamp_local":"2022-07-05T10:15:00","solar_rad":564.8193,"vis":10,"dni":833.52,"temp":19.1,"slp":1022,"clouds":58,"ts":1657008900},{"precip_rate":0,"rh":48,"wind_spd":3.4,"timestamp_utc":"2022-07-05T08:30:00","snow_rate":0,"app_temp":18.5,"pres":1012.2624,"azimuth":112.96,"dewpt":8,"uv":3.3,"elev_angle":44.35,"wind_dir":271,"weather":{"icon":"c03d","code":803,"description":"Broken clouds"},"ghi":688.5,"dhi":106.38,"timestamp_local":"2022-07-05T10:30:00","solar_rad":602.20496,"vis":10,"dni":843.24,"temp":19.3,"slp":1022,"clouds":56,"ts":1657009800},{"precip_rate":0,"rh":47,"wind_spd":3.5,"timestamp_utc":"2022-07-05T08:45:00","snow_rate":0,"app_temp":18.7,"pres":1012.26855,"azimuth":116.8,"dewpt":7.8,"uv":3.6,"elev_angle":46.46,"wind_dir":272,"weather":{"icon":"c03d","code":803,"description":"Broken clouds"},"ghi":719.2,"dhi":108.26,"timestamp_local":"2022-07-05T10:45:00","solar_rad":634.41376,"vis":10,"dni":852.95,"temp":19.4,"slp":1022,"clouds":55,"ts":1657010700},{"precip_rate":0,"rh":46,"wind_spd":3.6,"timestamp_utc":"2022-07-05T09:00:00","snow_rate":0,"app_temp":18.8,"pres":1012.27466,"azimuth":120.65,"dewpt":7.7,"uv":3.9,"elev_angle":48.57,"wind_dir":272,"weather":{"icon":"c03d","code":803,"description":"Broken clouds"},"ghi":749.9,"dhi":110.15,"timestamp_local":"2022-07-05T11:00:00","solar_rad":666.8414,"vis":10,"dni":862.67,"temp":19.6,"slp":1022,"clouds":54,"ts":1657011600},{"precip_rate":0,"rh":44,"wind_spd":3.6,"timestamp_utc":"2022-07-05T09:15:00","snow_rate":0,"app_temp":19.1,"pres":1012.2838,"azimuth":125.54,"dewpt":7.3,"uv":3.8,"elev_angle":50.32,"wind_dir":272,"weather":{"icon":"c03d","code":803,"description":"Broken clouds"},"ghi":772.1,"dhi":111.39,"timestamp_local":"2022-07-05T11:15:00","solar_rad":635.3121,"vis":10,"dni":868.65,"temp":19.9,"slp":1022,"clouds":62,"ts":1657012500},{"precip_rate":0,"rh":42,"wind_spd":3.6,"timestamp_utc":"2022-07-05T09:30:00","snow_rate":0,"app_temp":19.3,"pres":1012.29297,"azimuth":130.42,"dewpt":6.8,"uv":3.6,"elev_angle":52.07,"wind_dir":271,"weather":{"icon":"c03d","code":803,"description":"Broken clouds"},"ghi":794.4,"dhi":112.62,"timestamp_local":"2022-07-05T11:30:00","solar_rad":581.77466,"vis":10,"dni":874.62,"temp":20.2,"slp":1022,"clouds":70,"ts":1657013400},{"precip_rate":0,"rh":41,"wind_spd":3.6,"timestamp_utc":"2022-07-05T09:45:00","snow_rate":0,"app_temp":19.6,"pres":1012.30206,"azimuth":135.31,"dewpt":6.7,"uv":3.4,"elev_angle":53.81,"wind_dir":270,"weather":{"icon":"c04d","code":804,"description":"Overcast clouds"},"ghi":816.6,"dhi":113.86,"timestamp_local":"2022-07-05T11:45:00","solar_rad":514.38196,"vis":10,"dni":880.6,"temp":20.4,"slp":1022,"clouds":77,"ts":1657014300},{"precip_rate":0,"rh":39,"wind_spd":3.6,"timestamp_utc":"2022-07-05T10:00:00","snow_rate":0,"app_temp":19.8,"pres":1012.3112,"azimuth":140.19,"dewpt":6.3,"uv":3.1,"elev_angle":55.56,"wind_dir":270,"weather":{"icon":"c04d","code":804,"description":"Overcast clouds"},"ghi":838.8,"dhi":115.09,"timestamp_local":"2022-07-05T12:00:00","solar_rad":404.36453,"vis":10,"dni":886.57,"temp":20.7,"slp":1022,"clouds":85,"ts":1657015200},{"precip_rate":0,"rh":38,"wind_spd":3.6,"timestamp_utc":"2022-07-05T10:15:00","snow_rate":0,"app_temp":19.9,"pres":1012.3142,"azimuth":146.39,"dewpt":6,"uv":3.1,"elev_angle":56.62,"wind_dir":271,"weather":{"icon":"c04d","code":804,"description":"Overcast clouds"},"ghi":850.6,"dhi":115.71,"timestamp_local":"2022-07-05T12:15:00","solar_rad":354.91135,"vis":10,"dni":889.47,"temp":20.8,"slp":1022,"clouds":88,"ts":1657016100},{"precip_rate":0,"rh":38,"wind_spd":3.6,"timestamp_utc":"2022-07-05T10:30:00","snow_rate":0,"app_temp":20,"pres":1012.31726,"azimuth":152.59,"dewpt":6.1,"uv":2.9,"elev_angle":57.69,"wind_dir":272,"weather":{"icon":"c04d","code":804,"description":"Overcast clouds"},"ghi":862.5,"dhi":116.33,"timestamp_local":"2022-07-05T12:30:00","solar_rad":277.8712,"vis":10,"dni":892.37,"temp":20.9,"slp":1022,"clouds":92,"ts":1657017000},{"precip_rate":0,"rh":38,"wind_spd":3.6,"timestamp_utc":"2022-07-05T10:45:00","snow_rate":0,"app_temp":20.1,"pres":1012.3203,"azimuth":158.79,"dewpt":6.2,"uv":2.8,"elev_angle":58.75,"wind_dir":273,"weather":{"icon":"c04d","code":804,"description":"Overcast clouds"},"ghi":874.3,"dhi":116.95,"timestamp_local":"2022-07-05T12:45:00","solar_rad":213.35815,"vis":10,"dni":895.26,"temp":21,"slp":1022,"clouds":95,"ts":1657017900},{"precip_rate":0,"rh":37,"wind_spd":3.6,"timestamp_utc":"2022-07-05T11:00:00","snow_rate":0,"app_temp":20.2,"pres":1012.3233,"azimuth":164.99,"dewpt":5.9,"uv":2.7,"elev_angle":59.81,"wind_dir":274,"weather":{"icon":"c04d","code":804,"description":"Overcast clouds"},"ghi":886.1,"dhi":117.57,"timestamp_local":"2022-07-05T13:00:00","solar_rad":141.54994,"vis":10,"dni":898.16,"temp":21.1,"slp":1022,"clouds":98,"ts":1657018800},{"precip_rate":0,"rh":38,"wind_spd":3.7,"timestamp_utc":"2022-07-05T11:15:00","snow_rate":0,"app_temp":20.3,"pres":1012.3233,"azimuth":171.94,"dewpt":6.2,"uv":2.8,"elev_angle":59.86,"wind_dir":276,"weather":{"icon":"c04d","code":804,"description":"Overcast clouds"},"ghi":886.6,"dhi":117.59,"timestamp_local":"2022-07-05T13:15:00","solar_rad":167.16074,"vis":10,"dni":898.27,"temp":21.1,"slp":1022,"clouds":97,"ts":1657019700},{"precip_rate":0,"rh":38,"wind_spd":3.8,"timestamp_utc":"2022-07-05T11:30:00","snow_rate":0,"app_temp":20.3,"pres":1012.3233,"azimuth":178.88,"dewpt":6.2,"uv":2.9,"elev_angle":59.9,"wind_dir":277,"weather":{"icon":"c04d","code":804,"description":"Overcast clouds"},"ghi":887.1,"dhi":117.62,"timestamp_local":"2022-07-05T13:30:00","solar_rad":192.17604,"vis":10,"dni":898.38,"temp":21.1,"slp":1022,"clouds":96,"ts":1657020600},{"precip_rate":0,"rh":38,"wind_spd":3.9,"timestamp_utc":"2022-07-05T11:45:00","snow_rate":0,"app_temp":20.3,"pres":1012.3233,"azimuth":185.83,"dewpt":6.2,"uv":2.9,"elev_angle":59.95,"wind_dir":278,"weather":{"icon":"c04d","code":804,"description":"Overcast clouds"},"ghi":887.5,"dhi":117.64,"timestamp_local":"2022-07-05T13:45:00","solar_rad":192.2627,"vis":10,"dni":898.49,"temp":21.1,"slp":1022,"clouds":96,"ts":1657021500},{"precip_rate":0,"rh":39,"wind_spd":4,"timestamp_utc":"2022-07-05T12:00:00","snow_rate":0,"app_temp":20.3,"pres":1012.3233,"azimuth":192.77,"dewpt":6.6,"uv":2.9,"elev_angle":59.99,"wind_dir":280,"weather":{"icon":"c04d","code":804,"description":"Overcast clouds"},"ghi":888,"dhi":117.66,"timestamp_local":"2022-07-05T14:00:00","solar_rad":216.70142,"vis":10,"dni":898.6,"temp":21.1,"slp":1022,"clouds":95,"ts":1657022400},{"precip_rate":0,"rh":40,"wind_spd":4,"timestamp_utc":"2022-07-05T12:15:00","snow_rate":0,"app_temp":20.2,"pres":1012.3203,"azimuth":199.07,"dewpt":6.9,"uv":3,"elev_angle":59,"wind_dir":281,"weather":{"icon":"c04d","code":804,"description":"Overcast clouds"},"ghi":877,"dhi":117.09,"timestamp_local":"2022-07-05T14:15:00","solar_rad":282.54263,"vis":10,"dni":895.93,"temp":21,"slp":1022,"clouds":92,"ts":1657023300},{"precip_rate":0,"rh":40,"wind_spd":4,"timestamp_utc":"2022-07-05T12:30:00","snow_rate":0,"app_temp":20.1,"pres":1012.31726,"azimuth":205.37,"dewpt":6.8,"uv":3.2,"elev_angle":58.01,"wind_dir":282,"weather":{"icon":"c04d","code":804,"description":"Overcast clouds"},"ghi":866.1,"dhi":116.52,"timestamp_local":"2022-07-05T14:30:00","solar_rad":361.3787,"vis":10,"dni":893.27,"temp":20.9,"slp":1022,"clouds":88,"ts":1657024200},{"precip_rate":0,"rh":41,"wind_spd":4,"timestamp_utc":"2022-07-05T12:45:00","snow_rate":0,"app_temp":20,"pres":1012.3142,"azimuth":211.67,"dewpt":7.1,"uv":3.3,"elev_angle":57.01,"wind_dir":283,"weather":{"icon":"c04d","code":804,"description":"Overcast clouds"},"ghi":855.1,"dhi":115.95,"timestamp_local":"2022-07-05T14:45:00","solar_rad":412.22235,"vis":10,"dni":890.6,"temp":20.8,"slp":1022,"clouds":85,"ts":1657025100},{"precip_rate":0,"rh":42,"wind_spd":4,"timestamp_utc":"2022-07-05T13:00:00","snow_rate":0,"app_temp":19.9,"pres":1012.3112,"azimuth":217.97,"dewpt":7.3,"uv":3.3,"elev_angle":56.02,"wind_dir":284,"weather":{"icon":"c04d","code":804,"description":"Overcast clouds"},"ghi":844.2,"dhi":115.38,"timestamp_local":"2022-07-05T15:00:00","solar_rad":457.2499,"vis":10,"dni":887.93,"temp":20.7,"slp":1022,"clouds":82,"ts":1657026000},{"precip_rate":0,"rh":42,"wind_spd":4,"timestamp_utc":"2022-07-05T13:15:00","snow_rate":0,"app_temp":20.1,"pres":1012.31726,"azimuth":222.96,"dewpt":7.5,"uv":3.2,"elev_angle":54.31,"wind_dir":284,"weather":{"icon":"c04d","code":804,"description":"Overcast clouds"},"ghi":822.7,"dhi":114.2,"timestamp_local":"2022-07-05T15:15:00","solar_rad":445.6047,"vis":10,"dni":882.22,"temp":20.9,"slp":1022,"clouds":82,"ts":1657026900},{"precip_rate":0,"rh":42,"wind_spd":4,"timestamp_utc":"2022-07-05T13:30:00","snow_rate":0,"app_temp":20.4,"pres":1012.32336,"azimuth":227.94,"dewpt":7.7,"uv":3,"elev_angle":52.61,"wind_dir":285,"weather":{"icon":"c04d","code":804,"description":"Overcast clouds"},"ghi":801.3,"dhi":113.01,"timestamp_local":"2022-07-05T15:30:00","solar_rad":418.5606,"vis":10,"dni":876.51,"temp":21.1,"slp":1022,"clouds":83,"ts":1657027800},{"precip_rate":0,"rh":43,"wind_spd":4,"timestamp_utc":"2022-07-05T13:45:00","snow_rate":0,"app_temp":20.6,"pres":1012.3294,"azimuth":232.93,"dewpt":8.2,"uv":2.8,"elev_angle":50.9,"wind_dir":286,"weather":{"icon":"c04d","code":804,"description":"Overcast clouds"},"ghi":779.8,"dhi":111.83,"timestamp_local":"2022-07-05T15:45:00","solar_rad":391.8504,"vis":10,"dni":870.79,"temp":21.3,"slp":1022,"clouds":84,"ts":1657028700},{"precip_rate":0,"rh":43,"wind_spd":4,"timestamp_utc":"2022-07-05T14:00:00","snow_rate":0,"app_temp":20.8,"pres":1012.33545,"azimuth":237.91,"dewpt":8.4,"uv":2.7,"elev_angle":49.19,"wind_dir":286,"weather":{"icon":"c04d","code":804,"description":"Overcast clouds"},"ghi":758.4,"dhi":110.64,"timestamp_local":"2022-07-05T16:00:00","solar_rad":381.09686,"vis":10,"dni":865.08,"temp":21.5,"slp":1022,"clouds":84,"ts":1657029600},{"precip_rate":0,"rh":44,"wind_spd":4.1,"timestamp_utc":"2022-07-05T14:15:00","snow_rate":0,"app_temp":20.7,"pres":1012.3324,"azimuth":241.83,"dewpt":8.7,"uv":2.5,"elev_angle":47.1,"wind_dir":287,"weather":{"icon":"c04d","code":804,"description":"Overcast clouds"},"ghi":728.2,"dhi":108.81,"timestamp_local":"2022-07-05T16:15:00","solar_rad":351.04703,"vis":10,"dni":855.69,"temp":21.4,"slp":1022,"clouds":85,"ts":1657030500},{"precip_rate":0,"rh":44,"wind_spd":4.2,"timestamp_utc":"2022-07-05T14:30:00","snow_rate":0,"app_temp":20.6,"pres":1012.32935,"azimuth":245.74,"dewpt":8.6,"uv":2.3,"elev_angle":45.01,"wind_dir":288,"weather":{"icon":"c04d","code":804,"description":"Overcast clouds"},"ghi":698.1,"dhi":106.97,"timestamp_local":"2022-07-05T16:30:00","solar_rad":321.86874,"vis":10,"dni":846.31,"temp":21.3,"slp":1022,"clouds":86,"ts":1657031400},{"precip_rate":0,"rh":45,"wind_spd":4.3,"timestamp_utc":"2022-07-05T14:45:00","snow_rate":0,"app_temp":20.6,"pres":1012.32635,"azimuth":249.66,"dewpt":8.8,"uv":2,"elev_angle":42.91,"wind_dir":289,"weather":{"icon":"c04d","code":804,"description":"Overcast clouds"},"ghi":667.9,"dhi":105.14,"timestamp_local":"2022-07-05T16:45:00","solar_rad":278.68008,"vis":10,"dni":836.92,"temp":21.2,"slp":1022,"clouds":88,"ts":1657032300},{"precip_rate":0,"rh":46,"wind_spd":4.4,"timestamp_utc":"2022-07-05T15:00:00","snow_rate":0,"app_temp":20.5,"pres":1012.3233,"azimuth":253.57,"dewpt":9,"uv":1.9,"elev_angle":40.82,"wind_dir":290,"weather":{"icon":"c04d","code":804,"description":"Overcast clouds"},"ghi":637.8,"dhi":103.3,"timestamp_local":"2022-07-05T17:00:00","solar_rad":251.56374,"vis":10,"dni":827.53,"temp":21.1,"slp":1022,"clouds":89,"ts":1657033200},{"precip_rate":0,"rh":47,"wind_spd":4.3,"timestamp_utc":"2022-07-05T15:15:00","snow_rate":0,"app_temp":20.3,"pres":1012.0696,"azimuth":256.83,"dewpt":9.2,"uv":1.9,"elev_angle":38.56,"wind_dir":292,"weather":{"icon":"c04d","code":804,"description":"Overcast clouds"},"ghi":601.5,"dhi":100.74,"timestamp_local":"2022-07-05T17:15:00","solar_rad":314.1947,"vis":10,"dni":813.25,"temp":20.9,"slp":1021.75,"clouds":83,"ts":1657034100},{"precip_rate":0,"rh":48,"wind_spd":4.2,"timestamp_utc":"2022-07-05T15:30:00","snow_rate":0,"app_temp":20.1,"pres":1011.8159,"azimuth":260.09,"dewpt":9.4,"uv":1.9,"elev_angle":36.31,"wind_dir":293,"weather":{"icon":"c04d","code":804,"description":"Overcast clouds"},"ghi":565.3,"dhi":98.19,"timestamp_local":"2022-07-05T17:30:00","solar_rad":346.70352,"vis":10,"dni":798.97,"temp":20.8,"slp":1021.5,"clouds":78,"ts":1657035000},{"precip_rate":0,"rh":48,"wind_spd":4.1,"timestamp_utc":"2022-07-05T15:45:00","snow_rate":0,"app_temp":19.9,"pres":1011.56226,"azimuth":263.35,"dewpt":9.2,"uv":1.9,"elev_angle":34.05,"wind_dir":294,"weather":{"icon":"c04d","code":804,"description":"Overcast clouds"},"ghi":529,"dhi":95.63,"timestamp_local":"2022-07-05T17:45:00","solar_rad":373.17804,"vis":10,"dni":784.69,"temp":20.6,"slp":1021.25,"clouds":72,"ts":1657035900},{"precip_rate":0,"rh":49,"wind_spd":4,"timestamp_utc":"2022-07-05T16:00:00","snow_rate":0,"app_temp":19.8,"pres":1011.30853,"azimuth":266.61,"dewpt":9.3,"uv":1.9,"elev_angle":31.79,"wind_dir":296,"weather":{"icon":"c03d","code":803,"description":"Broken clouds"},"ghi":492.7,"dhi":93.07,"timestamp_local":"2022-07-05T18:00:00","solar_rad":384.73712,"vis":10,"dni":770.41,"temp":20.4,"slp":1021,"clouds":66,"ts":1657036800},{"precip_rate":0,"rh":49,"wind_spd":4,"timestamp_utc":"2022-07-05T16:15:00","snow_rate":0,"app_temp":19.8,"pres":1011.55615,"azimuth":269.53,"dewpt":9.3,"uv":1.8,"elev_angle":29.5,"wind_dir":298,"weather":{"icon":"c03d","code":803,"description":"Broken clouds"},"ghi":453.6,"dhi":89.65,"timestamp_local":"2022-07-05T18:15:00","solar_rad":381.7164,"vis":10,"dni":748.85,"temp":20.4,"slp":1021.25,"clouds":60,"ts":1657037700},{"precip_rate":0,"rh":49,"wind_spd":4,"timestamp_utc":"2022-07-05T16:30:00","snow_rate":0,"app_temp":19.8,"pres":1011.80383,"azimuth":272.45,"dewpt":9.3,"uv":1.8,"elev_angle":27.21,"wind_dir":299,"weather":{"icon":"c03d","code":803,"description":"Broken clouds"},"ghi":414.5,"dhi":86.23,"timestamp_local":"2022-07-05T18:30:00","solar_rad":365.63474,"vis":10,"dni":727.29,"temp":20.4,"slp":1021.5,"clouds":55,"ts":1657038600},{"precip_rate":0,"rh":49,"wind_spd":4,"timestamp_utc":"2022-07-05T16:45:00","snow_rate":0,"app_temp":19.8,"pres":1012.05145,"azimuth":275.37,"dewpt":9.3,"uv":1.7,"elev_angle":24.92,"wind_dir":300,"weather":{"icon":"c03d","code":803,"description":"Broken clouds"},"ghi":375.4,"dhi":82.81,"timestamp_local":"2022-07-05T18:45:00","solar_rad":343.39374,"vis":10,"dni":705.73,"temp":20.4,"slp":1021.75,"clouds":50,"ts":1657039500},{"precip_rate":0,"rh":49,"wind_spd":4,"timestamp_utc":"2022-07-05T17:00:00","snow_rate":0,"app_temp":19.8,"pres":1012.2991,"azimuth":278.29,"dewpt":9.3,"uv":1.7,"elev_angle":22.63,"wind_dir":302,"weather":{"icon":"c03d","code":803,"description":"Broken clouds"},"ghi":336.3,"dhi":79.39,"timestamp_local":"2022-07-05T19:00:00","solar_rad":317.73444,"vis":10,"dni":684.17,"temp":20.4,"slp":1022,"clouds":44,"ts":1657040400},{"precip_rate":0,"rh":50,"wind_spd":4,"timestamp_utc":"2022-07-05T17:15:00","snow_rate":0,"app_temp":19.5,"pres":1012.2899,"azimuth":281.08,"dewpt":9.4,"uv":1.6,"elev_angle":20.41,"wind_dir":305,"weather":{"icon":"c03d","code":803,"description":"Broken clouds"},"ghi":298.1,"dhi":74.83,"timestamp_local":"2022-07-05T19:15:00","solar_rad":282.8806,"vis":10,"dni":650.1,"temp":20.1,"slp":1022,"clouds":43,"ts":1657041300},{"precip_rate":0,"rh":50,"wind_spd":4,"timestamp_utc":"2022-07-05T17:30:00","snow_rate":0,"app_temp":19.2,"pres":1012.28076,"azimuth":283.87,"dewpt":9.1,"uv":1.5,"elev_angle":18.18,"wind_dir":308,"weather":{"icon":"c03d","code":803,"description":"Broken clouds"},"ghi":260,"dhi":70.27,"timestamp_local":"2022-07-05T19:30:00","solar_rad":247.74641,"vis":10,"dni":616.03,"temp":19.8,"slp":1022,"clouds":42,"ts":1657042200},{"precip_rate":0,"rh":50,"wind_spd":4,"timestamp_utc":"2022-07-05T17:45:00","snow_rate":0,"app_temp":18.9,"pres":1012.27155,"azimuth":286.66,"dewpt":8.9,"uv":1.5,"elev_angle":15.96,"wind_dir":311,"weather":{"icon":"c02d","code":802,"description":"Scattered clouds"},"ghi":221.9,"dhi":65.7,"timestamp_local":"2022-07-05T19:45:00","solar_rad":213.0406,"vis":10,"dni":581.96,"temp":19.6,"slp":1022,"clouds":40,"ts":1657043100},{"precip_rate":0,"rh":51,"wind_spd":4,"timestamp_utc":"2022-07-05T18:00:00","snow_rate":0,"app_temp":18.6,"pres":1012.2624,"azimuth":289.45,"dewpt":8.9,"uv":1.4,"elev_angle":13.73,"wind_dir":314,"weather":{"icon":"c02d","code":802,"description":"Scattered clouds"},"ghi":183.7,"dhi":61.14,"timestamp_local":"2022-07-05T20:00:00","solar_rad":176.97067,"vis":10,"dni":547.89,"temp":19.3,"slp":1022,"clouds":39,"ts":1657044000},{"precip_rate":0,"rh":52,"wind_spd":3.9,"timestamp_utc":"2022-07-05T18:15:00","snow_rate":0,"app_temp":18.3,"pres":1012.2532,"azimuth":292.26,"dewpt":8.9,"uv":1.4,"elev_angle":11.65,"wind_dir":316,"weather":{"icon":"c02d","code":802,"description":"Scattered clouds"},"ghi":151.5,"dhi":54.66,"timestamp_local":"2022-07-05T20:15:00","solar_rad":145.95023,"vis":10,"dni":486.84,"temp":19,"slp":1022,"clouds":39,"ts":1657044900},{"precip_rate":0,"rh":54,"wind_spd":3.8,"timestamp_utc":"2022-07-05T18:30:00","snow_rate":0,"app_temp":18,"pres":1012.2439,"azimuth":295.06,"dewpt":9.2,"uv":1.3,"elev_angle":9.58,"wind_dir":319,"weather":{"icon":"c02d","code":802,"description":"Scattered clouds"},"ghi":119.3,"dhi":48.17,"timestamp_local":"2022-07-05T20:30:00","solar_rad":114.92979,"vis":10,"dni":425.78,"temp":18.7,"slp":1022,"clouds":39,"ts":1657045800},{"precip_rate":0,"rh":55,"wind_spd":3.7,"timestamp_utc":"2022-07-05T18:45:00","snow_rate":0,"app_temp":17.7,"pres":1012.2347,"azimuth":297.87,"dewpt":9.2,"uv":1.3,"elev_angle":7.5,"wind_dir":322,"weather":{"icon":"c02d","code":802,"description":"Scattered clouds"},"ghi":87.1,"dhi":41.69,"timestamp_local":"2022-07-05T20:45:00","solar_rad":83.90934,"vis":10,"dni":364.73,"temp":18.4,"slp":1022,"clouds":39,"ts":1657046700},{"precip_rate":0,"rh":56,"wind_spd":3.6,"timestamp_utc":"2022-07-05T19:00:00","snow_rate":0,"app_temp":18.1,"pres":1012.22546,"azimuth":300.67,"dewpt":9.2,"uv":1.3,"elev_angle":5.42,"wind_dir":324,"weather":{"icon":"c02d","code":802,"description":"Scattered clouds"},"ghi":54.9,"dhi":35.2,"timestamp_local":"2022-07-05T21:00:00","solar_rad":52.888897,"vis":10,"dni":303.67,"temp":18.1,"slp":1022,"clouds":39,"ts":1657047600},{"precip_rate":0,"rh":58,"wind_spd":3.6,"timestamp_utc":"2022-07-05T19:15:00","snow_rate":0,"app_temp":17.8,"pres":1012.213,"azimuth":303.6,"dewpt":9.4,"uv":1.3,"elev_angle":3.58,"wind_dir":325,"weather":{"icon":"c02n","code":802,"description":"Scattered clouds"},"ghi":41.2,"dhi":26.4,"timestamp_local":"2022-07-05T21:15:00","solar_rad":39.818333,"vis":10,"dni":227.75,"temp":17.8,"slp":1022,"clouds":38,"ts":1657048500},{"precip_rate":0,"rh":59,"wind_spd":3.6,"timestamp_utc":"2022-07-05T19:30:00","snow_rate":0,"app_temp":17.4,"pres":1012.2006,"azimuth":306.53,"dewpt":9.3,"uv":1.3,"elev_angle":1.73,"wind_dir":326,"weather":{"icon":"c02n","code":802,"description":"Scattered clouds"},"ghi":27.5,"dhi":17.6,"timestamp_local":"2022-07-05T21:30:00","solar_rad":26.57777,"vis":10,"dni":151.84,"temp":17.4,"slp":1022,"clouds":38,"ts":1657049400},{"precip_rate":0,"rh":60,"wind_spd":3.6,"timestamp_utc":"2022-07-05T19:45:00","snow_rate":0,"app_temp":17.1,"pres":1012.18823,"azimuth":309.46,"dewpt":9.2,"uv":0,"elev_angle":-0.12,"wind_dir":327,"weather":{"icon":"c02n","code":802,"description":"Scattered clouds"},"ghi":13.7,"dhi":8.8,"timestamp_local":"2022-07-05T21:45:00","solar_rad":13.280387,"vis":10,"dni":75.92,"temp":17.1,"slp":1022,"clouds":37,"ts":1657050300},{"precip_rate":0,"rh":62,"wind_spd":3.6,"timestamp_utc":"2022-07-05T20:00:00","snow_rate":0,"app_temp":16.7,"pres":1012.1758,"azimuth":312.39,"dewpt":9.4,"uv":0,"elev_angle":-1.96,"wind_dir":328,"weather":{"icon":"c02n","code":802,"description":"Scattered clouds"},"ghi":0,"dhi":0,"timestamp_local":"2022-07-05T22:00:00","solar_rad":0,"vis":10,"dni":0,"temp":16.7,"slp":1022,"clouds":36,"ts":1657051200},{"precip_rate":0,"rh":64,"wind_spd":3.6,"timestamp_utc":"2022-07-05T20:15:00","snow_rate":0,"app_temp":16.3,"pres":1012.4108,"azimuth":315.51,"dewpt":9.5,"uv":0,"elev_angle":-3.48,"wind_dir":328,"weather":{"icon":"c03n","code":803,"description":"Broken clouds"},"ghi":0,"dhi":0,"timestamp_local":"2022-07-05T22:15:00","solar_rad":0,"vis":10,"dni":0,"temp":16.3,"slp":1022.25,"clouds":50,"ts":1657052100},{"precip_rate":0,"rh":65,"wind_spd":3.6,"timestamp_utc":"2022-07-05T20:30:00","snow_rate":0,"app_temp":16,"pres":1012.6459,"azimuth":318.63,"dewpt":9.4,"uv":0,"elev_angle":-4.99,"wind_dir":328,"weather":{"icon":"c03n","code":803,"description":"Broken clouds"},"ghi":0,"dhi":0,"timestamp_local":"2022-07-05T22:30:00","solar_rad":0,"vis":10,"dni":0,"temp":16,"slp":1022.5,"clouds":64,"ts":1657053000},{"precip_rate":0,"rh":66,"wind_spd":3.6,"timestamp_utc":"2022-07-05T20:45:00","snow_rate":0,"app_temp":15.6,"pres":1012.88086,"azimuth":321.75,"dewpt":9.3,"uv":0,"elev_angle":-6.51,"wind_dir":328,"weather":{"icon":"c04n","code":804,"description":"Overcast clouds"},"ghi":0,"dhi":0,"timestamp_local":"2022-07-05T22:45:00","solar_rad":0,"vis":10,"dni":0,"temp":15.6,"slp":1022.75,"clouds":77,"ts":1657053900},{"precip_rate":0,"rh":68,"wind_spd":3.6,"timestamp_utc":"2022-07-05T21:00:00","snow_rate":0,"app_temp":15.2,"pres":1013.1159,"azimuth":324.87,"dewpt":9.3,"uv":0,"elev_angle":-8.02,"wind_dir":328,"weather":{"icon":"c04n","code":804,"description":"Overcast clouds"},"ghi":0,"dhi":0,"timestamp_local":"2022-07-05T23:00:00","solar_rad":0,"vis":10,"dni":0,"temp":15.2,"slp":1023,"clouds":91,"ts":1657054800},{"precip_rate":0,"rh":69,"wind_spd":3.5,"timestamp_utc":"2022-07-05T21:15:00","snow_rate":0,"app_temp":14.9,"pres":1013.354,"azimuth":328.21,"dewpt":9.3,"uv":0,"elev_angle":-9.12,"wind_dir":326,"weather":{"icon":"c04n","code":804,"description":"Overcast clouds"},"ghi":0,"dhi":0,"timestamp_local":"2022-07-05T23:15:00","solar_rad":0,"vis":10,"dni":0,"temp":14.9,"slp":1023.25,"clouds":93,"ts":1657055700},{"precip_rate":0,"rh":70,"wind_spd":3.4,"timestamp_utc":"2022-07-05T21:30:00","snow_rate":0,"app_temp":14.7,"pres":1013.59204,"azimuth":331.54,"dewpt":9.2,"uv":0,"elev_angle":-10.21,"wind_dir":325,"weather":{"icon":"c04n","code":804,"description":"Overcast clouds"},"ghi":0,"dhi":0,"timestamp_local":"2022-07-05T23:30:00","solar_rad":0,"vis":10,"dni":0,"temp":14.7,"slp":1023.5,"clouds":95,"ts":1657056600},{"precip_rate":0,"rh":72,"wind_spd":3.3,"timestamp_utc":"2022-07-05T21:45:00","snow_rate":0,"app_temp":14.4,"pres":1013.83014,"azimuth":334.88,"dewpt":9.4,"uv":0,"elev_angle":-11.31,"wind_dir":324,"weather":{"icon":"c04n","code":804,"description":"Overcast clouds"},"ghi":0,"dhi":0,"timestamp_local":"2022-07-05T23:45:00","solar_rad":0,"vis":10,"dni":0,"temp":14.4,"slp":1023.75,"clouds":97,"ts":1657057500},{"precip_rate":0,"rh":73,"wind_spd":3.2,"timestamp_utc":"2022-07-05T22:00:00","snow_rate":0,"app_temp":14.1,"pres":1014.06824,"azimuth":338.21,"dewpt":9.3,"uv":0,"elev_angle":-12.4,"wind_dir":322,"weather":{"icon":"c04n","code":804,"description":"Overcast clouds"},"ghi":0,"dhi":0,"timestamp_local":"2022-07-06T00:00:00","solar_rad":0,"vis":10,"dni":0,"temp":14.1,"slp":1024,"clouds":99,"ts":1657058400},{"precip_rate":0,"rh":74,"wind_spd":3.2,"timestamp_utc":"2022-07-05T22:15:00","snow_rate":0,"app_temp":14,"pres":1014.06506,"azimuth":341.72,"dewpt":9.4,"uv":0,"elev_angle":-12.99,"wind_dir":322,"weather":{"icon":"c04n","code":804,"description":"Overcast clouds"},"ghi":0,"dhi":0,"timestamp_local":"2022-07-06T00:15:00","solar_rad":0,"vis":10,"dni":0,"temp":14,"slp":1024,"clouds":98,"ts":1657059300},{"precip_rate":0,"rh":74,"wind_spd":3.2,"timestamp_utc":"2022-07-05T22:30:00","snow_rate":0,"app_temp":13.9,"pres":1014.0619,"azimuth":345.23,"dewpt":9.3,"uv":0,"elev_angle":-13.58,"wind_dir":321,"weather":{"icon":"c04n","code":804,"description":"Overcast clouds"},"ghi":0,"dhi":0,"timestamp_local":"2022-07-06T00:30:00","solar_rad":0,"vis":10,"dni":0,"temp":13.9,"slp":1024,"clouds":98,"ts":1657060200},{"precip_rate":0,"rh":74,"wind_spd":3.2,"timestamp_utc":"2022-07-05T22:45:00","snow_rate":0,"app_temp":13.8,"pres":1014.05865,"azimuth":348.73,"dewpt":9.3,"uv":0,"elev_angle":-14.16,"wind_dir":320,"weather":{"icon":"c04n","code":804,"description":"Overcast clouds"},"ghi":0,"dhi":0,"timestamp_local":"2022-07-06T00:45:00","solar_rad":0,"vis":10,"dni":0,"temp":13.8,"slp":1024,"clouds":97,"ts":1657061100},{"precip_rate":0,"rh":75,"wind_spd":3.2,"timestamp_utc":"2022-07-05T23:00:00","snow_rate":0,"app_temp":13.7,"pres":1014.0555,"azimuth":352.24,"dewpt":9.4,"uv":0,"elev_angle":-14.75,"wind_dir":320,"weather":{"icon":"c04n","code":804,"description":"Overcast clouds"},"ghi":0,"dhi":0,"timestamp_local":"2022-07-06T01:00:00","solar_rad":0,"vis":10,"dni":0,"temp":13.7,"slp":1024,"clouds":96,"ts":1657062000},{"precip_rate":0,"rh":76,"wind_spd":3,"timestamp_utc":"2022-07-05T23:15:00","snow_rate":0,"app_temp":13.3,"pres":1014.04266,"azimuth":265.82,"dewpt":9.2,"uv":0,"elev_angle":-14.78,"wind_dir":319,"weather":{"icon":"c04n","code":804,"description":"Overcast clouds"},"ghi":0,"dhi":0,"timestamp_local":"2022-07-06T01:15:00","solar_rad":0,"vis":10,"dni":0,"temp":13.3,"slp":1024,"clouds":88,"ts":1657062900},{"precip_rate":0,"rh":78,"wind_spd":2.8,"timestamp_utc":"2022-07-05T23:30:00","snow_rate":0,"app_temp":12.9,"pres":1014.0298,"azimuth":179.4,"dewpt":9.2,"uv":0,"elev_angle":-14.8,"wind_dir":318,"weather":{"icon":"c04n","code":804,"description":"Overcast clouds"},"ghi":0,"dhi":0,"timestamp_local":"2022-07-06T01:30:00","solar_rad":0,"vis":10,"dni":0,"temp":12.9,"slp":1024,"clouds":80,"ts":1657063800},{"precip_rate":0,"rh":79,"wind_spd":2.6,"timestamp_utc":"2022-07-05T23:45:00","snow_rate":0,"app_temp":12.6,"pres":1014.01697,"azimuth":92.97,"dewpt":9,"uv":0,"elev_angle":-14.83,"wind_dir":317,"weather":{"icon":"c04n","code":804,"description":"Overcast clouds"},"ghi":0,"dhi":0,"timestamp_local":"2022-07-06T01:45:00","solar_rad":0,"vis":10,"dni":0,"temp":12.6,"slp":1024,"clouds":71,"ts":1657064700}],"sources":["103150-99999","imerg","merra2","era5","modis"],"city_id":"2856883"}
