{"timezone":"Europe\/Berlin","state_code":"06","country_code":"DE","lat":52.2833,"lon":8,"city_name":"Osnabr�ck","station_id":"103150-99999","data":[{"precip_rate":0.5,"rh":71,"wind_spd":1.8,"timestamp_utc":"2022-07-16T00:00:00","snow_rate":0,"app_temp":15.7,"pres":1010.1323,"azimuth":6.34,"dewpt":10.4,"uv":0,"elev_angle":-16.21,"wind_dir":243,"weather":{"icon":"c04n","code":804,"description":"Overcast clouds"},"ghi":0,"dhi":0,"timestamp_local":"2022-07-16T02:00:00","solar_rad":0,"vis":10,"dni":0,"temp":15.7,"slp":1020,"clouds":88,"ts":1657929600},{"precip_rate":0.375,"rh":71,"wind_spd":1.91,"timestamp_utc":"2022-07-16T00:15:00","snow_rate":0,"app_temp":15.6,"pres":1010.1323,"azimuth":9.92,"dewpt":10.3,"uv":0,"elev_angle":-15.68,"wind_dir":242,"weather":{"icon":"c04n","code":804,"description":"Overcast clouds"},"ghi":0,"dhi":0,"timestamp_local":"2022-07-16T02:15:00","solar_rad":0,"vis":10,"dni":0,"temp":15.6,"slp":1020,"clouds":86,"ts":1657930500},{"precip_rate":0.25,"rh":70,"wind_spd":2.02,"timestamp_utc":"2022-07-16T00:30:00","snow_rate":0,"app_temp":15.5,"pres":1010.1323,"azimuth":13.49,"dewpt":10.2,"uv":0,"elev_angle":-15.14,"wind_dir":240,"weather":{"icon":"c04n","code":804,"description":"Overcast clouds"},"ghi":0,"dhi":0,"timestamp_local":"2022-07-16T02:30:00","solar_rad":0,"vis":10,"dni":0,"temp":15.5,"slp":1020,"clouds":84,"ts":1657931400},{"precip_rate":0.125,"rh":70,"wind_spd":2.13,"timestamp_utc":"2022-07-16T00:45:00","snow_rate":0,"app_temp":15.5,"pres":1010.1323,"azimuth":17.07,"dewpt":10.1,"uv":0,"elev_angle":-14.61,"wind_dir":238,"weather":{"icon":"c04n","code":804,"description":"Overcast clouds"},"ghi":0,"dhi":0,"timestamp_local":"2022-07-16T02:45:00","solar_rad":0,"vis":10,"dni":0,"temp":15.5,"slp":1020,"clouds":81,"ts":1657932300},{"precip_rate":0,"rh":70,"wind_spd":2.24,"timestamp_utc":"2022-07-16T01:00:00","snow_rate":0,"app_temp":15.4,"pres":1010.1323,"azimuth":20.64,"dewpt":10,"uv":0,"elev_angle":-14.07,"wind_dir":237,"weather":{"icon":"c04n","code":804,"description":"Overcast clouds"},"ghi":0,"dhi":0,"timestamp_local":"2022-07-16T03:00:00","solar_rad":0,"vis":10,"dni":0,"temp":15.4,"slp":1020,"clouds":79,"ts":1657933200},{"precip_rate":0,"rh":70,"wind_spd":2.35,"timestamp_utc":"2022-07-16T01:15:00","snow_rate":0,"app_temp":15.3,"pres":1010.1355,"azimuth":24.05,"dewpt":10,"uv":0,"elev_angle":-13.02,"wind_dir":238,"weather":{"icon":"c04n","code":804,"description":"Overcast clouds"},"ghi":0,"dhi":0,"timestamp_local":"2022-07-16T03:15:00","solar_rad":0,"vis":10,"dni":0,"temp":15.3,"slp":1020,"clouds":76,"ts":1657934100},{"precip_rate":0,"rh":71,"wind_spd":2.46,"timestamp_utc":"2022-07-16T01:30:00","snow_rate":0,"app_temp":15.2,"pres":1010.1386,"azimuth":27.45,"dewpt":9.9,"uv":0,"elev_angle":-11.96,"wind_dir":238,"weather":{"icon":"c04n","code":804,"description":"Overcast clouds"},"ghi":0,"dhi":0,"timestamp_local":"2022-07-16T03:30:00","solar_rad":0,"vis":10,"dni":0,"temp":15.2,"slp":1020,"clouds":74,"ts":1657935000},{"precip_rate":0,"rh":72,"wind_spd":2.57,"timestamp_utc":"2022-07-16T01:45:00","snow_rate":0,"app_temp":15.1,"pres":1010.1417,"azimuth":30.86,"dewpt":9.9,"uv":0,"elev_angle":-10.91,"wind_dir":239,"weather":{"icon":"c04n","code":804,"description":"Overcast clouds"},"ghi":0,"dhi":0,"timestamp_local":"2022-07-16T03:45:00","solar_rad":0,"vis":10,"dni":0,"temp":15.1,"slp":1020,"clouds":72,"ts":1657935900},{"precip_rate":0,"rh":72,"wind_spd":2.68,"timestamp_utc":"2022-07-16T02:00:00","snow_rate":0,"app_temp":15,"pres":1010.1449,"azimuth":34.26,"dewpt":9.9,"uv":0,"elev_angle":-9.85,"wind_dir":240,"weather":{"icon":"c03n","code":803,"description":"Broken clouds"},"ghi":0,"dhi":0,"timestamp_local":"2022-07-16T04:00:00","solar_rad":0,"vis":10,"dni":0,"temp":15,"slp":1020,"clouds":69,"ts":1657936800},{"precip_rate":0,"rh":70,"wind_spd":2.84,"timestamp_utc":"2022-07-16T02:15:00","snow_rate":0,"app_temp":15.1,"pres":1010.1481,"azimuth":37.44,"dewpt":9.6,"uv":0,"elev_angle":-8.36,"wind_dir":243,"weather":{"icon":"c04n","code":804,"description":"Overcast clouds"},"ghi":0,"dhi":0,"timestamp_local":"2022-07-16T04:15:00","solar_rad":0,"vis":10,"dni":0,"temp":15.1,"slp":1020,"clouds":77,"ts":1657937700},{"precip_rate":0,"rh":68,"wind_spd":3,"timestamp_utc":"2022-07-16T02:30:00","snow_rate":0,"app_temp":15.2,"pres":1010.1512,"azimuth":40.62,"dewpt":9.3,"uv":0,"elev_angle":-6.87,"wind_dir":246,"weather":{"icon":"c04n","code":804,"description":"Overcast clouds"},"ghi":0,"dhi":0,"timestamp_local":"2022-07-16T04:30:00","solar_rad":0,"vis":10,"dni":0,"temp":15.2,"slp":1020,"clouds":84,"ts":1657938600},{"precip_rate":0,"rh":67,"wind_spd":3.16,"timestamp_utc":"2022-07-16T02:45:00","snow_rate":0,"app_temp":15.2,"pres":1010.1543,"azimuth":43.8,"dewpt":9,"uv":0,"elev_angle":-5.37,"wind_dir":250,"weather":{"icon":"c04n","code":804,"description":"Overcast clouds"},"ghi":0,"dhi":0,"timestamp_local":"2022-07-16T04:45:00","solar_rad":0,"vis":10,"dni":0,"temp":15.2,"slp":1020,"clouds":92,"ts":1657939500},{"precip_rate":0,"rh":65,"wind_spd":3.33,"timestamp_utc":"2022-07-16T03:00:00","snow_rate":0,"app_temp":15.3,"pres":1010.1575,"azimuth":46.98,"dewpt":8.7,"uv":0,"elev_angle":-3.88,"wind_dir":253,"weather":{"icon":"c04n","code":804,"description":"Overcast clouds"},"ghi":0,"dhi":0,"timestamp_local":"2022-07-16T05:00:00","solar_rad":0,"vis":10,"dni":0,"temp":15.3,"slp":1020,"clouds":100,"ts":1657940400},{"precip_rate":0,"rh":66,"wind_spd":3.31,"timestamp_utc":"2022-07-16T03:15:00","snow_rate":0,"app_temp":15.2,"pres":1010.1543,"azimuth":49.96,"dewpt":8.9,"uv":0,"elev_angle":-2.05,"wind_dir":258,"weather":{"icon":"c04n","code":804,"description":"Overcast clouds"},"ghi":7.4,"dhi":6.58,"timestamp_local":"2022-07-16T05:15:00","solar_rad":7.5437355,"vis":10,"dni":51.75,"temp":15.2,"slp":1020,"clouds":99,"ts":1657941300},{"precip_rate":0,"rh":68,"wind_spd":3.3,"timestamp_utc":"2022-07-16T03:30:00","snow_rate":0,"app_temp":15.2,"pres":1010.1512,"azimuth":52.94,"dewpt":9.2,"uv":0,"elev_angle":-0.22,"wind_dir":264,"weather":{"icon":"c04n","code":804,"description":"Overcast clouds"},"ghi":14.9,"dhi":13.16,"timestamp_local":"2022-07-16T05:30:00","solar_rad":15.540198,"vis":10,"dni":103.5,"temp":15.2,"slp":1020,"clouds":98,"ts":1657942200},{"precip_rate":0,"rh":70,"wind_spd":3.29,"timestamp_utc":"2022-07-16T03:45:00","snow_rate":0,"app_temp":15.1,"pres":1010.1481,"azimuth":55.91,"dewpt":9.4,"uv":0.6,"elev_angle":1.61,"wind_dir":269,"weather":{"icon":"c04n","code":804,"description":"Overcast clouds"},"ghi":22.3,"dhi":19.73,"timestamp_local":"2022-07-16T05:45:00","solar_rad":24.560938,"vis":10,"dni":155.25,"temp":15.1,"slp":1020,"clouds":96,"ts":1657943100},{"precip_rate":0,"rh":71,"wind_spd":3.28,"timestamp_utc":"2022-07-16T04:00:00","snow_rate":0,"app_temp":15,"pres":1010.1449,"azimuth":58.89,"dewpt":9.7,"uv":0.6,"elev_angle":3.44,"wind_dir":274,"weather":{"icon":"c04n","code":804,"description":"Overcast clouds"},"ghi":29.8,"dhi":26.31,"timestamp_local":"2022-07-16T06:00:00","solar_rad":33.582188,"vis":9,"dni":207,"temp":15,"slp":1020,"clouds":95,"ts":1657944000},{"precip_rate":0,"rh":73,"wind_spd":3.28,"timestamp_utc":"2022-07-16T04:15:00","snow_rate":0,"app_temp":15,"pres":1010.1417,"azimuth":61.73,"dewpt":10.1,"uv":0.7,"elev_angle":5.51,"wind_dir":278,"weather":{"icon":"c04d","code":804,"description":"Overcast clouds"},"ghi":60,"dhi":33.73,"timestamp_local":"2022-07-16T06:15:00","solar_rad":52.384815,"vis":8,"dni":281.34,"temp":15,"slp":1020,"clouds":91,"ts":1657944900},{"precip_rate":0,"rh":74,"wind_spd":3.28,"timestamp_utc":"2022-07-16T04:30:00","snow_rate":0,"app_temp":15.1,"pres":1010.1386,"azimuth":64.58,"dewpt":10.5,"uv":0.7,"elev_angle":7.58,"wind_dir":281,"weather":{"icon":"c04d","code":804,"description":"Overcast clouds"},"ghi":90.2,"dhi":41.15,"timestamp_local":"2022-07-16T06:30:00","solar_rad":77.59219,"vis":9,"dni":355.69,"temp":15.1,"slp":1020,"clouds":87,"ts":1657945800},{"precip_rate":0,"rh":76,"wind_spd":3.28,"timestamp_utc":"2022-07-16T04:45:00","snow_rate":0,"app_temp":15.1,"pres":1010.1355,"azimuth":67.42,"dewpt":10.9,"uv":0.8,"elev_angle":9.64,"wind_dir":284,"weather":{"icon":"c04d","code":804,"description":"Overcast clouds"},"ghi":120.4,"dhi":48.57,"timestamp_local":"2022-07-16T06:45:00","solar_rad":59.081253,"vis":10,"dni":430.03,"temp":15.1,"slp":1020,"clouds":83,"ts":1657946700},{"precip_rate":0,"rh":78,"wind_spd":3.29,"timestamp_utc":"2022-07-16T05:00:00","snow_rate":0,"app_temp":15.1,"pres":1010.1323,"azimuth":70.26,"dewpt":11.3,"uv":0.8,"elev_angle":11.71,"wind_dir":288,"weather":{"icon":"c04d","code":804,"description":"Overcast clouds"},"ghi":150.6,"dhi":55.99,"timestamp_local":"2022-07-16T07:00:00","solar_rad":84.88815,"vis":10,"dni":504.37,"temp":15.1,"slp":1020,"clouds":79,"ts":1657947600},{"precip_rate":0,"rh":78,"wind_spd":3.49,"timestamp_utc":"2022-07-16T05:15:00","snow_rate":0,"app_temp":15.2,"pres":1010.38306,"azimuth":73.07,"dewpt":11.5,"uv":0.9,"elev_angle":13.93,"wind_dir":294,"weather":{"icon":"c04d","code":804,"description":"Overcast clouds"},"ghi":188.2,"dhi":60.95,"timestamp_local":"2022-07-16T07:15:00","solar_rad":115.41773,"vis":10,"dni":543.17,"temp":15.2,"slp":1020.25,"clouds":76,"ts":1657948500},{"precip_rate":0,"rh":78,"wind_spd":3.69,"timestamp_utc":"2022-07-16T05:30:00","snow_rate":0,"app_temp":15.3,"pres":1010.6338,"azimuth":75.88,"dewpt":11.7,"uv":1,"elev_angle":16.16,"wind_dir":301,"weather":{"icon":"c04d","code":804,"description":"Overcast clouds"},"ghi":225.9,"dhi":65.9,"timestamp_local":"2022-07-16T07:30:00","solar_rad":145.4251,"vis":10,"dni":581.97,"temp":15.3,"slp":1020.5,"clouds":74,"ts":1657949400},{"precip_rate":0,"rh":79,"wind_spd":3.9,"timestamp_utc":"2022-07-16T05:45:00","snow_rate":0,"app_temp":15.4,"pres":1010.8845,"azimuth":78.69,"dewpt":11.8,"uv":1.1,"elev_angle":18.38,"wind_dir":308,"weather":{"icon":"c04d","code":804,"description":"Overcast clouds"},"ghi":263.6,"dhi":70.86,"timestamp_local":"2022-07-16T07:45:00","solar_rad":177.11092,"vis":10,"dni":620.76,"temp":15.4,"slp":1020.75,"clouds":72,"ts":1657950300},{"precip_rate":0,"rh":79,"wind_spd":4.1,"timestamp_utc":"2022-07-16T06:00:00","snow_rate":0,"app_temp":15.5,"pres":1011.13525,"azimuth":81.5,"dewpt":12,"uv":1.2,"elev_angle":20.6,"wind_dir":314,"weather":{"icon":"c03d","code":803,"description":"Broken clouds"},"ghi":301.3,"dhi":75.81,"timestamp_local":"2022-07-16T08:00:00","solar_rad":214.33635,"vis":10,"dni":659.56,"temp":15.5,"slp":1021,"clouds":69,"ts":1657951200},{"precip_rate":0,"rh":78,"wind_spd":4.09,"timestamp_utc":"2022-07-16T06:15:00","snow_rate":0,"app_temp":15.6,"pres":1011.14154,"azimuth":84.42,"dewpt":11.8,"uv":1.3,"elev_angle":22.89,"wind_dir":315,"weather":{"icon":"c03d","code":803,"description":"Broken clouds"},"ghi":340.6,"dhi":79.46,"timestamp_local":"2022-07-16T08:15:00","solar_rad":238.01724,"vis":10,"dni":683.36,"temp":15.6,"slp":1021,"clouds":70,"ts":1657952100},{"precip_rate":0,"rh":76,"wind_spd":4.07,"timestamp_utc":"2022-07-16T06:30:00","snow_rate":0,"app_temp":15.7,"pres":1011.1478,"azimuth":87.35,"dewpt":11.6,"uv":1.4,"elev_angle":25.18,"wind_dir":316,"weather":{"icon":"c03d","code":803,"description":"Broken clouds"},"ghi":380,"dhi":83.11,"timestamp_local":"2022-07-16T08:30:00","solar_rad":265.80188,"vis":10,"dni":707.17,"temp":15.7,"slp":1021,"clouds":70,"ts":1657953000},{"precip_rate":0,"rh":75,"wind_spd":4.06,"timestamp_utc":"2022-07-16T06:45:00","snow_rate":0,"app_temp":15.8,"pres":1011.1541,"azimuth":90.27,"dewpt":11.4,"uv":1.5,"elev_angle":27.46,"wind_dir":317,"weather":{"icon":"c04d","code":804,"description":"Overcast clouds"},"ghi":419.4,"dhi":86.76,"timestamp_local":"2022-07-16T08:45:00","solar_rad":287.9136,"vis":10,"dni":730.97,"temp":15.8,"slp":1021,"clouds":71,"ts":1657953900},{"precip_rate":0,"rh":74,"wind_spd":4.04,"timestamp_utc":"2022-07-16T07:00:00","snow_rate":0,"app_temp":15.9,"pres":1011.1604,"azimuth":93.19,"dewpt":11.2,"uv":1.6,"elev_angle":29.75,"wind_dir":318,"weather":{"icon":"c04d","code":804,"description":"Overcast clouds"},"ghi":458.7,"dhi":90.41,"timestamp_local":"2022-07-16T09:00:00","solar_rad":308.72775,"vis":10,"dni":754.77,"temp":15.9,"slp":1021,"clouds":72,"ts":1657954800},{"precip_rate":0,"rh":72,"wind_spd":4.02,"timestamp_utc":"2022-07-16T07:15:00","snow_rate":0,"app_temp":16.1,"pres":1011.41425,"azimuth":96.43,"dewpt":10.9,"uv":1.7,"elev_angle":32.01,"wind_dir":318,"weather":{"icon":"c04d","code":804,"description":"Overcast clouds"},"ghi":495.7,"dhi":93.13,"timestamp_local":"2022-07-16T09:15:00","solar_rad":333.87424,"vis":10,"dni":770.32,"temp":16.1,"slp":1021.25,"clouds":72,"ts":1657955700},{"precip_rate":0,"rh":70,"wind_spd":4,"timestamp_utc":"2022-07-16T07:30:00","snow_rate":0,"app_temp":16.3,"pres":1011.6681,"azimuth":99.66,"dewpt":10.7,"uv":1.9,"elev_angle":34.27,"wind_dir":318,"weather":{"icon":"c04d","code":804,"description":"Overcast clouds"},"ghi":532.7,"dhi":95.85,"timestamp_local":"2022-07-16T09:30:00","solar_rad":359.0662,"vis":10,"dni":785.87,"temp":16.3,"slp":1021.5,"clouds":72,"ts":1657956600},{"precip_rate":0,"rh":67,"wind_spd":3.97,"timestamp_utc":"2022-07-16T07:45:00","snow_rate":0,"app_temp":16.5,"pres":1011.92194,"azimuth":102.9,"dewpt":10.4,"uv":2.1,"elev_angle":36.52,"wind_dir":318,"weather":{"icon":"c04d","code":804,"description":"Overcast clouds"},"ghi":569.6,"dhi":98.57,"timestamp_local":"2022-07-16T09:45:00","solar_rad":384.49673,"vis":10,"dni":801.41,"temp":16.5,"slp":1021.75,"clouds":72,"ts":1657957500},{"precip_rate":0,"rh":65,"wind_spd":3.95,"timestamp_utc":"2022-07-16T08:00:00","snow_rate":0,"app_temp":16.7,"pres":1012.1758,"azimuth":106.13,"dewpt":10.2,"uv":2.2,"elev_angle":38.78,"wind_dir":318,"weather":{"icon":"c04d","code":804,"description":"Overcast clouds"},"ghi":606.6,"dhi":101.29,"timestamp_local":"2022-07-16T10:00:00","solar_rad":427.92023,"vis":10,"dni":816.96,"temp":16.7,"slp":1022,"clouds":72,"ts":1657958400},{"precip_rate":0,"rh":63,"wind_spd":3.95,"timestamp_utc":"2022-07-16T08:15:00","snow_rate":0,"app_temp":17,"pres":1012.1851,"azimuth":109.97,"dewpt":9.8,"uv":2.4,"elev_angle":40.88,"wind_dir":319,"weather":{"icon":"c04d","code":804,"description":"Overcast clouds"},"ghi":637.7,"dhi":103.25,"timestamp_local":"2022-07-16T10:15:00","solar_rad":449.85944,"vis":10,"dni":827.15,"temp":17,"slp":1022,"clouds":72,"ts":1657959300},{"precip_rate":0,"rh":60,"wind_spd":3.95,"timestamp_utc":"2022-07-16T08:30:00","snow_rate":0,"app_temp":17.3,"pres":1012.19446,"azimuth":113.8,"dewpt":9.5,"uv":2.6,"elev_angle":42.98,"wind_dir":320,"weather":{"icon":"c04d","code":804,"description":"Overcast clouds"},"ghi":668.9,"dhi":105.2,"timestamp_local":"2022-07-16T10:30:00","solar_rad":471.86917,"vis":10,"dni":837.33,"temp":17.3,"slp":1022,"clouds":72,"ts":1657960200},{"precip_rate":0,"rh":58,"wind_spd":3.96,"timestamp_utc":"2022-07-16T08:45:00","snow_rate":0,"app_temp":17.5,"pres":1012.20374,"azimuth":117.64,"dewpt":9.2,"uv":2.8,"elev_angle":45.07,"wind_dir":321,"weather":{"icon":"c04d","code":804,"description":"Overcast clouds"},"ghi":700.1,"dhi":107.16,"timestamp_local":"2022-07-16T10:45:00","solar_rad":483.97733,"vis":10,"dni":847.52,"temp":17.5,"slp":1022,"clouds":73,"ts":1657961100},{"precip_rate":0,"rh":56,"wind_spd":3.96,"timestamp_utc":"2022-07-16T09:00:00","snow_rate":0,"app_temp":17.8,"pres":1012.2131,"azimuth":121.47,"dewpt":8.8,"uv":3,"elev_angle":47.17,"wind_dir":322,"weather":{"icon":"c04d","code":804,"description":"Overcast clouds"},"ghi":731.2,"dhi":109.11,"timestamp_local":"2022-07-16T11:00:00","solar_rad":505.47668,"vis":10,"dni":857.7,"temp":17.8,"slp":1022,"clouds":73,"ts":1657962000},{"precip_rate":0,"rh":55,"wind_spd":3.95,"timestamp_utc":"2022-07-16T09:15:00","snow_rate":0,"app_temp":17.9,"pres":1012.47,"azimuth":126.29,"dewpt":8.6,"uv":3.2,"elev_angle":48.9,"wind_dir":322,"weather":{"icon":"c04d","code":804,"description":"Overcast clouds"},"ghi":753.9,"dhi":110.39,"timestamp_local":"2022-07-16T11:15:00","solar_rad":542.14453,"vis":10,"dni":863.95,"temp":17.9,"slp":1022.25,"clouds":71,"ts":1657962900},{"precip_rate":0,"rh":54,"wind_spd":3.94,"timestamp_utc":"2022-07-16T09:30:00","snow_rate":0,"app_temp":18,"pres":1012.7268,"azimuth":131.1,"dewpt":8.4,"uv":3.4,"elev_angle":50.63,"wind_dir":323,"weather":{"icon":"c03d","code":803,"description":"Broken clouds"},"ghi":776.5,"dhi":111.67,"timestamp_local":"2022-07-16T11:30:00","solar_rad":568.66565,"vis":10,"dni":870.21,"temp":18,"slp":1022.5,"clouds":70,"ts":1657963800},{"precip_rate":0,"rh":53,"wind_spd":3.94,"timestamp_utc":"2022-07-16T09:45:00","snow_rate":0,"app_temp":18.1,"pres":1012.9837,"azimuth":135.92,"dewpt":8.2,"uv":3.7,"elev_angle":52.36,"wind_dir":324,"weather":{"icon":"c03d","code":803,"description":"Broken clouds"},"ghi":799.2,"dhi":112.94,"timestamp_local":"2022-07-16T11:45:00","solar_rad":605.36676,"vis":10,"dni":876.46,"temp":18.1,"slp":1022.75,"clouds":68,"ts":1657964700},{"precip_rate":0,"rh":52,"wind_spd":3.93,"timestamp_utc":"2022-07-16T10:00:00","snow_rate":0,"app_temp":18.2,"pres":1013.2406,"azimuth":140.73,"dewpt":8,"uv":4,"elev_angle":54.09,"wind_dir":324,"weather":{"icon":"c03d","code":803,"description":"Broken clouds"},"ghi":821.8,"dhi":114.22,"timestamp_local":"2022-07-16T12:00:00","solar_rad":641.7231,"vis":10,"dni":882.71,"temp":18.2,"slp":1023,"clouds":66,"ts":1657965600},{"precip_rate":0,"rh":51,"wind_spd":3.91,"timestamp_utc":"2022-07-16T10:15:00","snow_rate":0,"app_temp":17.6,"pres":1013.2406,"azimuth":146.76,"dewpt":8,"uv":4,"elev_angle":55.15,"wind_dir":324,"weather":{"icon":"c03d","code":803,"description":"Broken clouds"},"ghi":834,"dhi":114.87,"timestamp_local":"2022-07-16T12:15:00","solar_rad":631.72656,"vis":10,"dni":885.77,"temp":18.4,"slp":1023,"clouds":68,"ts":1657966500},{"precip_rate":0,"rh":50,"wind_spd":3.89,"timestamp_utc":"2022-07-16T10:30:00","snow_rate":0,"app_temp":17.8,"pres":1013.2406,"azimuth":152.79,"dewpt":8,"uv":4.1,"elev_angle":56.2,"wind_dir":324,"weather":{"icon":"c03d","code":803,"description":"Broken clouds"},"ghi":846.2,"dhi":115.52,"timestamp_local":"2022-07-16T12:30:00","solar_rad":630.5237,"vis":10,"dni":888.83,"temp":18.6,"slp":1023,"clouds":69,"ts":1657967400},{"precip_rate":0,"rh":49,"wind_spd":3.87,"timestamp_utc":"2022-07-16T10:45:00","snow_rate":0,"app_temp":18,"pres":1013.2406,"azimuth":158.81,"dewpt":7.9,"uv":4.1,"elev_angle":57.26,"wind_dir":324,"weather":{"icon":"c03d","code":803,"description":"Broken clouds"},"ghi":858.4,"dhi":116.17,"timestamp_local":"2022-07-16T12:45:00","solar_rad":628.6447,"vis":10,"dni":891.88,"temp":18.8,"slp":1023,"clouds":70,"ts":1657968300},{"precip_rate":0,"rh":48,"wind_spd":3.85,"timestamp_utc":"2022-07-16T11:00:00","snow_rate":0,"app_temp":18.2,"pres":1013.2406,"azimuth":164.84,"dewpt":7.9,"uv":4.1,"elev_angle":58.31,"wind_dir":324,"weather":{"icon":"c04d","code":804,"description":"Overcast clouds"},"ghi":870.6,"dhi":116.82,"timestamp_local":"2022-07-16T13:00:00","solar_rad":614.1565,"vis":10,"dni":894.94,"temp":19,"slp":1023,"clouds":72,"ts":1657969200},{"precip_rate":0,"rh":47,"wind_spd":3.93,"timestamp_utc":"2022-07-16T11:15:00","snow_rate":0,"app_temp":18.3,"pres":1013.49744,"azimuth":171.56,"dewpt":7.8,"uv":4.2,"elev_angle":58.38,"wind_dir":324,"weather":{"icon":"c03d","code":803,"description":"Broken clouds"},"ghi":871.4,"dhi":116.86,"timestamp_local":"2022-07-16T13:15:00","solar_rad":638.16516,"vis":10,"dni":895.12,"temp":19.1,"slp":1023.25,"clouds":70,"ts":1657970100},{"precip_rate":0,"rh":46,"wind_spd":4.01,"timestamp_utc":"2022-07-16T11:30:00","snow_rate":0,"app_temp":18.5,"pres":1013.7542,"azimuth":178.28,"dewpt":7.6,"uv":4.3,"elev_angle":58.45,"wind_dir":323,"weather":{"icon":"c03d","code":803,"description":"Broken clouds"},"ghi":872.1,"dhi":116.9,"timestamp_local":"2022-07-16T13:30:00","solar_rad":660.586,"vis":10,"dni":895.3,"temp":19.3,"slp":1023.5,"clouds":68,"ts":1657971000},{"precip_rate":0,"rh":46,"wind_spd":4.09,"timestamp_utc":"2022-07-16T11:45:00","snow_rate":0,"app_temp":18.7,"pres":1014.011,"azimuth":185,"dewpt":7.5,"uv":4.5,"elev_angle":58.51,"wind_dir":322,"weather":{"icon":"c03d","code":803,"description":"Broken clouds"},"ghi":872.8,"dhi":116.93,"timestamp_local":"2022-07-16T13:45:00","solar_rad":691.2222,"vis":10,"dni":895.47,"temp":19.4,"slp":1023.75,"clouds":65,"ts":1657971900},{"precip_rate":0,"rh":45,"wind_spd":4.18,"timestamp_utc":"2022-07-16T12:00:00","snow_rate":0,"app_temp":18.8,"pres":1014.2678,"azimuth":191.72,"dewpt":7.3,"uv":4.6,"elev_angle":58.58,"wind_dir":322,"weather":{"icon":"c03d","code":803,"description":"Broken clouds"},"ghi":873.6,"dhi":116.97,"timestamp_local":"2022-07-16T14:00:00","solar_rad":710.17706,"vis":10,"dni":895.65,"temp":19.6,"slp":1024,"clouds":63,"ts":1657972800},{"precip_rate":0,"rh":44,"wind_spd":4.15,"timestamp_utc":"2022-07-16T12:15:00","snow_rate":0,"app_temp":18.9,"pres":1014.2678,"azimuth":197.89,"dewpt":7.2,"uv":4.7,"elev_angle":57.64,"wind_dir":322,"weather":{"icon":"c03d","code":803,"description":"Broken clouds"},"ghi":862.8,"dhi":116.4,"timestamp_local":"2022-07-16T14:15:00","solar_rad":726.06903,"vis":10,"dni":892.97,"temp":19.7,"slp":1024,"clouds":60,"ts":1657973700},{"precip_rate":0,"rh":44,"wind_spd":4.13,"timestamp_utc":"2022-07-16T12:30:00","snow_rate":0,"app_temp":19,"pres":1014.2678,"azimuth":204.06,"dewpt":7,"uv":4.7,"elev_angle":56.7,"wind_dir":322,"weather":{"icon":"c03d","code":803,"description":"Broken clouds"},"ghi":852,"dhi":115.83,"timestamp_local":"2022-07-16T14:30:00","solar_rad":731.6802,"vis":10,"dni":890.29,"temp":19.8,"slp":1024,"clouds":58,"ts":1657974600},{"precip_rate":0,"rh":43,"wind_spd":4.1,"timestamp_utc":"2022-07-16T12:45:00","snow_rate":0,"app_temp":19.1,"pres":1014.2678,"azimuth":210.23,"dewpt":6.9,"uv":4.7,"elev_angle":55.75,"wind_dir":321,"weather":{"icon":"c03d","code":803,"description":"Broken clouds"},"ghi":841.2,"dhi":115.26,"timestamp_local":"2022-07-16T14:45:00","solar_rad":735.7659,"vis":10,"dni":887.61,"temp":19.9,"slp":1024,"clouds":56,"ts":1657975500},{"precip_rate":0,"rh":42,"wind_spd":4.08,"timestamp_utc":"2022-07-16T13:00:00","snow_rate":0,"app_temp":19.2,"pres":1014.2678,"azimuth":216.4,"dewpt":6.8,"uv":4.7,"elev_angle":54.81,"wind_dir":321,"weather":{"icon":"c03d","code":803,"description":"Broken clouds"},"ghi":830.4,"dhi":114.69,"timestamp_local":"2022-07-16T15:00:00","solar_rad":744.0887,"vis":10,"dni":884.93,"temp":20,"slp":1024,"clouds":53,"ts":1657976400},{"precip_rate":0,"rh":42,"wind_spd":4.07,"timestamp_utc":"2022-07-16T13:15:00","snow_rate":0,"app_temp":19.2,"pres":1014.2739,"azimuth":221.36,"dewpt":6.9,"uv":4.6,"elev_angle":53.15,"wind_dir":321,"weather":{"icon":"c03d","code":803,"description":"Broken clouds"},"ghi":809,"dhi":113.49,"timestamp_local":"2022-07-16T15:15:00","solar_rad":730.18616,"vis":10,"dni":879.11,"temp":20.1,"slp":1024,"clouds":52,"ts":1657977300},{"precip_rate":0,"rh":42,"wind_spd":4.06,"timestamp_utc":"2022-07-16T13:30:00","snow_rate":0,"app_temp":19.3,"pres":1014.28,"azimuth":226.33,"dewpt":6.9,"uv":4.4,"elev_angle":51.48,"wind_dir":322,"weather":{"icon":"c03d","code":803,"description":"Broken clouds"},"ghi":787.6,"dhi":112.3,"timestamp_local":"2022-07-16T15:30:00","solar_rad":710.871,"vis":10,"dni":873.29,"temp":20.1,"slp":1024,"clouds":52,"ts":1657978200},{"precip_rate":0,"rh":42,"wind_spd":4.06,"timestamp_utc":"2022-07-16T13:45:00","snow_rate":0,"app_temp":19.4,"pres":1014.28613,"azimuth":231.29,"dewpt":7,"uv":4.2,"elev_angle":49.82,"wind_dir":322,"weather":{"icon":"c03d","code":803,"description":"Broken clouds"},"ghi":766.2,"dhi":111.1,"timestamp_local":"2022-07-16T15:45:00","solar_rad":696.32477,"vis":10,"dni":867.47,"temp":20.2,"slp":1024,"clouds":51,"ts":1657979100},{"precip_rate":0,"rh":42,"wind_spd":4.05,"timestamp_utc":"2022-07-16T14:00:00","snow_rate":0,"app_temp":19.5,"pres":1014.29224,"azimuth":236.25,"dewpt":7,"uv":4,"elev_angle":48.15,"wind_dir":322,"weather":{"icon":"c03d","code":803,"description":"Broken clouds"},"ghi":744.7,"dhi":109.9,"timestamp_local":"2022-07-16T16:00:00","solar_rad":681.2076,"vis":10,"dni":861.65,"temp":20.3,"slp":1024,"clouds":50,"ts":1657980000},{"precip_rate":0,"rh":42,"wind_spd":4.04,"timestamp_utc":"2022-07-16T14:15:00","snow_rate":0,"app_temp":19.5,"pres":1014.2892,"azimuth":240.19,"dewpt":6.8,"uv":3.5,"elev_angle":46.09,"wind_dir":322,"weather":{"icon":"c03d","code":803,"description":"Broken clouds"},"ghi":714.5,"dhi":108.03,"timestamp_local":"2022-07-16T16:15:00","solar_rad":613.59796,"vis":10,"dni":852.02,"temp":20.3,"slp":1024,"clouds":58,"ts":1657980900},{"precip_rate":0,"rh":41,"wind_spd":4.03,"timestamp_utc":"2022-07-16T14:30:00","snow_rate":0,"app_temp":19.4,"pres":1014.28613,"azimuth":244.13,"dewpt":6.7,"uv":2.9,"elev_angle":44.02,"wind_dir":322,"weather":{"icon":"c03d","code":803,"description":"Broken clouds"},"ghi":684.3,"dhi":106.17,"timestamp_local":"2022-07-16T16:30:00","solar_rad":534.3528,"vis":10,"dni":842.38,"temp":20.3,"slp":1024,"clouds":66,"ts":1657981800},{"precip_rate":0,"rh":40,"wind_spd":4.02,"timestamp_utc":"2022-07-16T14:45:00","snow_rate":0,"app_temp":19.3,"pres":1014.28314,"azimuth":248.06,"dewpt":6.5,"uv":2.5,"elev_angle":41.96,"wind_dir":323,"weather":{"icon":"c04d","code":804,"description":"Overcast clouds"},"ghi":654,"dhi":104.3,"timestamp_local":"2022-07-16T16:45:00","solar_rad":452.10852,"vis":10,"dni":832.75,"temp":20.2,"slp":1024,"clouds":73,"ts":1657982700},{"precip_rate":0,"rh":40,"wind_spd":4.01,"timestamp_utc":"2022-07-16T15:00:00","snow_rate":0,"app_temp":19.3,"pres":1014.2801,"azimuth":252,"dewpt":6.3,"uv":2.1,"elev_angle":39.89,"wind_dir":323,"weather":{"icon":"c04d","code":804,"description":"Overcast clouds"},"ghi":623.8,"dhi":102.43,"timestamp_local":"2022-07-16T17:00:00","solar_rad":349.55612,"vis":10,"dni":823.11,"temp":20.2,"slp":1024,"clouds":81,"ts":1657983600},{"precip_rate":0,"rh":41,"wind_spd":3.95,"timestamp_utc":"2022-07-16T15:15:00","snow_rate":0,"app_temp":19.2,"pres":1014.28314,"azimuth":255.29,"dewpt":6.5,"uv":2.2,"elev_angle":37.64,"wind_dir":324,"weather":{"icon":"c04d","code":804,"description":"Overcast clouds"},"ghi":587.4,"dhi":99.81,"timestamp_local":"2022-07-16T17:15:00","solar_rad":422.41107,"vis":10,"dni":808.34,"temp":20.1,"slp":1024,"clouds":71,"ts":1657984500},{"precip_rate":0,"rh":42,"wind_spd":3.89,"timestamp_utc":"2022-07-16T15:30:00","snow_rate":0,"app_temp":19.2,"pres":1014.28613,"azimuth":258.59,"dewpt":6.6,"uv":2.2,"elev_angle":35.39,"wind_dir":326,"weather":{"icon":"c03d","code":803,"description":"Broken clouds"},"ghi":550.9,"dhi":97.2,"timestamp_local":"2022-07-16T17:30:00","solar_rad":453.30063,"vis":10,"dni":793.57,"temp":20,"slp":1024,"clouds":62,"ts":1657985400},{"precip_rate":0,"rh":42,"wind_spd":3.84,"timestamp_utc":"2022-07-16T15:45:00","snow_rate":0,"app_temp":19,"pres":1014.2892,"azimuth":261.88,"dewpt":6.8,"uv":2.3,"elev_angle":33.14,"wind_dir":327,"weather":{"icon":"c03d","code":803,"description":"Broken clouds"},"ghi":514.5,"dhi":94.58,"timestamp_local":"2022-07-16T17:45:00","solar_rad":464.37674,"vis":10,"dni":778.79,"temp":19.9,"slp":1024,"clouds":52,"ts":1657986300},{"precip_rate":0,"rh":43,"wind_spd":3.78,"timestamp_utc":"2022-07-16T16:00:00","snow_rate":0,"app_temp":19,"pres":1014.29224,"azimuth":265.17,"dewpt":6.9,"uv":2.3,"elev_angle":30.89,"wind_dir":328,"weather":{"icon":"c03d","code":803,"description":"Broken clouds"},"ghi":478,"dhi":91.96,"timestamp_local":"2022-07-16T18:00:00","solar_rad":455.47223,"vis":10,"dni":764.02,"temp":19.8,"slp":1024,"clouds":42,"ts":1657987200},{"precip_rate":0,"rh":43,"wind_spd":3.66,"timestamp_utc":"2022-07-16T16:15:00","snow_rate":0,"app_temp":18.8,"pres":1014.5368,"azimuth":268.12,"dewpt":6.9,"uv":2.2,"elev_angle":28.6,"wind_dir":329,"weather":{"icon":"c02d","code":802,"description":"Scattered clouds"},"ghi":438.7,"dhi":88.44,"timestamp_local":"2022-07-16T18:15:00","solar_rad":421.18484,"vis":10,"dni":741.47,"temp":19.7,"slp":1024.25,"clouds":40,"ts":1657988100},{"precip_rate":0,"rh":44,"wind_spd":3.53,"timestamp_utc":"2022-07-16T16:30:00","snow_rate":0,"app_temp":18.7,"pres":1014.7814,"azimuth":271.07,"dewpt":6.9,"uv":2,"elev_angle":26.31,"wind_dir":330,"weather":{"icon":"c02d","code":802,"description":"Scattered clouds"},"ghi":399.4,"dhi":84.91,"timestamp_local":"2022-07-16T18:30:00","solar_rad":384.76913,"vis":10,"dni":718.91,"temp":19.6,"slp":1024.5,"clouds":39,"ts":1657989000},{"precip_rate":0,"rh":44,"wind_spd":3.41,"timestamp_utc":"2022-07-16T16:45:00","snow_rate":0,"app_temp":18.6,"pres":1015.026,"azimuth":274.02,"dewpt":6.8,"uv":1.9,"elev_angle":24.01,"wind_dir":331,"weather":{"icon":"c02d","code":802,"description":"Scattered clouds"},"ghi":360.1,"dhi":81.39,"timestamp_local":"2022-07-16T18:45:00","solar_rad":348.0238,"vis":10,"dni":696.36,"temp":19.4,"slp":1024.75,"clouds":38,"ts":1657989900},{"precip_rate":0,"rh":44,"wind_spd":3.28,"timestamp_utc":"2022-07-16T17:00:00","snow_rate":0,"app_temp":18.4,"pres":1015.27057,"azimuth":276.97,"dewpt":6.8,"uv":1.8,"elev_angle":21.72,"wind_dir":332,"weather":{"icon":"c02d","code":802,"description":"Scattered clouds"},"ghi":320.8,"dhi":77.86,"timestamp_local":"2022-07-16T19:00:00","solar_rad":311.8483,"vis":16,"dni":673.8,"temp":19.3,"slp":1025,"clouds":36,"ts":1657990800},{"precip_rate":0,"rh":44,"wind_spd":3.16,"timestamp_utc":"2022-07-16T17:15:00","snow_rate":0,"app_temp":18.4,"pres":1015.26447,"azimuth":279.79,"dewpt":6.7,"uv":1.7,"elev_angle":19.48,"wind_dir":333,"weather":{"icon":"c02d","code":802,"description":"Scattered clouds"},"ghi":282.6,"dhi":73.09,"timestamp_local":"2022-07-16T19:15:00","solar_rad":276.10703,"vis":10,"dni":637.42,"temp":19.3,"slp":1025,"clouds":34,"ts":1657991700},{"precip_rate":0,"rh":44,"wind_spd":3.04,"timestamp_utc":"2022-07-16T17:30:00","snow_rate":0,"app_temp":18.4,"pres":1015.2583,"azimuth":282.6,"dewpt":6.7,"uv":1.6,"elev_angle":17.25,"wind_dir":334,"weather":{"icon":"c02d","code":802,"description":"Scattered clouds"},"ghi":244.4,"dhi":68.32,"timestamp_local":"2022-07-16T19:30:00","solar_rad":239.83066,"vis":10,"dni":601.04,"temp":19.3,"slp":1025,"clouds":32,"ts":1657992600},{"precip_rate":0,"rh":43,"wind_spd":2.92,"timestamp_utc":"2022-07-16T17:45:00","snow_rate":0,"app_temp":18.4,"pres":1015.2522,"azimuth":285.42,"dewpt":6.6,"uv":1.6,"elev_angle":15.01,"wind_dir":334,"weather":{"icon":"c02d","code":802,"description":"Scattered clouds"},"ghi":206.2,"dhi":63.55,"timestamp_local":"2022-07-16T19:45:00","solar_rad":203.44142,"vis":10,"dni":564.66,"temp":19.3,"slp":1025,"clouds":29,"ts":1657993500},{"precip_rate":0,"rh":43,"wind_spd":2.8,"timestamp_utc":"2022-07-16T18:00:00","snow_rate":0,"app_temp":18.4,"pres":1015.2461,"azimuth":288.23,"dewpt":6.5,"uv":1.5,"elev_angle":12.77,"wind_dir":335,"weather":{"icon":"c02d","code":802,"description":"Scattered clouds"},"ghi":168,"dhi":58.78,"timestamp_local":"2022-07-16T20:00:00","solar_rad":166.23726,"vis":10,"dni":528.28,"temp":19.3,"slp":1025,"clouds":27,"ts":1657994400},{"precip_rate":0,"rh":45,"wind_spd":2.6,"timestamp_utc":"2022-07-16T18:15:00","snow_rate":0,"app_temp":18,"pres":1015.4814,"azimuth":291.06,"dewpt":6.7,"uv":1.5,"elev_angle":10.67,"wind_dir":338,"weather":{"icon":"c02d","code":802,"description":"Scattered clouds"},"ghi":136.3,"dhi":51.78,"timestamp_local":"2022-07-16T20:15:00","solar_rad":135.19913,"vis":10,"dni":460.22,"temp":18.9,"slp":1025.25,"clouds":25,"ts":1657995300},{"precip_rate":0,"rh":46,"wind_spd":2.41,"timestamp_utc":"2022-07-16T18:30:00","snow_rate":0,"app_temp":17.6,"pres":1015.7167,"azimuth":293.89,"dewpt":6.8,"uv":1.5,"elev_angle":8.58,"wind_dir":341,"weather":{"icon":"c02d","code":802,"description":"Scattered clouds"},"ghi":104.6,"dhi":44.78,"timestamp_local":"2022-07-16T20:30:00","solar_rad":104.05297,"vis":10,"dni":392.17,"temp":18.4,"slp":1025.5,"clouds":22,"ts":1657996200},{"precip_rate":0,"rh":48,"wind_spd":2.21,"timestamp_utc":"2022-07-16T18:45:00","snow_rate":0,"app_temp":18,"pres":1015.9519,"azimuth":296.72,"dewpt":7,"uv":1.5,"elev_angle":6.48,"wind_dir":344,"weather":{"icon":"c02d","code":801,"description":"Few clouds"},"ghi":73,"dhi":37.77,"timestamp_local":"2022-07-16T20:45:00","solar_rad":72.7239,"vis":10,"dni":324.11,"temp":18,"slp":1025.75,"clouds":20,"ts":1657997100},{"precip_rate":0,"rh":50,"wind_spd":2.02,"timestamp_utc":"2022-07-16T19:00:00","snow_rate":0,"app_temp":17.6,"pres":1016.1872,"azimuth":299.55,"dewpt":7.1,"uv":1.5,"elev_angle":4.38,"wind_dir":347,"weather":{"icon":"c02n","code":801,"description":"Few clouds"},"ghi":41.3,"dhi":30.77,"timestamp_local":"2022-07-16T21:00:00","solar_rad":41.190826,"vis":10,"dni":256.05,"temp":17.6,"slp":1026,"clouds":18,"ts":1657998000},{"precip_rate":0,"rh":52,"wind_spd":1.92,"timestamp_utc":"2022-07-16T19:15:00","snow_rate":0,"app_temp":17,"pres":1016.16846,"azimuth":302.51,"dewpt":7.1,"uv":1.6,"elev_angle":2.51,"wind_dir":350,"weather":{"icon":"c02n","code":801,"description":"Few clouds"},"ghi":31,"dhi":23.08,"timestamp_local":"2022-07-16T21:15:00","solar_rad":30.965132,"vis":10,"dni":192.04,"temp":17,"slp":1026,"clouds":14,"ts":1657998900},{"precip_rate":0,"rh":54,"wind_spd":1.83,"timestamp_utc":"2022-07-16T19:30:00","snow_rate":0,"app_temp":16.4,"pres":1016.14966,"azimuth":305.46,"dewpt":7.1,"uv":1.6,"elev_angle":0.64,"wind_dir":352,"weather":{"icon":"c02n","code":801,"description":"Few clouds"},"ghi":20.7,"dhi":15.39,"timestamp_local":"2022-07-16T21:30:00","solar_rad":20.694817,"vis":10,"dni":128.03,"temp":16.4,"slp":1026,"clouds":9,"ts":1657999800},{"precip_rate":0,"rh":57,"wind_spd":1.73,"timestamp_utc":"2022-07-16T19:45:00","snow_rate":0,"app_temp":15.7,"pres":1016.1309,"azimuth":308.42,"dewpt":7.2,"uv":0,"elev_angle":-1.23,"wind_dir":354,"weather":{"icon":"c02n","code":801,"description":"Few clouds"},"ghi":10.3,"dhi":7.69,"timestamp_local":"2022-07-16T21:45:00","solar_rad":10.299836,"vis":10,"dni":64.01,"temp":15.7,"slp":1026,"clouds":4,"ts":1658000700},{"precip_rate":0,"rh":59,"wind_spd":1.63,"timestamp_utc":"2022-07-16T20:00:00","snow_rate":0,"app_temp":15.1,"pres":1016.1122,"azimuth":311.37,"dewpt":7.2,"uv":0,"elev_angle":-3.1,"wind_dir":357,"weather":{"icon":"c01n","code":800,"description":"Clear Sky"},"ghi":0,"dhi":0,"timestamp_local":"2022-07-16T22:00:00","solar_rad":0,"vis":10,"dni":0,"temp":15.1,"slp":1026,"clouds":0,"ts":1658001600},{"precip_rate":0,"rh":62,"wind_spd":1.56,"timestamp_utc":"2022-07-16T20:15:00","snow_rate":0,"app_temp":14.7,"pres":1016.09314,"azimuth":314.53,"dewpt":7.4,"uv":0,"elev_angle":-4.65,"wind_dir":268,"weather":{"icon":"c01n","code":800,"description":"Clear Sky"},"ghi":0,"dhi":0,"timestamp_local":"2022-07-16T22:15:00","solar_rad":0,"vis":10,"dni":0,"temp":14.7,"slp":1026,"clouds":1,"ts":1658002500},{"precip_rate":0,"rh":64,"wind_spd":1.49,"timestamp_utc":"2022-07-16T20:30:00","snow_rate":0,"app_temp":14.3,"pres":1016.0741,"azimuth":317.68,"dewpt":7.7,"uv":0,"elev_angle":-6.19,"wind_dir":180,"weather":{"icon":"c02n","code":801,"description":"Few clouds"},"ghi":0,"dhi":0,"timestamp_local":"2022-07-16T22:30:00","solar_rad":0,"vis":10,"dni":0,"temp":14.3,"slp":1026,"clouds":2,"ts":1658003400},{"precip_rate":0,"rh":67,"wind_spd":1.41,"timestamp_utc":"2022-07-16T20:45:00","snow_rate":0,"app_temp":13.9,"pres":1016.0551,"azimuth":320.84,"dewpt":7.9,"uv":0,"elev_angle":-7.74,"wind_dir":91,"weather":{"icon":"c02n","code":801,"description":"Few clouds"},"ghi":0,"dhi":0,"timestamp_local":"2022-07-16T22:45:00","solar_rad":0,"vis":10,"dni":0,"temp":13.9,"slp":1026,"clouds":4,"ts":1658004300},{"precip_rate":0,"rh":70,"wind_spd":1.34,"timestamp_utc":"2022-07-16T21:00:00","snow_rate":0,"app_temp":13.5,"pres":1016.0361,"azimuth":323.99,"dewpt":8.1,"uv":0,"elev_angle":-9.28,"wind_dir":2,"weather":{"icon":"c02n","code":801,"description":"Few clouds"},"ghi":0,"dhi":0,"timestamp_local":"2022-07-16T23:00:00","solar_rad":0,"vis":10,"dni":0,"temp":13.5,"slp":1026,"clouds":5,"ts":1658005200},{"precip_rate":0,"rh":71,"wind_spd":1.28,"timestamp_utc":"2022-07-16T21:15:00","snow_rate":0,"app_temp":13.3,"pres":1016.27075,"azimuth":327.37,"dewpt":8.2,"uv":0,"elev_angle":-10.41,"wind_dir":4,"weather":{"icon":"c02n","code":801,"description":"Few clouds"},"ghi":0,"dhi":0,"timestamp_local":"2022-07-16T23:15:00","solar_rad":0,"vis":10,"dni":0,"temp":13.3,"slp":1026.25,"clouds":4,"ts":1658006100},{"precip_rate":0,"rh":72,"wind_spd":1.23,"timestamp_utc":"2022-07-16T21:30:00","snow_rate":0,"app_temp":13.1,"pres":1016.5055,"azimuth":330.75,"dewpt":8.2,"uv":0,"elev_angle":-11.53,"wind_dir":6,"weather":{"icon":"c02n","code":801,"description":"Few clouds"},"ghi":0,"dhi":0,"timestamp_local":"2022-07-16T23:30:00","solar_rad":0,"vis":10,"dni":0,"temp":13.1,"slp":1026.5,"clouds":2,"ts":1658007000},{"precip_rate":0,"rh":74,"wind_spd":1.18,"timestamp_utc":"2022-07-16T21:45:00","snow_rate":0,"app_temp":12.8,"pres":1016.7402,"azimuth":334.12,"dewpt":8.3,"uv":0,"elev_angle":-12.66,"wind_dir":8,"weather":{"icon":"c01n","code":800,"description":"Clear Sky"},"ghi":0,"dhi":0,"timestamp_local":"2022-07-16T23:45:00","solar_rad":0,"vis":10,"dni":0,"temp":12.8,"slp":1026.75,"clouds":1,"ts":1658007900},{"precip_rate":0,"rh":75,"wind_spd":1.13,"timestamp_utc":"2022-07-16T22:00:00","snow_rate":0,"app_temp":12.6,"pres":1016.97485,"azimuth":337.5,"dewpt":8.3,"uv":0,"elev_angle":-13.78,"wind_dir":10,"weather":{"icon":"c01n","code":800,"description":"Clear Sky"},"ghi":0,"dhi":0,"timestamp_local":"2022-07-17T00:00:00","solar_rad":0,"vis":10,"dni":0,"temp":12.6,"slp":1027,"clouds":0,"ts":1658008800},{"precip_rate":0,"rh":76,"wind_spd":1.08,"timestamp_utc":"2022-07-16T22:15:00","snow_rate":0,"app_temp":12.4,"pres":1016.9651,"azimuth":341.07,"dewpt":8.3,"uv":0,"elev_angle":-14.39,"wind_dir":12,"weather":{"icon":"c01n","code":800,"description":"Clear Sky"},"ghi":0,"dhi":0,"timestamp_local":"2022-07-17T00:15:00","solar_rad":0,"vis":10,"dni":0,"temp":12.4,"slp":1027,"clouds":0,"ts":1658009700},{"precip_rate":0,"rh":78,"wind_spd":1.04,"timestamp_utc":"2022-07-16T22:30:00","snow_rate":0,"app_temp":12.2,"pres":1016.9554,"azimuth":344.63,"dewpt":8.3,"uv":0,"elev_angle":-15,"wind_dir":15,"weather":{"icon":"c01n","code":800,"description":"Clear Sky"},"ghi":0,"dhi":0,"timestamp_local":"2022-07-17T00:30:00","solar_rad":0,"vis":10,"dni":0,"temp":12.2,"slp":1027,"clouds":0,"ts":1658010600},{"precip_rate":0,"rh":79,"wind_spd":1,"timestamp_utc":"2022-07-16T22:45:00","snow_rate":0,"app_temp":12,"pres":1016.9457,"azimuth":348.2,"dewpt":8.4,"uv":0,"elev_angle":-15.61,"wind_dir":18,"weather":{"icon":"c01n","code":800,"description":"Clear Sky"},"ghi":0,"dhi":0,"timestamp_local":"2022-07-17T00:45:00","solar_rad":0,"vis":10,"dni":0,"temp":12,"slp":1027,"clouds":0,"ts":1658011500},{"precip_rate":0,"rh":80,"wind_spd":0.96,"timestamp_utc":"2022-07-16T23:00:00","snow_rate":0,"app_temp":11.8,"pres":1016.9359,"azimuth":351.76,"dewpt":8.4,"uv":0,"elev_angle":-16.22,"wind_dir":20,"weather":{"icon":"c01n","code":800,"description":"Clear Sky"},"ghi":0,"dhi":0,"timestamp_local":"2022-07-17T01:00:00","solar_rad":0,"vis":10,"dni":0,"temp":11.8,"slp":1027,"clouds":0,"ts":1658012400},{"precip_rate":0,"rh":80,"wind_spd":0.88,"timestamp_utc":"2022-07-16T23:15:00","snow_rate":0,"app_temp":11.6,"pres":1017.17035,"azimuth":265.4,"dewpt":8.3,"uv":0,"elev_angle":-16.26,"wind_dir":21,"weather":{"icon":"c01n","code":800,"description":"Clear Sky"},"ghi":0,"dhi":0,"timestamp_local":"2022-07-17T01:15:00","solar_rad":0,"vis":10,"dni":0,"temp":11.6,"slp":1027.25,"clouds":0,"ts":1658013300},{"precip_rate":0,"rh":81,"wind_spd":0.79,"timestamp_utc":"2022-07-16T23:30:00","snow_rate":0,"app_temp":11.4,"pres":1017.4048,"azimuth":179.05,"dewpt":8.3,"uv":0,"elev_angle":-16.3,"wind_dir":22,"weather":{"icon":"c01n","code":800,"description":"Clear Sky"},"ghi":0,"dhi":0,"timestamp_local":"2022-07-17T01:30:00","solar_rad":0,"vis":10,"dni":0,"temp":11.4,"slp":1027.5,"clouds":0,"ts":1658014200},{"precip_rate":0,"rh":82,"wind_spd":0.71,"timestamp_utc":"2022-07-16T23:45:00","snow_rate":0,"app_temp":11.2,"pres":1017.6392,"azimuth":92.69,"dewpt":8.2,"uv":0,"elev_angle":-16.34,"wind_dir":24,"weather":{"icon":"c01n","code":800,"description":"Clear Sky"},"ghi":0,"dhi":0,"timestamp_local":"2022-07-17T01:45:00","solar_rad":0,"vis":10,"dni":0,"temp":11.2,"slp":1027.75,"clouds":0,"ts":1658015100}],"sources":["103150-99999","imerg","merra2","era5","modis"],"city_id":"2856883"}
