{"timezone":"Europe\/Berlin","state_code":"06","country_code":"DE","lat":52.2833,"lon":8,"city_name":"Osnabr�ck","station_id":"103150-99999","data":[{"precip_rate":0,"rh":62,"wind_spd":3.6,"timestamp_utc":"2022-06-18T00:00:00","snow_rate":0,"app_temp":18.9,"pres":1008.3005,"azimuth":7.35,"dewpt":11.8,"uv":0,"elev_angle":-14.04,"wind_dir":200,"weather":{"icon":"c02n","code":801,"description":"Few clouds"},"ghi":0,"dhi":0,"timestamp_local":"2022-06-18T02:00:00","solar_rad":0,"vis":10,"dni":0,"temp":19.3,"slp":1018,"clouds":7,"ts":1655510400},{"precip_rate":0,"rh":62,"wind_spd":3.6,"timestamp_utc":"2022-06-18T00:15:00","snow_rate":0,"app_temp":18.9,"pres":1008.3005,"azimuth":10.83,"dewpt":11.8,"uv":0,"elev_angle":-13.47,"wind_dir":201,"weather":{"icon":"c02n","code":801,"description":"Few clouds"},"ghi":0,"dhi":0,"timestamp_local":"2022-06-18T02:15:00","solar_rad":0,"vis":10,"dni":0,"temp":19.3,"slp":1018,"clouds":6,"ts":1655511300},{"precip_rate":0,"rh":62,"wind_spd":3.6,"timestamp_utc":"2022-06-18T00:30:00","snow_rate":0,"app_temp":18.9,"pres":1008.3005,"azimuth":14.31,"dewpt":11.8,"uv":0,"elev_angle":-12.91,"wind_dir":202,"weather":{"icon":"c02n","code":801,"description":"Few clouds"},"ghi":0,"dhi":0,"timestamp_local":"2022-06-18T02:30:00","solar_rad":0,"vis":10,"dni":0,"temp":19.3,"slp":1018,"clouds":4,"ts":1655512200},{"precip_rate":0,"rh":61,"wind_spd":3.6,"timestamp_utc":"2022-06-18T00:45:00","snow_rate":0,"app_temp":18.9,"pres":1008.3005,"azimuth":17.79,"dewpt":11.6,"uv":0,"elev_angle":-12.34,"wind_dir":203,"weather":{"icon":"c02n","code":801,"description":"Few clouds"},"ghi":0,"dhi":0,"timestamp_local":"2022-06-18T02:45:00","solar_rad":0,"vis":10,"dni":0,"temp":19.3,"slp":1018,"clouds":2,"ts":1655513100},{"precip_rate":0,"rh":61,"wind_spd":3.6,"timestamp_utc":"2022-06-18T01:00:00","snow_rate":0,"app_temp":18.9,"pres":1008.3005,"azimuth":21.27,"dewpt":11.6,"uv":0,"elev_angle":-11.77,"wind_dir":204,"weather":{"icon":"c01n","code":800,"description":"Clear Sky"},"ghi":0,"dhi":0,"timestamp_local":"2022-06-18T03:00:00","solar_rad":0,"vis":10,"dni":0,"temp":19.3,"slp":1018,"clouds":1,"ts":1655514000},{"precip_rate":0,"rh":62,"wind_spd":3.7,"timestamp_utc":"2022-06-18T01:15:00","snow_rate":0,"app_temp":18.8,"pres":1008.0498,"azimuth":24.59,"dewpt":11.7,"uv":0,"elev_angle":-10.7,"wind_dir":206,"weather":{"icon":"c01n","code":800,"description":"Clear Sky"},"ghi":0,"dhi":0,"timestamp_local":"2022-06-18T03:15:00","solar_rad":0,"vis":10,"dni":0,"temp":19.2,"slp":1017.75,"clouds":1,"ts":1655514900},{"precip_rate":0,"rh":62,"wind_spd":3.8,"timestamp_utc":"2022-06-18T01:30:00","snow_rate":0,"app_temp":18.7,"pres":1007.79913,"azimuth":27.9,"dewpt":11.7,"uv":0,"elev_angle":-9.62,"wind_dir":207,"weather":{"icon":"c01n","code":800,"description":"Clear Sky"},"ghi":0,"dhi":0,"timestamp_local":"2022-06-18T03:30:00","solar_rad":0,"vis":10,"dni":0,"temp":19.1,"slp":1017.5,"clouds":1,"ts":1655515800},{"precip_rate":0,"rh":63,"wind_spd":3.9,"timestamp_utc":"2022-06-18T01:45:00","snow_rate":0,"app_temp":18.6,"pres":1007.54846,"azimuth":31.22,"dewpt":11.8,"uv":0,"elev_angle":-8.55,"wind_dir":208,"weather":{"icon":"c01n","code":800,"description":"Clear Sky"},"ghi":0,"dhi":0,"timestamp_local":"2022-06-18T03:45:00","solar_rad":0,"vis":10,"dni":0,"temp":19,"slp":1017.25,"clouds":1,"ts":1655516700},{"precip_rate":0,"rh":64,"wind_spd":4,"timestamp_utc":"2022-06-18T02:00:00","snow_rate":0,"app_temp":18.5,"pres":1007.2978,"azimuth":34.53,"dewpt":11.9,"uv":0,"elev_angle":-7.47,"wind_dir":210,"weather":{"icon":"c01n","code":800,"description":"Clear Sky"},"ghi":0,"dhi":0,"timestamp_local":"2022-06-18T04:00:00","solar_rad":0,"vis":10,"dni":0,"temp":18.9,"slp":1017,"clouds":1,"ts":1655517600},{"precip_rate":0,"rh":64,"wind_spd":4,"timestamp_utc":"2022-06-18T02:15:00","snow_rate":0,"app_temp":18.5,"pres":1007.2978,"azimuth":37.64,"dewpt":11.9,"uv":0,"elev_angle":-5.97,"wind_dir":214,"weather":{"icon":"c02n","code":801,"description":"Few clouds"},"ghi":0,"dhi":0,"timestamp_local":"2022-06-18T04:15:00","solar_rad":0,"vis":10,"dni":0,"temp":18.9,"slp":1017,"clouds":2,"ts":1655518500},{"precip_rate":0,"rh":64,"wind_spd":4,"timestamp_utc":"2022-06-18T02:30:00","snow_rate":0,"app_temp":18.5,"pres":1007.2978,"azimuth":40.75,"dewpt":11.9,"uv":0,"elev_angle":-4.48,"wind_dir":217,"weather":{"icon":"c02n","code":801,"description":"Few clouds"},"ghi":0,"dhi":0,"timestamp_local":"2022-06-18T04:30:00","solar_rad":0,"vis":10,"dni":0,"temp":18.9,"slp":1017,"clouds":3,"ts":1655519400},{"precip_rate":0,"rh":65,"wind_spd":4,"timestamp_utc":"2022-06-18T02:45:00","snow_rate":0,"app_temp":18.5,"pres":1007.2978,"azimuth":43.85,"dewpt":12.2,"uv":0,"elev_angle":-2.98,"wind_dir":220,"weather":{"icon":"c02n","code":801,"description":"Few clouds"},"ghi":0,"dhi":0,"timestamp_local":"2022-06-18T04:45:00","solar_rad":0,"vis":10,"dni":0,"temp":18.9,"slp":1017,"clouds":4,"ts":1655520300},{"precip_rate":0,"rh":65,"wind_spd":4,"timestamp_utc":"2022-06-18T03:00:00","snow_rate":0,"app_temp":18.5,"pres":1007.2978,"azimuth":46.96,"dewpt":12.2,"uv":0,"elev_angle":-1.48,"wind_dir":224,"weather":{"icon":"c02n","code":801,"description":"Few clouds"},"ghi":0,"dhi":0,"timestamp_local":"2022-06-18T05:00:00","solar_rad":0,"vis":10,"dni":0,"temp":18.9,"slp":1017,"clouds":5,"ts":1655521200},{"precip_rate":0,"rh":66,"wind_spd":3.9,"timestamp_utc":"2022-06-18T03:15:00","snow_rate":0,"app_temp":18.6,"pres":1007.2978,"azimuth":49.88,"dewpt":12.4,"uv":1.7,"elev_angle":0.35,"wind_dir":226,"weather":{"icon":"c02n","code":801,"description":"Few clouds"},"ghi":15.1,"dhi":9.22,"timestamp_local":"2022-06-18T05:15:00","solar_rad":14.574819,"vis":10,"dni":80.3,"temp":18.9,"slp":1017,"clouds":8,"ts":1655522100},{"precip_rate":0,"rh":66,"wind_spd":3.8,"timestamp_utc":"2022-06-18T03:30:00","snow_rate":0,"app_temp":18.6,"pres":1007.2978,"azimuth":52.8,"dewpt":12.4,"uv":1.6,"elev_angle":2.17,"wind_dir":229,"weather":{"icon":"c02n","code":801,"description":"Few clouds"},"ghi":30.3,"dhi":18.44,"timestamp_local":"2022-06-18T05:30:00","solar_rad":29.240385,"vis":10,"dni":160.6,"temp":18.9,"slp":1017,"clouds":10,"ts":1655523000},{"precip_rate":0,"rh":66,"wind_spd":3.7,"timestamp_utc":"2022-06-18T03:45:00","snow_rate":0,"app_temp":18.6,"pres":1007.2978,"azimuth":55.71,"dewpt":12.4,"uv":1.6,"elev_angle":4,"wind_dir":232,"weather":{"icon":"c02n","code":801,"description":"Few clouds"},"ghi":45.4,"dhi":27.65,"timestamp_local":"2022-06-18T05:45:00","solar_rad":43.788902,"vis":10,"dni":240.9,"temp":18.9,"slp":1017,"clouds":13,"ts":1655523900},{"precip_rate":0,"rh":67,"wind_spd":3.6,"timestamp_utc":"2022-06-18T04:00:00","snow_rate":0,"app_temp":18.6,"pres":1007.2978,"azimuth":58.63,"dewpt":12.6,"uv":1.6,"elev_angle":5.82,"wind_dir":234,"weather":{"icon":"c02d","code":801,"description":"Few clouds"},"ghi":60.5,"dhi":36.87,"timestamp_local":"2022-06-18T06:00:00","solar_rad":58.267063,"vis":10,"dni":321.2,"temp":18.9,"slp":1017,"clouds":16,"ts":1655524800},{"precip_rate":0,"rh":66,"wind_spd":3.5,"timestamp_utc":"2022-06-18T04:15:00","snow_rate":0,"app_temp":18.9,"pres":1007.30695,"azimuth":61.43,"dewpt":12.7,"uv":1.6,"elev_angle":7.89,"wind_dir":232,"weather":{"icon":"c02d","code":801,"description":"Few clouds"},"ghi":92.9,"dhi":43.17,"timestamp_local":"2022-06-18T06:15:00","solar_rad":89.385544,"vis":10,"dni":379.79,"temp":19.2,"slp":1017,"clouds":18,"ts":1655525700},{"precip_rate":0,"rh":66,"wind_spd":3.4,"timestamp_utc":"2022-06-18T04:30:00","snow_rate":0,"app_temp":19.2,"pres":1007.31604,"azimuth":64.23,"dewpt":12.9,"uv":1.6,"elev_angle":9.95,"wind_dir":231,"weather":{"icon":"c02d","code":801,"description":"Few clouds"},"ghi":125.2,"dhi":49.47,"timestamp_local":"2022-06-18T06:30:00","solar_rad":120.248,"vis":10,"dni":438.38,"temp":19.4,"slp":1017,"clouds":20,"ts":1655526600},{"precip_rate":0,"rh":66,"wind_spd":3.3,"timestamp_utc":"2022-06-18T04:45:00","snow_rate":0,"app_temp":19.5,"pres":1007.3252,"azimuth":67.02,"dewpt":13.2,"uv":1.6,"elev_angle":12.02,"wind_dir":230,"weather":{"icon":"c02d","code":802,"description":"Scattered clouds"},"ghi":157.5,"dhi":55.77,"timestamp_local":"2022-06-18T06:45:00","solar_rad":151.06966,"vis":10,"dni":496.97,"temp":19.7,"slp":1017,"clouds":21,"ts":1655527500},{"precip_rate":0,"rh":65,"wind_spd":3.2,"timestamp_utc":"2022-06-18T05:00:00","snow_rate":0,"app_temp":19.8,"pres":1007.33435,"azimuth":69.82,"dewpt":13.2,"uv":1.6,"elev_angle":14.08,"wind_dir":228,"weather":{"icon":"c02d","code":802,"description":"Scattered clouds"},"ghi":189.9,"dhi":62.07,"timestamp_local":"2022-06-18T07:00:00","solar_rad":181.83167,"vis":10,"dni":555.56,"temp":20,"slp":1017,"clouds":23,"ts":1655528400},{"precip_rate":0,"rh":64,"wind_spd":3.3,"timestamp_utc":"2022-06-18T05:15:00","snow_rate":0,"app_temp":20.2,"pres":1007.3494,"azimuth":72.6,"dewpt":13.4,"uv":1.8,"elev_angle":16.3,"wind_dir":228,"weather":{"icon":"c02d","code":801,"description":"Few clouds"},"ghi":227.9,"dhi":66.56,"timestamp_local":"2022-06-18T07:15:00","solar_rad":219.0007,"vis":10,"dni":588.84,"temp":20.5,"slp":1017,"clouds":17,"ts":1655529300},{"precip_rate":0,"rh":62,"wind_spd":3.4,"timestamp_utc":"2022-06-18T05:30:00","snow_rate":0,"app_temp":20.7,"pres":1007.3645,"azimuth":75.37,"dewpt":13.4,"uv":2,"elev_angle":18.52,"wind_dir":228,"weather":{"icon":"c02d","code":801,"description":"Few clouds"},"ghi":266,"dhi":71.06,"timestamp_local":"2022-06-18T07:30:00","solar_rad":256.04926,"vis":10,"dni":622.12,"temp":20.9,"slp":1017,"clouds":12,"ts":1655530200},{"precip_rate":0,"rh":61,"wind_spd":3.5,"timestamp_utc":"2022-06-18T05:45:00","snow_rate":0,"app_temp":21.2,"pres":1007.37964,"azimuth":78.15,"dewpt":13.6,"uv":2.2,"elev_angle":20.73,"wind_dir":228,"weather":{"icon":"c02d","code":801,"description":"Few clouds"},"ghi":304.1,"dhi":75.55,"timestamp_local":"2022-06-18T07:45:00","solar_rad":292.7736,"vis":10,"dni":655.4,"temp":21.4,"slp":1017,"clouds":6,"ts":1655531100},{"precip_rate":0,"rh":60,"wind_spd":3.6,"timestamp_utc":"2022-06-18T06:00:00","snow_rate":0,"app_temp":21.7,"pres":1007.3947,"azimuth":80.92,"dewpt":13.8,"uv":2.5,"elev_angle":22.95,"wind_dir":228,"weather":{"icon":"c01d","code":800,"description":"Clear Sky"},"ghi":342.2,"dhi":80.04,"timestamp_local":"2022-06-18T08:00:00","solar_rad":329.32816,"vis":10,"dni":688.68,"temp":21.9,"slp":1017,"clouds":0,"ts":1655532000},{"precip_rate":0,"rh":59,"wind_spd":3.6,"timestamp_utc":"2022-06-18T06:15:00","snow_rate":0,"app_temp":22.2,"pres":1007.4096,"azimuth":83.82,"dewpt":14,"uv":2.7,"elev_angle":25.24,"wind_dir":230,"weather":{"icon":"c01d","code":800,"description":"Clear Sky"},"ghi":381.3,"dhi":83.42,"timestamp_local":"2022-06-18T08:15:00","solar_rad":366.81702,"vis":10,"dni":709.92,"temp":22.4,"slp":1017,"clouds":0,"ts":1655532900},{"precip_rate":0,"rh":58,"wind_spd":3.6,"timestamp_utc":"2022-06-18T06:30:00","snow_rate":0,"app_temp":22.6,"pres":1007.4245,"azimuth":86.73,"dewpt":14.1,"uv":2.9,"elev_angle":27.53,"wind_dir":233,"weather":{"icon":"c01d","code":800,"description":"Clear Sky"},"ghi":420.4,"dhi":86.81,"timestamp_local":"2022-06-18T08:30:00","solar_rad":404.2812,"vis":10,"dni":731.16,"temp":22.8,"slp":1017,"clouds":0,"ts":1655533800},{"precip_rate":0,"rh":56,"wind_spd":3.6,"timestamp_utc":"2022-06-18T06:45:00","snow_rate":0,"app_temp":23.1,"pres":1007.4394,"azimuth":89.63,"dewpt":14,"uv":3.1,"elev_angle":29.81,"wind_dir":236,"weather":{"icon":"c01d","code":800,"description":"Clear Sky"},"ghi":459.4,"dhi":90.19,"timestamp_local":"2022-06-18T08:45:00","solar_rad":441.93784,"vis":10,"dni":752.4,"temp":23.3,"slp":1017,"clouds":1,"ts":1655534700},{"precip_rate":0,"rh":55,"wind_spd":3.6,"timestamp_utc":"2022-06-18T07:00:00","snow_rate":0,"app_temp":23.6,"pres":1007.4543,"azimuth":92.53,"dewpt":14.1,"uv":3.4,"elev_angle":32.1,"wind_dir":238,"weather":{"icon":"c01d","code":800,"description":"Clear Sky"},"ghi":498.5,"dhi":93.57,"timestamp_local":"2022-06-18T09:00:00","solar_rad":479.39297,"vis":10,"dni":773.64,"temp":23.7,"slp":1017,"clouds":1,"ts":1655535600},{"precip_rate":0,"rh":54,"wind_spd":3.6,"timestamp_utc":"2022-06-18T07:15:00","snow_rate":0,"app_temp":23.9,"pres":1007.46606,"azimuth":95.77,"dewpt":14.2,"uv":3.7,"elev_angle":34.37,"wind_dir":242,"weather":{"icon":"c01d","code":800,"description":"Clear Sky"},"ghi":534.8,"dhi":96.12,"timestamp_local":"2022-06-18T09:15:00","solar_rad":514.22845,"vis":10,"dni":787.79,"temp":24.1,"slp":1017,"clouds":1,"ts":1655536500},{"precip_rate":0,"rh":52,"wind_spd":3.6,"timestamp_utc":"2022-06-18T07:30:00","snow_rate":0,"app_temp":24.3,"pres":1007.4779,"azimuth":99.01,"dewpt":14,"uv":4.1,"elev_angle":36.63,"wind_dir":247,"weather":{"icon":"c01d","code":800,"description":"Clear Sky"},"ghi":571.1,"dhi":98.66,"timestamp_local":"2022-06-18T09:30:00","solar_rad":549.47815,"vis":10,"dni":801.93,"temp":24.4,"slp":1017,"clouds":0,"ts":1655537400},{"precip_rate":0,"rh":51,"wind_spd":3.6,"timestamp_utc":"2022-06-18T07:45:00","snow_rate":0,"app_temp":24.7,"pres":1007.4897,"azimuth":102.24,"dewpt":14,"uv":4.5,"elev_angle":38.9,"wind_dir":252,"weather":{"icon":"c01d","code":800,"description":"Clear Sky"},"ghi":607.3,"dhi":101.21,"timestamp_local":"2022-06-18T09:45:00","solar_rad":584.2523,"vis":10,"dni":816.08,"temp":24.8,"slp":1017,"clouds":0,"ts":1655538300},{"precip_rate":0,"rh":50,"wind_spd":3.6,"timestamp_utc":"2022-06-18T08:00:00","snow_rate":0,"app_temp":25.1,"pres":1007.50146,"azimuth":105.48,"dewpt":14,"uv":4.9,"elev_angle":41.16,"wind_dir":256,"weather":{"icon":"c01d","code":800,"description":"Clear Sky"},"ghi":643.6,"dhi":103.75,"timestamp_local":"2022-06-18T10:00:00","solar_rad":619.1266,"vis":10,"dni":830.22,"temp":25.2,"slp":1017,"clouds":0,"ts":1655539200},{"precip_rate":0,"rh":50,"wind_spd":3.6,"timestamp_utc":"2022-06-18T08:15:00","snow_rate":0,"app_temp":25.5,"pres":1007.5131,"azimuth":109.37,"dewpt":14.4,"uv":5,"elev_angle":43.27,"wind_dir":260,"weather":{"icon":"c02d","code":801,"description":"Few clouds"},"ghi":673.8,"dhi":105.58,"timestamp_local":"2022-06-18T10:15:00","solar_rad":647.5437,"vis":10,"dni":839.56,"temp":25.6,"slp":1017,"clouds":7,"ts":1655540100},{"precip_rate":0,"rh":49,"wind_spd":3.6,"timestamp_utc":"2022-06-18T08:30:00","snow_rate":0,"app_temp":25.9,"pres":1007.5248,"azimuth":113.26,"dewpt":14.4,"uv":5.1,"elev_angle":45.37,"wind_dir":264,"weather":{"icon":"c02d","code":801,"description":"Few clouds"},"ghi":704.1,"dhi":107.41,"timestamp_local":"2022-06-18T10:30:00","solar_rad":675.9057,"vis":10,"dni":848.89,"temp":25.9,"slp":1017,"clouds":14,"ts":1655541000},{"precip_rate":0,"rh":48,"wind_spd":3.6,"timestamp_utc":"2022-06-18T08:45:00","snow_rate":0,"app_temp":26.3,"pres":1007.53644,"azimuth":117.15,"dewpt":14.4,"uv":5.2,"elev_angle":47.48,"wind_dir":268,"weather":{"icon":"c02d","code":802,"description":"Scattered clouds"},"ghi":734.3,"dhi":109.24,"timestamp_local":"2022-06-18T10:45:00","solar_rad":702.41516,"vis":10,"dni":858.23,"temp":26.3,"slp":1017,"clouds":21,"ts":1655541900},{"precip_rate":0,"rh":48,"wind_spd":3.6,"timestamp_utc":"2022-06-18T09:00:00","snow_rate":0,"app_temp":27,"pres":1007.5481,"azimuth":121.04,"dewpt":14.8,"uv":5.2,"elev_angle":49.58,"wind_dir":272,"weather":{"icon":"c02d","code":802,"description":"Scattered clouds"},"ghi":764.5,"dhi":111.07,"timestamp_local":"2022-06-18T11:00:00","solar_rad":724.9902,"vis":10,"dni":867.56,"temp":26.7,"slp":1017,"clouds":28,"ts":1655542800},{"precip_rate":0,"rh":48,"wind_spd":3.7,"timestamp_utc":"2022-06-18T09:15:00","snow_rate":0,"app_temp":27.3,"pres":1007.55676,"azimuth":126.02,"dewpt":15,"uv":4.6,"elev_angle":51.32,"wind_dir":270,"weather":{"icon":"c03d","code":803,"description":"Broken clouds"},"ghi":786.2,"dhi":112.26,"timestamp_local":"2022-06-18T11:15:00","solar_rad":703.9217,"vis":10,"dni":873.27,"temp":27,"slp":1017,"clouds":46,"ts":1655543700},{"precip_rate":0,"rh":47,"wind_spd":3.8,"timestamp_utc":"2022-06-18T09:30:00","snow_rate":0,"app_temp":27.5,"pres":1007.5654,"azimuth":131,"dewpt":15,"uv":4,"elev_angle":53.06,"wind_dir":269,"weather":{"icon":"c03d","code":803,"description":"Broken clouds"},"ghi":807.8,"dhi":113.45,"timestamp_local":"2022-06-18T11:30:00","solar_rad":615.87866,"vis":10,"dni":878.98,"temp":27.3,"slp":1017,"clouds":64,"ts":1655544600},{"precip_rate":0,"rh":46,"wind_spd":3.9,"timestamp_utc":"2022-06-18T09:45:00","snow_rate":0,"app_temp":27.6,"pres":1007.57416,"azimuth":135.97,"dewpt":14.9,"uv":3.3,"elev_angle":54.79,"wind_dir":268,"weather":{"icon":"c04d","code":804,"description":"Overcast clouds"},"ghi":829.4,"dhi":114.63,"timestamp_local":"2022-06-18T11:45:00","solar_rad":431.59464,"vis":10,"dni":884.69,"temp":27.5,"slp":1017,"clouds":81,"ts":1655545500},{"precip_rate":0,"rh":46,"wind_spd":4,"timestamp_utc":"2022-06-18T10:00:00","snow_rate":0,"app_temp":27.9,"pres":1007.5828,"azimuth":140.95,"dewpt":15.1,"uv":2.5,"elev_angle":56.53,"wind_dir":266,"weather":{"icon":"c04d","code":804,"description":"Overcast clouds"},"ghi":851,"dhi":115.82,"timestamp_local":"2022-06-18T12:00:00","solar_rad":190.5055,"vis":10,"dni":890.4,"temp":27.8,"slp":1017,"clouds":99,"ts":1655546400},{"precip_rate":0,"rh":45,"wind_spd":4,"timestamp_utc":"2022-06-18T10:15:00","snow_rate":0,"app_temp":28.2,"pres":1007.5943,"azimuth":147.3,"dewpt":15.1,"uv":2.5,"elev_angle":57.56,"wind_dir":272,"weather":{"icon":"c04d","code":804,"description":"Overcast clouds"},"ghi":862.2,"dhi":116.4,"timestamp_local":"2022-06-18T12:15:00","solar_rad":192.10316,"vis":10,"dni":893.1,"temp":28.2,"slp":1017,"clouds":99,"ts":1655547300},{"precip_rate":0,"rh":44,"wind_spd":4,"timestamp_utc":"2022-06-18T10:30:00","snow_rate":0,"app_temp":28.5,"pres":1007.6058,"azimuth":153.64,"dewpt":15.1,"uv":2.7,"elev_angle":58.58,"wind_dir":277,"weather":{"icon":"c04d","code":804,"description":"Overcast clouds"},"ghi":873.3,"dhi":116.98,"timestamp_local":"2022-06-18T12:30:00","solar_rad":219.484,"vis":10,"dni":895.8,"temp":28.6,"slp":1017,"clouds":98,"ts":1655548200},{"precip_rate":0,"rh":43,"wind_spd":4,"timestamp_utc":"2022-06-18T10:45:00","snow_rate":0,"app_temp":28.8,"pres":1007.61725,"azimuth":159.99,"dewpt":15.1,"uv":2.7,"elev_angle":59.61,"wind_dir":282,"weather":{"icon":"c04d","code":804,"description":"Overcast clouds"},"ghi":884.5,"dhi":117.56,"timestamp_local":"2022-06-18T12:45:00","solar_rad":221.45515,"vis":10,"dni":898.5,"temp":28.9,"slp":1017,"clouds":98,"ts":1655549100},{"precip_rate":0,"rh":42,"wind_spd":4,"timestamp_utc":"2022-06-18T11:00:00","snow_rate":0,"app_temp":29.1,"pres":1007.6287,"azimuth":166.33,"dewpt":15.1,"uv":2.8,"elev_angle":60.63,"wind_dir":288,"weather":{"icon":"c04d","code":804,"description":"Overcast clouds"},"ghi":895.7,"dhi":118.14,"timestamp_local":"2022-06-18T13:00:00","solar_rad":223.45016,"vis":10,"dni":901.2,"temp":29.3,"slp":1017,"clouds":98,"ts":1655550000},{"precip_rate":0,"rh":42,"wind_spd":3.7,"timestamp_utc":"2022-06-18T11:15:00","snow_rate":0,"app_temp":29.3,"pres":1007.3867,"azimuth":173.39,"dewpt":15.2,"uv":3.2,"elev_angle":60.61,"wind_dir":278,"weather":{"icon":"c04d","code":804,"description":"Overcast clouds"},"ghi":895.5,"dhi":118.13,"timestamp_local":"2022-06-18T13:15:00","solar_rad":274.11023,"vis":10,"dni":901.16,"temp":29.5,"slp":1016.75,"clouds":91,"ts":1655550900},{"precip_rate":0,"rh":42,"wind_spd":3.4,"timestamp_utc":"2022-06-18T11:30:00","snow_rate":0,"app_temp":29.5,"pres":1007.14465,"azimuth":180.45,"dewpt":15.4,"uv":3.6,"elev_angle":60.6,"wind_dir":269,"weather":{"icon":"c04d","code":804,"description":"Overcast clouds"},"ghi":895.3,"dhi":118.12,"timestamp_local":"2022-06-18T13:30:00","solar_rad":413.001,"vis":10,"dni":901.12,"temp":29.6,"slp":1016.5,"clouds":84,"ts":1655551800},{"precip_rate":0,"rh":41,"wind_spd":3.1,"timestamp_utc":"2022-06-18T11:45:00","snow_rate":0,"app_temp":29.6,"pres":1006.90265,"azimuth":187.51,"dewpt":15.2,"uv":4,"elev_angle":60.58,"wind_dir":260,"weather":{"icon":"c04d","code":804,"description":"Overcast clouds"},"ghi":895.1,"dhi":118.11,"timestamp_local":"2022-06-18T13:45:00","solar_rad":512.61395,"vis":10,"dni":901.07,"temp":29.8,"slp":1016.25,"clouds":78,"ts":1655552700},{"precip_rate":0,"rh":41,"wind_spd":2.8,"timestamp_utc":"2022-06-18T12:00:00","snow_rate":0,"app_temp":29.8,"pres":1006.66064,"azimuth":194.57,"dewpt":15.3,"uv":4.4,"elev_angle":60.56,"wind_dir":250,"weather":{"icon":"c04d","code":804,"description":"Overcast clouds"},"ghi":894.9,"dhi":118.1,"timestamp_local":"2022-06-18T14:00:00","solar_rad":606.8298,"vis":10,"dni":901.03,"temp":30,"slp":1016,"clouds":71,"ts":1655553600},{"precip_rate":0,"rh":41,"wind_spd":3,"timestamp_utc":"2022-06-18T12:15:00","snow_rate":0,"app_temp":29.9,"pres":1006.66345,"azimuth":200.88,"dewpt":15.4,"uv":4,"elev_angle":59.51,"wind_dir":254,"weather":{"icon":"c04d","code":804,"description":"Overcast clouds"},"ghi":883.4,"dhi":117.5,"timestamp_local":"2022-06-18T14:15:00","solar_rad":548,"vis":10,"dni":898.24,"temp":30.1,"slp":1016,"clouds":75,"ts":1655554500},{"precip_rate":0,"rh":40,"wind_spd":3.2,"timestamp_utc":"2022-06-18T12:30:00","snow_rate":0,"app_temp":29.9,"pres":1006.6663,"azimuth":207.18,"dewpt":15.1,"uv":3.7,"elev_angle":58.45,"wind_dir":259,"weather":{"icon":"c04d","code":804,"description":"Overcast clouds"},"ghi":871.9,"dhi":116.9,"timestamp_local":"2022-06-18T14:30:00","solar_rad":484.53055,"vis":10,"dni":895.45,"temp":30.2,"slp":1016,"clouds":79,"ts":1655555400},{"precip_rate":0,"rh":40,"wind_spd":3.4,"timestamp_utc":"2022-06-18T12:45:00","snow_rate":0,"app_temp":30,"pres":1006.6692,"azimuth":213.49,"dewpt":15.2,"uv":3.4,"elev_angle":57.4,"wind_dir":264,"weather":{"icon":"c04d","code":804,"description":"Overcast clouds"},"ghi":860.3,"dhi":116.3,"timestamp_local":"2022-06-18T14:45:00","solar_rad":414.3632,"vis":10,"dni":892.65,"temp":30.3,"slp":1016,"clouds":83,"ts":1655556300},{"precip_rate":0,"rh":40,"wind_spd":3.6,"timestamp_utc":"2022-06-18T13:00:00","snow_rate":0,"app_temp":30.2,"pres":1006.672,"azimuth":219.79,"dewpt":15.3,"uv":3.1,"elev_angle":56.34,"wind_dir":268,"weather":{"icon":"c04d","code":804,"description":"Overcast clouds"},"ghi":848.8,"dhi":115.7,"timestamp_local":"2022-06-18T15:00:00","solar_rad":338.26953,"vis":10,"dni":889.86,"temp":30.4,"slp":1016,"clouds":87,"ts":1655557200},{"precip_rate":0,"rh":40,"wind_spd":3.5,"timestamp_utc":"2022-06-18T13:15:00","snow_rate":0,"app_temp":30.3,"pres":1006.4271,"azimuth":224.73,"dewpt":15.3,"uv":2.8,"elev_angle":54.59,"wind_dir":279,"weather":{"icon":"c04d","code":804,"description":"Overcast clouds"},"ghi":826.9,"dhi":114.49,"timestamp_local":"2022-06-18T15:15:00","solar_rad":272.7713,"vis":10,"dni":884.05,"temp":30.5,"slp":1015.75,"clouds":90,"ts":1655558100},{"precip_rate":0,"rh":40,"wind_spd":3.4,"timestamp_utc":"2022-06-18T13:30:00","snow_rate":0,"app_temp":30.3,"pres":1006.18225,"azimuth":229.66,"dewpt":15.4,"uv":2.6,"elev_angle":52.84,"wind_dir":290,"weather":{"icon":"c04d","code":804,"description":"Overcast clouds"},"ghi":805,"dhi":113.29,"timestamp_local":"2022-06-18T15:30:00","solar_rad":226.11816,"vis":10,"dni":878.23,"temp":30.6,"slp":1015.5,"clouds":92,"ts":1655559000},{"precip_rate":0,"rh":40,"wind_spd":3.3,"timestamp_utc":"2022-06-18T13:45:00","snow_rate":0,"app_temp":30.4,"pres":1005.9373,"azimuth":234.6,"dewpt":15.5,"uv":2.3,"elev_angle":51.08,"wind_dir":301,"weather":{"icon":"c04d","code":804,"description":"Overcast clouds"},"ghi":783,"dhi":112.08,"timestamp_local":"2022-06-18T15:45:00","solar_rad":158.62161,"vis":10,"dni":872.42,"temp":30.6,"slp":1015.25,"clouds":95,"ts":1655559900},{"precip_rate":0,"rh":40,"wind_spd":3.2,"timestamp_utc":"2022-06-18T14:00:00","snow_rate":0,"app_temp":30.5,"pres":1005.69244,"azimuth":239.53,"dewpt":15.5,"uv":2.1,"elev_angle":49.33,"wind_dir":312,"weather":{"icon":"c04d","code":804,"description":"Overcast clouds"},"ghi":761.1,"dhi":110.87,"timestamp_local":"2022-06-18T16:00:00","solar_rad":199.23209,"vis":10,"dni":866.6,"temp":30.7,"slp":1015,"clouds":98,"ts":1655560800},{"precip_rate":0,"rh":40,"wind_spd":3,"timestamp_utc":"2022-06-18T14:15:00","snow_rate":0,"app_temp":30.5,"pres":1005.69244,"azimuth":243.39,"dewpt":15.5,"uv":1.9,"elev_angle":47.22,"wind_dir":320,"weather":{"icon":"c04d","code":804,"description":"Overcast clouds"},"ghi":730.6,"dhi":109.02,"timestamp_local":"2022-06-18T16:15:00","solar_rad":193.80511,"vis":10,"dni":857.13,"temp":30.7,"slp":1015,"clouds":98,"ts":1655561700},{"precip_rate":0,"rh":40,"wind_spd":2.8,"timestamp_utc":"2022-06-18T14:30:00","snow_rate":0,"app_temp":30.5,"pres":1005.69244,"azimuth":247.26,"dewpt":15.5,"uv":1.8,"elev_angle":45.1,"wind_dir":328,"weather":{"icon":"c04d","code":804,"description":"Overcast clouds"},"ghi":700.2,"dhi":107.17,"timestamp_local":"2022-06-18T16:30:00","solar_rad":167.7268,"vis":10,"dni":847.66,"temp":30.7,"slp":1015,"clouds":99,"ts":1655562600},{"precip_rate":0,"rh":40,"wind_spd":2.6,"timestamp_utc":"2022-06-18T14:45:00","snow_rate":0,"app_temp":30.5,"pres":1005.69244,"azimuth":251.12,"dewpt":15.5,"uv":1.6,"elev_angle":42.99,"wind_dir":336,"weather":{"icon":"c04d","code":804,"description":"Overcast clouds"},"ghi":669.7,"dhi":105.31,"timestamp_local":"2022-06-18T16:45:00","solar_rad":142.942,"vis":10,"dni":838.19,"temp":30.7,"slp":1015,"clouds":100,"ts":1655563500},{"precip_rate":0,"rh":40,"wind_spd":2.4,"timestamp_utc":"2022-06-18T15:00:00","snow_rate":0,"app_temp":30.5,"pres":1005.69244,"azimuth":254.98,"dewpt":15.5,"uv":1.5,"elev_angle":40.87,"wind_dir":344,"weather":{"icon":"c04d","code":804,"description":"Overcast clouds"},"ghi":639.2,"dhi":103.46,"timestamp_local":"2022-06-18T17:00:00","solar_rad":139.33725,"vis":10,"dni":828.72,"temp":30.7,"slp":1015,"clouds":100,"ts":1655564400},{"precip_rate":0,"rh":40,"wind_spd":2.7,"timestamp_utc":"2022-06-18T15:15:00","snow_rate":0,"app_temp":30.4,"pres":1005.4419,"azimuth":258.2,"dewpt":15.5,"uv":1.4,"elev_angle":38.61,"wind_dir":260,"weather":{"icon":"c04d","code":804,"description":"Overcast clouds"},"ghi":602.8,"dhi":100.89,"timestamp_local":"2022-06-18T17:15:00","solar_rad":134.78918,"vis":10,"dni":814.39,"temp":30.6,"slp":1014.75,"clouds":100,"ts":1655565300},{"precip_rate":0,"rh":41,"wind_spd":3,"timestamp_utc":"2022-06-18T15:30:00","snow_rate":0,"app_temp":30.5,"pres":1005.1914,"azimuth":261.43,"dewpt":15.8,"uv":1.3,"elev_angle":36.34,"wind_dir":176,"weather":{"icon":"c04d","code":804,"description":"Overcast clouds"},"ghi":566.4,"dhi":98.33,"timestamp_local":"2022-06-18T17:30:00","solar_rad":129.61928,"vis":10,"dni":800.07,"temp":30.6,"slp":1014.5,"clouds":100,"ts":1655566200},{"precip_rate":0,"rh":42,"wind_spd":3.3,"timestamp_utc":"2022-06-18T15:45:00","snow_rate":0,"app_temp":30.5,"pres":1004.9409,"azimuth":264.65,"dewpt":16.1,"uv":1.2,"elev_angle":34.08,"wind_dir":92,"weather":{"icon":"c04d","code":804,"description":"Overcast clouds"},"ghi":530,"dhi":95.76,"timestamp_local":"2022-06-18T17:45:00","solar_rad":124.507935,"vis":10,"dni":785.74,"temp":30.5,"slp":1014.25,"clouds":100,"ts":1655567100},{"precip_rate":0,"rh":42,"wind_spd":3.6,"timestamp_utc":"2022-06-18T16:00:00","snow_rate":0,"app_temp":30.4,"pres":1004.69037,"azimuth":267.87,"dewpt":16,"uv":1.1,"elev_angle":31.81,"wind_dir":8,"weather":{"icon":"c04d","code":804,"description":"Overcast clouds"},"ghi":493.6,"dhi":93.19,"timestamp_local":"2022-06-18T18:00:00","solar_rad":120.001,"vis":10,"dni":771.41,"temp":30.4,"slp":1014,"clouds":100,"ts":1655568000},{"precip_rate":0,"rh":43,"wind_spd":3.9,"timestamp_utc":"2022-06-18T16:15:00","snow_rate":0,"app_temp":30.1,"pres":1004.679,"azimuth":270.77,"dewpt":16.1,"uv":1,"elev_angle":29.52,"wind_dir":8,"weather":{"icon":"c04d","code":804,"description":"Overcast clouds"},"ghi":454.5,"dhi":89.78,"timestamp_local":"2022-06-18T18:15:00","solar_rad":114.35908,"vis":10,"dni":749.89,"temp":30,"slp":1014,"clouds":100,"ts":1655568900},{"precip_rate":0,"rh":44,"wind_spd":4.2,"timestamp_utc":"2022-06-18T16:30:00","snow_rate":0,"app_temp":29.7,"pres":1004.66766,"azimuth":273.66,"dewpt":16.1,"uv":0.9,"elev_angle":27.24,"wind_dir":9,"weather":{"icon":"c04d","code":804,"description":"Overcast clouds"},"ghi":415.4,"dhi":86.37,"timestamp_local":"2022-06-18T18:30:00","solar_rad":108.736916,"vis":10,"dni":728.36,"temp":29.6,"slp":1014,"clouds":100,"ts":1655569800},{"precip_rate":0,"rh":44,"wind_spd":4.5,"timestamp_utc":"2022-06-18T16:45:00","snow_rate":0,"app_temp":29.3,"pres":1004.6563,"azimuth":276.56,"dewpt":15.8,"uv":0.8,"elev_angle":24.95,"wind_dir":10,"weather":{"icon":"c04d","code":804,"description":"Overcast clouds"},"ghi":376.3,"dhi":82.95,"timestamp_local":"2022-06-18T18:45:00","solar_rad":103.50921,"vis":10,"dni":706.84,"temp":29.3,"slp":1014,"clouds":100,"ts":1655570700},{"precip_rate":0,"rh":45,"wind_spd":4.8,"timestamp_utc":"2022-06-18T17:00:00","snow_rate":0,"app_temp":29,"pres":1004.64496,"azimuth":279.45,"dewpt":15.8,"uv":0.8,"elev_angle":22.66,"wind_dir":10,"weather":{"icon":"c04d","code":804,"description":"Overcast clouds"},"ghi":337.2,"dhi":79.54,"timestamp_local":"2022-06-18T19:00:00","solar_rad":97.87046,"vis":10,"dni":685.31,"temp":28.9,"slp":1014,"clouds":100,"ts":1655571600},{"precip_rate":0,"rh":46,"wind_spd":4.8,"timestamp_utc":"2022-06-18T17:15:00","snow_rate":0,"app_temp":28.6,"pres":1004.6306,"azimuth":282.23,"dewpt":15.7,"uv":0.7,"elev_angle":20.45,"wind_dir":10,"weather":{"icon":"c04d","code":804,"description":"Overcast clouds"},"ghi":299.2,"dhi":75.01,"timestamp_local":"2022-06-18T19:15:00","solar_rad":91.28043,"vis":10,"dni":651.51,"temp":28.4,"slp":1014,"clouds":100,"ts":1655572500},{"precip_rate":0,"rh":48,"wind_spd":4.8,"timestamp_utc":"2022-06-18T17:30:00","snow_rate":0,"app_temp":28.2,"pres":1004.6163,"azimuth":285,"dewpt":15.9,"uv":0.7,"elev_angle":18.24,"wind_dir":10,"weather":{"icon":"c04d","code":804,"description":"Overcast clouds"},"ghi":261.2,"dhi":70.48,"timestamp_local":"2022-06-18T19:30:00","solar_rad":84.426476,"vis":10,"dni":617.71,"temp":27.9,"slp":1014,"clouds":100,"ts":1655573400},{"precip_rate":0,"rh":50,"wind_spd":4.8,"timestamp_utc":"2022-06-18T17:45:00","snow_rate":0,"app_temp":27.9,"pres":1004.6019,"azimuth":287.78,"dewpt":16.1,"uv":0.6,"elev_angle":16.02,"wind_dir":10,"weather":{"icon":"c04d","code":804,"description":"Overcast clouds"},"ghi":223.2,"dhi":65.94,"timestamp_local":"2022-06-18T19:45:00","solar_rad":77.63151,"vis":10,"dni":583.9,"temp":27.5,"slp":1014,"clouds":100,"ts":1655574300},{"precip_rate":0,"rh":51,"wind_spd":4.8,"timestamp_utc":"2022-06-18T18:00:00","snow_rate":0,"app_temp":27.5,"pres":1004.5876,"azimuth":290.55,"dewpt":16,"uv":0.6,"elev_angle":13.81,"wind_dir":10,"weather":{"icon":"c04d","code":804,"description":"Overcast clouds"},"ghi":185.3,"dhi":61.41,"timestamp_local":"2022-06-18T20:00:00","solar_rad":71.08574,"vis":10,"dni":550.1,"temp":27,"slp":1014,"clouds":100,"ts":1655575200},{"precip_rate":0,"rh":53,"wind_spd":4.8,"timestamp_utc":"2022-06-18T18:15:00","snow_rate":0,"app_temp":26.4,"pres":1004.5672,"azimuth":293.35,"dewpt":16,"uv":0.6,"elev_angle":11.75,"wind_dir":16,"weather":{"icon":"c04d","code":804,"description":"Overcast clouds"},"ghi":153.2,"dhi":55.03,"timestamp_local":"2022-06-18T20:15:00","solar_rad":62.96035,"vis":10,"dni":490.28,"temp":26.4,"slp":1014,"clouds":100,"ts":1655576100},{"precip_rate":0,"rh":54,"wind_spd":4.8,"timestamp_utc":"2022-06-18T18:30:00","snow_rate":0,"app_temp":25.7,"pres":1004.5468,"azimuth":296.15,"dewpt":15.7,"uv":0.6,"elev_angle":9.7,"wind_dir":21,"weather":{"icon":"c04d","code":804,"description":"Overcast clouds"},"ghi":121.2,"dhi":48.65,"timestamp_local":"2022-06-18T20:30:00","solar_rad":54.960796,"vis":10,"dni":430.46,"temp":25.7,"slp":1014,"clouds":100,"ts":1655577000},{"precip_rate":0,"rh":56,"wind_spd":4.8,"timestamp_utc":"2022-06-18T18:45:00","snow_rate":0,"app_temp":25.1,"pres":1004.5264,"azimuth":298.95,"dewpt":15.7,"uv":0.6,"elev_angle":7.64,"wind_dir":26,"weather":{"icon":"c04d","code":804,"description":"Overcast clouds"},"ghi":89.2,"dhi":42.26,"timestamp_local":"2022-06-18T20:45:00","solar_rad":49.516167,"vis":10,"dni":370.63,"temp":25.1,"slp":1014,"clouds":99,"ts":1655577900},{"precip_rate":0,"rh":58,"wind_spd":4.8,"timestamp_utc":"2022-06-18T19:00:00","snow_rate":0,"app_temp":24.4,"pres":1004.50604,"azimuth":301.75,"dewpt":15.6,"uv":0.6,"elev_angle":5.58,"wind_dir":32,"weather":{"icon":"c04d","code":804,"description":"Overcast clouds"},"ghi":57.1,"dhi":35.88,"timestamp_local":"2022-06-18T21:00:00","solar_rad":40.408577,"vis":10,"dni":310.81,"temp":24.4,"slp":1014,"clouds":99,"ts":1655578800},{"precip_rate":0,"rh":59,"wind_spd":4.5,"timestamp_utc":"2022-06-18T19:15:00","snow_rate":0,"app_temp":23.9,"pres":1004.2436,"azimuth":304.67,"dewpt":15.4,"uv":0.6,"elev_angle":3.76,"wind_dir":33,"weather":{"icon":"c04n","code":804,"description":"Overcast clouds"},"ghi":42.8,"dhi":26.91,"timestamp_local":"2022-06-18T21:15:00","solar_rad":36.338108,"vis":10,"dni":233.11,"temp":23.9,"slp":1013.75,"clouds":94,"ts":1655579700},{"precip_rate":0,"rh":60,"wind_spd":4.2,"timestamp_utc":"2022-06-18T19:30:00","snow_rate":0,"app_temp":23.5,"pres":1003.9812,"azimuth":307.6,"dewpt":15.3,"uv":0.7,"elev_angle":1.95,"wind_dir":34,"weather":{"icon":"c04n","code":804,"description":"Overcast clouds"},"ghi":28.6,"dhi":17.94,"timestamp_local":"2022-06-18T21:30:00","solar_rad":27.120842,"vis":10,"dni":155.41,"temp":23.5,"slp":1013.5,"clouds":90,"ts":1655580600},{"precip_rate":0,"rh":62,"wind_spd":3.9,"timestamp_utc":"2022-06-18T19:45:00","snow_rate":0,"app_temp":23,"pres":1003.71875,"azimuth":310.52,"dewpt":15.4,"uv":0.7,"elev_angle":0.13,"wind_dir":35,"weather":{"icon":"c04n","code":804,"description":"Overcast clouds"},"ghi":14.3,"dhi":8.97,"timestamp_local":"2022-06-18T21:45:00","solar_rad":15.144543,"vis":10,"dni":77.7,"temp":23.1,"slp":1013.25,"clouds":85,"ts":1655581500},{"precip_rate":0,"rh":63,"wind_spd":3.6,"timestamp_utc":"2022-06-18T20:00:00","snow_rate":0,"app_temp":22.6,"pres":1003.4563,"azimuth":313.44,"dewpt":15.2,"uv":0,"elev_angle":-1.69,"wind_dir":36,"weather":{"icon":"c04n","code":804,"description":"Overcast clouds"},"ghi":0,"dhi":0,"timestamp_local":"2022-06-18T22:00:00","solar_rad":0,"vis":10,"dni":0,"temp":22.6,"slp":1013,"clouds":80,"ts":1655582400},{"precip_rate":0,"rh":64,"wind_spd":3.7,"timestamp_utc":"2022-06-18T20:15:00","snow_rate":0,"app_temp":22.1,"pres":1003.44135,"azimuth":316.55,"dewpt":15,"uv":0,"elev_angle":-3.18,"wind_dir":38,"weather":{"icon":"c03n","code":803,"description":"Broken clouds"},"ghi":0,"dhi":0,"timestamp_local":"2022-06-18T22:15:00","solar_rad":0,"vis":10,"dni":0,"temp":22.1,"slp":1013,"clouds":70,"ts":1655583300},{"precip_rate":0,"rh":65,"wind_spd":3.8,"timestamp_utc":"2022-06-18T20:30:00","snow_rate":0,"app_temp":21.6,"pres":1003.4264,"azimuth":319.67,"dewpt":14.8,"uv":0,"elev_angle":-4.66,"wind_dir":41,"weather":{"icon":"c03n","code":803,"description":"Broken clouds"},"ghi":0,"dhi":0,"timestamp_local":"2022-06-18T22:30:00","solar_rad":0,"vis":10,"dni":0,"temp":21.7,"slp":1013,"clouds":60,"ts":1655584200},{"precip_rate":0,"rh":66,"wind_spd":3.9,"timestamp_utc":"2022-06-18T20:45:00","snow_rate":0,"app_temp":21.1,"pres":1003.4115,"azimuth":322.78,"dewpt":14.6,"uv":0,"elev_angle":-6.15,"wind_dir":44,"weather":{"icon":"c03n","code":803,"description":"Broken clouds"},"ghi":0,"dhi":0,"timestamp_local":"2022-06-18T22:45:00","solar_rad":0,"vis":10,"dni":0,"temp":21.2,"slp":1013,"clouds":50,"ts":1655585100},{"precip_rate":0,"rh":67,"wind_spd":4,"timestamp_utc":"2022-06-18T21:00:00","snow_rate":0,"app_temp":20.6,"pres":1003.39655,"azimuth":325.89,"dewpt":14.4,"uv":0,"elev_angle":-7.63,"wind_dir":46,"weather":{"icon":"c02n","code":802,"description":"Scattered clouds"},"ghi":0,"dhi":0,"timestamp_local":"2022-06-18T23:00:00","solar_rad":0,"vis":10,"dni":0,"temp":20.7,"slp":1013,"clouds":40,"ts":1655586000},{"precip_rate":0,"rh":68,"wind_spd":4.4,"timestamp_utc":"2022-06-18T21:15:00","snow_rate":0,"app_temp":20.2,"pres":1003.38446,"azimuth":329.21,"dewpt":14.3,"uv":0,"elev_angle":-8.69,"wind_dir":42,"weather":{"icon":"c03n","code":803,"description":"Broken clouds"},"ghi":0,"dhi":0,"timestamp_local":"2022-06-18T23:15:00","solar_rad":0,"vis":10,"dni":0,"temp":20.4,"slp":1013,"clouds":54,"ts":1655586900},{"precip_rate":0,"rh":68,"wind_spd":4.8,"timestamp_utc":"2022-06-18T21:30:00","snow_rate":0,"app_temp":19.8,"pres":1003.3723,"azimuth":332.54,"dewpt":13.9,"uv":0,"elev_angle":-9.75,"wind_dir":38,"weather":{"icon":"c03n","code":803,"description":"Broken clouds"},"ghi":0,"dhi":0,"timestamp_local":"2022-06-18T23:30:00","solar_rad":0,"vis":10,"dni":0,"temp":20,"slp":1013,"clouds":68,"ts":1655587800},{"precip_rate":0,"rh":69,"wind_spd":5.2,"timestamp_utc":"2022-06-18T21:45:00","snow_rate":0,"app_temp":19.5,"pres":1003.3602,"azimuth":335.86,"dewpt":13.8,"uv":0,"elev_angle":-10.8,"wind_dir":34,"weather":{"icon":"c04n","code":804,"description":"Overcast clouds"},"ghi":0,"dhi":0,"timestamp_local":"2022-06-18T23:45:00","solar_rad":0,"vis":10,"dni":0,"temp":19.6,"slp":1013,"clouds":82,"ts":1655588700},{"precip_rate":0,"rh":70,"wind_spd":5.6,"timestamp_utc":"2022-06-18T22:00:00","snow_rate":0,"app_temp":19.1,"pres":1003.34814,"azimuth":339.18,"dewpt":13.7,"uv":0,"elev_angle":-11.86,"wind_dir":30,"weather":{"icon":"c04n","code":804,"description":"Overcast clouds"},"ghi":0,"dhi":0,"timestamp_local":"2022-06-19T00:00:00","solar_rad":0,"vis":10,"dni":0,"temp":19.3,"slp":1013,"clouds":96,"ts":1655589600},{"precip_rate":0,"rh":70,"wind_spd":5.5,"timestamp_utc":"2022-06-18T22:15:00","snow_rate":0,"app_temp":18.8,"pres":1002.84375,"azimuth":342.67,"dewpt":13.4,"uv":0,"elev_angle":-12.41,"wind_dir":32,"weather":{"icon":"c04n","code":804,"description":"Overcast clouds"},"ghi":0,"dhi":0,"timestamp_local":"2022-06-19T00:15:00","solar_rad":0,"vis":10,"dni":0,"temp":19,"slp":1012.5,"clouds":79,"ts":1655590500},{"precip_rate":0,"rh":70,"wind_spd":5.4,"timestamp_utc":"2022-06-18T22:30:00","snow_rate":0,"app_temp":18.5,"pres":1002.3394,"azimuth":346.15,"dewpt":13.1,"uv":0,"elev_angle":-12.96,"wind_dir":34,"weather":{"icon":"c03n","code":803,"description":"Broken clouds"},"ghi":0,"dhi":0,"timestamp_local":"2022-06-19T00:30:00","solar_rad":0,"vis":10,"dni":0,"temp":18.7,"slp":1012,"clouds":62,"ts":1655591400},{"precip_rate":0,"rh":70,"wind_spd":5.3,"timestamp_utc":"2022-06-18T22:45:00","snow_rate":0,"app_temp":18.1,"pres":1001.8351,"azimuth":349.64,"dewpt":12.8,"uv":0,"elev_angle":-13.51,"wind_dir":36,"weather":{"icon":"c03n","code":803,"description":"Broken clouds"},"ghi":0,"dhi":0,"timestamp_local":"2022-06-19T00:45:00","solar_rad":0,"vis":10,"dni":0,"temp":18.4,"slp":1011.5,"clouds":46,"ts":1655592300},{"precip_rate":0,"rh":70,"wind_spd":5.2,"timestamp_utc":"2022-06-18T23:00:00","snow_rate":0,"app_temp":18.1,"pres":1001.3307,"azimuth":353.12,"dewpt":12.5,"uv":0,"elev_angle":-14.06,"wind_dir":38,"weather":{"icon":"c02n","code":802,"description":"Scattered clouds"},"ghi":0,"dhi":0,"timestamp_local":"2022-06-19T01:00:00","solar_rad":0,"vis":10,"dni":0,"temp":18.1,"slp":1011,"clouds":29,"ts":1655593200},{"precip_rate":0,"rh":70,"wind_spd":5.2,"timestamp_utc":"2022-06-18T23:15:00","snow_rate":0,"app_temp":17.9,"pres":1001.3246,"azimuth":266.67,"dewpt":12.4,"uv":0,"elev_angle":-14.05,"wind_dir":34,"weather":{"icon":"c02n","code":802,"description":"Scattered clouds"},"ghi":0,"dhi":0,"timestamp_local":"2022-06-19T01:15:00","solar_rad":0,"vis":10,"dni":0,"temp":17.9,"slp":1011,"clouds":38,"ts":1655594100},{"precip_rate":0,"rh":69,"wind_spd":5.2,"timestamp_utc":"2022-06-18T23:30:00","snow_rate":0,"app_temp":17.8,"pres":1001.3184,"azimuth":180.21,"dewpt":12,"uv":0,"elev_angle":-14.05,"wind_dir":31,"weather":{"icon":"c03n","code":803,"description":"Broken clouds"},"ghi":0,"dhi":0,"timestamp_local":"2022-06-19T01:30:00","solar_rad":0,"vis":10,"dni":0,"temp":17.8,"slp":1011,"clouds":48,"ts":1655595000},{"precip_rate":0,"rh":68,"wind_spd":5.2,"timestamp_utc":"2022-06-18T23:45:00","snow_rate":0,"app_temp":17.6,"pres":1001.31226,"azimuth":93.76,"dewpt":11.6,"uv":0,"elev_angle":-14.04,"wind_dir":28,"weather":{"icon":"c03n","code":803,"description":"Broken clouds"},"ghi":0,"dhi":0,"timestamp_local":"2022-06-19T01:45:00","solar_rad":0,"vis":10,"dni":0,"temp":17.6,"slp":1011,"clouds":57,"ts":1655595900}],"sources":["103150-99999","imerg","merra2","era5","modis"],"city_id":"2856883"}
