{"timezone":"Europe\/Berlin","state_code":"06","country_code":"DE","lat":52.2833,"lon":8,"city_name":"Osnabr�ck","station_id":"103150-99999","data":[{"precip_rate":0,"rh":90,"wind_spd":1.6,"timestamp_utc":"2022-06-10T00:00:00","snow_rate":0,"app_temp":9.6,"pres":1010.94257,"azimuth":7.78,"dewpt":8,"uv":0,"elev_angle":-14.39,"wind_dir":212,"weather":{"icon":"c02n","code":802,"description":"Scattered clouds"},"ghi":0,"dhi":0,"timestamp_local":"2022-06-10T02:00:00","solar_rad":0,"vis":10,"dni":0,"temp":9.6,"slp":1021,"clouds":25,"ts":1654819200},{"precip_rate":0,"rh":91,"wind_spd":1.6,"timestamp_utc":"2022-06-10T00:15:00","snow_rate":0,"app_temp":9.5,"pres":1010.93933,"azimuth":11.27,"dewpt":8.1,"uv":0,"elev_angle":-13.8,"wind_dir":206,"weather":{"icon":"c02n","code":802,"description":"Scattered clouds"},"ghi":0,"dhi":0,"timestamp_local":"2022-06-10T02:15:00","solar_rad":0,"vis":10,"dni":0,"temp":9.5,"slp":1021,"clouds":22,"ts":1654820100},{"precip_rate":0,"rh":92,"wind_spd":1.6,"timestamp_utc":"2022-06-10T00:30:00","snow_rate":0,"app_temp":9.5,"pres":1010.93604,"azimuth":14.77,"dewpt":8.2,"uv":0,"elev_angle":-13.22,"wind_dir":200,"weather":{"icon":"c02n","code":801,"description":"Few clouds"},"ghi":0,"dhi":0,"timestamp_local":"2022-06-10T02:30:00","solar_rad":0,"vis":10,"dni":0,"temp":9.5,"slp":1021,"clouds":20,"ts":1654821000},{"precip_rate":0,"rh":92,"wind_spd":1.6,"timestamp_utc":"2022-06-10T00:45:00","snow_rate":0,"app_temp":9.4,"pres":1010.93274,"azimuth":18.26,"dewpt":8.1,"uv":0,"elev_angle":-12.63,"wind_dir":194,"weather":{"icon":"c02n","code":801,"description":"Few clouds"},"ghi":0,"dhi":0,"timestamp_local":"2022-06-10T02:45:00","solar_rad":0,"vis":10,"dni":0,"temp":9.4,"slp":1021,"clouds":17,"ts":1654821900},{"precip_rate":0,"rh":93,"wind_spd":1.6,"timestamp_utc":"2022-06-10T01:00:00","snow_rate":0,"app_temp":9.3,"pres":1010.9295,"azimuth":21.75,"dewpt":8.2,"uv":0,"elev_angle":-12.04,"wind_dir":188,"weather":{"icon":"c02n","code":801,"description":"Few clouds"},"ghi":0,"dhi":0,"timestamp_local":"2022-06-10T03:00:00","solar_rad":0,"vis":10,"dni":0,"temp":9.3,"slp":1021,"clouds":14,"ts":1654822800},{"precip_rate":0,"rh":92,"wind_spd":1.7,"timestamp_utc":"2022-06-10T01:15:00","snow_rate":0,"app_temp":9.4,"pres":1010.93274,"azimuth":25.07,"dewpt":8.1,"uv":0,"elev_angle":-10.95,"wind_dir":186,"weather":{"icon":"c02n","code":801,"description":"Few clouds"},"ghi":0,"dhi":0,"timestamp_local":"2022-06-10T03:15:00","solar_rad":0,"vis":10,"dni":0,"temp":9.4,"slp":1021,"clouds":12,"ts":1654823700},{"precip_rate":0,"rh":92,"wind_spd":1.8,"timestamp_utc":"2022-06-10T01:30:00","snow_rate":0,"app_temp":9.5,"pres":1010.93604,"azimuth":28.4,"dewpt":8.2,"uv":0,"elev_angle":-9.86,"wind_dir":185,"weather":{"icon":"c02n","code":801,"description":"Few clouds"},"ghi":0,"dhi":0,"timestamp_local":"2022-06-10T03:30:00","solar_rad":0,"vis":10,"dni":0,"temp":9.5,"slp":1021,"clouds":10,"ts":1654824600},{"precip_rate":0,"rh":91,"wind_spd":1.9,"timestamp_utc":"2022-06-10T01:45:00","snow_rate":0,"app_temp":9.5,"pres":1010.93933,"azimuth":31.72,"dewpt":8.1,"uv":0,"elev_angle":-8.77,"wind_dir":184,"weather":{"icon":"c02n","code":801,"description":"Few clouds"},"ghi":0,"dhi":0,"timestamp_local":"2022-06-10T03:45:00","solar_rad":0,"vis":10,"dni":0,"temp":9.5,"slp":1021,"clouds":8,"ts":1654825500},{"precip_rate":0,"rh":90,"wind_spd":2,"timestamp_utc":"2022-06-10T02:00:00","snow_rate":0,"app_temp":9.6,"pres":1010.94257,"azimuth":35.04,"dewpt":8,"uv":0,"elev_angle":-7.68,"wind_dir":182,"weather":{"icon":"c02n","code":801,"description":"Few clouds"},"ghi":0,"dhi":0,"timestamp_local":"2022-06-10T04:00:00","solar_rad":0,"vis":10,"dni":0,"temp":9.6,"slp":1021,"clouds":6,"ts":1654826400},{"precip_rate":0,"rh":91,"wind_spd":2.1,"timestamp_utc":"2022-06-10T02:15:00","snow_rate":0,"app_temp":9.6,"pres":1010.94257,"azimuth":38.15,"dewpt":8.2,"uv":0,"elev_angle":-6.17,"wind_dir":184,"weather":{"icon":"c02n","code":801,"description":"Few clouds"},"ghi":0,"dhi":0,"timestamp_local":"2022-06-10T04:15:00","solar_rad":0,"vis":10,"dni":0,"temp":9.6,"slp":1021,"clouds":5,"ts":1654827300},{"precip_rate":0,"rh":92,"wind_spd":2.2,"timestamp_utc":"2022-06-10T02:30:00","snow_rate":0,"app_temp":9.6,"pres":1010.94257,"azimuth":41.26,"dewpt":8.4,"uv":0,"elev_angle":-4.65,"wind_dir":185,"weather":{"icon":"c02n","code":801,"description":"Few clouds"},"ghi":0,"dhi":0,"timestamp_local":"2022-06-10T04:30:00","solar_rad":0,"vis":10,"dni":0,"temp":9.6,"slp":1021,"clouds":4,"ts":1654828200},{"precip_rate":0,"rh":92,"wind_spd":2.3,"timestamp_utc":"2022-06-10T02:45:00","snow_rate":0,"app_temp":9.6,"pres":1010.94257,"azimuth":44.37,"dewpt":8.4,"uv":0,"elev_angle":-3.14,"wind_dir":186,"weather":{"icon":"c02n","code":801,"description":"Few clouds"},"ghi":0,"dhi":0,"timestamp_local":"2022-06-10T04:45:00","solar_rad":0,"vis":10,"dni":0,"temp":9.6,"slp":1021,"clouds":4,"ts":1654829100},{"precip_rate":0,"rh":93,"wind_spd":2.4,"timestamp_utc":"2022-06-10T03:00:00","snow_rate":0,"app_temp":9.6,"pres":1010.94257,"azimuth":47.48,"dewpt":8.5,"uv":0,"elev_angle":-1.62,"wind_dir":188,"weather":{"icon":"c02n","code":801,"description":"Few clouds"},"ghi":0,"dhi":0,"timestamp_local":"2022-06-10T05:00:00","solar_rad":0,"vis":10,"dni":0,"temp":9.6,"slp":1021,"clouds":3,"ts":1654830000},{"precip_rate":0,"rh":93,"wind_spd":2.6,"timestamp_utc":"2022-06-10T03:15:00","snow_rate":0,"app_temp":9.7,"pres":1010.94586,"azimuth":50.4,"dewpt":8.6,"uv":1.7,"elev_angle":0.22,"wind_dir":191,"weather":{"icon":"c02n","code":801,"description":"Few clouds"},"ghi":14.9,"dhi":9.15,"timestamp_local":"2022-06-10T05:15:00","solar_rad":14.8975,"vis":10,"dni":79.53,"temp":9.7,"slp":1021,"clouds":8,"ts":1654830900},{"precip_rate":0,"rh":93,"wind_spd":2.8,"timestamp_utc":"2022-06-10T03:30:00","snow_rate":0,"app_temp":9.8,"pres":1010.9491,"azimuth":53.33,"dewpt":8.7,"uv":1.6,"elev_angle":2.06,"wind_dir":194,"weather":{"icon":"c02n","code":801,"description":"Few clouds"},"ghi":29.7,"dhi":18.3,"timestamp_local":"2022-06-10T05:30:00","solar_rad":29.674034,"vis":10,"dni":159.07,"temp":9.8,"slp":1021,"clouds":13,"ts":1654831800},{"precip_rate":0,"rh":93,"wind_spd":3,"timestamp_utc":"2022-06-10T03:45:00","snow_rate":0,"app_temp":9.9,"pres":1010.9524,"azimuth":56.25,"dewpt":8.8,"uv":1.5,"elev_angle":3.9,"wind_dir":197,"weather":{"icon":"c02n","code":801,"description":"Few clouds"},"ghi":44.6,"dhi":27.44,"timestamp_local":"2022-06-10T05:45:00","solar_rad":44.4821,"vis":9,"dni":238.6,"temp":9.9,"slp":1021,"clouds":18,"ts":1654832700},{"precip_rate":0,"rh":93,"wind_spd":3.2,"timestamp_utc":"2022-06-10T04:00:00","snow_rate":0,"app_temp":10,"pres":1010.9557,"azimuth":59.17,"dewpt":8.9,"uv":1.5,"elev_angle":5.74,"wind_dir":200,"weather":{"icon":"c02d","code":802,"description":"Scattered clouds"},"ghi":59.5,"dhi":36.59,"timestamp_local":"2022-06-10T06:00:00","solar_rad":59.13806,"vis":9,"dni":318.13,"temp":10,"slp":1021,"clouds":23,"ts":1654833600},{"precip_rate":0,"rh":91,"wind_spd":3.2,"timestamp_utc":"2022-06-10T04:15:00","snow_rate":0,"app_temp":10.6,"pres":1011.22266,"azimuth":61.97,"dewpt":9.1,"uv":1.4,"elev_angle":7.81,"wind_dir":200,"weather":{"icon":"c02d","code":802,"description":"Scattered clouds"},"ghi":91.9,"dhi":42.96,"timestamp_local":"2022-06-10T06:15:00","solar_rad":90.80882,"vis":9,"dni":377.47,"temp":10.6,"slp":1021.25,"clouds":28,"ts":1654834500},{"precip_rate":0,"rh":90,"wind_spd":3.2,"timestamp_utc":"2022-06-10T04:30:00","snow_rate":0,"app_temp":11.1,"pres":1011.4897,"azimuth":64.77,"dewpt":9.5,"uv":1.4,"elev_angle":9.89,"wind_dir":201,"weather":{"icon":"c02d","code":802,"description":"Scattered clouds"},"ghi":124.4,"dhi":49.33,"timestamp_local":"2022-06-10T06:30:00","solar_rad":122.074196,"vis":10,"dni":436.81,"temp":11.1,"slp":1021.5,"clouds":32,"ts":1654835400},{"precip_rate":0,"rh":88,"wind_spd":3.2,"timestamp_utc":"2022-06-10T04:45:00","snow_rate":0,"app_temp":11.7,"pres":1011.7567,"azimuth":67.57,"dewpt":9.7,"uv":1.4,"elev_angle":11.96,"wind_dir":202,"weather":{"icon":"c02d","code":802,"description":"Scattered clouds"},"ghi":156.9,"dhi":55.69,"timestamp_local":"2022-06-10T06:45:00","solar_rad":152.52182,"vis":10,"dni":496.14,"temp":11.7,"slp":1021.75,"clouds":36,"ts":1654836300},{"precip_rate":0,"rh":86,"wind_spd":3.2,"timestamp_utc":"2022-06-10T05:00:00","snow_rate":0,"app_temp":12.2,"pres":1012.0237,"azimuth":70.37,"dewpt":9.9,"uv":1.4,"elev_angle":14.03,"wind_dir":202,"weather":{"icon":"c03d","code":803,"description":"Broken clouds"},"ghi":189.4,"dhi":62.06,"timestamp_local":"2022-06-10T07:00:00","solar_rad":175.48236,"vis":10,"dni":555.48,"temp":12.2,"slp":1022,"clouds":41,"ts":1654837200},{"precip_rate":0,"rh":84,"wind_spd":3.2,"timestamp_utc":"2022-06-10T05:15:00","snow_rate":0,"app_temp":12.8,"pres":1012.04285,"azimuth":73.15,"dewpt":10.1,"uv":1.6,"elev_angle":16.26,"wind_dir":203,"weather":{"icon":"c02d","code":802,"description":"Scattered clouds"},"ghi":227.6,"dhi":66.58,"timestamp_local":"2022-06-10T07:15:00","solar_rad":215.46014,"vis":10,"dni":588.97,"temp":12.8,"slp":1022,"clouds":34,"ts":1654838100},{"precip_rate":0,"rh":83,"wind_spd":3.2,"timestamp_utc":"2022-06-10T05:30:00","snow_rate":0,"app_temp":13.3,"pres":1012.062,"azimuth":75.94,"dewpt":10.5,"uv":1.8,"elev_angle":18.48,"wind_dir":204,"weather":{"icon":"c02d","code":802,"description":"Scattered clouds"},"ghi":265.8,"dhi":71.09,"timestamp_local":"2022-06-10T07:30:00","solar_rad":255.10094,"vis":10,"dni":622.47,"temp":13.3,"slp":1022,"clouds":26,"ts":1654839000},{"precip_rate":0,"rh":82,"wind_spd":3.2,"timestamp_utc":"2022-06-10T05:45:00","snow_rate":0,"app_temp":13.8,"pres":1012.0812,"azimuth":78.72,"dewpt":10.8,"uv":2,"elev_angle":20.71,"wind_dir":205,"weather":{"icon":"c02d","code":801,"description":"Few clouds"},"ghi":304.1,"dhi":75.61,"timestamp_local":"2022-06-10T07:45:00","solar_rad":293.6583,"vis":10,"dni":655.96,"temp":13.8,"slp":1022,"clouds":18,"ts":1654839900},{"precip_rate":0,"rh":80,"wind_spd":3.2,"timestamp_utc":"2022-06-10T06:00:00","snow_rate":0,"app_temp":14.4,"pres":1012.10034,"azimuth":81.5,"dewpt":11,"uv":2.3,"elev_angle":22.93,"wind_dir":206,"weather":{"icon":"c02d","code":801,"description":"Few clouds"},"ghi":342.3,"dhi":80.12,"timestamp_local":"2022-06-10T08:00:00","solar_rad":331.18655,"vis":10,"dni":689.45,"temp":14.4,"slp":1022,"clouds":11,"ts":1654840800},{"precip_rate":0,"rh":79,"wind_spd":3.2,"timestamp_utc":"2022-06-10T06:15:00","snow_rate":0,"app_temp":14.9,"pres":1012.1161,"azimuth":84.42,"dewpt":11.3,"uv":2.4,"elev_angle":25.22,"wind_dir":208,"weather":{"icon":"c02d","code":801,"description":"Few clouds"},"ghi":381.5,"dhi":83.51,"timestamp_local":"2022-06-10T08:15:00","solar_rad":368.56018,"vis":10,"dni":710.76,"temp":14.9,"slp":1022,"clouds":15,"ts":1654841700},{"precip_rate":0,"rh":78,"wind_spd":3.2,"timestamp_utc":"2022-06-10T06:30:00","snow_rate":0,"app_temp":15.3,"pres":1012.13184,"azimuth":87.33,"dewpt":11.5,"uv":2.5,"elev_angle":27.51,"wind_dir":209,"weather":{"icon":"c02d","code":801,"description":"Few clouds"},"ghi":420.7,"dhi":86.91,"timestamp_local":"2022-06-10T08:30:00","solar_rad":405.69516,"vis":10,"dni":732.07,"temp":15.3,"slp":1022,"clouds":18,"ts":1654842600},{"precip_rate":0,"rh":76,"wind_spd":3.2,"timestamp_utc":"2022-06-10T06:45:00","snow_rate":0,"app_temp":15.8,"pres":1012.1475,"azimuth":90.25,"dewpt":11.6,"uv":2.7,"elev_angle":29.8,"wind_dir":210,"weather":{"icon":"c02d","code":802,"description":"Scattered clouds"},"ghi":459.8,"dhi":90.3,"timestamp_local":"2022-06-10T08:45:00","solar_rad":442.1687,"vis":10,"dni":753.37,"temp":15.8,"slp":1022,"clouds":22,"ts":1654843500},{"precip_rate":0,"rh":75,"wind_spd":3.2,"timestamp_utc":"2022-06-10T07:00:00","snow_rate":0,"app_temp":16.3,"pres":1012.16327,"azimuth":93.16,"dewpt":11.9,"uv":2.8,"elev_angle":32.09,"wind_dir":212,"weather":{"icon":"c02d","code":802,"description":"Scattered clouds"},"ghi":499,"dhi":93.69,"timestamp_local":"2022-06-10T09:00:00","solar_rad":477.6118,"vis":10,"dni":774.68,"temp":16.3,"slp":1022,"clouds":26,"ts":1654844400},{"precip_rate":0,"rh":73,"wind_spd":3.3,"timestamp_utc":"2022-06-10T07:15:00","snow_rate":0,"app_temp":16.7,"pres":1012.1757,"azimuth":96.42,"dewpt":11.8,"uv":2.8,"elev_angle":34.35,"wind_dir":214,"weather":{"icon":"c02d","code":802,"description":"Scattered clouds"},"ghi":535.3,"dhi":96.24,"timestamp_local":"2022-06-10T09:15:00","solar_rad":502.43738,"vis":10,"dni":788.83,"temp":16.7,"slp":1022,"clouds":36,"ts":1654845300},{"precip_rate":0,"rh":71,"wind_spd":3.4,"timestamp_utc":"2022-06-10T07:30:00","snow_rate":0,"app_temp":17.1,"pres":1012.1882,"azimuth":99.68,"dewpt":11.8,"uv":2.8,"elev_angle":36.61,"wind_dir":215,"weather":{"icon":"c03d","code":803,"description":"Broken clouds"},"ghi":571.5,"dhi":98.78,"timestamp_local":"2022-06-10T09:30:00","solar_rad":512.9791,"vis":10,"dni":802.99,"temp":17.1,"slp":1022,"clouds":47,"ts":1654846200},{"precip_rate":0,"rh":69,"wind_spd":3.5,"timestamp_utc":"2022-06-10T07:45:00","snow_rate":0,"app_temp":17.4,"pres":1012.2006,"azimuth":102.93,"dewpt":11.7,"uv":2.7,"elev_angle":38.87,"wind_dir":216,"weather":{"icon":"c03d","code":803,"description":"Broken clouds"},"ghi":607.8,"dhi":101.33,"timestamp_local":"2022-06-10T09:45:00","solar_rad":501.83774,"vis":10,"dni":817.14,"temp":17.4,"slp":1022,"clouds":58,"ts":1654847100},{"precip_rate":0,"rh":67,"wind_spd":3.6,"timestamp_utc":"2022-06-10T08:00:00","snow_rate":0,"app_temp":17.8,"pres":1012.2131,"azimuth":106.19,"dewpt":11.6,"uv":2.6,"elev_angle":41.13,"wind_dir":218,"weather":{"icon":"c03d","code":803,"description":"Broken clouds"},"ghi":644.1,"dhi":103.87,"timestamp_local":"2022-06-10T10:00:00","solar_rad":466.6985,"vis":10,"dni":831.29,"temp":17.8,"slp":1022,"clouds":68,"ts":1654848000},{"precip_rate":0,"rh":67,"wind_spd":3.7,"timestamp_utc":"2022-06-10T08:15:00","snow_rate":0,"app_temp":17.8,"pres":1012.2131,"azimuth":110.11,"dewpt":11.6,"uv":2.5,"elev_angle":43.23,"wind_dir":220,"weather":{"icon":"c04d","code":804,"description":"Overcast clouds"},"ghi":674.2,"dhi":105.7,"timestamp_local":"2022-06-10T10:15:00","solar_rad":413.35486,"vis":10,"dni":840.61,"temp":17.8,"slp":1022,"clouds":76,"ts":1654848900},{"precip_rate":0,"rh":67,"wind_spd":3.8,"timestamp_utc":"2022-06-10T08:30:00","snow_rate":0,"app_temp":17.8,"pres":1012.2131,"azimuth":114.02,"dewpt":11.6,"uv":2.4,"elev_angle":45.32,"wind_dir":221,"weather":{"icon":"c04d","code":804,"description":"Overcast clouds"},"ghi":704.4,"dhi":107.52,"timestamp_local":"2022-06-10T10:30:00","solar_rad":330.79315,"vis":10,"dni":849.93,"temp":17.8,"slp":1022,"clouds":84,"ts":1654849800},{"precip_rate":0,"rh":67,"wind_spd":3.9,"timestamp_utc":"2022-06-10T08:45:00","snow_rate":0,"app_temp":17.8,"pres":1012.2131,"azimuth":117.94,"dewpt":11.6,"uv":2.2,"elev_angle":47.42,"wind_dir":222,"weather":{"icon":"c04d","code":804,"description":"Overcast clouds"},"ghi":734.5,"dhi":109.35,"timestamp_local":"2022-06-10T10:45:00","solar_rad":212.4748,"vis":10,"dni":859.24,"temp":17.8,"slp":1022,"clouds":92,"ts":1654850700},{"precip_rate":0,"rh":67,"wind_spd":4,"timestamp_utc":"2022-06-10T09:00:00","snow_rate":0,"app_temp":17.8,"pres":1012.2131,"azimuth":121.85,"dewpt":11.6,"uv":2,"elev_angle":49.51,"wind_dir":224,"weather":{"icon":"c04d","code":804,"description":"Overcast clouds"},"ghi":764.6,"dhi":111.17,"timestamp_local":"2022-06-10T11:00:00","solar_rad":161.26245,"vis":10,"dni":868.56,"temp":17.8,"slp":1022,"clouds":100,"ts":1654851600},{"precip_rate":0,"rh":66,"wind_spd":3.9,"timestamp_utc":"2022-06-10T09:15:00","snow_rate":0,"app_temp":17.9,"pres":1012.2162,"azimuth":126.85,"dewpt":11.4,"uv":2.1,"elev_angle":51.22,"wind_dir":224,"weather":{"icon":"c04d","code":804,"description":"Overcast clouds"},"ghi":786.1,"dhi":112.35,"timestamp_local":"2022-06-10T11:15:00","solar_rad":164.15598,"vis":10,"dni":874.23,"temp":17.9,"slp":1022,"clouds":100,"ts":1654852500},{"precip_rate":0,"rh":66,"wind_spd":3.8,"timestamp_utc":"2022-06-10T09:30:00","snow_rate":0,"app_temp":17.9,"pres":1012.21924,"azimuth":131.85,"dewpt":11.5,"uv":2.2,"elev_angle":52.94,"wind_dir":223,"weather":{"icon":"c04d","code":804,"description":"Overcast clouds"},"ghi":807.5,"dhi":113.53,"timestamp_local":"2022-06-10T11:30:00","solar_rad":166.64227,"vis":10,"dni":879.91,"temp":17.9,"slp":1022,"clouds":100,"ts":1654853400},{"precip_rate":0,"rh":66,"wind_spd":3.7,"timestamp_utc":"2022-06-10T09:45:00","snow_rate":0,"app_temp":18,"pres":1012.22235,"azimuth":136.85,"dewpt":11.6,"uv":2.4,"elev_angle":54.65,"wind_dir":222,"weather":{"icon":"c04d","code":804,"description":"Overcast clouds"},"ghi":828.9,"dhi":114.71,"timestamp_local":"2022-06-10T11:45:00","solar_rad":194.18303,"vis":10,"dni":885.58,"temp":18,"slp":1022,"clouds":99,"ts":1654854300},{"precip_rate":0,"rh":65,"wind_spd":3.6,"timestamp_utc":"2022-06-10T10:00:00","snow_rate":0,"app_temp":18.1,"pres":1012.22546,"azimuth":141.85,"dewpt":11.4,"uv":2.5,"elev_angle":56.36,"wind_dir":222,"weather":{"icon":"c04d","code":804,"description":"Overcast clouds"},"ghi":850.3,"dhi":115.89,"timestamp_local":"2022-06-10T12:00:00","solar_rad":197.74673,"vis":10,"dni":891.25,"temp":18.1,"slp":1022,"clouds":99,"ts":1654855200},{"precip_rate":0,"rh":65,"wind_spd":3.6,"timestamp_utc":"2022-06-10T10:15:00","snow_rate":0,"app_temp":18.2,"pres":1012.2285,"azimuth":148.19,"dewpt":11.5,"uv":2.6,"elev_angle":57.36,"wind_dir":222,"weather":{"icon":"c04d","code":804,"description":"Overcast clouds"},"ghi":861.2,"dhi":116.46,"timestamp_local":"2022-06-10T12:15:00","solar_rad":224.61407,"vis":10,"dni":893.9,"temp":18.2,"slp":1022,"clouds":98,"ts":1654856100},{"precip_rate":0,"rh":64,"wind_spd":3.6,"timestamp_utc":"2022-06-10T10:30:00","snow_rate":0,"app_temp":18.3,"pres":1012.2316,"azimuth":154.54,"dewpt":11.4,"uv":2.6,"elev_angle":58.35,"wind_dir":221,"weather":{"icon":"c04d","code":804,"description":"Overcast clouds"},"ghi":872.2,"dhi":117.03,"timestamp_local":"2022-06-10T12:30:00","solar_rad":226.85706,"vis":10,"dni":896.54,"temp":18.3,"slp":1022,"clouds":98,"ts":1654857000},{"precip_rate":0,"rh":64,"wind_spd":3.6,"timestamp_utc":"2022-06-10T10:45:00","snow_rate":0,"app_temp":18,"pres":1012.23474,"azimuth":160.88,"dewpt":11.5,"uv":2.7,"elev_angle":59.35,"wind_dir":220,"weather":{"icon":"c04d","code":804,"description":"Overcast clouds"},"ghi":883.1,"dhi":117.59,"timestamp_local":"2022-06-10T12:45:00","solar_rad":228.61949,"vis":10,"dni":899.19,"temp":18.4,"slp":1022,"clouds":98,"ts":1654857900},{"precip_rate":0,"rh":64,"wind_spd":3.6,"timestamp_utc":"2022-06-10T11:00:00","snow_rate":0,"app_temp":18.1,"pres":1012.2378,"azimuth":167.22,"dewpt":11.6,"uv":2.8,"elev_angle":60.34,"wind_dir":220,"weather":{"icon":"c04d","code":804,"description":"Overcast clouds"},"ghi":894,"dhi":118.16,"timestamp_local":"2022-06-10T13:00:00","solar_rad":139.26112,"vis":10,"dni":901.83,"temp":18.5,"slp":1022,"clouds":97,"ts":1654858800},{"precip_rate":0,"rh":64,"wind_spd":3.6,"timestamp_utc":"2022-06-10T11:15:00","snow_rate":0,"app_temp":18.2,"pres":1012.24084,"azimuth":174.22,"dewpt":11.7,"uv":2.9,"elev_angle":60.29,"wind_dir":220,"weather":{"icon":"c04d","code":804,"description":"Overcast clouds"},"ghi":893.5,"dhi":118.14,"timestamp_local":"2022-06-10T13:15:00","solar_rad":188.58897,"vis":10,"dni":901.71,"temp":18.6,"slp":1022,"clouds":95,"ts":1654859700},{"precip_rate":0,"rh":63,"wind_spd":3.6,"timestamp_utc":"2022-06-10T11:30:00","snow_rate":0,"app_temp":18.3,"pres":1012.24396,"azimuth":181.22,"dewpt":11.5,"uv":3,"elev_angle":60.24,"wind_dir":219,"weather":{"icon":"c04d","code":804,"description":"Overcast clouds"},"ghi":893,"dhi":118.11,"timestamp_local":"2022-06-10T13:30:00","solar_rad":212.62613,"vis":10,"dni":901.59,"temp":18.7,"slp":1022,"clouds":94,"ts":1654860600},{"precip_rate":0,"rh":62,"wind_spd":3.6,"timestamp_utc":"2022-06-10T11:45:00","snow_rate":0,"app_temp":18.4,"pres":1012.2471,"azimuth":188.22,"dewpt":11.4,"uv":3.1,"elev_angle":60.19,"wind_dir":218,"weather":{"icon":"c04d","code":804,"description":"Overcast clouds"},"ghi":892.5,"dhi":118.09,"timestamp_local":"2022-06-10T13:45:00","solar_rad":258.69022,"vis":10,"dni":901.47,"temp":18.8,"slp":1022,"clouds":92,"ts":1654861500},{"precip_rate":0,"rh":62,"wind_spd":3.6,"timestamp_utc":"2022-06-10T12:00:00","snow_rate":0,"app_temp":18.5,"pres":1012.2501,"azimuth":195.22,"dewpt":11.5,"uv":3.2,"elev_angle":60.14,"wind_dir":218,"weather":{"icon":"c04d","code":804,"description":"Overcast clouds"},"ghi":892,"dhi":118.06,"timestamp_local":"2022-06-10T14:00:00","solar_rad":301.90765,"vis":10,"dni":901.35,"temp":18.9,"slp":1022,"clouds":90,"ts":1654862400},{"precip_rate":0,"rh":61,"wind_spd":3.8,"timestamp_utc":"2022-06-10T12:15:00","snow_rate":0,"app_temp":18.7,"pres":1012.2593,"azimuth":201.45,"dewpt":11.5,"uv":3.3,"elev_angle":59.07,"wind_dir":218,"weather":{"icon":"c04d","code":804,"description":"Overcast clouds"},"ghi":880.1,"dhi":117.44,"timestamp_local":"2022-06-10T14:15:00","solar_rad":358.14514,"vis":10,"dni":898.46,"temp":19.2,"slp":1022,"clouds":87,"ts":1654863300},{"precip_rate":0,"rh":60,"wind_spd":4,"timestamp_utc":"2022-06-10T12:30:00","snow_rate":0,"app_temp":19,"pres":1012.2685,"azimuth":207.69,"dewpt":11.5,"uv":3.4,"elev_angle":58,"wind_dir":218,"weather":{"icon":"c04d","code":804,"description":"Overcast clouds"},"ghi":868.2,"dhi":116.82,"timestamp_local":"2022-06-10T14:30:00","solar_rad":408.03882,"vis":10,"dni":895.56,"temp":19.4,"slp":1022,"clouds":84,"ts":1654864200},{"precip_rate":0,"rh":60,"wind_spd":4.2,"timestamp_utc":"2022-06-10T12:45:00","snow_rate":0,"app_temp":19.3,"pres":1012.2777,"azimuth":213.92,"dewpt":11.7,"uv":3.4,"elev_angle":56.92,"wind_dir":218,"weather":{"icon":"c04d","code":804,"description":"Overcast clouds"},"ghi":856.3,"dhi":116.19,"timestamp_local":"2022-06-10T14:45:00","solar_rad":435.49686,"vis":10,"dni":892.67,"temp":19.7,"slp":1022,"clouds":82,"ts":1654865100},{"precip_rate":0,"rh":59,"wind_spd":4.4,"timestamp_utc":"2022-06-10T13:00:00","snow_rate":0,"app_temp":19.6,"pres":1012.28687,"azimuth":220.15,"dewpt":11.7,"uv":3.5,"elev_angle":55.85,"wind_dir":218,"weather":{"icon":"c04d","code":804,"description":"Overcast clouds"},"ghi":844.4,"dhi":115.57,"timestamp_local":"2022-06-10T15:00:00","solar_rad":475.52252,"vis":10,"dni":889.77,"temp":20,"slp":1022,"clouds":79,"ts":1654866000},{"precip_rate":0,"rh":58,"wind_spd":4.4,"timestamp_utc":"2022-06-10T13:15:00","snow_rate":0,"app_temp":20,"pres":1012.299,"azimuth":225.04,"dewpt":11.8,"uv":3.4,"elev_angle":54.09,"wind_dir":218,"weather":{"icon":"c04d","code":804,"description":"Overcast clouds"},"ghi":822.2,"dhi":114.34,"timestamp_local":"2022-06-10T15:15:00","solar_rad":476.9511,"vis":10,"dni":883.81,"temp":20.4,"slp":1022,"clouds":78,"ts":1654866900},{"precip_rate":0,"rh":58,"wind_spd":4.4,"timestamp_utc":"2022-06-10T13:30:00","snow_rate":0,"app_temp":20.4,"pres":1012.31116,"azimuth":229.93,"dewpt":12.2,"uv":3.2,"elev_angle":52.34,"wind_dir":218,"weather":{"icon":"c04d","code":804,"description":"Overcast clouds"},"ghi":799.9,"dhi":113.11,"timestamp_local":"2022-06-10T15:30:00","solar_rad":463.41595,"vis":10,"dni":877.85,"temp":20.8,"slp":1022,"clouds":78,"ts":1654867800},{"precip_rate":0,"rh":57,"wind_spd":4.4,"timestamp_utc":"2022-06-10T13:45:00","snow_rate":0,"app_temp":20.8,"pres":1012.3233,"azimuth":234.82,"dewpt":12.3,"uv":3.1,"elev_angle":50.58,"wind_dir":218,"weather":{"icon":"c04d","code":804,"description":"Overcast clouds"},"ghi":777.6,"dhi":111.87,"timestamp_local":"2022-06-10T15:45:00","solar_rad":450.3678,"vis":10,"dni":871.89,"temp":21.1,"slp":1022,"clouds":78,"ts":1654868700},{"precip_rate":0,"rh":56,"wind_spd":4.4,"timestamp_utc":"2022-06-10T14:00:00","snow_rate":0,"app_temp":21.2,"pres":1012.33545,"azimuth":239.71,"dewpt":12.4,"uv":3,"elev_angle":48.82,"wind_dir":218,"weather":{"icon":"c04d","code":804,"description":"Overcast clouds"},"ghi":755.4,"dhi":110.64,"timestamp_local":"2022-06-10T16:00:00","solar_rad":449.9315,"vis":10,"dni":865.93,"temp":21.5,"slp":1022,"clouds":77,"ts":1654869600},{"precip_rate":0,"rh":55,"wind_spd":4.4,"timestamp_utc":"2022-06-10T14:15:00","snow_rate":0,"app_temp":21.4,"pres":1012.0968,"azimuth":243.55,"dewpt":12.3,"uv":2.5,"elev_angle":46.7,"wind_dir":220,"weather":{"icon":"c04d","code":804,"description":"Overcast clouds"},"ghi":724.6,"dhi":108.76,"timestamp_local":"2022-06-10T16:15:00","solar_rad":353.69556,"vis":10,"dni":856.25,"temp":21.8,"slp":1021.75,"clouds":83,"ts":1654870500},{"precip_rate":0,"rh":54,"wind_spd":4.4,"timestamp_utc":"2022-06-10T14:30:00","snow_rate":0,"app_temp":21.7,"pres":1011.8582,"azimuth":247.39,"dewpt":12.3,"uv":2.2,"elev_angle":44.59,"wind_dir":221,"weather":{"icon":"c04d","code":804,"description":"Overcast clouds"},"ghi":693.8,"dhi":106.87,"timestamp_local":"2022-06-10T16:30:00","solar_rad":265.79034,"vis":10,"dni":846.58,"temp":22.1,"slp":1021.5,"clouds":88,"ts":1654871400},{"precip_rate":0,"rh":53,"wind_spd":4.4,"timestamp_utc":"2022-06-10T14:45:00","snow_rate":0,"app_temp":22,"pres":1011.6196,"azimuth":251.23,"dewpt":12.3,"uv":1.8,"elev_angle":42.47,"wind_dir":222,"weather":{"icon":"c04d","code":804,"description":"Overcast clouds"},"ghi":663,"dhi":104.99,"timestamp_local":"2022-06-10T16:45:00","solar_rad":156.9178,"vis":10,"dni":836.9,"temp":22.3,"slp":1021.25,"clouds":94,"ts":1654872300},{"precip_rate":0,"rh":52,"wind_spd":4.4,"timestamp_utc":"2022-06-10T15:00:00","snow_rate":0,"app_temp":22.3,"pres":1011.381,"azimuth":255.07,"dewpt":12.3,"uv":1.5,"elev_angle":40.35,"wind_dir":224,"weather":{"icon":"c04d","code":804,"description":"Overcast clouds"},"ghi":632.2,"dhi":103.1,"timestamp_local":"2022-06-10T17:00:00","solar_rad":143.67458,"vis":10,"dni":827.22,"temp":22.6,"slp":1021,"clouds":100,"ts":1654873200},{"precip_rate":0,"rh":52,"wind_spd":4.2,"timestamp_utc":"2022-06-10T15:15:00","snow_rate":0,"app_temp":22.3,"pres":1011.381,"azimuth":258.29,"dewpt":12.3,"uv":1.4,"elev_angle":38.09,"wind_dir":222,"weather":{"icon":"c04d","code":804,"description":"Overcast clouds"},"ghi":595.6,"dhi":100.49,"timestamp_local":"2022-06-10T17:15:00","solar_rad":156.68523,"vis":10,"dni":812.56,"temp":22.6,"slp":1021,"clouds":99,"ts":1654874100},{"precip_rate":0,"rh":52,"wind_spd":4,"timestamp_utc":"2022-06-10T15:30:00","snow_rate":0,"app_temp":22.3,"pres":1011.381,"azimuth":261.51,"dewpt":12.3,"uv":1.3,"elev_angle":35.82,"wind_dir":221,"weather":{"icon":"c04d","code":804,"description":"Overcast clouds"},"ghi":558.9,"dhi":97.88,"timestamp_local":"2022-06-10T17:30:00","solar_rad":167.06534,"vis":10,"dni":797.91,"temp":22.6,"slp":1021,"clouds":98,"ts":1654875000},{"precip_rate":0,"rh":51,"wind_spd":3.8,"timestamp_utc":"2022-06-10T15:45:00","snow_rate":0,"app_temp":22.2,"pres":1011.381,"azimuth":264.72,"dewpt":12,"uv":1.2,"elev_angle":33.56,"wind_dir":220,"weather":{"icon":"c04d","code":804,"description":"Overcast clouds"},"ghi":522.3,"dhi":95.27,"timestamp_local":"2022-06-10T17:45:00","solar_rad":175.28403,"vis":10,"dni":783.25,"temp":22.6,"slp":1021,"clouds":97,"ts":1654875900},{"precip_rate":0,"rh":51,"wind_spd":3.6,"timestamp_utc":"2022-06-10T16:00:00","snow_rate":0,"app_temp":22.2,"pres":1011.381,"azimuth":267.94,"dewpt":12,"uv":1.1,"elev_angle":31.29,"wind_dir":218,"weather":{"icon":"c04d","code":804,"description":"Overcast clouds"},"ghi":485.7,"dhi":92.66,"timestamp_local":"2022-06-10T18:00:00","solar_rad":180.66653,"vis":10,"dni":768.59,"temp":22.6,"slp":1021,"clouds":96,"ts":1654876800},{"precip_rate":0,"rh":52,"wind_spd":3.5,"timestamp_utc":"2022-06-10T16:15:00","snow_rate":0,"app_temp":22.1,"pres":1011.375,"azimuth":270.84,"dewpt":12.1,"uv":1,"elev_angle":29.01,"wind_dir":218,"weather":{"icon":"c04d","code":804,"description":"Overcast clouds"},"ghi":446.4,"dhi":89.19,"timestamp_local":"2022-06-10T18:15:00","solar_rad":157.34499,"vis":10,"dni":746.5,"temp":22.4,"slp":1021,"clouds":97,"ts":1654877700},{"precip_rate":0,"rh":54,"wind_spd":3.4,"timestamp_utc":"2022-06-10T16:30:00","snow_rate":0,"app_temp":21.9,"pres":1011.36896,"azimuth":273.73,"dewpt":12.5,"uv":0.9,"elev_angle":26.72,"wind_dir":218,"weather":{"icon":"c04d","code":804,"description":"Overcast clouds"},"ghi":407.2,"dhi":85.71,"timestamp_local":"2022-06-10T18:30:00","solar_rad":135.6979,"vis":10,"dni":724.42,"temp":22.3,"slp":1021,"clouds":98,"ts":1654878600},{"precip_rate":0,"rh":55,"wind_spd":3.3,"timestamp_utc":"2022-06-10T16:45:00","snow_rate":0,"app_temp":21.8,"pres":1011.3629,"azimuth":276.63,"dewpt":12.6,"uv":0.8,"elev_angle":24.44,"wind_dir":218,"weather":{"icon":"c04d","code":804,"description":"Overcast clouds"},"ghi":368,"dhi":82.24,"timestamp_local":"2022-06-10T18:45:00","solar_rad":116.39069,"vis":10,"dni":702.33,"temp":22.1,"slp":1021,"clouds":99,"ts":1654879500},{"precip_rate":0,"rh":56,"wind_spd":3.2,"timestamp_utc":"2022-06-10T17:00:00","snow_rate":0,"app_temp":21.6,"pres":1011.35693,"azimuth":279.52,"dewpt":12.7,"uv":0.7,"elev_angle":22.15,"wind_dir":218,"weather":{"icon":"c04d","code":804,"description":"Overcast clouds"},"ghi":328.7,"dhi":78.76,"timestamp_local":"2022-06-10T19:00:00","solar_rad":99.16854,"vis":10,"dni":680.24,"temp":21.9,"slp":1021,"clouds":100,"ts":1654880400},{"precip_rate":0,"rh":56,"wind_spd":3.1,"timestamp_utc":"2022-06-10T17:15:00","snow_rate":0,"app_temp":21.5,"pres":1011.35394,"azimuth":282.3,"dewpt":12.6,"uv":0.7,"elev_angle":19.94,"wind_dir":219,"weather":{"icon":"c04d","code":804,"description":"Overcast clouds"},"ghi":290.8,"dhi":74.13,"timestamp_local":"2022-06-10T19:15:00","solar_rad":92.19855,"vis":10,"dni":645.31,"temp":21.8,"slp":1021,"clouds":100,"ts":1654881300},{"precip_rate":0,"rh":56,"wind_spd":3,"timestamp_utc":"2022-06-10T17:30:00","snow_rate":0,"app_temp":21.4,"pres":1011.35095,"azimuth":285.09,"dewpt":12.5,"uv":0.7,"elev_angle":17.73,"wind_dir":220,"weather":{"icon":"c04d","code":804,"description":"Overcast clouds"},"ghi":252.9,"dhi":69.5,"timestamp_local":"2022-06-10T19:30:00","solar_rad":85.21192,"vis":10,"dni":610.38,"temp":21.7,"slp":1021,"clouds":100,"ts":1654882200},{"precip_rate":0,"rh":57,"wind_spd":2.9,"timestamp_utc":"2022-06-10T17:45:00","snow_rate":0,"app_temp":21.3,"pres":1011.3479,"azimuth":287.87,"dewpt":12.7,"uv":0.6,"elev_angle":15.51,"wind_dir":221,"weather":{"icon":"c04d","code":804,"description":"Overcast clouds"},"ghi":215,"dhi":64.87,"timestamp_local":"2022-06-10T19:45:00","solar_rad":78.06307,"vis":10,"dni":575.44,"temp":21.6,"slp":1021,"clouds":100,"ts":1654883100},{"precip_rate":0,"rh":57,"wind_spd":2.8,"timestamp_utc":"2022-06-10T18:00:00","snow_rate":0,"app_temp":21.2,"pres":1011.3449,"azimuth":290.65,"dewpt":12.6,"uv":0.6,"elev_angle":13.3,"wind_dir":222,"weather":{"icon":"c04d","code":804,"description":"Overcast clouds"},"ghi":177,"dhi":60.24,"timestamp_local":"2022-06-10T20:00:00","solar_rad":71.0621,"vis":10,"dni":540.51,"temp":21.5,"slp":1021,"clouds":100,"ts":1654884000},{"precip_rate":0,"rh":58,"wind_spd":2.5,"timestamp_utc":"2022-06-10T18:15:00","snow_rate":0,"app_temp":21,"pres":1011.33887,"azimuth":293.46,"dewpt":12.7,"uv":0.6,"elev_angle":11.25,"wind_dir":216,"weather":{"icon":"c04d","code":804,"description":"Overcast clouds"},"ghi":145.4,"dhi":53.65,"timestamp_local":"2022-06-10T20:15:00","solar_rad":62.459873,"vis":10,"dni":477.72,"temp":21.3,"slp":1021,"clouds":100,"ts":1654884900},{"precip_rate":0,"rh":60,"wind_spd":2.2,"timestamp_utc":"2022-06-10T18:30:00","snow_rate":0,"app_temp":20.8,"pres":1011.33276,"azimuth":296.27,"dewpt":13,"uv":0.6,"elev_angle":9.19,"wind_dir":210,"weather":{"icon":"c04d","code":804,"description":"Overcast clouds"},"ghi":113.7,"dhi":47.06,"timestamp_local":"2022-06-10T20:30:00","solar_rad":53.788197,"vis":10,"dni":414.93,"temp":21.1,"slp":1021,"clouds":100,"ts":1654885800},{"precip_rate":0,"rh":62,"wind_spd":1.9,"timestamp_utc":"2022-06-10T18:45:00","snow_rate":0,"app_temp":20.7,"pres":1011.3267,"azimuth":299.07,"dewpt":13.4,"uv":0.6,"elev_angle":7.14,"wind_dir":204,"weather":{"icon":"c04d","code":804,"description":"Overcast clouds"},"ghi":82.1,"dhi":40.46,"timestamp_local":"2022-06-10T20:45:00","solar_rad":45.16828,"vis":10,"dni":352.14,"temp":20.9,"slp":1021,"clouds":100,"ts":1654886700},{"precip_rate":0,"rh":63,"wind_spd":1.6,"timestamp_utc":"2022-06-10T19:00:00","snow_rate":0,"app_temp":20.5,"pres":1011.3207,"azimuth":301.88,"dewpt":13.4,"uv":0.5,"elev_angle":5.08,"wind_dir":198,"weather":{"icon":"c04d","code":804,"description":"Overcast clouds"},"ghi":50.5,"dhi":33.87,"timestamp_local":"2022-06-10T21:00:00","solar_rad":36.647038,"vis":10,"dni":289.35,"temp":20.7,"slp":1021,"clouds":100,"ts":1654887600},{"precip_rate":0,"rh":64,"wind_spd":1.7,"timestamp_utc":"2022-06-10T19:15:00","snow_rate":0,"app_temp":20.3,"pres":1011.3146,"azimuth":304.82,"dewpt":13.5,"uv":0.5,"elev_angle":3.27,"wind_dir":193,"weather":{"icon":"c04n","code":804,"description":"Overcast clouds"},"ghi":37.8,"dhi":25.4,"timestamp_local":"2022-06-10T21:15:00","solar_rad":27.468946,"vis":10,"dni":217.01,"temp":20.5,"slp":1021,"clouds":100,"ts":1654888500},{"precip_rate":0,"rh":65,"wind_spd":1.8,"timestamp_utc":"2022-06-10T19:30:00","snow_rate":0,"app_temp":20.1,"pres":1011.30853,"azimuth":307.75,"dewpt":13.6,"uv":0.5,"elev_angle":1.46,"wind_dir":188,"weather":{"icon":"c04n","code":804,"description":"Overcast clouds"},"ghi":25.2,"dhi":16.94,"timestamp_local":"2022-06-10T21:30:00","solar_rad":18.31339,"vis":10,"dni":144.68,"temp":20.4,"slp":1021,"clouds":100,"ts":1654889400},{"precip_rate":0,"rh":66,"wind_spd":1.9,"timestamp_utc":"2022-06-10T19:45:00","snow_rate":0,"app_temp":20,"pres":1011.3025,"azimuth":310.69,"dewpt":13.6,"uv":0,"elev_angle":-0.36,"wind_dir":183,"weather":{"icon":"c04n","code":804,"description":"Overcast clouds"},"ghi":12.6,"dhi":8.47,"timestamp_local":"2022-06-10T21:45:00","solar_rad":9.15391,"vis":10,"dni":72.34,"temp":20.2,"slp":1021,"clouds":100,"ts":1654890300},{"precip_rate":0,"rh":67,"wind_spd":2,"timestamp_utc":"2022-06-10T20:00:00","snow_rate":0,"app_temp":19.8,"pres":1011.2964,"azimuth":313.62,"dewpt":13.7,"uv":0,"elev_angle":-2.17,"wind_dir":178,"weather":{"icon":"c04n","code":804,"description":"Overcast clouds"},"ghi":0,"dhi":0,"timestamp_local":"2022-06-10T22:00:00","solar_rad":0,"vis":10,"dni":0,"temp":20,"slp":1021,"clouds":100,"ts":1654891200},{"precip_rate":0,"rh":69,"wind_spd":2,"timestamp_utc":"2022-06-10T20:15:00","snow_rate":0,"app_temp":19.6,"pres":1011.28723,"azimuth":316.75,"dewpt":13.9,"uv":0,"elev_angle":-3.65,"wind_dir":178,"weather":{"icon":"c04n","code":804,"description":"Overcast clouds"},"ghi":0,"dhi":0,"timestamp_local":"2022-06-10T22:15:00","solar_rad":0,"vis":10,"dni":0,"temp":19.7,"slp":1021,"clouds":99,"ts":1654892100},{"precip_rate":0,"rh":70,"wind_spd":2,"timestamp_utc":"2022-06-10T20:30:00","snow_rate":0,"app_temp":19.3,"pres":1011.278,"azimuth":319.88,"dewpt":13.8,"uv":0,"elev_angle":-5.13,"wind_dir":177,"weather":{"icon":"c04n","code":804,"description":"Overcast clouds"},"ghi":0,"dhi":0,"timestamp_local":"2022-06-10T22:30:00","solar_rad":0,"vis":10,"dni":0,"temp":19.4,"slp":1021,"clouds":98,"ts":1654893000},{"precip_rate":0,"rh":72,"wind_spd":2,"timestamp_utc":"2022-06-10T20:45:00","snow_rate":0,"app_temp":19,"pres":1011.2688,"azimuth":323,"dewpt":14,"uv":0,"elev_angle":-6.61,"wind_dir":176,"weather":{"icon":"c04n","code":804,"description":"Overcast clouds"},"ghi":0,"dhi":0,"timestamp_local":"2022-06-10T22:45:00","solar_rad":0,"vis":10,"dni":0,"temp":19.2,"slp":1021,"clouds":98,"ts":1654893900},{"precip_rate":0,"rh":74,"wind_spd":2,"timestamp_utc":"2022-06-10T21:00:00","snow_rate":0,"app_temp":18.8,"pres":1011.25964,"azimuth":326.13,"dewpt":14.2,"uv":0,"elev_angle":-8.09,"wind_dir":176,"weather":{"icon":"c04n","code":804,"description":"Overcast clouds"},"ghi":0,"dhi":0,"timestamp_local":"2022-06-10T23:00:00","solar_rad":0,"vis":10,"dni":0,"temp":18.9,"slp":1021,"clouds":97,"ts":1654894800},{"precip_rate":0,"rh":75,"wind_spd":2.3,"timestamp_utc":"2022-06-10T21:15:00","snow_rate":0,"app_temp":18.6,"pres":1011.2535,"azimuth":329.47,"dewpt":14.2,"uv":0,"elev_angle":-9.14,"wind_dir":176,"weather":{"icon":"c04n","code":804,"description":"Overcast clouds"},"ghi":0,"dhi":0,"timestamp_local":"2022-06-10T23:15:00","solar_rad":0,"vis":10,"dni":0,"temp":18.7,"slp":1021,"clouds":98,"ts":1654895700},{"precip_rate":0,"rh":76,"wind_spd":2.6,"timestamp_utc":"2022-06-10T21:30:00","snow_rate":0,"app_temp":18.4,"pres":1011.2473,"azimuth":332.81,"dewpt":14.2,"uv":0,"elev_angle":-10.19,"wind_dir":175,"weather":{"icon":"c04n","code":804,"description":"Overcast clouds"},"ghi":0,"dhi":0,"timestamp_local":"2022-06-10T23:30:00","solar_rad":0,"vis":10,"dni":0,"temp":18.5,"slp":1021,"clouds":98,"ts":1654896600},{"precip_rate":0,"rh":76,"wind_spd":2.9,"timestamp_utc":"2022-06-10T21:45:00","snow_rate":0,"app_temp":18.3,"pres":1011.2412,"azimuth":336.15,"dewpt":14,"uv":0,"elev_angle":-11.23,"wind_dir":174,"weather":{"icon":"c04n","code":804,"description":"Overcast clouds"},"ghi":0,"dhi":0,"timestamp_local":"2022-06-10T23:45:00","solar_rad":0,"vis":10,"dni":0,"temp":18.3,"slp":1021,"clouds":99,"ts":1654897500},{"precip_rate":0,"rh":77,"wind_spd":3.2,"timestamp_utc":"2022-06-10T22:00:00","snow_rate":0,"app_temp":18.1,"pres":1011.23505,"azimuth":339.49,"dewpt":14,"uv":0,"elev_angle":-12.28,"wind_dir":174,"weather":{"icon":"c04n","code":804,"description":"Overcast clouds"},"ghi":0,"dhi":0,"timestamp_local":"2022-06-11T00:00:00","solar_rad":0,"vis":10,"dni":0,"temp":18.1,"slp":1021,"clouds":100,"ts":1654898400},{"precip_rate":0,"rh":77,"wind_spd":3.2,"timestamp_utc":"2022-06-10T22:15:00","snow_rate":0,"app_temp":18,"pres":1011.23193,"azimuth":342.99,"dewpt":13.9,"uv":0,"elev_angle":-12.82,"wind_dir":180,"weather":{"icon":"c04n","code":804,"description":"Overcast clouds"},"ghi":0,"dhi":0,"timestamp_local":"2022-06-11T00:15:00","solar_rad":0,"vis":10,"dni":0,"temp":18,"slp":1021,"clouds":99,"ts":1654899300},{"precip_rate":0,"rh":77,"wind_spd":3.2,"timestamp_utc":"2022-06-10T22:30:00","snow_rate":0,"app_temp":17.9,"pres":1011.2289,"azimuth":346.49,"dewpt":13.9,"uv":0,"elev_angle":-13.35,"wind_dir":185,"weather":{"icon":"c04n","code":804,"description":"Overcast clouds"},"ghi":0,"dhi":0,"timestamp_local":"2022-06-11T00:30:00","solar_rad":0,"vis":10,"dni":0,"temp":17.9,"slp":1021,"clouds":98,"ts":1654900200},{"precip_rate":0,"rh":77,"wind_spd":3.2,"timestamp_utc":"2022-06-10T22:45:00","snow_rate":0,"app_temp":17.9,"pres":1011.22577,"azimuth":349.99,"dewpt":13.8,"uv":0,"elev_angle":-13.89,"wind_dir":190,"weather":{"icon":"c04n","code":804,"description":"Overcast clouds"},"ghi":0,"dhi":0,"timestamp_local":"2022-06-11T00:45:00","solar_rad":0,"vis":10,"dni":0,"temp":17.9,"slp":1021,"clouds":97,"ts":1654901100},{"precip_rate":0,"rh":77,"wind_spd":3.2,"timestamp_utc":"2022-06-10T23:00:00","snow_rate":0,"app_temp":17.8,"pres":1011.22266,"azimuth":353.49,"dewpt":13.7,"uv":0,"elev_angle":-14.42,"wind_dir":196,"weather":{"icon":"c04n","code":804,"description":"Overcast clouds"},"ghi":0,"dhi":0,"timestamp_local":"2022-06-11T01:00:00","solar_rad":0,"vis":10,"dni":0,"temp":17.8,"slp":1021,"clouds":96,"ts":1654902000},{"precip_rate":0,"rh":76,"wind_spd":3.1,"timestamp_utc":"2022-06-10T23:15:00","snow_rate":0,"app_temp":17.8,"pres":1011.22266,"azimuth":267.05,"dewpt":13.5,"uv":0,"elev_angle":-14.4,"wind_dir":200,"weather":{"icon":"c04n","code":804,"description":"Overcast clouds"},"ghi":0,"dhi":0,"timestamp_local":"2022-06-11T01:15:00","solar_rad":0,"vis":10,"dni":0,"temp":17.8,"slp":1021,"clouds":96,"ts":1654902900},{"precip_rate":0,"rh":76,"wind_spd":3,"timestamp_utc":"2022-06-10T23:30:00","snow_rate":0,"app_temp":17.8,"pres":1011.22266,"azimuth":180.61,"dewpt":13.5,"uv":0,"elev_angle":-14.37,"wind_dir":205,"weather":{"icon":"c04n","code":804,"description":"Overcast clouds"},"ghi":0,"dhi":0,"timestamp_local":"2022-06-11T01:30:00","solar_rad":0,"vis":10,"dni":0,"temp":17.8,"slp":1021,"clouds":96,"ts":1654903800},{"precip_rate":0,"rh":76,"wind_spd":2.9,"timestamp_utc":"2022-06-10T23:45:00","snow_rate":0,"app_temp":17.8,"pres":1011.22266,"azimuth":94.17,"dewpt":13.5,"uv":0,"elev_angle":-14.35,"wind_dir":210,"weather":{"icon":"c04n","code":804,"description":"Overcast clouds"},"ghi":0,"dhi":0,"timestamp_local":"2022-06-11T01:45:00","solar_rad":0,"vis":10,"dni":0,"temp":17.8,"slp":1021,"clouds":95,"ts":1654904700}],"sources":["103150-99999","imerg","merra2","era5","modis"],"city_id":"2856883"}
