{"timezone":"Europe\/Berlin","state_code":"06","country_code":"DE","lat":52.2833,"lon":8,"city_name":"Osnabr�ck","station_id":"103150-99999","data":[{"precip_rate":0,"rh":76,"wind_spd":1.2,"timestamp_utc":"2022-06-17T00:00:00","snow_rate":0,"app_temp":12.2,"pres":1014.00415,"azimuth":7.4,"dewpt":8.1,"uv":0,"elev_angle":-14.06,"wind_dir":122,"weather":{"icon":"c04n","code":804,"description":"Overcast clouds"},"ghi":0,"dhi":0,"timestamp_local":"2022-06-17T02:00:00","solar_rad":0,"vis":10,"dni":0,"temp":12.2,"slp":1024,"clouds":72,"ts":1655424000},{"precip_rate":0,"rh":78,"wind_spd":1.4,"timestamp_utc":"2022-06-17T00:15:00","snow_rate":0,"app_temp":11.8,"pres":1014.2388,"azimuth":10.88,"dewpt":8.1,"uv":0,"elev_angle":-13.49,"wind_dir":121,"weather":{"icon":"c04n","code":804,"description":"Overcast clouds"},"ghi":0,"dhi":0,"timestamp_local":"2022-06-17T02:15:00","solar_rad":0,"vis":10,"dni":0,"temp":11.8,"slp":1024.25,"clouds":74,"ts":1655424900},{"precip_rate":0,"rh":80,"wind_spd":1.6,"timestamp_utc":"2022-06-17T00:30:00","snow_rate":0,"app_temp":11.4,"pres":1014.4733,"azimuth":14.37,"dewpt":8.1,"uv":0,"elev_angle":-12.92,"wind_dir":120,"weather":{"icon":"c04n","code":804,"description":"Overcast clouds"},"ghi":0,"dhi":0,"timestamp_local":"2022-06-17T02:30:00","solar_rad":0,"vis":10,"dni":0,"temp":11.4,"slp":1024.5,"clouds":76,"ts":1655425800},{"precip_rate":0,"rh":82,"wind_spd":1.8,"timestamp_utc":"2022-06-17T00:45:00","snow_rate":0,"app_temp":11.1,"pres":1014.7079,"azimuth":17.85,"dewpt":8.1,"uv":0,"elev_angle":-12.35,"wind_dir":119,"weather":{"icon":"c04n","code":804,"description":"Overcast clouds"},"ghi":0,"dhi":0,"timestamp_local":"2022-06-17T02:45:00","solar_rad":0,"vis":10,"dni":0,"temp":11.1,"slp":1024.75,"clouds":79,"ts":1655426700},{"precip_rate":0,"rh":84,"wind_spd":2,"timestamp_utc":"2022-06-17T01:00:00","snow_rate":0,"app_temp":10.7,"pres":1014.9425,"azimuth":21.33,"dewpt":8.1,"uv":0,"elev_angle":-11.78,"wind_dir":118,"weather":{"icon":"c04n","code":804,"description":"Overcast clouds"},"ghi":0,"dhi":0,"timestamp_local":"2022-06-17T03:00:00","solar_rad":0,"vis":10,"dni":0,"temp":10.7,"slp":1025,"clouds":81,"ts":1655427600},{"precip_rate":0,"rh":85,"wind_spd":2,"timestamp_utc":"2022-06-17T01:15:00","snow_rate":0,"app_temp":10.5,"pres":1014.936,"azimuth":24.65,"dewpt":8.1,"uv":0,"elev_angle":-10.71,"wind_dir":118,"weather":{"icon":"c04n","code":804,"description":"Overcast clouds"},"ghi":0,"dhi":0,"timestamp_local":"2022-06-17T03:15:00","solar_rad":0,"vis":10,"dni":0,"temp":10.5,"slp":1025,"clouds":85,"ts":1655428500},{"precip_rate":0,"rh":86,"wind_spd":2,"timestamp_utc":"2022-06-17T01:30:00","snow_rate":0,"app_temp":10.3,"pres":1014.92944,"azimuth":27.96,"dewpt":8.1,"uv":0,"elev_angle":-9.63,"wind_dir":119,"weather":{"icon":"c04n","code":804,"description":"Overcast clouds"},"ghi":0,"dhi":0,"timestamp_local":"2022-06-17T03:30:00","solar_rad":0,"vis":10,"dni":0,"temp":10.3,"slp":1025,"clouds":89,"ts":1655429400},{"precip_rate":0,"rh":87,"wind_spd":2,"timestamp_utc":"2022-06-17T01:45:00","snow_rate":0,"app_temp":10.2,"pres":1014.92285,"azimuth":31.28,"dewpt":8.1,"uv":0,"elev_angle":-8.56,"wind_dir":120,"weather":{"icon":"c04n","code":804,"description":"Overcast clouds"},"ghi":0,"dhi":0,"timestamp_local":"2022-06-17T03:45:00","solar_rad":0,"vis":10,"dni":0,"temp":10.2,"slp":1025,"clouds":93,"ts":1655430300},{"precip_rate":0,"rh":88,"wind_spd":2,"timestamp_utc":"2022-06-17T02:00:00","snow_rate":0,"app_temp":10,"pres":1014.9163,"azimuth":34.59,"dewpt":8.1,"uv":0,"elev_angle":-7.48,"wind_dir":120,"weather":{"icon":"c04n","code":804,"description":"Overcast clouds"},"ghi":0,"dhi":0,"timestamp_local":"2022-06-17T04:00:00","solar_rad":0,"vis":10,"dni":0,"temp":10,"slp":1025,"clouds":97,"ts":1655431200},{"precip_rate":0,"rh":88,"wind_spd":2.1,"timestamp_utc":"2022-06-17T02:15:00","snow_rate":0,"app_temp":10,"pres":1014.66876,"azimuth":37.7,"dewpt":8.1,"uv":0,"elev_angle":-5.98,"wind_dir":128,"weather":{"icon":"c04n","code":804,"description":"Overcast clouds"},"ghi":0,"dhi":0,"timestamp_local":"2022-06-17T04:15:00","solar_rad":0,"vis":10,"dni":0,"temp":10,"slp":1024.75,"clouds":98,"ts":1655432100},{"precip_rate":0,"rh":88,"wind_spd":2.2,"timestamp_utc":"2022-06-17T02:30:00","snow_rate":0,"app_temp":10,"pres":1014.42126,"azimuth":40.8,"dewpt":8.1,"uv":0,"elev_angle":-4.48,"wind_dir":137,"weather":{"icon":"c04n","code":804,"description":"Overcast clouds"},"ghi":0,"dhi":0,"timestamp_local":"2022-06-17T04:30:00","solar_rad":0,"vis":10,"dni":0,"temp":10,"slp":1024.5,"clouds":98,"ts":1655433000},{"precip_rate":0,"rh":88,"wind_spd":2.3,"timestamp_utc":"2022-06-17T02:45:00","snow_rate":0,"app_temp":10,"pres":1014.1737,"azimuth":43.91,"dewpt":8.1,"uv":0,"elev_angle":-2.98,"wind_dir":146,"weather":{"icon":"c04n","code":804,"description":"Overcast clouds"},"ghi":0,"dhi":0,"timestamp_local":"2022-06-17T04:45:00","solar_rad":0,"vis":10,"dni":0,"temp":10,"slp":1024.25,"clouds":99,"ts":1655433900},{"precip_rate":0,"rh":88,"wind_spd":2.4,"timestamp_utc":"2022-06-17T03:00:00","snow_rate":0,"app_temp":10,"pres":1013.92615,"azimuth":47.01,"dewpt":8.1,"uv":0,"elev_angle":-1.48,"wind_dir":154,"weather":{"icon":"c04n","code":804,"description":"Overcast clouds"},"ghi":0,"dhi":0,"timestamp_local":"2022-06-17T05:00:00","solar_rad":0,"vis":10,"dni":0,"temp":10,"slp":1024,"clouds":100,"ts":1655434800},{"precip_rate":0,"rh":87,"wind_spd":2.3,"timestamp_utc":"2022-06-17T03:15:00","snow_rate":0,"app_temp":10.2,"pres":1013.9327,"azimuth":49.93,"dewpt":8.1,"uv":0.5,"elev_angle":0.35,"wind_dir":158,"weather":{"icon":"c04n","code":804,"description":"Overcast clouds"},"ghi":15.2,"dhi":9.23,"timestamp_local":"2022-06-17T05:15:00","solar_rad":10.75,"vis":10,"dni":80.41,"temp":10.2,"slp":1024,"clouds":100,"ts":1655435700},{"precip_rate":0,"rh":86,"wind_spd":2.2,"timestamp_utc":"2022-06-17T03:30:00","snow_rate":0,"app_temp":10.3,"pres":1013.9392,"azimuth":52.85,"dewpt":8.1,"uv":0.6,"elev_angle":2.18,"wind_dir":162,"weather":{"icon":"c04n","code":804,"description":"Overcast clouds"},"ghi":30.3,"dhi":18.46,"timestamp_local":"2022-06-17T05:30:00","solar_rad":22.406105,"vis":10,"dni":160.83,"temp":10.3,"slp":1024,"clouds":99,"ts":1655436600},{"precip_rate":0,"rh":85,"wind_spd":2.1,"timestamp_utc":"2022-06-17T03:45:00","snow_rate":0,"app_temp":10.5,"pres":1013.94574,"azimuth":55.77,"dewpt":8.1,"uv":0.6,"elev_angle":4,"wind_dir":166,"weather":{"icon":"c04n","code":804,"description":"Overcast clouds"},"ghi":45.5,"dhi":27.69,"timestamp_local":"2022-06-17T05:45:00","solar_rad":34.958393,"vis":10,"dni":241.24,"temp":10.5,"slp":1024,"clouds":98,"ts":1655437500},{"precip_rate":0,"rh":84,"wind_spd":2,"timestamp_utc":"2022-06-17T04:00:00","snow_rate":0,"app_temp":10.7,"pres":1013.9523,"azimuth":58.69,"dewpt":8.1,"uv":0.6,"elev_angle":5.83,"wind_dir":170,"weather":{"icon":"c04d","code":804,"description":"Overcast clouds"},"ghi":60.7,"dhi":36.92,"timestamp_local":"2022-06-17T06:00:00","solar_rad":46.616512,"vis":10,"dni":321.65,"temp":10.7,"slp":1024,"clouds":98,"ts":1655438400},{"precip_rate":0,"rh":82,"wind_spd":2.1,"timestamp_utc":"2022-06-17T04:15:00","snow_rate":0,"app_temp":11.4,"pres":1014.22565,"azimuth":61.49,"dewpt":8.5,"uv":0.6,"elev_angle":7.9,"wind_dir":172,"weather":{"icon":"c04d","code":804,"description":"Overcast clouds"},"ghi":93,"dhi":43.22,"timestamp_local":"2022-06-17T06:15:00","solar_rad":58.076275,"vis":10,"dni":380.22,"temp":11.4,"slp":1024.25,"clouds":98,"ts":1655439300},{"precip_rate":0,"rh":80,"wind_spd":2.2,"timestamp_utc":"2022-06-17T04:30:00","snow_rate":0,"app_temp":12.2,"pres":1014.499,"azimuth":64.28,"dewpt":8.9,"uv":0.6,"elev_angle":9.96,"wind_dir":175,"weather":{"icon":"c04d","code":804,"description":"Overcast clouds"},"ghi":125.4,"dhi":49.52,"timestamp_local":"2022-06-17T06:30:00","solar_rad":65.85141,"vis":10,"dni":438.79,"temp":12.2,"slp":1024.5,"clouds":99,"ts":1655440200},{"precip_rate":0,"rh":77,"wind_spd":2.3,"timestamp_utc":"2022-06-17T04:45:00","snow_rate":0,"app_temp":12.9,"pres":1014.7724,"azimuth":67.08,"dewpt":9,"uv":0.6,"elev_angle":12.03,"wind_dir":178,"weather":{"icon":"c04d","code":804,"description":"Overcast clouds"},"ghi":157.8,"dhi":55.82,"timestamp_local":"2022-06-17T06:45:00","solar_rad":71.6,"vis":10,"dni":497.35,"temp":12.9,"slp":1024.75,"clouds":100,"ts":1655441100},{"precip_rate":0,"rh":75,"wind_spd":2.4,"timestamp_utc":"2022-06-17T05:00:00","snow_rate":0,"app_temp":13.7,"pres":1015.0458,"azimuth":69.87,"dewpt":9.4,"uv":0.6,"elev_angle":14.09,"wind_dir":180,"weather":{"icon":"c04d","code":804,"description":"Overcast clouds"},"ghi":190.1,"dhi":62.12,"timestamp_local":"2022-06-17T07:00:00","solar_rad":81.13,"vis":10,"dni":555.92,"temp":13.7,"slp":1025,"clouds":100,"ts":1655442000},{"precip_rate":0,"rh":72,"wind_spd":2.4,"timestamp_utc":"2022-06-17T05:15:00","snow_rate":0,"app_temp":14.3,"pres":1015.06793,"azimuth":72.65,"dewpt":9.4,"uv":0.6,"elev_angle":16.31,"wind_dir":183,"weather":{"icon":"c04d","code":804,"description":"Overcast clouds"},"ghi":228.2,"dhi":66.61,"timestamp_local":"2022-06-17T07:15:00","solar_rad":89.43,"vis":10,"dni":589.18,"temp":14.3,"slp":1025,"clouds":100,"ts":1655442900},{"precip_rate":0,"rh":70,"wind_spd":2.4,"timestamp_utc":"2022-06-17T05:30:00","snow_rate":0,"app_temp":15,"pres":1015.0901,"azimuth":75.43,"dewpt":9.6,"uv":0.7,"elev_angle":18.53,"wind_dir":186,"weather":{"icon":"c04d","code":804,"description":"Overcast clouds"},"ghi":266.3,"dhi":71.1,"timestamp_local":"2022-06-17T07:30:00","solar_rad":97.729996,"vis":10,"dni":622.45,"temp":15,"slp":1025,"clouds":100,"ts":1655443800},{"precip_rate":0,"rh":68,"wind_spd":2.4,"timestamp_utc":"2022-06-17T05:45:00","snow_rate":0,"app_temp":15.7,"pres":1015.11224,"azimuth":78.2,"dewpt":9.8,"uv":0.7,"elev_angle":20.75,"wind_dir":189,"weather":{"icon":"c04d","code":804,"description":"Overcast clouds"},"ghi":304.4,"dhi":75.59,"timestamp_local":"2022-06-17T07:45:00","solar_rad":106.03,"vis":10,"dni":655.71,"temp":15.7,"slp":1025,"clouds":100,"ts":1655444700},{"precip_rate":0,"rh":65,"wind_spd":2.4,"timestamp_utc":"2022-06-17T06:00:00","snow_rate":0,"app_temp":16.3,"pres":1015.1344,"azimuth":80.98,"dewpt":9.7,"uv":0.8,"elev_angle":22.97,"wind_dir":192,"weather":{"icon":"c04d","code":804,"description":"Overcast clouds"},"ghi":342.5,"dhi":80.08,"timestamp_local":"2022-06-17T08:00:00","solar_rad":114.33,"vis":10,"dni":688.97,"temp":16.3,"slp":1025,"clouds":100,"ts":1655445600},{"precip_rate":0,"rh":63,"wind_spd":2.3,"timestamp_utc":"2022-06-17T06:15:00","snow_rate":0,"app_temp":16.9,"pres":1015.1562,"azimuth":83.88,"dewpt":9.9,"uv":0.8,"elev_angle":25.26,"wind_dir":189,"weather":{"icon":"c04d","code":804,"description":"Overcast clouds"},"ghi":381.6,"dhi":83.46,"timestamp_local":"2022-06-17T08:15:00","solar_rad":121.62,"vis":10,"dni":710.2,"temp":16.9,"slp":1025,"clouds":100,"ts":1655446500},{"precip_rate":0,"rh":62,"wind_spd":2.2,"timestamp_utc":"2022-06-17T06:30:00","snow_rate":0,"app_temp":17.6,"pres":1015.178,"azimuth":86.79,"dewpt":10.2,"uv":0.9,"elev_angle":27.55,"wind_dir":186,"weather":{"icon":"c04d","code":804,"description":"Overcast clouds"},"ghi":420.7,"dhi":86.85,"timestamp_local":"2022-06-17T08:30:00","solar_rad":115.39788,"vis":10,"dni":731.43,"temp":17.6,"slp":1025,"clouds":100,"ts":1655447400},{"precip_rate":0,"rh":60,"wind_spd":2.1,"timestamp_utc":"2022-06-17T06:45:00","snow_rate":0,"app_temp":18.3,"pres":1015.1997,"azimuth":89.69,"dewpt":10.4,"uv":1,"elev_angle":29.83,"wind_dir":183,"weather":{"icon":"c04d","code":804,"description":"Overcast clouds"},"ghi":459.8,"dhi":90.23,"timestamp_local":"2022-06-17T08:45:00","solar_rad":121.38505,"vis":10,"dni":752.66,"temp":18.3,"slp":1025,"clouds":100,"ts":1655448300},{"precip_rate":0,"rh":58,"wind_spd":2,"timestamp_utc":"2022-06-17T07:00:00","snow_rate":0,"app_temp":18.4,"pres":1015.2215,"azimuth":92.59,"dewpt":10.5,"uv":1.1,"elev_angle":32.12,"wind_dir":180,"weather":{"icon":"c04d","code":804,"description":"Overcast clouds"},"ghi":498.9,"dhi":93.61,"timestamp_local":"2022-06-17T09:00:00","solar_rad":127.37584,"vis":10,"dni":773.89,"temp":18.9,"slp":1025,"clouds":100,"ts":1655449200},{"precip_rate":0,"rh":57,"wind_spd":2.1,"timestamp_utc":"2022-06-17T07:15:00","snow_rate":0,"app_temp":18.6,"pres":1014.9831,"azimuth":95.83,"dewpt":10.5,"uv":1.3,"elev_angle":34.38,"wind_dir":178,"weather":{"icon":"c04d","code":804,"description":"Overcast clouds"},"ghi":535.1,"dhi":96.15,"timestamp_local":"2022-06-17T09:15:00","solar_rad":99.65981,"vis":10,"dni":788.03,"temp":19.2,"slp":1024.75,"clouds":96,"ts":1655450100},{"precip_rate":0,"rh":56,"wind_spd":2.2,"timestamp_utc":"2022-06-17T07:30:00","snow_rate":0,"app_temp":18.9,"pres":1014.7446,"azimuth":99.07,"dewpt":10.4,"uv":1.5,"elev_angle":36.65,"wind_dir":176,"weather":{"icon":"c04d","code":804,"description":"Overcast clouds"},"ghi":571.4,"dhi":98.7,"timestamp_local":"2022-06-17T09:30:00","solar_rad":180.8732,"vis":10,"dni":802.16,"temp":19.4,"slp":1024.5,"clouds":91,"ts":1655451000},{"precip_rate":0,"rh":54,"wind_spd":2.3,"timestamp_utc":"2022-06-17T07:45:00","snow_rate":0,"app_temp":19.2,"pres":1014.5062,"azimuth":102.31,"dewpt":10.2,"uv":1.8,"elev_angle":38.91,"wind_dir":174,"weather":{"icon":"c04d","code":804,"description":"Overcast clouds"},"ghi":607.7,"dhi":101.24,"timestamp_local":"2022-06-17T09:45:00","solar_rad":280.18857,"vis":10,"dni":816.3,"temp":19.7,"slp":1024.25,"clouds":86,"ts":1655451900},{"precip_rate":0,"rh":53,"wind_spd":2.4,"timestamp_utc":"2022-06-17T08:00:00","snow_rate":0,"app_temp":19.4,"pres":1014.2678,"azimuth":105.55,"dewpt":10.1,"uv":2.1,"elev_angle":41.17,"wind_dir":172,"weather":{"icon":"c04d","code":804,"description":"Overcast clouds"},"ghi":643.9,"dhi":103.78,"timestamp_local":"2022-06-17T10:00:00","solar_rad":348.76004,"vis":10,"dni":830.43,"temp":20,"slp":1024,"clouds":82,"ts":1655452800},{"precip_rate":0,"rh":52,"wind_spd":2.5,"timestamp_utc":"2022-06-17T08:15:00","snow_rate":0,"app_temp":19.7,"pres":1014.277,"azimuth":109.45,"dewpt":10.1,"uv":2.1,"elev_angle":43.28,"wind_dir":176,"weather":{"icon":"c04d","code":804,"description":"Overcast clouds"},"ghi":674.2,"dhi":105.61,"timestamp_local":"2022-06-17T10:15:00","solar_rad":310.8493,"vis":10,"dni":839.76,"temp":20.3,"slp":1024,"clouds":86,"ts":1655453700},{"precip_rate":0,"rh":50,"wind_spd":2.6,"timestamp_utc":"2022-06-17T08:30:00","snow_rate":0,"app_temp":20,"pres":1014.28613,"azimuth":113.34,"dewpt":9.8,"uv":2.2,"elev_angle":45.39,"wind_dir":180,"weather":{"icon":"c04d","code":804,"description":"Overcast clouds"},"ghi":704.4,"dhi":107.44,"timestamp_local":"2022-06-17T10:30:00","solar_rad":277.8324,"vis":10,"dni":849.09,"temp":20.6,"slp":1024,"clouds":89,"ts":1655454600},{"precip_rate":0,"rh":49,"wind_spd":2.7,"timestamp_utc":"2022-06-17T08:45:00","snow_rate":0,"app_temp":20.2,"pres":1014.2952,"azimuth":117.24,"dewpt":9.7,"uv":2.2,"elev_angle":47.49,"wind_dir":184,"weather":{"icon":"c04d","code":804,"description":"Overcast clouds"},"ghi":734.6,"dhi":109.26,"timestamp_local":"2022-06-17T10:45:00","solar_rad":236.6657,"vis":10,"dni":858.41,"temp":20.8,"slp":1024,"clouds":92,"ts":1655455500},{"precip_rate":0,"rh":48,"wind_spd":2.8,"timestamp_utc":"2022-06-17T09:00:00","snow_rate":0,"app_temp":20.5,"pres":1014.3044,"azimuth":121.13,"dewpt":9.7,"uv":2.2,"elev_angle":49.6,"wind_dir":188,"weather":{"icon":"c04d","code":804,"description":"Overcast clouds"},"ghi":764.8,"dhi":111.09,"timestamp_local":"2022-06-17T11:00:00","solar_rad":165.6817,"vis":10,"dni":867.74,"temp":21.1,"slp":1024,"clouds":96,"ts":1655456400},{"precip_rate":0,"rh":45,"wind_spd":2.7,"timestamp_utc":"2022-06-17T09:15:00","snow_rate":0,"app_temp":21.2,"pres":1014.32544,"azimuth":126.11,"dewpt":9.3,"uv":2.2,"elev_angle":51.33,"wind_dir":185,"weather":{"icon":"c04d","code":804,"description":"Overcast clouds"},"ghi":786.4,"dhi":112.28,"timestamp_local":"2022-06-17T11:15:00","solar_rad":148.2689,"vis":10,"dni":873.44,"temp":21.8,"slp":1024,"clouds":97,"ts":1655457300},{"precip_rate":0,"rh":42,"wind_spd":2.6,"timestamp_utc":"2022-06-17T09:30:00","snow_rate":0,"app_temp":21.8,"pres":1014.3465,"azimuth":131.09,"dewpt":8.9,"uv":2.3,"elev_angle":53.07,"wind_dir":182,"weather":{"icon":"c04d","code":804,"description":"Overcast clouds"},"ghi":808,"dhi":113.47,"timestamp_local":"2022-06-17T11:30:00","solar_rad":129.07387,"vis":10,"dni":879.14,"temp":22.4,"slp":1024,"clouds":98,"ts":1655458200},{"precip_rate":0,"rh":39,"wind_spd":2.5,"timestamp_utc":"2022-06-17T09:45:00","snow_rate":0,"app_temp":22.4,"pres":1014.36755,"azimuth":136.06,"dewpt":8.4,"uv":2.4,"elev_angle":54.8,"wind_dir":179,"weather":{"icon":"c04d","code":804,"description":"Overcast clouds"},"ghi":829.5,"dhi":114.65,"timestamp_local":"2022-06-17T11:45:00","solar_rad":132.50838,"vis":10,"dni":884.84,"temp":23.1,"slp":1024,"clouds":98,"ts":1655459100},{"precip_rate":0,"rh":36,"wind_spd":2.4,"timestamp_utc":"2022-06-17T10:00:00","snow_rate":0,"app_temp":23.1,"pres":1014.3886,"azimuth":141.04,"dewpt":7.8,"uv":2.5,"elev_angle":56.53,"wind_dir":176,"weather":{"icon":"c04d","code":804,"description":"Overcast clouds"},"ghi":851.1,"dhi":115.84,"timestamp_local":"2022-06-17T12:00:00","solar_rad":226.68259,"vis":10,"dni":890.54,"temp":23.7,"slp":1024,"clouds":99,"ts":1655460000},{"precip_rate":0,"rh":35,"wind_spd":2.4,"timestamp_utc":"2022-06-17T10:15:00","snow_rate":0,"app_temp":23.3,"pres":1014.14984,"azimuth":147.39,"dewpt":7.6,"uv":2.5,"elev_angle":57.55,"wind_dir":182,"weather":{"icon":"c04d","code":804,"description":"Overcast clouds"},"ghi":862.3,"dhi":116.42,"timestamp_local":"2022-06-17T12:15:00","solar_rad":228.72122,"vis":10,"dni":893.23,"temp":24,"slp":1023.75,"clouds":99,"ts":1655460900},{"precip_rate":0,"rh":34,"wind_spd":2.4,"timestamp_utc":"2022-06-17T10:30:00","snow_rate":0,"app_temp":23.6,"pres":1013.91113,"azimuth":153.74,"dewpt":7.4,"uv":2.7,"elev_angle":58.58,"wind_dir":187,"weather":{"icon":"c04d","code":804,"description":"Overcast clouds"},"ghi":873.4,"dhi":117,"timestamp_local":"2022-06-17T12:30:00","solar_rad":139.52118,"vis":10,"dni":895.93,"temp":24.3,"slp":1023.5,"clouds":98,"ts":1655461800},{"precip_rate":0,"rh":34,"wind_spd":2.4,"timestamp_utc":"2022-06-17T10:45:00","snow_rate":0,"app_temp":23.9,"pres":1013.67236,"azimuth":160.09,"dewpt":7.6,"uv":2.7,"elev_angle":59.6,"wind_dir":192,"weather":{"icon":"c04d","code":804,"description":"Overcast clouds"},"ghi":884.5,"dhi":117.57,"timestamp_local":"2022-06-17T12:45:00","solar_rad":141.29434,"vis":10,"dni":898.62,"temp":24.5,"slp":1023.25,"clouds":98,"ts":1655462700},{"precip_rate":0,"rh":33,"wind_spd":2.4,"timestamp_utc":"2022-06-17T11:00:00","snow_rate":0,"app_temp":24.2,"pres":1013.4336,"azimuth":166.44,"dewpt":7.4,"uv":2.8,"elev_angle":60.62,"wind_dir":198,"weather":{"icon":"c04d","code":804,"description":"Overcast clouds"},"ghi":895.7,"dhi":118.15,"timestamp_local":"2022-06-17T13:00:00","solar_rad":143.0835,"vis":10,"dni":901.31,"temp":24.8,"slp":1023,"clouds":98,"ts":1655463600},{"precip_rate":0.25,"rh":32,"wind_spd":2.5,"timestamp_utc":"2022-06-17T11:15:00","snow_rate":0,"app_temp":24.5,"pres":1013.44244,"azimuth":173.5,"dewpt":7.2,"uv":2.8,"elev_angle":60.6,"wind_dir":206,"weather":{"icon":"c04d","code":804,"description":"Overcast clouds"},"ghi":895.5,"dhi":118.14,"timestamp_local":"2022-06-17T13:15:00","solar_rad":143.05154,"vis":10,"dni":901.26,"temp":25.1,"slp":1023,"clouds":98,"ts":1655464500},{"precip_rate":0.5,"rh":31,"wind_spd":2.6,"timestamp_utc":"2022-06-17T11:30:00","snow_rate":0,"app_temp":24.7,"pres":1013.4513,"azimuth":180.55,"dewpt":7,"uv":2.8,"elev_angle":60.58,"wind_dir":214,"weather":{"icon":"c04d","code":804,"description":"Overcast clouds"},"ghi":895.2,"dhi":118.13,"timestamp_local":"2022-06-17T13:30:00","solar_rad":143.00362,"vis":10,"dni":901.21,"temp":25.3,"slp":1023,"clouds":98,"ts":1655465400},{"precip_rate":0.25,"rh":30,"wind_spd":2.7,"timestamp_utc":"2022-06-17T11:45:00","snow_rate":0,"app_temp":25,"pres":1013.4601,"azimuth":187.61,"dewpt":6.8,"uv":2.8,"elev_angle":60.55,"wind_dir":222,"weather":{"icon":"c04d","code":804,"description":"Overcast clouds"},"ghi":895,"dhi":118.11,"timestamp_local":"2022-06-17T13:45:00","solar_rad":142.97166,"vis":10,"dni":901.15,"temp":25.6,"slp":1023,"clouds":98,"ts":1655466300},{"precip_rate":0,"rh":29,"wind_spd":2.8,"timestamp_utc":"2022-06-17T12:00:00","snow_rate":0,"app_temp":25.3,"pres":1013.46893,"azimuth":194.66,"dewpt":6.5,"uv":2.8,"elev_angle":60.53,"wind_dir":230,"weather":{"icon":"c04d","code":804,"description":"Overcast clouds"},"ghi":894.8,"dhi":118.1,"timestamp_local":"2022-06-17T14:00:00","solar_rad":142.93971,"vis":10,"dni":901.1,"temp":25.9,"slp":1023,"clouds":98,"ts":1655467200},{"precip_rate":0,"rh":29,"wind_spd":2.7,"timestamp_utc":"2022-06-17T12:15:00","snow_rate":0,"app_temp":25.4,"pres":1013.2242,"azimuth":200.96,"dewpt":6.6,"uv":2.7,"elev_angle":59.47,"wind_dir":230,"weather":{"icon":"c04d","code":804,"description":"Overcast clouds"},"ghi":883.2,"dhi":117.5,"timestamp_local":"2022-06-17T14:15:00","solar_rad":141.08669,"vis":10,"dni":898.3,"temp":26,"slp":1022.75,"clouds":98,"ts":1655468100},{"precip_rate":0,"rh":29,"wind_spd":2.6,"timestamp_utc":"2022-06-17T12:30:00","snow_rate":0,"app_temp":25.5,"pres":1012.97943,"azimuth":207.26,"dewpt":6.7,"uv":2.6,"elev_angle":58.42,"wind_dir":229,"weather":{"icon":"c04d","code":804,"description":"Overcast clouds"},"ghi":871.6,"dhi":116.9,"timestamp_local":"2022-06-17T14:30:00","solar_rad":230.4124,"vis":10,"dni":895.49,"temp":26.1,"slp":1022.5,"clouds":99,"ts":1655469000},{"precip_rate":0,"rh":29,"wind_spd":2.5,"timestamp_utc":"2022-06-17T12:45:00","snow_rate":0,"app_temp":25.6,"pres":1012.7347,"azimuth":213.56,"dewpt":6.8,"uv":2.5,"elev_angle":57.36,"wind_dir":228,"weather":{"icon":"c04d","code":804,"description":"Overcast clouds"},"ghi":860,"dhi":116.29,"timestamp_local":"2022-06-17T14:45:00","solar_rad":202.29,"vis":10,"dni":892.69,"temp":26.2,"slp":1022.25,"clouds":100,"ts":1655469900},{"precip_rate":0,"rh":29,"wind_spd":2.4,"timestamp_utc":"2022-06-17T13:00:00","snow_rate":0,"app_temp":25.7,"pres":1012.4899,"azimuth":219.86,"dewpt":6.9,"uv":2.4,"elev_angle":56.3,"wind_dir":228,"weather":{"icon":"c04d","code":804,"description":"Overcast clouds"},"ghi":848.5,"dhi":115.69,"timestamp_local":"2022-06-17T15:00:00","solar_rad":200.54,"vis":10,"dni":889.88,"temp":26.3,"slp":1022,"clouds":100,"ts":1655470800},{"precip_rate":0,"rh":29,"wind_spd":2.4,"timestamp_utc":"2022-06-17T13:15:00","snow_rate":0,"app_temp":25.9,"pres":1012.4958,"azimuth":224.79,"dewpt":7,"uv":2.3,"elev_angle":54.55,"wind_dir":228,"weather":{"icon":"c04d","code":804,"description":"Overcast clouds"},"ghi":826.5,"dhi":114.48,"timestamp_local":"2022-06-17T15:15:00","solar_rad":197.13,"vis":10,"dni":884.05,"temp":26.5,"slp":1022,"clouds":100,"ts":1655471700},{"precip_rate":0,"rh":29,"wind_spd":2.4,"timestamp_utc":"2022-06-17T13:30:00","snow_rate":0,"app_temp":26.1,"pres":1012.5016,"azimuth":229.72,"dewpt":7.2,"uv":2.2,"elev_angle":52.79,"wind_dir":227,"weather":{"icon":"c04d","code":804,"description":"Overcast clouds"},"ghi":804.6,"dhi":113.28,"timestamp_local":"2022-06-17T15:30:00","solar_rad":193.74,"vis":10,"dni":878.22,"temp":26.6,"slp":1022,"clouds":100,"ts":1655472600},{"precip_rate":0,"rh":29,"wind_spd":2.4,"timestamp_utc":"2022-06-17T13:45:00","snow_rate":0,"app_temp":26.3,"pres":1012.50745,"azimuth":234.64,"dewpt":7.3,"uv":2.1,"elev_angle":51.04,"wind_dir":226,"weather":{"icon":"c04d","code":804,"description":"Overcast clouds"},"ghi":782.6,"dhi":112.07,"timestamp_local":"2022-06-17T15:45:00","solar_rad":190.33,"vis":10,"dni":872.39,"temp":26.8,"slp":1022,"clouds":100,"ts":1655473500},{"precip_rate":0,"rh":29,"wind_spd":2.4,"timestamp_utc":"2022-06-17T14:00:00","snow_rate":0,"app_temp":26.4,"pres":1012.5133,"azimuth":239.57,"dewpt":7.5,"uv":2,"elev_angle":49.28,"wind_dir":226,"weather":{"icon":"c04d","code":804,"description":"Overcast clouds"},"ghi":760.6,"dhi":110.86,"timestamp_local":"2022-06-17T16:00:00","solar_rad":186.92,"vis":10,"dni":866.56,"temp":27,"slp":1022,"clouds":100,"ts":1655474400},{"precip_rate":0,"rh":29,"wind_spd":2.4,"timestamp_utc":"2022-06-17T14:15:00","snow_rate":0,"app_temp":26.4,"pres":1012.51624,"azimuth":243.43,"dewpt":7.5,"uv":1.9,"elev_angle":47.17,"wind_dir":222,"weather":{"icon":"c04d","code":804,"description":"Overcast clouds"},"ghi":730.1,"dhi":109,"timestamp_local":"2022-06-17T16:15:00","solar_rad":182.01001,"vis":10,"dni":857.07,"temp":27.1,"slp":1022,"clouds":100,"ts":1655475300},{"precip_rate":0,"rh":29,"wind_spd":2.4,"timestamp_utc":"2022-06-17T14:30:00","snow_rate":0,"app_temp":26.5,"pres":1012.5191,"azimuth":247.29,"dewpt":7.6,"uv":1.8,"elev_angle":45.05,"wind_dir":219,"weather":{"icon":"c04d","code":804,"description":"Overcast clouds"},"ghi":699.6,"dhi":107.15,"timestamp_local":"2022-06-17T16:30:00","solar_rad":198.26207,"vis":10,"dni":847.59,"temp":27.2,"slp":1022,"clouds":99,"ts":1655476200},{"precip_rate":0,"rh":29,"wind_spd":2.4,"timestamp_utc":"2022-06-17T14:45:00","snow_rate":0,"app_temp":26.6,"pres":1012.522,"azimuth":251.15,"dewpt":7.7,"uv":1.7,"elev_angle":42.94,"wind_dir":216,"weather":{"icon":"c04d","code":804,"description":"Overcast clouds"},"ghi":669.1,"dhi":105.29,"timestamp_local":"2022-06-17T16:45:00","solar_rad":106.8853,"vis":10,"dni":838.1,"temp":27.3,"slp":1022,"clouds":98,"ts":1655477100},{"precip_rate":0,"rh":29,"wind_spd":2.4,"timestamp_utc":"2022-06-17T15:00:00","snow_rate":0,"app_temp":26.6,"pres":1012.5249,"azimuth":255.01,"dewpt":7.8,"uv":1.6,"elev_angle":40.82,"wind_dir":212,"weather":{"icon":"c04d","code":804,"description":"Overcast clouds"},"ghi":638.6,"dhi":103.43,"timestamp_local":"2022-06-17T17:00:00","solar_rad":205.44308,"vis":10,"dni":828.61,"temp":27.4,"slp":1022,"clouds":98,"ts":1655478000},{"precip_rate":0,"rh":29,"wind_spd":2.4,"timestamp_utc":"2022-06-17T15:15:00","snow_rate":0,"app_temp":26.6,"pres":1012.2772,"azimuth":258.23,"dewpt":7.8,"uv":1.4,"elev_angle":38.56,"wind_dir":211,"weather":{"icon":"c04d","code":804,"description":"Overcast clouds"},"ghi":602.2,"dhi":100.86,"timestamp_local":"2022-06-17T17:15:00","solar_rad":197.05836,"vis":10,"dni":814.25,"temp":27.4,"slp":1021.75,"clouds":98,"ts":1655478900},{"precip_rate":0,"rh":28,"wind_spd":2.4,"timestamp_utc":"2022-06-17T15:30:00","snow_rate":0,"app_temp":26.6,"pres":1012.02954,"azimuth":261.46,"dewpt":7.3,"uv":1.3,"elev_angle":36.29,"wind_dir":210,"weather":{"icon":"c04d","code":804,"description":"Overcast clouds"},"ghi":565.7,"dhi":98.29,"timestamp_local":"2022-06-17T17:30:00","solar_rad":188.65767,"vis":10,"dni":799.89,"temp":27.4,"slp":1021.5,"clouds":98,"ts":1655479800},{"precip_rate":0,"rh":28,"wind_spd":2.4,"timestamp_utc":"2022-06-17T15:45:00","snow_rate":0,"app_temp":26.6,"pres":1011.78186,"azimuth":264.68,"dewpt":7.3,"uv":1.2,"elev_angle":34.03,"wind_dir":209,"weather":{"icon":"c04d","code":804,"description":"Overcast clouds"},"ghi":529.3,"dhi":95.72,"timestamp_local":"2022-06-17T17:45:00","solar_rad":164.65312,"vis":10,"dni":785.53,"temp":27.4,"slp":1021.25,"clouds":99,"ts":1655480700},{"precip_rate":0,"rh":28,"wind_spd":2.4,"timestamp_utc":"2022-06-17T16:00:00","snow_rate":0,"app_temp":26.6,"pres":1011.5342,"azimuth":267.9,"dewpt":7.3,"uv":1.1,"elev_angle":31.76,"wind_dir":208,"weather":{"icon":"c04d","code":804,"description":"Overcast clouds"},"ghi":492.9,"dhi":93.15,"timestamp_local":"2022-06-17T18:00:00","solar_rad":157.34259,"vis":10,"dni":771.17,"temp":27.4,"slp":1021,"clouds":99,"ts":1655481600},{"precip_rate":0,"rh":28,"wind_spd":2.4,"timestamp_utc":"2022-06-17T16:15:00","snow_rate":0,"app_temp":26.5,"pres":1011.53125,"azimuth":270.8,"dewpt":7.2,"uv":1,"elev_angle":29.47,"wind_dir":208,"weather":{"icon":"c04d","code":804,"description":"Overcast clouds"},"ghi":453.7,"dhi":89.73,"timestamp_local":"2022-06-17T18:15:00","solar_rad":148.8174,"vis":10,"dni":749.59,"temp":27.3,"slp":1021,"clouds":99,"ts":1655482500},{"precip_rate":0,"rh":29,"wind_spd":2.4,"timestamp_utc":"2022-06-17T16:30:00","snow_rate":0,"app_temp":26.5,"pres":1011.5284,"azimuth":273.69,"dewpt":7.6,"uv":0.9,"elev_angle":27.19,"wind_dir":207,"weather":{"icon":"c04d","code":804,"description":"Overcast clouds"},"ghi":414.6,"dhi":86.31,"timestamp_local":"2022-06-17T18:30:00","solar_rad":127.77,"vis":10,"dni":728.02,"temp":27.2,"slp":1021,"clouds":100,"ts":1655483400},{"precip_rate":0,"rh":30,"wind_spd":2.4,"timestamp_utc":"2022-06-17T16:45:00","snow_rate":0,"app_temp":26.5,"pres":1011.5255,"azimuth":276.59,"dewpt":8,"uv":0.8,"elev_angle":24.9,"wind_dir":206,"weather":{"icon":"c04d","code":804,"description":"Overcast clouds"},"ghi":375.5,"dhi":82.89,"timestamp_local":"2022-06-17T18:45:00","solar_rad":120.44,"vis":10,"dni":706.44,"temp":27.1,"slp":1021,"clouds":100,"ts":1655484300},{"precip_rate":0,"rh":30,"wind_spd":2.4,"timestamp_utc":"2022-06-17T17:00:00","snow_rate":0,"app_temp":26.4,"pres":1011.5226,"azimuth":279.48,"dewpt":8,"uv":0.8,"elev_angle":22.61,"wind_dir":206,"weather":{"icon":"c04d","code":804,"description":"Overcast clouds"},"ghi":336.4,"dhi":79.47,"timestamp_local":"2022-06-17T19:00:00","solar_rad":113.11,"vis":10,"dni":684.86,"temp":27,"slp":1021,"clouds":100,"ts":1655485200},{"precip_rate":0,"rh":31,"wind_spd":2.3,"timestamp_utc":"2022-06-17T17:15:00","snow_rate":0,"app_temp":26.4,"pres":1011.5167,"azimuth":282.26,"dewpt":8.3,"uv":0.7,"elev_angle":20.4,"wind_dir":201,"weather":{"icon":"c04d","code":804,"description":"Overcast clouds"},"ghi":298.4,"dhi":74.93,"timestamp_local":"2022-06-17T19:15:00","solar_rad":104.77,"vis":10,"dni":650.96,"temp":26.8,"slp":1021,"clouds":100,"ts":1655486100},{"precip_rate":0,"rh":32,"wind_spd":2.2,"timestamp_utc":"2022-06-17T17:30:00","snow_rate":0,"app_temp":26.2,"pres":1011.5109,"azimuth":285.03,"dewpt":8.6,"uv":0.7,"elev_angle":18.19,"wind_dir":196,"weather":{"icon":"c04d","code":804,"description":"Overcast clouds"},"ghi":260.5,"dhi":70.39,"timestamp_local":"2022-06-17T19:30:00","solar_rad":96.44,"vis":10,"dni":617.07,"temp":26.6,"slp":1021,"clouds":100,"ts":1655487000},{"precip_rate":0,"rh":34,"wind_spd":2.1,"timestamp_utc":"2022-06-17T17:45:00","snow_rate":0,"app_temp":26.1,"pres":1011.5051,"azimuth":287.81,"dewpt":9.3,"uv":0.6,"elev_angle":15.97,"wind_dir":191,"weather":{"icon":"c04d","code":804,"description":"Overcast clouds"},"ghi":222.5,"dhi":65.84,"timestamp_local":"2022-06-17T19:45:00","solar_rad":88.09,"vis":10,"dni":583.17,"temp":26.5,"slp":1021,"clouds":100,"ts":1655487900},{"precip_rate":0,"rh":35,"wind_spd":2,"timestamp_utc":"2022-06-17T18:00:00","snow_rate":0,"app_temp":25.9,"pres":1011.49927,"azimuth":290.58,"dewpt":9.6,"uv":0.6,"elev_angle":13.76,"wind_dir":186,"weather":{"icon":"c04d","code":804,"description":"Overcast clouds"},"ghi":184.5,"dhi":61.3,"timestamp_local":"2022-06-17T20:00:00","solar_rad":79.75,"vis":10,"dni":549.27,"temp":26.3,"slp":1021,"clouds":100,"ts":1655488800},{"precip_rate":0,"rh":36,"wind_spd":2.1,"timestamp_utc":"2022-06-17T18:15:00","snow_rate":0,"app_temp":25.5,"pres":1011.23987,"azimuth":293.38,"dewpt":9.7,"uv":0.6,"elev_angle":11.7,"wind_dir":180,"weather":{"icon":"c04d","code":804,"description":"Overcast clouds"},"ghi":152.5,"dhi":54.9,"timestamp_local":"2022-06-17T20:15:00","solar_rad":74.760765,"vis":10,"dni":489.21,"temp":25.9,"slp":1020.75,"clouds":99,"ts":1655489700},{"precip_rate":0,"rh":38,"wind_spd":2.2,"timestamp_utc":"2022-06-17T18:30:00","snow_rate":0,"app_temp":25.2,"pres":1010.98047,"azimuth":296.18,"dewpt":10.2,"uv":0.6,"elev_angle":9.65,"wind_dir":173,"weather":{"icon":"c04d","code":804,"description":"Overcast clouds"},"ghi":120.5,"dhi":48.51,"timestamp_local":"2022-06-17T20:30:00","solar_rad":67.759254,"vis":10,"dni":429.14,"temp":25.6,"slp":1020.5,"clouds":98,"ts":1655490600},{"precip_rate":0,"rh":40,"wind_spd":2.3,"timestamp_utc":"2022-06-17T18:45:00","snow_rate":0,"app_temp":24.8,"pres":1010.72107,"azimuth":298.98,"dewpt":10.6,"uv":0.6,"elev_angle":7.59,"wind_dir":166,"weather":{"icon":"c04d","code":804,"description":"Overcast clouds"},"ghi":88.5,"dhi":42.11,"timestamp_local":"2022-06-17T20:45:00","solar_rad":55.681194,"vis":10,"dni":369.08,"temp":25.2,"slp":1020.25,"clouds":97,"ts":1655491500},{"precip_rate":0,"rh":41,"wind_spd":2.4,"timestamp_utc":"2022-06-17T19:00:00","snow_rate":0,"app_temp":24.4,"pres":1010.4617,"azimuth":301.78,"dewpt":10.7,"uv":0.6,"elev_angle":5.53,"wind_dir":160,"weather":{"icon":"c04d","code":804,"description":"Overcast clouds"},"ghi":56.5,"dhi":35.71,"timestamp_local":"2022-06-17T21:00:00","solar_rad":45.86589,"vis":10,"dni":309.01,"temp":24.8,"slp":1020,"clouds":96,"ts":1655492400},{"precip_rate":0,"rh":42,"wind_spd":2.6,"timestamp_utc":"2022-06-17T19:15:00","snow_rate":0,"app_temp":23.9,"pres":1010.44684,"azimuth":304.7,"dewpt":10.6,"uv":0.6,"elev_angle":3.72,"wind_dir":160,"weather":{"icon":"c04n","code":804,"description":"Overcast clouds"},"ghi":42.4,"dhi":26.78,"timestamp_local":"2022-06-17T21:15:00","solar_rad":35.566593,"vis":10,"dni":231.76,"temp":24.3,"slp":1020,"clouds":95,"ts":1655493300},{"precip_rate":0,"rh":44,"wind_spd":2.8,"timestamp_utc":"2022-06-17T19:30:00","snow_rate":0,"app_temp":23.5,"pres":1010.432,"azimuth":307.63,"dewpt":10.9,"uv":0.6,"elev_angle":1.9,"wind_dir":160,"weather":{"icon":"c04n","code":804,"description":"Overcast clouds"},"ghi":28.3,"dhi":17.86,"timestamp_local":"2022-06-17T21:30:00","solar_rad":24.45952,"vis":10,"dni":154.51,"temp":23.9,"slp":1020,"clouds":94,"ts":1655494200},{"precip_rate":0,"rh":45,"wind_spd":3,"timestamp_utc":"2022-06-17T19:45:00","snow_rate":0,"app_temp":23,"pres":1010.4172,"azimuth":310.55,"dewpt":10.8,"uv":0.6,"elev_angle":0.09,"wind_dir":160,"weather":{"icon":"c04n","code":804,"description":"Overcast clouds"},"ghi":14.1,"dhi":8.93,"timestamp_local":"2022-06-17T21:45:00","solar_rad":12.219812,"vis":10,"dni":77.25,"temp":23.4,"slp":1020,"clouds":94,"ts":1655495100},{"precip_rate":0,"rh":46,"wind_spd":3.2,"timestamp_utc":"2022-06-17T20:00:00","snow_rate":0,"app_temp":22.6,"pres":1010.40234,"azimuth":313.47,"dewpt":10.8,"uv":0,"elev_angle":-1.73,"wind_dir":160,"weather":{"icon":"c04n","code":804,"description":"Overcast clouds"},"ghi":0,"dhi":0,"timestamp_local":"2022-06-17T22:00:00","solar_rad":0,"vis":10,"dni":0,"temp":23,"slp":1020,"clouds":93,"ts":1655496000},{"precip_rate":0,"rh":47,"wind_spd":3.3,"timestamp_utc":"2022-06-17T20:15:00","snow_rate":0,"app_temp":22.2,"pres":1010.1427,"azimuth":316.59,"dewpt":10.7,"uv":0,"elev_angle":-3.22,"wind_dir":162,"weather":{"icon":"c04n","code":804,"description":"Overcast clouds"},"ghi":0,"dhi":0,"timestamp_local":"2022-06-17T22:15:00","solar_rad":0,"vis":10,"dni":0,"temp":22.6,"slp":1019.75,"clouds":89,"ts":1655496900},{"precip_rate":0,"rh":48,"wind_spd":3.4,"timestamp_utc":"2022-06-17T20:30:00","snow_rate":0,"app_temp":21.8,"pres":1009.88306,"azimuth":319.7,"dewpt":10.7,"uv":0,"elev_angle":-4.7,"wind_dir":164,"weather":{"icon":"c04n","code":804,"description":"Overcast clouds"},"ghi":0,"dhi":0,"timestamp_local":"2022-06-17T22:30:00","solar_rad":0,"vis":10,"dni":0,"temp":22.3,"slp":1019.5,"clouds":84,"ts":1655497800},{"precip_rate":0,"rh":49,"wind_spd":3.5,"timestamp_utc":"2022-06-17T20:45:00","snow_rate":0,"app_temp":21.4,"pres":1009.6234,"azimuth":322.82,"dewpt":10.7,"uv":0,"elev_angle":-6.19,"wind_dir":166,"weather":{"icon":"c04n","code":804,"description":"Overcast clouds"},"ghi":0,"dhi":0,"timestamp_local":"2022-06-17T22:45:00","solar_rad":0,"vis":10,"dni":0,"temp":21.9,"slp":1019.25,"clouds":80,"ts":1655498700},{"precip_rate":0,"rh":50,"wind_spd":3.6,"timestamp_utc":"2022-06-17T21:00:00","snow_rate":0,"app_temp":21,"pres":1009.3638,"azimuth":325.93,"dewpt":10.6,"uv":0,"elev_angle":-7.67,"wind_dir":168,"weather":{"icon":"c04n","code":804,"description":"Overcast clouds"},"ghi":0,"dhi":0,"timestamp_local":"2022-06-17T23:00:00","solar_rad":0,"vis":10,"dni":0,"temp":21.5,"slp":1019,"clouds":76,"ts":1655499600},{"precip_rate":0,"rh":52,"wind_spd":3.5,"timestamp_utc":"2022-06-17T21:15:00","snow_rate":0,"app_temp":20.8,"pres":1009.35474,"azimuth":329.25,"dewpt":11,"uv":0,"elev_angle":-8.73,"wind_dir":172,"weather":{"icon":"c04n","code":804,"description":"Overcast clouds"},"ghi":0,"dhi":0,"timestamp_local":"2022-06-17T23:15:00","solar_rad":0,"vis":10,"dni":0,"temp":21.2,"slp":1019,"clouds":72,"ts":1655500500},{"precip_rate":0,"rh":54,"wind_spd":3.4,"timestamp_utc":"2022-06-17T21:30:00","snow_rate":0,"app_temp":20.5,"pres":1009.34564,"azimuth":332.58,"dewpt":11.3,"uv":0,"elev_angle":-9.78,"wind_dir":176,"weather":{"icon":"c03n","code":803,"description":"Broken clouds"},"ghi":0,"dhi":0,"timestamp_local":"2022-06-17T23:30:00","solar_rad":0,"vis":10,"dni":0,"temp":20.9,"slp":1019,"clouds":68,"ts":1655501400},{"precip_rate":0,"rh":56,"wind_spd":3.3,"timestamp_utc":"2022-06-17T21:45:00","snow_rate":0,"app_temp":20.3,"pres":1009.33655,"azimuth":335.9,"dewpt":11.6,"uv":0,"elev_angle":-10.84,"wind_dir":180,"weather":{"icon":"c03n","code":803,"description":"Broken clouds"},"ghi":0,"dhi":0,"timestamp_local":"2022-06-17T23:45:00","solar_rad":0,"vis":10,"dni":0,"temp":20.7,"slp":1019,"clouds":64,"ts":1655502300},{"precip_rate":0,"rh":58,"wind_spd":3.2,"timestamp_utc":"2022-06-17T22:00:00","snow_rate":0,"app_temp":20,"pres":1009.3275,"azimuth":339.22,"dewpt":11.9,"uv":0,"elev_angle":-11.89,"wind_dir":184,"weather":{"icon":"c03n","code":803,"description":"Broken clouds"},"ghi":0,"dhi":0,"timestamp_local":"2022-06-18T00:00:00","solar_rad":0,"vis":10,"dni":0,"temp":20.4,"slp":1019,"clouds":60,"ts":1655503200},{"precip_rate":0,"rh":59,"wind_spd":3.3,"timestamp_utc":"2022-06-17T22:15:00","snow_rate":0,"app_temp":19.8,"pres":1009.0738,"azimuth":342.71,"dewpt":11.9,"uv":0,"elev_angle":-12.44,"wind_dir":186,"weather":{"icon":"c03n","code":803,"description":"Broken clouds"},"ghi":0,"dhi":0,"timestamp_local":"2022-06-18T00:15:00","solar_rad":0,"vis":10,"dni":0,"temp":20.2,"slp":1018.75,"clouds":52,"ts":1655504100},{"precip_rate":0,"rh":60,"wind_spd":3.4,"timestamp_utc":"2022-06-17T22:30:00","snow_rate":0,"app_temp":19.6,"pres":1008.82007,"azimuth":346.19,"dewpt":12,"uv":0,"elev_angle":-12.99,"wind_dir":189,"weather":{"icon":"c03n","code":803,"description":"Broken clouds"},"ghi":0,"dhi":0,"timestamp_local":"2022-06-18T00:30:00","solar_rad":0,"vis":10,"dni":0,"temp":20,"slp":1018.5,"clouds":45,"ts":1655505000},{"precip_rate":0,"rh":60,"wind_spd":3.5,"timestamp_utc":"2022-06-17T22:45:00","snow_rate":0,"app_temp":19.4,"pres":1008.5664,"azimuth":349.68,"dewpt":11.8,"uv":0,"elev_angle":-13.53,"wind_dir":192,"weather":{"icon":"c02n","code":802,"description":"Scattered clouds"},"ghi":0,"dhi":0,"timestamp_local":"2022-06-18T00:45:00","solar_rad":0,"vis":10,"dni":0,"temp":19.8,"slp":1018.25,"clouds":38,"ts":1655505900},{"precip_rate":0,"rh":61,"wind_spd":3.6,"timestamp_utc":"2022-06-17T23:00:00","snow_rate":0,"app_temp":19.2,"pres":1008.3127,"azimuth":353.16,"dewpt":11.9,"uv":0,"elev_angle":-14.08,"wind_dir":194,"weather":{"icon":"c02n","code":802,"description":"Scattered clouds"},"ghi":0,"dhi":0,"timestamp_local":"2022-06-18T01:00:00","solar_rad":0,"vis":10,"dni":0,"temp":19.6,"slp":1018,"clouds":30,"ts":1655506800},{"precip_rate":0,"rh":61,"wind_spd":3.6,"timestamp_utc":"2022-06-17T23:15:00","snow_rate":0,"app_temp":19.1,"pres":1008.30963,"azimuth":266.71,"dewpt":11.8,"uv":0,"elev_angle":-14.07,"wind_dir":196,"weather":{"icon":"c02n","code":802,"description":"Scattered clouds"},"ghi":0,"dhi":0,"timestamp_local":"2022-06-18T01:15:00","solar_rad":0,"vis":10,"dni":0,"temp":19.5,"slp":1018,"clouds":24,"ts":1655507700},{"precip_rate":0,"rh":62,"wind_spd":3.6,"timestamp_utc":"2022-06-17T23:30:00","snow_rate":0,"app_temp":19.1,"pres":1008.3066,"azimuth":180.26,"dewpt":12,"uv":0,"elev_angle":-14.06,"wind_dir":197,"weather":{"icon":"c02n","code":801,"description":"Few clouds"},"ghi":0,"dhi":0,"timestamp_local":"2022-06-18T01:30:00","solar_rad":0,"vis":10,"dni":0,"temp":19.4,"slp":1018,"clouds":18,"ts":1655508600},{"precip_rate":0,"rh":62,"wind_spd":3.6,"timestamp_utc":"2022-06-17T23:45:00","snow_rate":0,"app_temp":19,"pres":1008.3035,"azimuth":93.8,"dewpt":11.9,"uv":0,"elev_angle":-14.05,"wind_dir":198,"weather":{"icon":"c02n","code":801,"description":"Few clouds"},"ghi":0,"dhi":0,"timestamp_local":"2022-06-18T01:45:00","solar_rad":0,"vis":10,"dni":0,"temp":19.4,"slp":1018,"clouds":13,"ts":1655509500}],"sources":["103150-99999","imerg","merra2","era5","modis"],"city_id":"2856883"}
