{"timezone":"Europe\/Berlin","state_code":"06","country_code":"DE","lat":52.2833,"lon":8,"city_name":"Osnabr�ck","station_id":"103150-99999","data":[{"precip_rate":0,"rh":75,"wind_spd":4,"timestamp_utc":"2022-07-08T00:00:00","snow_rate":0,"app_temp":14.1,"pres":1019.0197,"azimuth":6.49,"dewpt":9.7,"uv":0,"elev_angle":-15.07,"wind_dir":312,"weather":{"icon":"c04n","code":804,"description":"Overcast clouds"},"ghi":0,"dhi":0,"timestamp_local":"2022-07-08T02:00:00","solar_rad":0,"vis":10,"dni":0,"temp":14.1,"slp":1029,"clouds":78,"ts":1657238400},{"precip_rate":0,"rh":75,"wind_spd":3.9,"timestamp_utc":"2022-07-08T00:15:00","snow_rate":0,"app_temp":14,"pres":1019.0165,"azimuth":10.02,"dewpt":9.6,"uv":0,"elev_angle":-14.54,"wind_dir":311,"weather":{"icon":"c04n","code":804,"description":"Overcast clouds"},"ghi":0,"dhi":0,"timestamp_local":"2022-07-08T02:15:00","solar_rad":0,"vis":10,"dni":0,"temp":14,"slp":1029,"clouds":72,"ts":1657239300},{"precip_rate":0,"rh":76,"wind_spd":3.8,"timestamp_utc":"2022-07-08T00:30:00","snow_rate":0,"app_temp":13.9,"pres":1019.0133,"azimuth":13.55,"dewpt":9.7,"uv":0,"elev_angle":-14,"wind_dir":310,"weather":{"icon":"c03n","code":803,"description":"Broken clouds"},"ghi":0,"dhi":0,"timestamp_local":"2022-07-08T02:30:00","solar_rad":0,"vis":10,"dni":0,"temp":13.9,"slp":1029,"clouds":66,"ts":1657240200},{"precip_rate":0,"rh":76,"wind_spd":3.7,"timestamp_utc":"2022-07-08T00:45:00","snow_rate":0,"app_temp":13.8,"pres":1019.01013,"azimuth":17.07,"dewpt":9.6,"uv":0,"elev_angle":-13.47,"wind_dir":309,"weather":{"icon":"c03n","code":803,"description":"Broken clouds"},"ghi":0,"dhi":0,"timestamp_local":"2022-07-08T02:45:00","solar_rad":0,"vis":10,"dni":0,"temp":13.8,"slp":1029,"clouds":60,"ts":1657241100},{"precip_rate":0,"rh":76,"wind_spd":3.6,"timestamp_utc":"2022-07-08T01:00:00","snow_rate":0,"app_temp":13.7,"pres":1019.0069,"azimuth":20.6,"dewpt":9.6,"uv":0,"elev_angle":-12.93,"wind_dir":308,"weather":{"icon":"c03n","code":803,"description":"Broken clouds"},"ghi":0,"dhi":0,"timestamp_local":"2022-07-08T03:00:00","solar_rad":0,"vis":10,"dni":0,"temp":13.7,"slp":1029,"clouds":54,"ts":1657242000},{"precip_rate":0,"rh":76,"wind_spd":3.4,"timestamp_utc":"2022-07-08T01:15:00","snow_rate":0,"app_temp":13.6,"pres":1019.00366,"azimuth":23.96,"dewpt":9.5,"uv":0,"elev_angle":-11.88,"wind_dir":305,"weather":{"icon":"c03n","code":803,"description":"Broken clouds"},"ghi":0,"dhi":0,"timestamp_local":"2022-07-08T03:15:00","solar_rad":0,"vis":10,"dni":0,"temp":13.6,"slp":1029,"clouds":52,"ts":1657242900},{"precip_rate":0,"rh":77,"wind_spd":3.2,"timestamp_utc":"2022-07-08T01:30:00","snow_rate":0,"app_temp":13.5,"pres":1019.0005,"azimuth":27.33,"dewpt":9.6,"uv":0,"elev_angle":-10.83,"wind_dir":302,"weather":{"icon":"c03n","code":803,"description":"Broken clouds"},"ghi":0,"dhi":0,"timestamp_local":"2022-07-08T03:30:00","solar_rad":0,"vis":10,"dni":0,"temp":13.5,"slp":1029,"clouds":51,"ts":1657243800},{"precip_rate":0,"rh":78,"wind_spd":3,"timestamp_utc":"2022-07-08T01:45:00","snow_rate":0,"app_temp":13.4,"pres":1018.9973,"azimuth":30.69,"dewpt":9.6,"uv":0,"elev_angle":-9.77,"wind_dir":299,"weather":{"icon":"c03n","code":803,"description":"Broken clouds"},"ghi":0,"dhi":0,"timestamp_local":"2022-07-08T03:45:00","solar_rad":0,"vis":10,"dni":0,"temp":13.4,"slp":1029,"clouds":50,"ts":1657244700},{"precip_rate":0,"rh":78,"wind_spd":2.8,"timestamp_utc":"2022-07-08T02:00:00","snow_rate":0,"app_temp":13.3,"pres":1018.9941,"azimuth":34.05,"dewpt":9.5,"uv":0,"elev_angle":-8.72,"wind_dir":296,"weather":{"icon":"c03n","code":803,"description":"Broken clouds"},"ghi":0,"dhi":0,"timestamp_local":"2022-07-08T04:00:00","solar_rad":0,"vis":10,"dni":0,"temp":13.3,"slp":1029,"clouds":48,"ts":1657245600},{"precip_rate":0,"rh":79,"wind_spd":2.8,"timestamp_utc":"2022-07-08T02:15:00","snow_rate":0,"app_temp":13.1,"pres":1018.9876,"azimuth":37.2,"dewpt":9.6,"uv":0,"elev_angle":-7.24,"wind_dir":295,"weather":{"icon":"c03n","code":803,"description":"Broken clouds"},"ghi":0,"dhi":0,"timestamp_local":"2022-07-08T04:15:00","solar_rad":0,"vis":10,"dni":0,"temp":13.1,"slp":1029,"clouds":46,"ts":1657246500},{"precip_rate":0,"rh":80,"wind_spd":2.8,"timestamp_utc":"2022-07-08T02:30:00","snow_rate":0,"app_temp":13,"pres":1018.9812,"azimuth":40.35,"dewpt":9.6,"uv":0,"elev_angle":-5.75,"wind_dir":294,"weather":{"icon":"c03n","code":803,"description":"Broken clouds"},"ghi":0,"dhi":0,"timestamp_local":"2022-07-08T04:30:00","solar_rad":0,"vis":10,"dni":0,"temp":13,"slp":1029,"clouds":44,"ts":1657247400},{"precip_rate":0,"rh":81,"wind_spd":2.8,"timestamp_utc":"2022-07-08T02:45:00","snow_rate":0,"app_temp":12.8,"pres":1018.97473,"azimuth":43.49,"dewpt":9.6,"uv":0,"elev_angle":-4.27,"wind_dir":293,"weather":{"icon":"c03n","code":803,"description":"Broken clouds"},"ghi":0,"dhi":0,"timestamp_local":"2022-07-08T04:45:00","solar_rad":0,"vis":10,"dni":0,"temp":12.8,"slp":1029,"clouds":43,"ts":1657248300},{"precip_rate":0,"rh":82,"wind_spd":2.8,"timestamp_utc":"2022-07-08T03:00:00","snow_rate":0,"app_temp":12.6,"pres":1018.96826,"azimuth":46.64,"dewpt":9.6,"uv":0,"elev_angle":-2.78,"wind_dir":292,"weather":{"icon":"c03n","code":803,"description":"Broken clouds"},"ghi":0,"dhi":0,"timestamp_local":"2022-07-08T05:00:00","solar_rad":0,"vis":10,"dni":0,"temp":12.6,"slp":1029,"clouds":41,"ts":1657249200},{"precip_rate":0,"rh":82,"wind_spd":2.8,"timestamp_utc":"2022-07-08T03:15:00","snow_rate":0,"app_temp":12.6,"pres":1018.96826,"azimuth":49.59,"dewpt":9.6,"uv":0,"elev_angle":-0.96,"wind_dir":291,"weather":{"icon":"c03n","code":803,"description":"Broken clouds"},"ghi":10.7,"dhi":7.82,"timestamp_local":"2022-07-08T05:15:00","solar_rad":10.195718,"vis":10,"dni":65.4,"temp":12.6,"slp":1029,"clouds":42,"ts":1657250100},{"precip_rate":0,"rh":82,"wind_spd":2.8,"timestamp_utc":"2022-07-08T03:30:00","snow_rate":0,"app_temp":12.6,"pres":1018.96826,"azimuth":52.54,"dewpt":9.6,"uv":1.2,"elev_angle":0.86,"wind_dir":290,"weather":{"icon":"c03n","code":803,"description":"Broken clouds"},"ghi":21.4,"dhi":15.64,"timestamp_local":"2022-07-08T05:30:00","solar_rad":20.391436,"vis":10,"dni":130.8,"temp":12.6,"slp":1029,"clouds":42,"ts":1657251000},{"precip_rate":0,"rh":82,"wind_spd":2.8,"timestamp_utc":"2022-07-08T03:45:00","snow_rate":0,"app_temp":12.6,"pres":1018.96826,"azimuth":55.49,"dewpt":9.6,"uv":1.2,"elev_angle":2.68,"wind_dir":289,"weather":{"icon":"c03n","code":803,"description":"Broken clouds"},"ghi":32.1,"dhi":23.46,"timestamp_local":"2022-07-08T05:45:00","solar_rad":30.461145,"vis":10,"dni":196.19,"temp":12.6,"slp":1029,"clouds":43,"ts":1657251900},{"precip_rate":0,"rh":82,"wind_spd":2.8,"timestamp_utc":"2022-07-08T04:00:00","snow_rate":0,"app_temp":12.6,"pres":1018.96826,"azimuth":58.44,"dewpt":9.6,"uv":1.2,"elev_angle":4.5,"wind_dir":288,"weather":{"icon":"c03n","code":803,"description":"Broken clouds"},"ghi":42.8,"dhi":31.28,"timestamp_local":"2022-07-08T06:00:00","solar_rad":40.43721,"vis":10,"dni":261.59,"temp":12.6,"slp":1029,"clouds":44,"ts":1657252800},{"precip_rate":0,"rh":81,"wind_spd":2.8,"timestamp_utc":"2022-07-08T04:15:00","snow_rate":0,"app_temp":12.8,"pres":1019.2223,"azimuth":61.26,"dewpt":9.6,"uv":1.2,"elev_angle":6.56,"wind_dir":286,"weather":{"icon":"c03d","code":803,"description":"Broken clouds"},"ghi":73.9,"dhi":38.13,"timestamp_local":"2022-07-08T06:15:00","solar_rad":68.41588,"vis":10,"dni":328.02,"temp":12.8,"slp":1029.25,"clouds":48,"ts":1657253700},{"precip_rate":0,"rh":80,"wind_spd":2.8,"timestamp_utc":"2022-07-08T04:30:00","snow_rate":0,"app_temp":13,"pres":1019.4763,"azimuth":64.08,"dewpt":9.6,"uv":1.2,"elev_angle":8.62,"wind_dir":283,"weather":{"icon":"c03d","code":803,"description":"Broken clouds"},"ghi":105.1,"dhi":44.98,"timestamp_local":"2022-07-08T06:30:00","solar_rad":95.51518,"vis":10,"dni":394.45,"temp":13,"slp":1029.5,"clouds":51,"ts":1657254600},{"precip_rate":0,"rh":79,"wind_spd":2.8,"timestamp_utc":"2022-07-08T04:45:00","snow_rate":0,"app_temp":13.1,"pres":1019.73035,"azimuth":66.9,"dewpt":9.6,"uv":1.2,"elev_angle":10.68,"wind_dir":280,"weather":{"icon":"c03d","code":803,"description":"Broken clouds"},"ghi":136.2,"dhi":51.82,"timestamp_local":"2022-07-08T06:45:00","solar_rad":121.11455,"vis":10,"dni":460.88,"temp":13.1,"slp":1029.75,"clouds":54,"ts":1657255500},{"precip_rate":0,"rh":78,"wind_spd":2.8,"timestamp_utc":"2022-07-08T05:00:00","snow_rate":0,"app_temp":13.3,"pres":1019.9844,"azimuth":69.72,"dewpt":9.5,"uv":1.1,"elev_angle":12.74,"wind_dir":278,"weather":{"icon":"c03d","code":803,"description":"Broken clouds"},"ghi":167.4,"dhi":58.67,"timestamp_local":"2022-07-08T07:00:00","solar_rad":143.75969,"vis":10,"dni":527.31,"temp":13.3,"slp":1030,"clouds":58,"ts":1657256400},{"precip_rate":0,"rh":77,"wind_spd":2.9,"timestamp_utc":"2022-07-08T05:15:00","snow_rate":0,"app_temp":13.5,"pres":1019.9908,"azimuth":72.51,"dewpt":9.6,"uv":1.2,"elev_angle":14.96,"wind_dir":280,"weather":{"icon":"c03d","code":803,"description":"Broken clouds"},"ghi":205.2,"dhi":63.4,"timestamp_local":"2022-07-08T07:15:00","solar_rad":179.4807,"vis":10,"dni":563.46,"temp":13.5,"slp":1030,"clouds":56,"ts":1657257300},{"precip_rate":0,"rh":76,"wind_spd":3,"timestamp_utc":"2022-07-08T05:30:00","snow_rate":0,"app_temp":13.7,"pres":1019.9972,"azimuth":75.31,"dewpt":9.6,"uv":1.3,"elev_angle":17.18,"wind_dir":283,"weather":{"icon":"c03d","code":803,"description":"Broken clouds"},"ghi":242.9,"dhi":68.14,"timestamp_local":"2022-07-08T07:30:00","solar_rad":215.9965,"vis":10,"dni":599.62,"temp":13.7,"slp":1030,"clouds":54,"ts":1657258200},{"precip_rate":0,"rh":76,"wind_spd":3.1,"timestamp_utc":"2022-07-08T05:45:00","snow_rate":0,"app_temp":13.9,"pres":1020.0036,"azimuth":78.1,"dewpt":9.7,"uv":1.4,"elev_angle":19.39,"wind_dir":286,"weather":{"icon":"c03d","code":803,"description":"Broken clouds"},"ghi":280.7,"dhi":72.87,"timestamp_local":"2022-07-08T07:45:00","solar_rad":255.10097,"vis":10,"dni":635.77,"temp":13.9,"slp":1030,"clouds":51,"ts":1657259100},{"precip_rate":0,"rh":75,"wind_spd":3.2,"timestamp_utc":"2022-07-08T06:00:00","snow_rate":0,"app_temp":14.1,"pres":1020.01,"azimuth":80.89,"dewpt":9.7,"uv":1.6,"elev_angle":21.61,"wind_dir":288,"weather":{"icon":"c03d","code":803,"description":"Broken clouds"},"ghi":318.5,"dhi":77.6,"timestamp_local":"2022-07-08T08:00:00","solar_rad":293.1476,"vis":10,"dni":671.92,"temp":14.1,"slp":1030,"clouds":49,"ts":1657260000},{"precip_rate":0,"rh":74,"wind_spd":3.4,"timestamp_utc":"2022-07-08T06:15:00","snow_rate":0,"app_temp":14.5,"pres":1020.02277,"azimuth":83.8,"dewpt":9.9,"uv":1.5,"elev_angle":23.9,"wind_dir":292,"weather":{"icon":"c03d","code":803,"description":"Broken clouds"},"ghi":357.7,"dhi":81.13,"timestamp_local":"2022-07-08T08:15:00","solar_rad":307.18542,"vis":10,"dni":694.55,"temp":14.5,"slp":1030,"clouds":58,"ts":1657260900},{"precip_rate":0,"rh":72,"wind_spd":3.6,"timestamp_utc":"2022-07-08T06:30:00","snow_rate":0,"app_temp":14.8,"pres":1020.0355,"azimuth":86.71,"dewpt":9.9,"uv":1.5,"elev_angle":26.18,"wind_dir":297,"weather":{"icon":"c03d","code":803,"description":"Broken clouds"},"ghi":396.9,"dhi":84.66,"timestamp_local":"2022-07-08T08:30:00","solar_rad":300.6382,"vis":10,"dni":717.17,"temp":14.8,"slp":1030,"clouds":68,"ts":1657261800},{"precip_rate":0,"rh":71,"wind_spd":3.8,"timestamp_utc":"2022-07-08T06:45:00","snow_rate":0,"app_temp":15.2,"pres":1020.0482,"azimuth":89.61,"dewpt":10,"uv":1.4,"elev_angle":28.47,"wind_dir":302,"weather":{"icon":"c04d","code":804,"description":"Overcast clouds"},"ghi":436.2,"dhi":88.18,"timestamp_local":"2022-07-08T08:45:00","solar_rad":274.76538,"vis":10,"dni":739.8,"temp":15.2,"slp":1030,"clouds":77,"ts":1657262700},{"precip_rate":0,"rh":70,"wind_spd":4,"timestamp_utc":"2022-07-08T07:00:00","snow_rate":0,"app_temp":15.6,"pres":1020.061,"azimuth":92.52,"dewpt":10.2,"uv":1.3,"elev_angle":30.75,"wind_dir":306,"weather":{"icon":"c04d","code":804,"description":"Overcast clouds"},"ghi":475.4,"dhi":91.71,"timestamp_local":"2022-07-08T09:00:00","solar_rad":204.88573,"vis":10,"dni":762.42,"temp":15.6,"slp":1030,"clouds":86,"ts":1657263600},{"precip_rate":0,"rh":70,"wind_spd":3.9,"timestamp_utc":"2022-07-08T07:15:00","snow_rate":0,"app_temp":15.8,"pres":1020.0673,"azimuth":95.75,"dewpt":10.3,"uv":1.4,"elev_angle":33.01,"wind_dir":306,"weather":{"icon":"c04d","code":804,"description":"Overcast clouds"},"ghi":512.1,"dhi":94.35,"timestamp_local":"2022-07-08T09:15:00","solar_rad":198.10027,"vis":10,"dni":777.35,"temp":15.8,"slp":1030,"clouds":88,"ts":1657264500},{"precip_rate":0,"rh":69,"wind_spd":3.8,"timestamp_utc":"2022-07-08T07:30:00","snow_rate":0,"app_temp":15.9,"pres":1020.0736,"azimuth":98.97,"dewpt":10.3,"uv":1.5,"elev_angle":35.28,"wind_dir":307,"weather":{"icon":"c04d","code":804,"description":"Overcast clouds"},"ghi":548.8,"dhi":97,"timestamp_local":"2022-07-08T09:30:00","solar_rad":186.96635,"vis":10,"dni":792.28,"temp":15.9,"slp":1030,"clouds":90,"ts":1657265400},{"precip_rate":0,"rh":68,"wind_spd":3.7,"timestamp_utc":"2022-07-08T07:45:00","snow_rate":0,"app_temp":16.1,"pres":1020.07996,"azimuth":102.2,"dewpt":10.2,"uv":1.5,"elev_angle":37.54,"wind_dir":308,"weather":{"icon":"c04d","code":804,"description":"Overcast clouds"},"ghi":585.4,"dhi":99.64,"timestamp_local":"2022-07-08T09:45:00","solar_rad":156.07808,"vis":10,"dni":807.2,"temp":16.1,"slp":1030,"clouds":93,"ts":1657266300},{"precip_rate":0,"rh":68,"wind_spd":3.6,"timestamp_utc":"2022-07-08T08:00:00","snow_rate":0,"app_temp":16.3,"pres":1020.0863,"azimuth":105.42,"dewpt":10.4,"uv":1.6,"elev_angle":39.8,"wind_dir":308,"weather":{"icon":"c04d","code":804,"description":"Overcast clouds"},"ghi":622.1,"dhi":102.28,"timestamp_local":"2022-07-08T10:00:00","solar_rad":132.84264,"vis":10,"dni":822.13,"temp":16.3,"slp":1030,"clouds":95,"ts":1657267200},{"precip_rate":0,"rh":68,"wind_spd":3.6,"timestamp_utc":"2022-07-08T08:15:00","snow_rate":0,"app_temp":16.5,"pres":1020.0926,"azimuth":109.26,"dewpt":10.6,"uv":1.7,"elev_angle":41.91,"wind_dir":308,"weather":{"icon":"c04d","code":804,"description":"Overcast clouds"},"ghi":653,"dhi":104.19,"timestamp_local":"2022-07-08T10:15:00","solar_rad":121.33757,"vis":10,"dni":831.96,"temp":16.5,"slp":1030,"clouds":96,"ts":1657268100},{"precip_rate":0,"rh":67,"wind_spd":3.6,"timestamp_utc":"2022-07-08T08:30:00","snow_rate":0,"app_temp":16.6,"pres":1020.0989,"azimuth":113.11,"dewpt":10.5,"uv":1.8,"elev_angle":44.02,"wind_dir":308,"weather":{"icon":"c04d","code":804,"description":"Overcast clouds"},"ghi":683.8,"dhi":106.09,"timestamp_local":"2022-07-08T10:30:00","solar_rad":127.14986,"vis":10,"dni":841.79,"temp":16.6,"slp":1030,"clouds":96,"ts":1657269000},{"precip_rate":0,"rh":66,"wind_spd":3.6,"timestamp_utc":"2022-07-08T08:45:00","snow_rate":0,"app_temp":16.8,"pres":1020.10516,"azimuth":116.95,"dewpt":10.4,"uv":1.9,"elev_angle":46.13,"wind_dir":308,"weather":{"icon":"c04d","code":804,"description":"Overcast clouds"},"ghi":714.7,"dhi":108,"timestamp_local":"2022-07-08T10:45:00","solar_rad":132.9934,"vis":10,"dni":851.62,"temp":16.8,"slp":1030,"clouds":96,"ts":1657269900},{"precip_rate":0,"rh":66,"wind_spd":3.6,"timestamp_utc":"2022-07-08T09:00:00","snow_rate":0,"app_temp":17,"pres":1020.11145,"azimuth":120.79,"dewpt":10.6,"uv":2,"elev_angle":48.24,"wind_dir":308,"weather":{"icon":"c04d","code":804,"description":"Overcast clouds"},"ghi":745.5,"dhi":109.9,"timestamp_local":"2022-07-08T11:00:00","solar_rad":117.53978,"vis":10,"dni":861.45,"temp":17,"slp":1030,"clouds":97,"ts":1657270800},{"precip_rate":0,"rh":66,"wind_spd":3.4,"timestamp_utc":"2022-07-08T09:15:00","snow_rate":0,"app_temp":17,"pres":1020.11145,"azimuth":125.66,"dewpt":10.6,"uv":2.1,"elev_angle":49.99,"wind_dir":306,"weather":{"icon":"c04d","code":804,"description":"Overcast clouds"},"ghi":767.8,"dhi":111.15,"timestamp_local":"2022-07-08T11:15:00","solar_rad":208.95187,"vis":10,"dni":867.5,"temp":17,"slp":1030,"clouds":98,"ts":1657271700},{"precip_rate":0,"rh":67,"wind_spd":3.2,"timestamp_utc":"2022-07-08T09:30:00","snow_rate":0,"app_temp":17,"pres":1020.11145,"azimuth":130.52,"dewpt":10.8,"uv":2.2,"elev_angle":51.73,"wind_dir":303,"weather":{"icon":"c04d","code":804,"description":"Overcast clouds"},"ghi":790.2,"dhi":112.39,"timestamp_local":"2022-07-08T11:30:00","solar_rad":212.67859,"vis":10,"dni":873.54,"temp":17,"slp":1030,"clouds":98,"ts":1657272600},{"precip_rate":0,"rh":68,"wind_spd":3,"timestamp_utc":"2022-07-08T09:45:00","snow_rate":0,"app_temp":17,"pres":1020.11145,"azimuth":135.39,"dewpt":11.1,"uv":2.3,"elev_angle":53.48,"wind_dir":300,"weather":{"icon":"c04d","code":804,"description":"Overcast clouds"},"ghi":812.5,"dhi":113.64,"timestamp_local":"2022-07-08T11:45:00","solar_rad":216.38107,"vis":10,"dni":879.59,"temp":17,"slp":1030,"clouds":98,"ts":1657273500},{"precip_rate":0,"rh":68,"wind_spd":2.8,"timestamp_utc":"2022-07-08T10:00:00","snow_rate":0,"app_temp":17,"pres":1020.11145,"azimuth":140.25,"dewpt":11.1,"uv":2.4,"elev_angle":55.22,"wind_dir":298,"weather":{"icon":"c04d","code":804,"description":"Overcast clouds"},"ghi":834.9,"dhi":114.88,"timestamp_local":"2022-07-08T12:00:00","solar_rad":195.83542,"vis":10,"dni":885.63,"temp":17,"slp":1030,"clouds":99,"ts":1657274400},{"precip_rate":0,"rh":68,"wind_spd":2.9,"timestamp_utc":"2022-07-08T10:15:00","snow_rate":0,"app_temp":17.2,"pres":1020.1177,"azimuth":146.41,"dewpt":11.2,"uv":2.5,"elev_angle":56.28,"wind_dir":298,"weather":{"icon":"c04d","code":804,"description":"Overcast clouds"},"ghi":846.8,"dhi":115.51,"timestamp_local":"2022-07-08T12:15:00","solar_rad":197.28818,"vis":10,"dni":888.57,"temp":17.2,"slp":1030,"clouds":99,"ts":1657275300},{"precip_rate":0,"rh":68,"wind_spd":3,"timestamp_utc":"2022-07-08T10:30:00","snow_rate":0,"app_temp":17.4,"pres":1020.12396,"azimuth":152.57,"dewpt":11.4,"uv":2.5,"elev_angle":57.35,"wind_dir":298,"weather":{"icon":"c04d","code":804,"description":"Overcast clouds"},"ghi":858.7,"dhi":116.14,"timestamp_local":"2022-07-08T12:30:00","solar_rad":198.72762,"vis":10,"dni":891.51,"temp":17.4,"slp":1030,"clouds":99,"ts":1657276200},{"precip_rate":0,"rh":67,"wind_spd":3.1,"timestamp_utc":"2022-07-08T10:45:00","snow_rate":0,"app_temp":17.6,"pres":1020.13025,"azimuth":158.73,"dewpt":11.4,"uv":2.6,"elev_angle":58.41,"wind_dir":298,"weather":{"icon":"c04d","code":804,"description":"Overcast clouds"},"ghi":870.7,"dhi":116.76,"timestamp_local":"2022-07-08T12:45:00","solar_rad":200.59459,"vis":10,"dni":894.44,"temp":17.6,"slp":1030,"clouds":99,"ts":1657277100},{"precip_rate":0,"rh":67,"wind_spd":3.2,"timestamp_utc":"2022-07-08T11:00:00","snow_rate":0,"app_temp":17.8,"pres":1020.1365,"azimuth":164.89,"dewpt":11.6,"uv":2.7,"elev_angle":59.47,"wind_dir":298,"weather":{"icon":"c04d","code":804,"description":"Overcast clouds"},"ghi":882.6,"dhi":117.39,"timestamp_local":"2022-07-08T13:00:00","solar_rad":202.01805,"vis":10,"dni":897.38,"temp":17.8,"slp":1030,"clouds":99,"ts":1657278000},{"precip_rate":0,"rh":66,"wind_spd":3.3,"timestamp_utc":"2022-07-08T11:15:00","snow_rate":0,"app_temp":18.2,"pres":1020.1489,"azimuth":171.78,"dewpt":11.7,"uv":2.7,"elev_angle":59.52,"wind_dir":297,"weather":{"icon":"c04d","code":804,"description":"Overcast clouds"},"ghi":883.2,"dhi":117.42,"timestamp_local":"2022-07-08T13:15:00","solar_rad":201.87747,"vis":10,"dni":897.51,"temp":18.2,"slp":1030,"clouds":99,"ts":1657278900},{"precip_rate":0,"rh":66,"wind_spd":3.4,"timestamp_utc":"2022-07-08T11:30:00","snow_rate":0,"app_temp":18.2,"pres":1020.1613,"azimuth":178.68,"dewpt":12.1,"uv":2.6,"elev_angle":59.58,"wind_dir":296,"weather":{"icon":"c04d","code":804,"description":"Overcast clouds"},"ghi":883.7,"dhi":117.45,"timestamp_local":"2022-07-08T13:30:00","solar_rad":174.5411,"vis":10,"dni":897.65,"temp":18.6,"slp":1030,"clouds":100,"ts":1657279800},{"precip_rate":0,"rh":65,"wind_spd":3.5,"timestamp_utc":"2022-07-08T11:45:00","snow_rate":0,"app_temp":18.6,"pres":1020.1737,"azimuth":185.57,"dewpt":12.2,"uv":2.6,"elev_angle":59.63,"wind_dir":295,"weather":{"icon":"c04d","code":804,"description":"Overcast clouds"},"ghi":884.3,"dhi":117.48,"timestamp_local":"2022-07-08T13:45:00","solar_rad":174.38388,"vis":10,"dni":897.78,"temp":18.9,"slp":1030,"clouds":100,"ts":1657280700},{"precip_rate":0,"rh":64,"wind_spd":3.6,"timestamp_utc":"2022-07-08T12:00:00","snow_rate":0,"app_temp":19,"pres":1020.18616,"azimuth":192.46,"dewpt":12.3,"uv":2.6,"elev_angle":59.68,"wind_dir":294,"weather":{"icon":"c04d","code":804,"description":"Overcast clouds"},"ghi":884.9,"dhi":117.51,"timestamp_local":"2022-07-08T14:00:00","solar_rad":174.23337,"vis":10,"dni":897.91,"temp":19.3,"slp":1030,"clouds":100,"ts":1657281600},{"precip_rate":0,"rh":64,"wind_spd":3.7,"timestamp_utc":"2022-07-08T12:15:00","snow_rate":0,"app_temp":19.3,"pres":1020.1954,"azimuth":198.73,"dewpt":12.6,"uv":2.5,"elev_angle":58.7,"wind_dir":294,"weather":{"icon":"c04d","code":804,"description":"Overcast clouds"},"ghi":874,"dhi":116.94,"timestamp_local":"2022-07-08T14:15:00","solar_rad":172.4345,"vis":10,"dni":895.25,"temp":19.6,"slp":1030,"clouds":100,"ts":1657282500},{"precip_rate":0,"rh":63,"wind_spd":3.8,"timestamp_utc":"2022-07-08T12:30:00","snow_rate":0,"app_temp":19.5,"pres":1020.2046,"azimuth":205.01,"dewpt":12.6,"uv":2.5,"elev_angle":57.73,"wind_dir":295,"weather":{"icon":"c04d","code":804,"description":"Overcast clouds"},"ghi":863.1,"dhi":116.37,"timestamp_local":"2022-07-08T14:30:00","solar_rad":197.2364,"vis":10,"dni":892.59,"temp":19.8,"slp":1030,"clouds":99,"ts":1657283400},{"precip_rate":0,"rh":62,"wind_spd":3.9,"timestamp_utc":"2022-07-08T12:45:00","snow_rate":0,"app_temp":19.8,"pres":1020.21387,"azimuth":211.28,"dewpt":12.6,"uv":2.5,"elev_angle":56.75,"wind_dir":296,"weather":{"icon":"c04d","code":804,"description":"Overcast clouds"},"ghi":852.2,"dhi":115.8,"timestamp_local":"2022-07-08T14:45:00","solar_rad":220.77109,"vis":10,"dni":889.92,"temp":20.1,"slp":1030,"clouds":98,"ts":1657284300},{"precip_rate":0,"rh":62,"wind_spd":4,"timestamp_utc":"2022-07-08T13:00:00","snow_rate":0,"app_temp":20.1,"pres":1020.2231,"azimuth":217.55,"dewpt":12.9,"uv":2.5,"elev_angle":55.77,"wind_dir":296,"weather":{"icon":"c04d","code":804,"description":"Overcast clouds"},"ghi":841.3,"dhi":115.23,"timestamp_local":"2022-07-08T15:00:00","solar_rad":218.33975,"vis":10,"dni":887.26,"temp":20.4,"slp":1030,"clouds":98,"ts":1657285200},{"precip_rate":0,"rh":62,"wind_spd":4,"timestamp_utc":"2022-07-08T13:15:00","snow_rate":0,"app_temp":20.3,"pres":1019.98157,"azimuth":222.54,"dewpt":13,"uv":2.6,"elev_angle":54.07,"wind_dir":296,"weather":{"icon":"c04d","code":804,"description":"Overcast clouds"},"ghi":819.9,"dhi":114.05,"timestamp_local":"2022-07-08T15:15:00","solar_rad":192.52507,"vis":10,"dni":881.54,"temp":20.6,"slp":1029.75,"clouds":94,"ts":1657286100},{"precip_rate":0,"rh":62,"wind_spd":4,"timestamp_utc":"2022-07-08T13:30:00","snow_rate":0,"app_temp":20.5,"pres":1019.7401,"azimuth":227.52,"dewpt":13.2,"uv":2.6,"elev_angle":52.38,"wind_dir":297,"weather":{"icon":"c04d","code":804,"description":"Overcast clouds"},"ghi":798.5,"dhi":112.86,"timestamp_local":"2022-07-08T15:30:00","solar_rad":267.23175,"vis":10,"dni":875.81,"temp":20.8,"slp":1029.5,"clouds":90,"ts":1657287000},{"precip_rate":0,"rh":61,"wind_spd":4,"timestamp_utc":"2022-07-08T13:45:00","snow_rate":0,"app_temp":20.7,"pres":1019.4986,"azimuth":232.51,"dewpt":13.1,"uv":2.7,"elev_angle":50.68,"wind_dir":298,"weather":{"icon":"c04d","code":804,"description":"Overcast clouds"},"ghi":777.1,"dhi":111.68,"timestamp_local":"2022-07-08T15:45:00","solar_rad":346.56982,"vis":10,"dni":870.09,"temp":20.9,"slp":1029.25,"clouds":85,"ts":1657287900},{"precip_rate":0,"rh":61,"wind_spd":4,"timestamp_utc":"2022-07-08T14:00:00","snow_rate":0,"app_temp":20.9,"pres":1019.2571,"azimuth":237.49,"dewpt":13.3,"uv":2.8,"elev_angle":48.98,"wind_dir":298,"weather":{"icon":"c04d","code":804,"description":"Overcast clouds"},"ghi":755.7,"dhi":110.49,"timestamp_local":"2022-07-08T16:00:00","solar_rad":395.90546,"vis":10,"dni":864.36,"temp":21.1,"slp":1029,"clouds":81,"ts":1657288800},{"precip_rate":0,"rh":61,"wind_spd":4,"timestamp_utc":"2022-07-08T14:15:00","snow_rate":0,"app_temp":21,"pres":1019.26013,"azimuth":241.41,"dewpt":13.4,"uv":2.8,"elev_angle":46.9,"wind_dir":298,"weather":{"icon":"c04d","code":804,"description":"Overcast clouds"},"ghi":725.5,"dhi":108.65,"timestamp_local":"2022-07-08T16:15:00","solar_rad":442.051,"vis":10,"dni":854.93,"temp":21.2,"slp":1029,"clouds":76,"ts":1657289700},{"precip_rate":0,"rh":61,"wind_spd":4,"timestamp_utc":"2022-07-08T14:30:00","snow_rate":0,"app_temp":21.1,"pres":1019.2632,"azimuth":245.34,"dewpt":13.5,"uv":2.8,"elev_angle":44.81,"wind_dir":297,"weather":{"icon":"c04d","code":804,"description":"Overcast clouds"},"ghi":695.4,"dhi":106.81,"timestamp_local":"2022-07-08T16:30:00","solar_rad":464.89728,"vis":10,"dni":845.5,"temp":21.3,"slp":1029,"clouds":72,"ts":1657290600},{"precip_rate":0,"rh":61,"wind_spd":4,"timestamp_utc":"2022-07-08T14:45:00","snow_rate":0,"app_temp":21.2,"pres":1019.2662,"azimuth":249.26,"dewpt":13.6,"uv":2.7,"elev_angle":42.73,"wind_dir":296,"weather":{"icon":"c03d","code":803,"description":"Broken clouds"},"ghi":665.2,"dhi":104.97,"timestamp_local":"2022-07-08T16:45:00","solar_rad":479.16904,"vis":10,"dni":836.07,"temp":21.4,"slp":1029,"clouds":68,"ts":1657291500},{"precip_rate":0,"rh":61,"wind_spd":4,"timestamp_utc":"2022-07-08T15:00:00","snow_rate":0,"app_temp":21.3,"pres":1019.2692,"azimuth":253.18,"dewpt":13.7,"uv":2.7,"elev_angle":40.64,"wind_dir":296,"weather":{"icon":"c03d","code":803,"description":"Broken clouds"},"ghi":635.1,"dhi":103.13,"timestamp_local":"2022-07-08T17:00:00","solar_rad":492.57312,"vis":10,"dni":826.64,"temp":21.5,"slp":1029,"clouds":63,"ts":1657292400},{"precip_rate":0,"rh":61,"wind_spd":4,"timestamp_utc":"2022-07-08T15:15:00","snow_rate":0,"app_temp":21.4,"pres":1019.2723,"azimuth":256.45,"dewpt":13.8,"uv":2.5,"elev_angle":38.39,"wind_dir":296,"weather":{"icon":"c03d","code":803,"description":"Broken clouds"},"ghi":598.8,"dhi":100.56,"timestamp_local":"2022-07-08T17:15:00","solar_rad":458.12537,"vis":10,"dni":812.27,"temp":21.6,"slp":1029,"clouds":64,"ts":1657293300},{"precip_rate":0,"rh":60,"wind_spd":4,"timestamp_utc":"2022-07-08T15:30:00","snow_rate":0,"app_temp":21.5,"pres":1019.27527,"azimuth":259.72,"dewpt":13.6,"uv":2.3,"elev_angle":36.13,"wind_dir":296,"weather":{"icon":"c03d","code":803,"description":"Broken clouds"},"ghi":562.5,"dhi":97.99,"timestamp_local":"2022-07-08T17:30:00","solar_rad":430.5764,"vis":10,"dni":797.9,"temp":21.7,"slp":1029,"clouds":64,"ts":1657294200},{"precip_rate":0,"rh":60,"wind_spd":4,"timestamp_utc":"2022-07-08T15:45:00","snow_rate":0,"app_temp":21.6,"pres":1019.2783,"azimuth":262.99,"dewpt":13.7,"uv":2.1,"elev_angle":33.88,"wind_dir":296,"weather":{"icon":"c03d","code":803,"description":"Broken clouds"},"ghi":526.2,"dhi":95.42,"timestamp_local":"2022-07-08T17:45:00","solar_rad":402.6739,"vis":10,"dni":783.53,"temp":21.8,"slp":1029,"clouds":64,"ts":1657295100},{"precip_rate":0,"rh":60,"wind_spd":4,"timestamp_utc":"2022-07-08T16:00:00","snow_rate":0,"app_temp":21.7,"pres":1019.2814,"azimuth":266.26,"dewpt":13.8,"uv":1.9,"elev_angle":31.62,"wind_dir":296,"weather":{"icon":"c03d","code":803,"description":"Broken clouds"},"ghi":489.9,"dhi":92.85,"timestamp_local":"2022-07-08T18:00:00","solar_rad":369.55338,"vis":10,"dni":769.16,"temp":21.9,"slp":1029,"clouds":65,"ts":1657296000},{"precip_rate":0,"rh":60,"wind_spd":4.1,"timestamp_utc":"2022-07-08T16:15:00","snow_rate":0,"app_temp":21.7,"pres":1019.03375,"azimuth":269.19,"dewpt":13.8,"uv":1.7,"elev_angle":29.33,"wind_dir":298,"weather":{"icon":"c03d","code":803,"description":"Broken clouds"},"ghi":450.7,"dhi":89.41,"timestamp_local":"2022-07-08T18:15:00","solar_rad":334.9873,"vis":10,"dni":747.41,"temp":21.9,"slp":1028.75,"clouds":66,"ts":1657296900},{"precip_rate":0,"rh":60,"wind_spd":4.2,"timestamp_utc":"2022-07-08T16:30:00","snow_rate":0,"app_temp":21.7,"pres":1018.78613,"azimuth":272.11,"dewpt":13.8,"uv":1.5,"elev_angle":27.04,"wind_dir":299,"weather":{"icon":"c03d","code":803,"description":"Broken clouds"},"ghi":411.6,"dhi":85.98,"timestamp_local":"2022-07-08T18:30:00","solar_rad":296.29065,"vis":10,"dni":725.67,"temp":21.9,"slp":1028.5,"clouds":68,"ts":1657297800},{"precip_rate":0,"rh":60,"wind_spd":4.3,"timestamp_utc":"2022-07-08T16:45:00","snow_rate":0,"app_temp":21.7,"pres":1018.53845,"azimuth":275.04,"dewpt":13.8,"uv":1.4,"elev_angle":24.74,"wind_dir":300,"weather":{"icon":"c03d","code":803,"description":"Broken clouds"},"ghi":372.4,"dhi":82.54,"timestamp_local":"2022-07-08T18:45:00","solar_rad":263.47626,"vis":10,"dni":703.92,"temp":21.9,"slp":1028.25,"clouds":69,"ts":1657298700},{"precip_rate":0,"rh":60,"wind_spd":4.4,"timestamp_utc":"2022-07-08T17:00:00","snow_rate":0,"app_temp":21.7,"pres":1018.29083,"azimuth":277.96,"dewpt":13.8,"uv":1.3,"elev_angle":22.45,"wind_dir":302,"weather":{"icon":"c03d","code":803,"description":"Broken clouds"},"ghi":333.2,"dhi":79.1,"timestamp_local":"2022-07-08T19:00:00","solar_rad":231.48395,"vis":10,"dni":682.17,"temp":21.9,"slp":1028,"clouds":70,"ts":1657299600},{"precip_rate":0,"rh":61,"wind_spd":4.2,"timestamp_utc":"2022-07-08T17:15:00","snow_rate":0,"app_temp":21.6,"pres":1018.2878,"azimuth":280.76,"dewpt":13.9,"uv":1.2,"elev_angle":20.22,"wind_dir":303,"weather":{"icon":"c03d","code":803,"description":"Broken clouds"},"ghi":295.1,"dhi":74.5,"timestamp_local":"2022-07-08T19:15:00","solar_rad":208.66731,"vis":10,"dni":647.66,"temp":21.8,"slp":1028,"clouds":69,"ts":1657300500},{"precip_rate":0,"rh":62,"wind_spd":4,"timestamp_utc":"2022-07-08T17:30:00","snow_rate":0,"app_temp":21.5,"pres":1018.2848,"azimuth":283.56,"dewpt":14.1,"uv":1.1,"elev_angle":18,"wind_dir":304,"weather":{"icon":"c03d","code":803,"description":"Broken clouds"},"ghi":256.9,"dhi":69.89,"timestamp_local":"2022-07-08T19:30:00","solar_rad":184.72491,"vis":10,"dni":613.14,"temp":21.7,"slp":1028,"clouds":68,"ts":1657301400},{"precip_rate":0,"rh":62,"wind_spd":3.8,"timestamp_utc":"2022-07-08T17:45:00","snow_rate":0,"app_temp":21.4,"pres":1018.28174,"azimuth":286.35,"dewpt":14,"uv":1.1,"elev_angle":15.77,"wind_dir":305,"weather":{"icon":"c03d","code":803,"description":"Broken clouds"},"ghi":218.8,"dhi":65.29,"timestamp_local":"2022-07-08T19:45:00","solar_rad":157.37852,"vis":10,"dni":578.63,"temp":21.6,"slp":1028,"clouds":68,"ts":1657302300},{"precip_rate":0,"rh":63,"wind_spd":3.6,"timestamp_utc":"2022-07-08T18:00:00","snow_rate":0,"app_temp":21.4,"pres":1018.2787,"azimuth":289.15,"dewpt":14.2,"uv":1,"elev_angle":13.54,"wind_dir":306,"weather":{"icon":"c03d","code":803,"description":"Broken clouds"},"ghi":180.6,"dhi":60.68,"timestamp_local":"2022-07-08T20:00:00","solar_rad":131.98384,"vis":10,"dni":544.11,"temp":21.5,"slp":1028,"clouds":67,"ts":1657303200},{"precip_rate":0,"rh":64,"wind_spd":3.5,"timestamp_utc":"2022-07-08T18:15:00","snow_rate":0,"app_temp":21.1,"pres":1018.26953,"azimuth":291.96,"dewpt":14.1,"uv":0.9,"elev_angle":11.46,"wind_dir":306,"weather":{"icon":"c04d","code":804,"description":"Overcast clouds"},"ghi":148.5,"dhi":54.1,"timestamp_local":"2022-07-08T20:15:00","solar_rad":96.93273,"vis":10,"dni":481.72,"temp":21.2,"slp":1028,"clouds":73,"ts":1657304100},{"precip_rate":0,"rh":65,"wind_spd":3.4,"timestamp_utc":"2022-07-08T18:30:00","snow_rate":0,"app_temp":20.8,"pres":1018.2604,"azimuth":294.77,"dewpt":14.1,"uv":0.8,"elev_angle":9.38,"wind_dir":306,"weather":{"icon":"c04d","code":804,"description":"Overcast clouds"},"ghi":116.3,"dhi":47.51,"timestamp_local":"2022-07-08T20:30:00","solar_rad":66.84787,"vis":10,"dni":419.33,"temp":20.9,"slp":1028,"clouds":78,"ts":1657305000},{"precip_rate":0,"rh":66,"wind_spd":3.3,"timestamp_utc":"2022-07-08T18:45:00","snow_rate":0,"app_temp":20.5,"pres":1018.2512,"azimuth":297.58,"dewpt":14.1,"uv":0.7,"elev_angle":7.29,"wind_dir":306,"weather":{"icon":"c04d","code":804,"description":"Overcast clouds"},"ghi":84.2,"dhi":40.93,"timestamp_local":"2022-07-08T20:45:00","solar_rad":79.47561,"vis":10,"dni":356.93,"temp":20.7,"slp":1028,"clouds":84,"ts":1657305900},{"precip_rate":0,"rh":67,"wind_spd":3.2,"timestamp_utc":"2022-07-08T19:00:00","snow_rate":0,"app_temp":20.2,"pres":1018.24207,"azimuth":300.39,"dewpt":14.1,"uv":0.7,"elev_angle":5.21,"wind_dir":306,"weather":{"icon":"c04d","code":804,"description":"Overcast clouds"},"ghi":52.1,"dhi":34.34,"timestamp_local":"2022-07-08T21:00:00","solar_rad":51.22582,"vis":10,"dni":294.54,"temp":20.4,"slp":1028,"clouds":90,"ts":1657306800},{"precip_rate":0,"rh":69,"wind_spd":3.1,"timestamp_utc":"2022-07-08T19:15:00","snow_rate":0,"app_temp":20,"pres":1018.23285,"azimuth":303.33,"dewpt":14.3,"uv":0.7,"elev_angle":3.36,"wind_dir":306,"weather":{"icon":"c04n","code":804,"description":"Overcast clouds"},"ghi":39.1,"dhi":25.76,"timestamp_local":"2022-07-08T21:15:00","solar_rad":42.752525,"vis":10,"dni":220.91,"temp":20.1,"slp":1028,"clouds":85,"ts":1657307700},{"precip_rate":0,"rh":70,"wind_spd":3,"timestamp_utc":"2022-07-08T19:30:00","snow_rate":0,"app_temp":19.7,"pres":1018.22363,"azimuth":306.26,"dewpt":14.2,"uv":0.8,"elev_angle":1.51,"wind_dir":307,"weather":{"icon":"c04n","code":804,"description":"Overcast clouds"},"ghi":26.1,"dhi":17.17,"timestamp_local":"2022-07-08T21:30:00","solar_rad":31.033585,"vis":10,"dni":147.27,"temp":19.8,"slp":1028,"clouds":80,"ts":1657308600},{"precip_rate":0,"rh":72,"wind_spd":2.9,"timestamp_utc":"2022-07-08T19:45:00","snow_rate":0,"app_temp":19.5,"pres":1018.2144,"azimuth":309.2,"dewpt":14.4,"uv":0,"elev_angle":-0.34,"wind_dir":308,"weather":{"icon":"c04n","code":804,"description":"Overcast clouds"},"ghi":13,"dhi":8.59,"timestamp_local":"2022-07-08T21:45:00","solar_rad":16.763195,"vis":10,"dni":73.64,"temp":19.6,"slp":1028,"clouds":74,"ts":1657309500},{"precip_rate":0,"rh":74,"wind_spd":2.8,"timestamp_utc":"2022-07-08T20:00:00","snow_rate":0,"app_temp":19.2,"pres":1018.2052,"azimuth":312.13,"dewpt":14.6,"uv":0,"elev_angle":-2.19,"wind_dir":308,"weather":{"icon":"c03n","code":803,"description":"Broken clouds"},"ghi":0,"dhi":0,"timestamp_local":"2022-07-08T22:00:00","solar_rad":0,"vis":10,"dni":0,"temp":19.3,"slp":1028,"clouds":69,"ts":1657310400},{"precip_rate":0,"rh":76,"wind_spd":2.7,"timestamp_utc":"2022-07-08T20:15:00","snow_rate":0,"app_temp":18.7,"pres":1018.1897,"azimuth":315.26,"dewpt":14.5,"uv":0,"elev_angle":-3.72,"wind_dir":309,"weather":{"icon":"c03n","code":803,"description":"Broken clouds"},"ghi":0,"dhi":0,"timestamp_local":"2022-07-08T22:15:00","solar_rad":0,"vis":10,"dni":0,"temp":18.8,"slp":1028,"clouds":61,"ts":1657311300},{"precip_rate":0,"rh":78,"wind_spd":2.6,"timestamp_utc":"2022-07-08T20:30:00","snow_rate":0,"app_temp":18.3,"pres":1018.1742,"azimuth":318.39,"dewpt":14.4,"uv":0,"elev_angle":-5.24,"wind_dir":310,"weather":{"icon":"c03n","code":803,"description":"Broken clouds"},"ghi":0,"dhi":0,"timestamp_local":"2022-07-08T22:30:00","solar_rad":0,"vis":10,"dni":0,"temp":18.3,"slp":1028,"clouds":52,"ts":1657312200},{"precip_rate":0,"rh":81,"wind_spd":2.5,"timestamp_utc":"2022-07-08T20:45:00","snow_rate":0,"app_temp":17.9,"pres":1018.1586,"azimuth":321.51,"dewpt":14.6,"uv":0,"elev_angle":-6.77,"wind_dir":311,"weather":{"icon":"c03n","code":803,"description":"Broken clouds"},"ghi":0,"dhi":0,"timestamp_local":"2022-07-08T22:45:00","solar_rad":0,"vis":10,"dni":0,"temp":17.9,"slp":1028,"clouds":44,"ts":1657313100},{"precip_rate":0,"rh":83,"wind_spd":2.4,"timestamp_utc":"2022-07-08T21:00:00","snow_rate":0,"app_temp":17.4,"pres":1018.1431,"azimuth":324.64,"dewpt":14.5,"uv":0,"elev_angle":-8.29,"wind_dir":312,"weather":{"icon":"c02n","code":802,"description":"Scattered clouds"},"ghi":0,"dhi":0,"timestamp_local":"2022-07-08T23:00:00","solar_rad":0,"vis":10,"dni":0,"temp":17.4,"slp":1028,"clouds":36,"ts":1657314000},{"precip_rate":0,"rh":84,"wind_spd":2.4,"timestamp_utc":"2022-07-08T21:15:00","snow_rate":0,"app_temp":17,"pres":1018.1306,"azimuth":327.99,"dewpt":14.3,"uv":0,"elev_angle":-9.39,"wind_dir":314,"weather":{"icon":"c03n","code":803,"description":"Broken clouds"},"ghi":0,"dhi":0,"timestamp_local":"2022-07-08T23:15:00","solar_rad":0,"vis":10,"dni":0,"temp":17,"slp":1028,"clouds":49,"ts":1657314900},{"precip_rate":0,"rh":86,"wind_spd":2.4,"timestamp_utc":"2022-07-08T21:30:00","snow_rate":0,"app_temp":16.6,"pres":1018.11804,"azimuth":331.33,"dewpt":14.3,"uv":0,"elev_angle":-10.5,"wind_dir":317,"weather":{"icon":"c03n","code":803,"description":"Broken clouds"},"ghi":0,"dhi":0,"timestamp_local":"2022-07-08T23:30:00","solar_rad":0,"vis":10,"dni":0,"temp":16.6,"slp":1028,"clouds":62,"ts":1657315800},{"precip_rate":0,"rh":88,"wind_spd":2.4,"timestamp_utc":"2022-07-08T21:45:00","snow_rate":0,"app_temp":16.3,"pres":1018.10547,"azimuth":334.68,"dewpt":14.3,"uv":0,"elev_angle":-11.6,"wind_dir":320,"weather":{"icon":"c04n","code":804,"description":"Overcast clouds"},"ghi":0,"dhi":0,"timestamp_local":"2022-07-08T23:45:00","solar_rad":0,"vis":10,"dni":0,"temp":16.3,"slp":1028,"clouds":76,"ts":1657316700},{"precip_rate":0,"rh":89,"wind_spd":2.4,"timestamp_utc":"2022-07-08T22:00:00","snow_rate":0,"app_temp":15.9,"pres":1018.09296,"azimuth":338.02,"dewpt":14.1,"uv":0,"elev_angle":-12.7,"wind_dir":322,"weather":{"icon":"c04n","code":804,"description":"Overcast clouds"},"ghi":0,"dhi":0,"timestamp_local":"2022-07-09T00:00:00","solar_rad":0,"vis":10,"dni":0,"temp":15.9,"slp":1028,"clouds":89,"ts":1657317600},{"precip_rate":0,"rh":90,"wind_spd":2.3,"timestamp_utc":"2022-07-08T22:15:00","snow_rate":0,"app_temp":15.7,"pres":1018.0866,"azimuth":341.54,"dewpt":14.1,"uv":0,"elev_angle":-13.29,"wind_dir":320,"weather":{"icon":"c04n","code":804,"description":"Overcast clouds"},"ghi":0,"dhi":0,"timestamp_local":"2022-07-09T00:15:00","solar_rad":0,"vis":10,"dni":0,"temp":15.7,"slp":1028,"clouds":92,"ts":1657318500},{"precip_rate":0,"rh":91,"wind_spd":2.2,"timestamp_utc":"2022-07-08T22:30:00","snow_rate":0,"app_temp":15.5,"pres":1018.0803,"azimuth":345.06,"dewpt":14.1,"uv":0,"elev_angle":-13.89,"wind_dir":318,"weather":{"icon":"c04n","code":804,"description":"Overcast clouds"},"ghi":0,"dhi":0,"timestamp_local":"2022-07-09T00:30:00","solar_rad":0,"vis":10,"dni":0,"temp":15.5,"slp":1028,"clouds":94,"ts":1657319400},{"precip_rate":0,"rh":92,"wind_spd":2.1,"timestamp_utc":"2022-07-08T22:45:00","snow_rate":0,"app_temp":15.4,"pres":1018.074,"azimuth":348.58,"dewpt":14.1,"uv":0,"elev_angle":-14.48,"wind_dir":316,"weather":{"icon":"c04n","code":804,"description":"Overcast clouds"},"ghi":0,"dhi":0,"timestamp_local":"2022-07-09T00:45:00","solar_rad":0,"vis":10,"dni":0,"temp":15.4,"slp":1028,"clouds":96,"ts":1657320300},{"precip_rate":0,"rh":93,"wind_spd":2,"timestamp_utc":"2022-07-08T23:00:00","snow_rate":0,"app_temp":15.2,"pres":1018.0676,"azimuth":352.1,"dewpt":14.1,"uv":0,"elev_angle":-15.07,"wind_dir":314,"weather":{"icon":"c04n","code":804,"description":"Overcast clouds"},"ghi":0,"dhi":0,"timestamp_local":"2022-07-09T01:00:00","solar_rad":0,"vis":10,"dni":0,"temp":15.2,"slp":1028,"clouds":99,"ts":1657321200},{"precip_rate":0,"rh":93,"wind_spd":1.9,"timestamp_utc":"2022-07-08T23:15:00","snow_rate":0,"app_temp":15.2,"pres":1018.0676,"azimuth":265.69,"dewpt":14.1,"uv":0,"elev_angle":-15.1,"wind_dir":310,"weather":{"icon":"c04n","code":804,"description":"Overcast clouds"},"ghi":0,"dhi":0,"timestamp_local":"2022-07-09T01:15:00","solar_rad":0,"vis":10,"dni":0,"temp":15.2,"slp":1028,"clouds":98,"ts":1657322100},{"precip_rate":0,"rh":93,"wind_spd":1.8,"timestamp_utc":"2022-07-08T23:30:00","snow_rate":0,"app_temp":15.2,"pres":1018.0676,"azimuth":179.28,"dewpt":14.1,"uv":0,"elev_angle":-15.13,"wind_dir":306,"weather":{"icon":"c04n","code":804,"description":"Overcast clouds"},"ghi":0,"dhi":0,"timestamp_local":"2022-07-09T01:30:00","solar_rad":0,"vis":10,"dni":0,"temp":15.2,"slp":1028,"clouds":98,"ts":1657323000},{"precip_rate":0,"rh":93,"wind_spd":1.7,"timestamp_utc":"2022-07-08T23:45:00","snow_rate":0,"app_temp":15.2,"pres":1018.0676,"azimuth":92.87,"dewpt":14.1,"uv":0,"elev_angle":-15.16,"wind_dir":302,"weather":{"icon":"c04n","code":804,"description":"Overcast clouds"},"ghi":0,"dhi":0,"timestamp_local":"2022-07-09T01:45:00","solar_rad":0,"vis":10,"dni":0,"temp":15.2,"slp":1028,"clouds":97,"ts":1657323900}],"sources":["103150-99999","imerg","merra2","era5","modis"],"city_id":"2856883"}
