{"timezone":"Europe\/Berlin","state_code":"06","country_code":"DE","lat":52.2833,"lon":8,"city_name":"Osnabr�ck","station_id":"103150-99999","data":[{"precip_rate":0,"rh":88,"wind_spd":1.43,"timestamp_utc":"2022-07-24T00:00:00","snow_rate":0,"app_temp":14.2,"pres":1013.8,"azimuth":6.35,"dewpt":12.3,"uv":0,"elev_angle":-17.72,"wind_dir":118,"weather":{"icon":"c02n","code":801,"description":"Few clouds"},"ghi":0,"dhi":0,"timestamp_local":"2022-07-24T02:00:00","solar_rad":0,"vis":16,"dni":0,"temp":14.2,"slp":1020,"clouds":12,"ts":1658620800},{"precip_rate":0,"rh":88,"wind_spd":1.38,"timestamp_utc":"2022-07-24T00:15:00","snow_rate":0,"app_temp":14.2,"pres":1013.775,"azimuth":9.99,"dewpt":12.3,"uv":0,"elev_angle":-17.18,"wind_dir":119,"weather":{"icon":"c02n","code":801,"description":"Few clouds"},"ghi":0,"dhi":0,"timestamp_local":"2022-07-24T02:15:00","solar_rad":0,"vis":16,"dni":0,"temp":14.2,"slp":1020,"clouds":14,"ts":1658621700},{"precip_rate":0,"rh":88,"wind_spd":1.33,"timestamp_utc":"2022-07-24T00:30:00","snow_rate":0,"app_temp":14.2,"pres":1013.75,"azimuth":13.63,"dewpt":12.3,"uv":0,"elev_angle":-16.64,"wind_dir":120,"weather":{"icon":"c02n","code":801,"description":"Few clouds"},"ghi":0,"dhi":0,"timestamp_local":"2022-07-24T02:30:00","solar_rad":0,"vis":16,"dni":0,"temp":14.2,"slp":1020,"clouds":17,"ts":1658622600},{"precip_rate":0,"rh":88,"wind_spd":1.28,"timestamp_utc":"2022-07-24T00:45:00","snow_rate":0,"app_temp":14.2,"pres":1013.725,"azimuth":17.26,"dewpt":12.2,"uv":0,"elev_angle":-16.1,"wind_dir":121,"weather":{"icon":"c02n","code":801,"description":"Few clouds"},"ghi":0,"dhi":0,"timestamp_local":"2022-07-24T02:45:00","solar_rad":0,"vis":16,"dni":0,"temp":14.2,"slp":1020,"clouds":20,"ts":1658623500},{"precip_rate":0,"rh":88,"wind_spd":1.23,"timestamp_utc":"2022-07-24T01:00:00","snow_rate":0,"app_temp":14.2,"pres":1013.7,"azimuth":20.9,"dewpt":12.2,"uv":0,"elev_angle":-15.56,"wind_dir":122,"weather":{"icon":"c02n","code":802,"description":"Scattered clouds"},"ghi":0,"dhi":0,"timestamp_local":"2022-07-24T03:00:00","solar_rad":0,"vis":16,"dni":0,"temp":14.2,"slp":1020,"clouds":22,"ts":1658624400},{"precip_rate":0,"rh":88,"wind_spd":1.2,"timestamp_utc":"2022-07-24T01:15:00","snow_rate":0,"app_temp":14.2,"pres":1013.7,"azimuth":24.36,"dewpt":12.2,"uv":0,"elev_angle":-14.49,"wind_dir":124,"weather":{"icon":"c02n","code":802,"description":"Scattered clouds"},"ghi":0,"dhi":0,"timestamp_local":"2022-07-24T03:15:00","solar_rad":0,"vis":16,"dni":0,"temp":14.2,"slp":1020,"clouds":22,"ts":1658625300},{"precip_rate":0,"rh":88,"wind_spd":1.18,"timestamp_utc":"2022-07-24T01:30:00","snow_rate":0,"app_temp":14.1,"pres":1013.7,"azimuth":27.82,"dewpt":12.1,"uv":0,"elev_angle":-13.43,"wind_dir":126,"weather":{"icon":"c02n","code":802,"description":"Scattered clouds"},"ghi":0,"dhi":0,"timestamp_local":"2022-07-24T03:30:00","solar_rad":0,"vis":16,"dni":0,"temp":14.1,"slp":1020,"clouds":22,"ts":1658626200},{"precip_rate":0,"rh":88,"wind_spd":1.16,"timestamp_utc":"2022-07-24T01:45:00","snow_rate":0,"app_temp":14.1,"pres":1013.7,"azimuth":31.27,"dewpt":12.1,"uv":0,"elev_angle":-12.36,"wind_dir":127,"weather":{"icon":"c02n","code":802,"description":"Scattered clouds"},"ghi":0,"dhi":0,"timestamp_local":"2022-07-24T03:45:00","solar_rad":0,"vis":16,"dni":0,"temp":14.1,"slp":1020,"clouds":22,"ts":1658627100},{"precip_rate":0,"rh":88,"wind_spd":1.14,"timestamp_utc":"2022-07-24T02:00:00","snow_rate":0,"app_temp":14,"pres":1013.7,"azimuth":34.73,"dewpt":12,"uv":0,"elev_angle":-11.29,"wind_dir":129,"weather":{"icon":"c02n","code":802,"description":"Scattered clouds"},"ghi":0,"dhi":0,"timestamp_local":"2022-07-24T04:00:00","solar_rad":0,"vis":16,"dni":0,"temp":14,"slp":1020,"clouds":22,"ts":1658628000},{"precip_rate":0,"rh":88,"wind_spd":1.13,"timestamp_utc":"2022-07-24T02:15:00","snow_rate":0,"app_temp":13.9,"pres":1013.45,"azimuth":37.95,"dewpt":11.9,"uv":0,"elev_angle":-9.78,"wind_dir":132,"weather":{"icon":"c02n","code":802,"description":"Scattered clouds"},"ghi":0,"dhi":0,"timestamp_local":"2022-07-24T04:15:00","solar_rad":0,"vis":16,"dni":0,"temp":13.9,"slp":1019.75,"clouds":26,"ts":1658628900},{"precip_rate":0,"rh":88,"wind_spd":1.13,"timestamp_utc":"2022-07-24T02:30:00","snow_rate":0,"app_temp":13.9,"pres":1013.2,"azimuth":41.18,"dewpt":11.8,"uv":0,"elev_angle":-8.27,"wind_dir":135,"weather":{"icon":"c02n","code":802,"description":"Scattered clouds"},"ghi":0,"dhi":0,"timestamp_local":"2022-07-24T04:30:00","solar_rad":0,"vis":16,"dni":0,"temp":13.9,"slp":1019.5,"clouds":31,"ts":1658629800},{"precip_rate":0,"rh":87,"wind_spd":1.12,"timestamp_utc":"2022-07-24T02:45:00","snow_rate":0,"app_temp":13.8,"pres":1012.95,"azimuth":44.4,"dewpt":11.8,"uv":0,"elev_angle":-6.76,"wind_dir":138,"weather":{"icon":"c02n","code":802,"description":"Scattered clouds"},"ghi":0,"dhi":0,"timestamp_local":"2022-07-24T04:45:00","solar_rad":0,"vis":16,"dni":0,"temp":13.8,"slp":1019.25,"clouds":36,"ts":1658630700},{"precip_rate":0,"rh":87,"wind_spd":1.12,"timestamp_utc":"2022-07-24T03:00:00","snow_rate":0,"app_temp":13.8,"pres":1012.7,"azimuth":47.62,"dewpt":11.7,"uv":0,"elev_angle":-5.25,"wind_dir":141,"weather":{"icon":"c02n","code":802,"description":"Scattered clouds"},"ghi":0,"dhi":0,"timestamp_local":"2022-07-24T05:00:00","solar_rad":0,"vis":16,"dni":0,"temp":13.8,"slp":1019,"clouds":40,"ts":1658631600},{"precip_rate":0,"rh":87,"wind_spd":1.11,"timestamp_utc":"2022-07-24T03:15:00","snow_rate":0,"app_temp":13.8,"pres":1012.7,"azimuth":50.63,"dewpt":11.7,"uv":0,"elev_angle":-3.41,"wind_dir":142,"weather":{"icon":"c02n","code":802,"description":"Scattered clouds"},"ghi":3.9,"dhi":4.83,"timestamp_local":"2022-07-24T05:15:00","solar_rad":8.389578,"vis":16,"dni":32.48,"temp":13.8,"slp":1019,"clouds":40,"ts":1658632500},{"precip_rate":0,"rh":87,"wind_spd":1.09,"timestamp_utc":"2022-07-24T03:30:00","snow_rate":0,"app_temp":13.8,"pres":1012.7,"azimuth":53.64,"dewpt":11.7,"uv":0,"elev_angle":-1.56,"wind_dir":142,"weather":{"icon":"c03n","code":803,"description":"Broken clouds"},"ghi":7.9,"dhi":9.66,"timestamp_local":"2022-07-24T05:30:00","solar_rad":16.844189,"vis":16,"dni":64.95,"temp":13.8,"slp":1019,"clouds":41,"ts":1658633400},{"precip_rate":0,"rh":87,"wind_spd":1.08,"timestamp_utc":"2022-07-24T03:45:00","snow_rate":0,"app_temp":13.8,"pres":1012.7,"azimuth":56.65,"dewpt":11.7,"uv":1.2,"elev_angle":0.29,"wind_dir":143,"weather":{"icon":"c03n","code":803,"description":"Broken clouds"},"ghi":11.8,"dhi":14.49,"timestamp_local":"2022-07-24T05:45:00","solar_rad":25.176382,"vis":16,"dni":97.43,"temp":13.8,"slp":1019,"clouds":42,"ts":1658634300},{"precip_rate":0,"rh":87,"wind_spd":1.07,"timestamp_utc":"2022-07-24T04:00:00","snow_rate":0,"app_temp":13.8,"pres":1012.7,"azimuth":59.66,"dewpt":11.7,"uv":1.2,"elev_angle":2.13,"wind_dir":144,"weather":{"icon":"c03n","code":803,"description":"Broken clouds"},"ghi":15.7,"dhi":19.32,"timestamp_local":"2022-07-24T06:00:00","solar_rad":33.537865,"vis":16,"dni":129.9,"temp":13.8,"slp":1019,"clouds":42,"ts":1658635200},{"precip_rate":0,"rh":86,"wind_spd":1.03,"timestamp_utc":"2022-07-24T04:15:00","snow_rate":0,"app_temp":14.1,"pres":1012.7,"azimuth":62.53,"dewpt":11.9,"uv":1.3,"elev_angle":4.21,"wind_dir":144,"weather":{"icon":"c03n","code":803,"description":"Broken clouds"},"ghi":44.4,"dhi":27.63,"timestamp_local":"2022-07-24T06:15:00","solar_rad":40.975925,"vis":16,"dni":215.89,"temp":14.1,"slp":1019,"clouds":41,"ts":1658636100},{"precip_rate":0,"rh":86,"wind_spd":1,"timestamp_utc":"2022-07-24T04:30:00","snow_rate":0,"app_temp":14.3,"pres":1012.7,"azimuth":65.4,"dewpt":12,"uv":1.3,"elev_angle":6.3,"wind_dir":144,"weather":{"icon":"c02d","code":802,"description":"Scattered clouds"},"ghi":73.1,"dhi":35.93,"timestamp_local":"2022-07-24T06:30:00","solar_rad":67.6767,"vis":16,"dni":301.89,"temp":14.3,"slp":1019,"clouds":40,"ts":1658637000},{"precip_rate":0,"rh":86,"wind_spd":0.97,"timestamp_utc":"2022-07-24T04:45:00","snow_rate":0,"app_temp":14.6,"pres":1012.7,"azimuth":68.26,"dewpt":12.2,"uv":1.3,"elev_angle":8.38,"wind_dir":144,"weather":{"icon":"c02d","code":802,"description":"Scattered clouds"},"ghi":101.8,"dhi":44.24,"timestamp_local":"2022-07-24T06:45:00","solar_rad":94.18866,"vis":16,"dni":387.88,"temp":14.6,"slp":1019,"clouds":40,"ts":1658637900},{"precip_rate":0,"rh":85,"wind_spd":0.94,"timestamp_utc":"2022-07-24T05:00:00","snow_rate":0,"app_temp":14.9,"pres":1012.7,"azimuth":71.13,"dewpt":12.4,"uv":1.3,"elev_angle":10.46,"wind_dir":144,"weather":{"icon":"c02d","code":802,"description":"Scattered clouds"},"ghi":130.5,"dhi":52.54,"timestamp_local":"2022-07-24T07:00:00","solar_rad":121.14976,"vis":16,"dni":473.87,"temp":14.9,"slp":1019,"clouds":39,"ts":1658638800},{"precip_rate":0,"rh":82,"wind_spd":1.01,"timestamp_utc":"2022-07-24T05:15:00","snow_rate":0,"app_temp":15.8,"pres":1012.725,"azimuth":73.96,"dewpt":12.7,"uv":1.5,"elev_angle":12.69,"wind_dir":148,"weather":{"icon":"c02d","code":802,"description":"Scattered clouds"},"ghi":168,"dhi":57.8,"timestamp_local":"2022-07-24T07:15:00","solar_rad":159.20496,"vis":16,"dni":516.37,"temp":15.8,"slp":1019,"clouds":31,"ts":1658639700},{"precip_rate":0,"rh":80,"wind_spd":1.09,"timestamp_utc":"2022-07-24T05:30:00","snow_rate":0,"app_temp":16.6,"pres":1012.75,"azimuth":76.8,"dewpt":12.9,"uv":1.6,"elev_angle":14.92,"wind_dir":152,"weather":{"icon":"c02d","code":802,"description":"Scattered clouds"},"ghi":205.5,"dhi":63.07,"timestamp_local":"2022-07-24T07:30:00","solar_rad":196.548,"vis":16,"dni":558.88,"temp":16.6,"slp":1019,"clouds":24,"ts":1658640600},{"precip_rate":0,"rh":77,"wind_spd":1.17,"timestamp_utc":"2022-07-24T05:45:00","snow_rate":0,"app_temp":17.4,"pres":1012.775,"azimuth":79.63,"dewpt":13.2,"uv":1.8,"elev_angle":17.15,"wind_dir":155,"weather":{"icon":"c02d","code":801,"description":"Few clouds"},"ghi":243,"dhi":68.33,"timestamp_local":"2022-07-24T07:45:00","solar_rad":233.57564,"vis":16,"dni":601.38,"temp":17.4,"slp":1019,"clouds":16,"ts":1658641500},{"precip_rate":0,"rh":74,"wind_spd":1.25,"timestamp_utc":"2022-07-24T06:00:00","snow_rate":0,"app_temp":18.3,"pres":1012.8,"azimuth":82.46,"dewpt":13.5,"uv":2.1,"elev_angle":19.38,"wind_dir":159,"weather":{"icon":"c02d","code":801,"description":"Few clouds"},"ghi":280.5,"dhi":73.59,"timestamp_local":"2022-07-24T08:00:00","solar_rad":269.9521,"vis":16,"dni":643.88,"temp":18.3,"slp":1019,"clouds":8,"ts":1658642400},{"precip_rate":0,"rh":72,"wind_spd":1.52,"timestamp_utc":"2022-07-24T06:15:00","snow_rate":0,"app_temp":18.6,"pres":1012.8,"azimuth":85.41,"dewpt":13.5,"uv":2.2,"elev_angle":21.67,"wind_dir":162,"weather":{"icon":"c02d","code":801,"description":"Few clouds"},"ghi":320.1,"dhi":77.4,"timestamp_local":"2022-07-24T08:15:00","solar_rad":307.90894,"vis":16,"dni":669.25,"temp":18.8,"slp":1019,"clouds":11,"ts":1658643300},{"precip_rate":0,"rh":70,"wind_spd":1.79,"timestamp_utc":"2022-07-24T06:30:00","snow_rate":0,"app_temp":19.2,"pres":1012.8,"azimuth":88.35,"dewpt":13.5,"uv":2.3,"elev_angle":23.96,"wind_dir":165,"weather":{"icon":"c02d","code":801,"description":"Few clouds"},"ghi":359.6,"dhi":81.21,"timestamp_local":"2022-07-24T08:30:00","solar_rad":345.6342,"vis":16,"dni":694.61,"temp":19.3,"slp":1019,"clouds":14,"ts":1658644200},{"precip_rate":0,"rh":67,"wind_spd":2.07,"timestamp_utc":"2022-07-24T06:45:00","snow_rate":0,"app_temp":19.7,"pres":1012.8,"azimuth":91.3,"dewpt":13.5,"uv":2.4,"elev_angle":26.24,"wind_dir":168,"weather":{"icon":"c02d","code":801,"description":"Few clouds"},"ghi":399.1,"dhi":85.01,"timestamp_local":"2022-07-24T08:45:00","solar_rad":383.36658,"vis":16,"dni":719.98,"temp":19.9,"slp":1019,"clouds":17,"ts":1658645100},{"precip_rate":0,"rh":65,"wind_spd":2.34,"timestamp_utc":"2022-07-24T07:00:00","snow_rate":0,"app_temp":20.2,"pres":1012.8,"azimuth":94.24,"dewpt":13.5,"uv":2.6,"elev_angle":28.53,"wind_dir":171,"weather":{"icon":"c02d","code":801,"description":"Few clouds"},"ghi":438.7,"dhi":88.82,"timestamp_local":"2022-07-24T09:00:00","solar_rad":420.68515,"vis":16,"dni":745.34,"temp":20.4,"slp":1019,"clouds":20,"ts":1658646000},{"precip_rate":0,"rh":63,"wind_spd":2.47,"timestamp_utc":"2022-07-24T07:15:00","snow_rate":0,"app_temp":20.6,"pres":1012.825,"azimuth":97.49,"dewpt":13.4,"uv":2.4,"elev_angle":30.78,"wind_dir":174,"weather":{"icon":"c02d","code":802,"description":"Scattered clouds"},"ghi":475.9,"dhi":91.64,"timestamp_local":"2022-07-24T09:15:00","solar_rad":439.23685,"vis":16,"dni":761.68,"temp":20.9,"slp":1019,"clouds":40,"ts":1658646900},{"precip_rate":0,"rh":61,"wind_spd":2.59,"timestamp_utc":"2022-07-24T07:30:00","snow_rate":0,"app_temp":21.1,"pres":1012.85,"azimuth":100.74,"dewpt":13.4,"uv":2.1,"elev_angle":33.03,"wind_dir":176,"weather":{"icon":"c03d","code":803,"description":"Broken clouds"},"ghi":513.1,"dhi":94.45,"timestamp_local":"2022-07-24T09:30:00","solar_rad":412.84958,"vis":16,"dni":778.02,"temp":21.3,"slp":1019,"clouds":60,"ts":1658647800},{"precip_rate":0,"rh":59,"wind_spd":2.72,"timestamp_utc":"2022-07-24T07:45:00","snow_rate":0,"app_temp":21.5,"pres":1012.875,"azimuth":103.99,"dewpt":13.3,"uv":1.8,"elev_angle":35.28,"wind_dir":179,"weather":{"icon":"c04d","code":804,"description":"Overcast clouds"},"ghi":550.4,"dhi":97.27,"timestamp_local":"2022-07-24T09:45:00","solar_rad":307.96564,"vis":16,"dni":794.35,"temp":21.8,"slp":1019,"clouds":79,"ts":1658648700},{"precip_rate":0,"rh":57,"wind_spd":2.84,"timestamp_utc":"2022-07-24T08:00:00","snow_rate":0,"app_temp":22,"pres":1012.9,"azimuth":107.24,"dewpt":13.3,"uv":1.4,"elev_angle":37.53,"wind_dir":182,"weather":{"icon":"c04d","code":804,"description":"Overcast clouds"},"ghi":587.6,"dhi":100.08,"timestamp_local":"2022-07-24T10:00:00","solar_rad":154.01988,"vis":16,"dni":810.69,"temp":22.2,"slp":1019,"clouds":99,"ts":1658649600},{"precip_rate":0,"rh":55,"wind_spd":2.99,"timestamp_utc":"2022-07-24T08:15:00","snow_rate":0,"app_temp":22.5,"pres":1012.9,"azimuth":111.08,"dewpt":13.3,"uv":1.5,"elev_angle":39.61,"wind_dir":187,"weather":{"icon":"c04d","code":804,"description":"Overcast clouds"},"ghi":619.1,"dhi":102.1,"timestamp_local":"2022-07-24T10:15:00","solar_rad":177.32086,"vis":16,"dni":821.31,"temp":22.8,"slp":1019,"clouds":98,"ts":1658650500},{"precip_rate":0,"rh":54,"wind_spd":3.14,"timestamp_utc":"2022-07-24T08:30:00","snow_rate":0,"app_temp":23.1,"pres":1012.9,"azimuth":114.91,"dewpt":13.3,"uv":1.6,"elev_angle":41.69,"wind_dir":192,"weather":{"icon":"c04d","code":804,"description":"Overcast clouds"},"ghi":650.6,"dhi":104.11,"timestamp_local":"2022-07-24T10:30:00","solar_rad":182.84776,"vis":16,"dni":831.94,"temp":23.3,"slp":1019,"clouds":98,"ts":1658651400},{"precip_rate":0,"rh":52,"wind_spd":3.29,"timestamp_utc":"2022-07-24T08:45:00","snow_rate":0,"app_temp":23.6,"pres":1012.9,"azimuth":118.75,"dewpt":13.3,"uv":1.8,"elev_angle":43.77,"wind_dir":197,"weather":{"icon":"c04d","code":804,"description":"Overcast clouds"},"ghi":682,"dhi":106.13,"timestamp_local":"2022-07-24T10:45:00","solar_rad":208.4897,"vis":16,"dni":842.56,"temp":23.9,"slp":1019,"clouds":97,"ts":1658652300},{"precip_rate":0,"rh":50,"wind_spd":3.44,"timestamp_utc":"2022-07-24T09:00:00","snow_rate":0,"app_temp":24.2,"pres":1012.9,"azimuth":122.58,"dewpt":13.3,"uv":1.9,"elev_angle":45.85,"wind_dir":202,"weather":{"icon":"c04d","code":804,"description":"Overcast clouds"},"ghi":713.5,"dhi":108.14,"timestamp_local":"2022-07-24T11:00:00","solar_rad":128.66978,"vis":16,"dni":853.18,"temp":24.4,"slp":1019,"clouds":96,"ts":1658653200},{"precip_rate":0,"rh":49,"wind_spd":3.5,"timestamp_utc":"2022-07-24T09:15:00","snow_rate":0,"app_temp":24.6,"pres":1012.67505,"azimuth":127.34,"dewpt":13.3,"uv":2.9,"elev_angle":47.55,"wind_dir":206,"weather":{"icon":"c04d","code":804,"description":"Overcast clouds"},"ghi":736.4,"dhi":109.46,"timestamp_local":"2022-07-24T11:15:00","solar_rad":460.37833,"vis":16,"dni":859.68,"temp":24.8,"slp":1018.75,"clouds":75,"ts":1658654100},{"precip_rate":0,"rh":48,"wind_spd":3.57,"timestamp_utc":"2022-07-24T09:30:00","snow_rate":0,"app_temp":25,"pres":1012.45,"azimuth":132.11,"dewpt":13.4,"uv":4,"elev_angle":49.26,"wind_dir":209,"weather":{"icon":"c03d","code":803,"description":"Broken clouds"},"ghi":759.3,"dhi":110.77,"timestamp_local":"2022-07-24T11:30:00","solar_rad":647.4822,"vis":16,"dni":866.18,"temp":25.2,"slp":1018.5,"clouds":54,"ts":1658655000},{"precip_rate":0,"rh":47,"wind_spd":3.63,"timestamp_utc":"2022-07-24T09:45:00","snow_rate":0,"app_temp":25.4,"pres":1012.225,"azimuth":136.87,"dewpt":13.4,"uv":5.2,"elev_angle":50.96,"wind_dir":212,"weather":{"icon":"c02d","code":802,"description":"Scattered clouds"},"ghi":782.2,"dhi":112.09,"timestamp_local":"2022-07-24T11:45:00","solar_rad":737.3484,"vis":16,"dni":872.67,"temp":25.6,"slp":1018.25,"clouds":33,"ts":1658655900},{"precip_rate":0,"rh":46,"wind_spd":3.7,"timestamp_utc":"2022-07-24T10:00:00","snow_rate":0,"app_temp":25.9,"pres":1012,"azimuth":141.63,"dewpt":13.5,"uv":6.5,"elev_angle":52.66,"wind_dir":216,"weather":{"icon":"c02d","code":801,"description":"Few clouds"},"ghi":805.1,"dhi":113.4,"timestamp_local":"2022-07-24T12:00:00","solar_rad":775.0641,"vis":16,"dni":879.17,"temp":26,"slp":1018,"clouds":12,"ts":1658656800},{"precip_rate":0,"rh":45,"wind_spd":3.81,"timestamp_utc":"2022-07-24T10:15:00","snow_rate":0,"app_temp":26.1,"pres":1012,"azimuth":147.51,"dewpt":13.5,"uv":6.4,"elev_angle":53.69,"wind_dir":219,"weather":{"icon":"c02d","code":801,"description":"Few clouds"},"ghi":817.5,"dhi":114.07,"timestamp_local":"2022-07-24T12:15:00","solar_rad":785.5677,"vis":16,"dni":882.35,"temp":26.3,"slp":1018,"clouds":18,"ts":1658657700},{"precip_rate":0,"rh":44,"wind_spd":3.92,"timestamp_utc":"2022-07-24T10:30:00","snow_rate":0,"app_temp":26.4,"pres":1012,"azimuth":153.39,"dewpt":13.4,"uv":6.2,"elev_angle":54.73,"wind_dir":222,"weather":{"icon":"c02d","code":802,"description":"Scattered clouds"},"ghi":829.9,"dhi":114.74,"timestamp_local":"2022-07-24T12:30:00","solar_rad":794.04285,"vis":16,"dni":885.52,"temp":26.6,"slp":1018,"clouds":24,"ts":1658658600},{"precip_rate":0,"rh":44,"wind_spd":4.02,"timestamp_utc":"2022-07-24T10:45:00","snow_rate":0,"app_temp":26.9,"pres":1012,"azimuth":159.27,"dewpt":13.4,"uv":6,"elev_angle":55.76,"wind_dir":225,"weather":{"icon":"c02d","code":802,"description":"Scattered clouds"},"ghi":842.3,"dhi":115.4,"timestamp_local":"2022-07-24T12:45:00","solar_rad":797.20667,"vis":16,"dni":888.7,"temp":26.8,"slp":1018,"clouds":31,"ts":1658659500},{"precip_rate":0,"rh":43,"wind_spd":4.13,"timestamp_utc":"2022-07-24T11:00:00","snow_rate":0,"app_temp":27.1,"pres":1012,"azimuth":165.15,"dewpt":13.4,"uv":5.9,"elev_angle":56.79,"wind_dir":228,"weather":{"icon":"c02d","code":802,"description":"Scattered clouds"},"ghi":854.7,"dhi":116.07,"timestamp_local":"2022-07-24T13:00:00","solar_rad":797.3347,"vis":16,"dni":891.87,"temp":27.1,"slp":1018,"clouds":37,"ts":1658660400},{"precip_rate":0,"rh":43,"wind_spd":4.1,"timestamp_utc":"2022-07-24T11:15:00","snow_rate":0,"app_temp":27.2,"pres":1012,"azimuth":171.66,"dewpt":13.5,"uv":5.2,"elev_angle":56.86,"wind_dir":227,"weather":{"icon":"c03d","code":803,"description":"Broken clouds"},"ghi":855.5,"dhi":116.11,"timestamp_local":"2022-07-24T13:15:00","solar_rad":755.9172,"vis":16,"dni":892.07,"temp":27.3,"slp":1018,"clouds":49,"ts":1658661300},{"precip_rate":0,"rh":42,"wind_spd":4.07,"timestamp_utc":"2022-07-24T11:30:00","snow_rate":0,"app_temp":27.3,"pres":1012,"azimuth":178.17,"dewpt":13.5,"uv":4.6,"elev_angle":56.93,"wind_dir":226,"weather":{"icon":"c03d","code":803,"description":"Broken clouds"},"ghi":856.3,"dhi":116.16,"timestamp_local":"2022-07-24T13:30:00","solar_rad":681.7068,"vis":16,"dni":892.28,"temp":27.4,"slp":1018,"clouds":61,"ts":1658662200},{"precip_rate":0,"rh":42,"wind_spd":4.04,"timestamp_utc":"2022-07-24T11:45:00","snow_rate":0,"app_temp":27.4,"pres":1012,"azimuth":184.67,"dewpt":13.6,"uv":3.9,"elev_angle":57,"wind_dir":225,"weather":{"icon":"c04d","code":804,"description":"Overcast clouds"},"ghi":857.1,"dhi":116.2,"timestamp_local":"2022-07-24T13:45:00","solar_rad":561.1666,"vis":16,"dni":892.48,"temp":27.6,"slp":1018,"clouds":73,"ts":1658663100},{"precip_rate":0,"rh":42,"wind_spd":4.01,"timestamp_utc":"2022-07-24T12:00:00","snow_rate":0,"app_temp":27.5,"pres":1012,"azimuth":191.18,"dewpt":13.7,"uv":3.3,"elev_angle":57.07,"wind_dir":224,"weather":{"icon":"c04d","code":804,"description":"Overcast clouds"},"ghi":857.9,"dhi":116.24,"timestamp_local":"2022-07-24T14:00:00","solar_rad":381.92844,"vis":16,"dni":892.68,"temp":27.7,"slp":1018,"clouds":85,"ts":1658664000},{"precip_rate":0,"rh":42,"wind_spd":3.93,"timestamp_utc":"2022-07-24T12:15:00","snow_rate":0,"app_temp":27.7,"pres":1011.75,"azimuth":197.2,"dewpt":13.8,"uv":3,"elev_angle":56.16,"wind_dir":224,"weather":{"icon":"c04d","code":804,"description":"Overcast clouds"},"ghi":847.1,"dhi":115.66,"timestamp_local":"2022-07-24T14:15:00","solar_rad":302.60263,"vis":16,"dni":889.93,"temp":27.9,"slp":1017.75,"clouds":89,"ts":1658664900},{"precip_rate":0,"rh":42,"wind_spd":3.84,"timestamp_utc":"2022-07-24T12:30:00","snow_rate":0,"app_temp":27.8,"pres":1011.5,"azimuth":203.22,"dewpt":13.8,"uv":2.8,"elev_angle":55.25,"wind_dir":224,"weather":{"icon":"c04d","code":804,"description":"Overcast clouds"},"ghi":836.3,"dhi":115.08,"timestamp_local":"2022-07-24T14:30:00","solar_rad":238.05074,"vis":16,"dni":887.18,"temp":28,"slp":1017.5,"clouds":92,"ts":1658665800},{"precip_rate":0,"rh":42,"wind_spd":3.75,"timestamp_utc":"2022-07-24T12:45:00","snow_rate":0,"app_temp":27.9,"pres":1011.25,"azimuth":209.23,"dewpt":13.9,"uv":2.5,"elev_angle":54.33,"wind_dir":225,"weather":{"icon":"c04d","code":804,"description":"Overcast clouds"},"ghi":825.5,"dhi":114.5,"timestamp_local":"2022-07-24T14:45:00","solar_rad":147.59117,"vis":16,"dni":884.43,"temp":28.1,"slp":1017.25,"clouds":96,"ts":1658666700},{"precip_rate":0,"rh":42,"wind_spd":3.67,"timestamp_utc":"2022-07-24T13:00:00","snow_rate":0,"app_temp":28.1,"pres":1011,"azimuth":215.25,"dewpt":14,"uv":2.2,"elev_angle":53.42,"wind_dir":225,"weather":{"icon":"c04d","code":804,"description":"Overcast clouds"},"ghi":814.6,"dhi":113.92,"timestamp_local":"2022-07-24T15:00:00","solar_rad":162.83853,"vis":16,"dni":881.68,"temp":28.3,"slp":1017,"clouds":100,"ts":1658667600},{"precip_rate":0,"rh":42,"wind_spd":3.61,"timestamp_utc":"2022-07-24T13:15:00","snow_rate":0,"app_temp":28.2,"pres":1011,"azimuth":220.17,"dewpt":14,"uv":2.4,"elev_angle":51.79,"wind_dir":225,"weather":{"icon":"c04d","code":804,"description":"Overcast clouds"},"ghi":793.1,"dhi":112.7,"timestamp_local":"2022-07-24T15:15:00","solar_rad":184.32991,"vis":16,"dni":875.68,"temp":28.4,"slp":1017,"clouds":94,"ts":1658668500},{"precip_rate":0,"rh":42,"wind_spd":3.54,"timestamp_utc":"2022-07-24T13:30:00","snow_rate":0,"app_temp":28.2,"pres":1011,"azimuth":225.08,"dewpt":14,"uv":2.6,"elev_angle":50.16,"wind_dir":224,"weather":{"icon":"c04d","code":804,"description":"Overcast clouds"},"ghi":771.5,"dhi":111.48,"timestamp_local":"2022-07-24T15:30:00","solar_rad":292.20773,"vis":16,"dni":869.68,"temp":28.4,"slp":1017,"clouds":88,"ts":1658669400},{"precip_rate":0,"rh":41,"wind_spd":3.48,"timestamp_utc":"2022-07-24T13:45:00","snow_rate":0,"app_temp":28.2,"pres":1011,"azimuth":230,"dewpt":14,"uv":2.8,"elev_angle":48.53,"wind_dir":224,"weather":{"icon":"c04d","code":804,"description":"Overcast clouds"},"ghi":750,"dhi":110.25,"timestamp_local":"2022-07-24T15:45:00","solar_rad":391.96967,"vis":16,"dni":863.67,"temp":28.5,"slp":1017,"clouds":81,"ts":1658670300},{"precip_rate":0,"rh":41,"wind_spd":3.42,"timestamp_utc":"2022-07-24T14:00:00","snow_rate":0,"app_temp":28.3,"pres":1011,"azimuth":234.91,"dewpt":14,"uv":2.9,"elev_angle":46.9,"wind_dir":224,"weather":{"icon":"c04d","code":804,"description":"Overcast clouds"},"ghi":728.4,"dhi":109.03,"timestamp_local":"2022-07-24T16:00:00","solar_rad":454.29105,"vis":16,"dni":857.67,"temp":28.6,"slp":1017,"clouds":75,"ts":1658671200},{"precip_rate":0,"rh":41,"wind_spd":3.36,"timestamp_utc":"2022-07-24T14:15:00","snow_rate":0,"app_temp":28.4,"pres":1010.75,"azimuth":238.85,"dewpt":13.9,"uv":3.2,"elev_angle":44.86,"wind_dir":224,"weather":{"icon":"c03d","code":803,"description":"Broken clouds"},"ghi":698,"dhi":107.12,"timestamp_local":"2022-07-24T16:15:00","solar_rad":547.7724,"vis":16,"dni":847.68,"temp":28.7,"slp":1016.75,"clouds":62,"ts":1658672100},{"precip_rate":0,"rh":40,"wind_spd":3.29,"timestamp_utc":"2022-07-24T14:30:00","snow_rate":0,"app_temp":28.4,"pres":1010.5,"azimuth":242.8,"dewpt":13.9,"uv":3.4,"elev_angle":42.82,"wind_dir":223,"weather":{"icon":"c03d","code":803,"description":"Broken clouds"},"ghi":667.5,"dhi":105.2,"timestamp_local":"2022-07-24T16:30:00","solar_rad":585.69696,"vis":16,"dni":837.69,"temp":28.8,"slp":1016.5,"clouds":50,"ts":1658673000},{"precip_rate":0,"rh":40,"wind_spd":3.23,"timestamp_utc":"2022-07-24T14:45:00","snow_rate":0,"app_temp":28.4,"pres":1010.25,"azimuth":246.74,"dewpt":13.8,"uv":3.6,"elev_angle":40.77,"wind_dir":222,"weather":{"icon":"c02d","code":802,"description":"Scattered clouds"},"ghi":637.1,"dhi":103.29,"timestamp_local":"2022-07-24T16:45:00","solar_rad":593.7262,"vis":16,"dni":827.7,"temp":28.8,"slp":1016.25,"clouds":37,"ts":1658673900},{"precip_rate":0,"rh":40,"wind_spd":3.16,"timestamp_utc":"2022-07-24T15:00:00","snow_rate":0,"app_temp":28.5,"pres":1010,"azimuth":250.68,"dewpt":13.8,"uv":3.7,"elev_angle":38.73,"wind_dir":222,"weather":{"icon":"c02d","code":802,"description":"Scattered clouds"},"ghi":606.6,"dhi":101.37,"timestamp_local":"2022-07-24T17:00:00","solar_rad":579.52075,"vis":16,"dni":817.71,"temp":28.9,"slp":1016,"clouds":24,"ts":1658674800},{"precip_rate":0,"rh":40,"wind_spd":3.09,"timestamp_utc":"2022-07-24T15:15:00","snow_rate":0,"app_temp":28.5,"pres":1009.775,"azimuth":254,"dewpt":13.8,"uv":3.5,"elev_angle":36.49,"wind_dir":221,"weather":{"icon":"c02d","code":802,"description":"Scattered clouds"},"ghi":569.9,"dhi":98.67,"timestamp_local":"2022-07-24T17:15:00","solar_rad":545.92114,"vis":16,"dni":802.28,"temp":28.9,"slp":1015.75,"clouds":21,"ts":1658675700},{"precip_rate":0,"rh":40,"wind_spd":3.02,"timestamp_utc":"2022-07-24T15:30:00","snow_rate":0,"app_temp":28.5,"pres":1009.55,"azimuth":257.31,"dewpt":13.8,"uv":3.3,"elev_angle":34.26,"wind_dir":220,"weather":{"icon":"c02d","code":801,"description":"Few clouds"},"ghi":533.3,"dhi":95.97,"timestamp_local":"2022-07-24T17:30:00","solar_rad":511.83237,"vis":16,"dni":786.85,"temp":28.9,"slp":1015.5,"clouds":18,"ts":1658676600},{"precip_rate":0,"rh":40,"wind_spd":2.94,"timestamp_utc":"2022-07-24T15:45:00","snow_rate":0,"app_temp":28.5,"pres":1009.32495,"azimuth":260.63,"dewpt":13.9,"uv":3.1,"elev_angle":32.02,"wind_dir":220,"weather":{"icon":"c02d","code":801,"description":"Few clouds"},"ghi":496.6,"dhi":93.27,"timestamp_local":"2022-07-24T17:45:00","solar_rad":477.36383,"vis":16,"dni":771.42,"temp":28.9,"slp":1015.25,"clouds":14,"ts":1658677500},{"precip_rate":0,"rh":40,"wind_spd":2.87,"timestamp_utc":"2022-07-24T16:00:00","snow_rate":0,"app_temp":28.5,"pres":1009.1,"azimuth":263.94,"dewpt":13.9,"uv":2.9,"elev_angle":29.78,"wind_dir":219,"weather":{"icon":"c02d","code":801,"description":"Few clouds"},"ghi":459.9,"dhi":90.57,"timestamp_local":"2022-07-24T18:00:00","solar_rad":442.3749,"vis":16,"dni":755.99,"temp":28.9,"slp":1015,"clouds":11,"ts":1658678400},{"precip_rate":0,"rh":40,"wind_spd":2.78,"timestamp_utc":"2022-07-24T16:15:00","snow_rate":0,"app_temp":28.4,"pres":1009.1,"azimuth":266.91,"dewpt":13.9,"uv":2.7,"elev_angle":27.49,"wind_dir":217,"weather":{"icon":"c02d","code":801,"description":"Few clouds"},"ghi":420.4,"dhi":86.91,"timestamp_local":"2022-07-24T18:15:00","solar_rad":404.60724,"vis":16,"dni":732.13,"temp":28.8,"slp":1015,"clouds":8,"ts":1658679300},{"precip_rate":0,"rh":40,"wind_spd":2.7,"timestamp_utc":"2022-07-24T16:30:00","snow_rate":0,"app_temp":28.3,"pres":1009.1,"azimuth":269.88,"dewpt":13.9,"uv":2.6,"elev_angle":25.2,"wind_dir":215,"weather":{"icon":"c02d","code":801,"description":"Few clouds"},"ghi":380.9,"dhi":83.25,"timestamp_local":"2022-07-24T18:30:00","solar_rad":366.71155,"vis":16,"dni":708.27,"temp":28.7,"slp":1015,"clouds":6,"ts":1658680200},{"precip_rate":0,"rh":41,"wind_spd":2.61,"timestamp_utc":"2022-07-24T16:45:00","snow_rate":0,"app_temp":28.3,"pres":1009.1,"azimuth":272.85,"dewpt":13.9,"uv":2.4,"elev_angle":22.9,"wind_dir":213,"weather":{"icon":"c02d","code":801,"description":"Few clouds"},"ghi":341.4,"dhi":79.59,"timestamp_local":"2022-07-24T18:45:00","solar_rad":328.4587,"vis":16,"dni":684.4,"temp":28.6,"slp":1015,"clouds":3,"ts":1658681100},{"precip_rate":0,"rh":41,"wind_spd":2.53,"timestamp_utc":"2022-07-24T17:00:00","snow_rate":0,"app_temp":28.2,"pres":1009.1,"azimuth":275.82,"dewpt":13.9,"uv":2.3,"elev_angle":20.61,"wind_dir":211,"weather":{"icon":"c01d","code":800,"description":"Clear Sky"},"ghi":301.9,"dhi":75.93,"timestamp_local":"2022-07-24T19:00:00","solar_rad":290.5226,"vis":16,"dni":660.54,"temp":28.5,"slp":1015,"clouds":0,"ts":1658682000},{"precip_rate":0,"rh":41,"wind_spd":2.33,"timestamp_utc":"2022-07-24T17:15:00","snow_rate":0,"app_temp":28.1,"pres":1008.85,"azimuth":278.66,"dewpt":13.8,"uv":2.1,"elev_angle":18.36,"wind_dir":210,"weather":{"icon":"c01d","code":800,"description":"Clear Sky"},"ghi":263.7,"dhi":70.9,"timestamp_local":"2022-07-24T19:15:00","solar_rad":253.81853,"vis":16,"dni":621.11,"temp":28.4,"slp":1014.75,"clouds":1,"ts":1658682900},{"precip_rate":0,"rh":40,"wind_spd":2.14,"timestamp_utc":"2022-07-24T17:30:00","snow_rate":0,"app_temp":27.9,"pres":1008.6,"azimuth":281.5,"dewpt":13.6,"uv":2,"elev_angle":16.12,"wind_dir":208,"weather":{"icon":"c02d","code":801,"description":"Few clouds"},"ghi":225.6,"dhi":65.87,"timestamp_local":"2022-07-24T19:30:00","solar_rad":217.39888,"vis":16,"dni":581.67,"temp":28.3,"slp":1014.5,"clouds":2,"ts":1658683800},{"precip_rate":0,"rh":40,"wind_spd":1.94,"timestamp_utc":"2022-07-24T17:45:00","snow_rate":0,"app_temp":27.8,"pres":1008.35,"azimuth":284.34,"dewpt":13.4,"uv":1.9,"elev_angle":13.87,"wind_dir":207,"weather":{"icon":"c02d","code":801,"description":"Few clouds"},"ghi":187.4,"dhi":60.84,"timestamp_local":"2022-07-24T19:45:00","solar_rad":180.62537,"vis":16,"dni":542.24,"temp":28.2,"slp":1014.25,"clouds":3,"ts":1658684700},{"precip_rate":0,"rh":40,"wind_spd":1.75,"timestamp_utc":"2022-07-24T18:00:00","snow_rate":0,"app_temp":27.8,"pres":1008.1,"azimuth":287.18,"dewpt":13.3,"uv":1.8,"elev_angle":11.62,"wind_dir":206,"weather":{"icon":"c02d","code":801,"description":"Few clouds"},"ghi":149.2,"dhi":55.81,"timestamp_local":"2022-07-24T20:00:00","solar_rad":143.83546,"vis":16,"dni":502.8,"temp":28.1,"slp":1014,"clouds":4,"ts":1658685600},{"precip_rate":0,"rh":42,"wind_spd":1.54,"timestamp_utc":"2022-07-24T18:15:00","snow_rate":0,"app_temp":27.5,"pres":1008.1,"azimuth":290.03,"dewpt":13.6,"uv":1.6,"elev_angle":9.51,"wind_dir":197,"weather":{"icon":"c02d","code":801,"description":"Few clouds"},"ghi":118.6,"dhi":48.1,"timestamp_local":"2022-07-24T20:15:00","solar_rad":113.93062,"vis":16,"dni":425.11,"temp":27.6,"slp":1014,"clouds":18,"ts":1658686500},{"precip_rate":0,"rh":44,"wind_spd":1.33,"timestamp_utc":"2022-07-24T18:30:00","snow_rate":0,"app_temp":27.2,"pres":1008.1,"azimuth":292.89,"dewpt":13.8,"uv":1.4,"elev_angle":7.39,"wind_dir":188,"weather":{"icon":"c02d","code":802,"description":"Scattered clouds"},"ghi":88,"dhi":40.39,"timestamp_local":"2022-07-24T20:30:00","solar_rad":82.87816,"vis":16,"dni":347.42,"temp":27.2,"slp":1014,"clouds":33,"ts":1658687400},{"precip_rate":0,"rh":46,"wind_spd":1.12,"timestamp_utc":"2022-07-24T18:45:00","snow_rate":0,"app_temp":26.9,"pres":1008.1,"azimuth":295.74,"dewpt":14.1,"uv":1.2,"elev_angle":5.28,"wind_dir":179,"weather":{"icon":"c03d","code":803,"description":"Broken clouds"},"ghi":57.3,"dhi":32.68,"timestamp_local":"2022-07-24T20:45:00","solar_rad":50.864994,"vis":16,"dni":269.73,"temp":26.7,"slp":1014,"clouds":48,"ts":1658688300},{"precip_rate":0,"rh":48,"wind_spd":0.91,"timestamp_utc":"2022-07-24T19:00:00","snow_rate":0,"app_temp":26.1,"pres":1008.1,"azimuth":298.59,"dewpt":14.3,"uv":1,"elev_angle":3.16,"wind_dir":170,"weather":{"icon":"c03n","code":803,"description":"Broken clouds"},"ghi":26.7,"dhi":24.97,"timestamp_local":"2022-07-24T21:00:00","solar_rad":45.58511,"vis":16,"dni":192.04,"temp":26.2,"slp":1014,"clouds":62,"ts":1658689200},{"precip_rate":0,"rh":50,"wind_spd":0.94,"timestamp_utc":"2022-07-24T19:15:00","snow_rate":0,"app_temp":25.6,"pres":1008.07495,"azimuth":301.58,"dewpt":14.3,"uv":0.9,"elev_angle":1.27,"wind_dir":163,"weather":{"icon":"c03n","code":803,"description":"Broken clouds"},"ghi":20,"dhi":18.73,"timestamp_local":"2022-07-24T21:15:00","solar_rad":32.351135,"vis":16,"dni":144.03,"temp":25.7,"slp":1014,"clouds":70,"ts":1658690100},{"precip_rate":0,"rh":52,"wind_spd":0.97,"timestamp_utc":"2022-07-24T19:30:00","snow_rate":0,"app_temp":25.1,"pres":1008.05,"azimuth":304.56,"dewpt":14.3,"uv":0,"elev_angle":-0.62,"wind_dir":156,"weather":{"icon":"c04n","code":804,"description":"Overcast clouds"},"ghi":13.3,"dhi":12.49,"timestamp_local":"2022-07-24T21:30:00","solar_rad":20.179142,"vis":16,"dni":96.02,"temp":25.2,"slp":1014,"clouds":77,"ts":1658691000},{"precip_rate":0,"rh":53,"wind_spd":1.01,"timestamp_utc":"2022-07-24T19:45:00","snow_rate":0,"app_temp":24.5,"pres":1008.025,"azimuth":307.55,"dewpt":14.4,"uv":0,"elev_angle":-2.51,"wind_dir":150,"weather":{"icon":"c04n","code":804,"description":"Overcast clouds"},"ghi":6.7,"dhi":6.24,"timestamp_local":"2022-07-24T21:45:00","solar_rad":9.264485,"vis":16,"dni":48.01,"temp":24.6,"slp":1014,"clouds":84,"ts":1658691900},{"precip_rate":0,"rh":55,"wind_spd":1.04,"timestamp_utc":"2022-07-24T20:00:00","snow_rate":0,"app_temp":24,"pres":1008,"azimuth":310.53,"dewpt":14.4,"uv":0,"elev_angle":-4.4,"wind_dir":143,"weather":{"icon":"c04n","code":804,"description":"Overcast clouds"},"ghi":0,"dhi":0,"timestamp_local":"2022-07-24T22:00:00","solar_rad":0,"vis":16,"dni":0,"temp":24.1,"slp":1014,"clouds":92,"ts":1658692800},{"precip_rate":0,"rh":58,"wind_spd":1.08,"timestamp_utc":"2022-07-24T20:15:00","snow_rate":0,"app_temp":23.5,"pres":1007.975,"azimuth":313.72,"dewpt":14.7,"uv":0,"elev_angle":-5.97,"wind_dir":140,"weather":{"icon":"c04n","code":804,"description":"Overcast clouds"},"ghi":0,"dhi":0,"timestamp_local":"2022-07-24T22:15:00","solar_rad":0,"vis":16,"dni":0,"temp":23.6,"slp":1014,"clouds":94,"ts":1658693700},{"precip_rate":0,"rh":61,"wind_spd":1.11,"timestamp_utc":"2022-07-24T20:30:00","snow_rate":0,"app_temp":22.9,"pres":1007.95,"azimuth":316.92,"dewpt":14.9,"uv":0,"elev_angle":-7.54,"wind_dir":138,"weather":{"icon":"c04n","code":804,"description":"Overcast clouds"},"ghi":0,"dhi":0,"timestamp_local":"2022-07-24T22:30:00","solar_rad":0,"vis":16,"dni":0,"temp":23,"slp":1014,"clouds":96,"ts":1658694600},{"precip_rate":0,"rh":64,"wind_spd":1.15,"timestamp_utc":"2022-07-24T20:45:00","snow_rate":0,"app_temp":22.4,"pres":1007.92505,"azimuth":320.11,"dewpt":15.2,"uv":0,"elev_angle":-9.11,"wind_dir":135,"weather":{"icon":"c04n","code":804,"description":"Overcast clouds"},"ghi":0,"dhi":0,"timestamp_local":"2022-07-24T22:45:00","solar_rad":0,"vis":16,"dni":0,"temp":22.4,"slp":1014,"clouds":98,"ts":1658695500},{"precip_rate":0,"rh":67,"wind_spd":1.18,"timestamp_utc":"2022-07-24T21:00:00","snow_rate":0,"app_temp":21.9,"pres":1007.9,"azimuth":323.3,"dewpt":15.5,"uv":0,"elev_angle":-10.68,"wind_dir":132,"weather":{"icon":"c04n","code":804,"description":"Overcast clouds"},"ghi":0,"dhi":0,"timestamp_local":"2022-07-24T23:00:00","solar_rad":0,"vis":16,"dni":0,"temp":21.9,"slp":1014,"clouds":100,"ts":1658696400},{"precip_rate":0,"rh":68,"wind_spd":1.2,"timestamp_utc":"2022-07-24T21:15:00","snow_rate":0,"app_temp":21.6,"pres":1007.65,"azimuth":326.73,"dewpt":15.4,"uv":0,"elev_angle":-11.82,"wind_dir":131,"weather":{"icon":"c04n","code":804,"description":"Overcast clouds"},"ghi":0,"dhi":0,"timestamp_local":"2022-07-24T23:15:00","solar_rad":0,"vis":16,"dni":0,"temp":21.6,"slp":1013.75,"clouds":100,"ts":1658697300},{"precip_rate":0,"rh":69,"wind_spd":1.23,"timestamp_utc":"2022-07-24T21:30:00","snow_rate":0,"app_temp":21.2,"pres":1007.4,"azimuth":330.16,"dewpt":15.3,"uv":0,"elev_angle":-12.97,"wind_dir":130,"weather":{"icon":"c04n","code":804,"description":"Overcast clouds"},"ghi":0,"dhi":0,"timestamp_local":"2022-07-24T23:30:00","solar_rad":0,"vis":16,"dni":0,"temp":21.3,"slp":1013.5,"clouds":99,"ts":1658698200},{"precip_rate":0,"rh":70,"wind_spd":1.25,"timestamp_utc":"2022-07-24T21:45:00","snow_rate":0,"app_temp":20.9,"pres":1007.15,"azimuth":333.58,"dewpt":15.2,"uv":0,"elev_angle":-14.11,"wind_dir":129,"weather":{"icon":"c04n","code":804,"description":"Overcast clouds"},"ghi":0,"dhi":0,"timestamp_local":"2022-07-24T23:45:00","solar_rad":0,"vis":16,"dni":0,"temp":20.9,"slp":1013.25,"clouds":98,"ts":1658699100},{"precip_rate":0,"rh":71,"wind_spd":1.27,"timestamp_utc":"2022-07-24T22:00:00","snow_rate":0,"app_temp":20.6,"pres":1006.9,"azimuth":337.01,"dewpt":15.1,"uv":0,"elev_angle":-15.25,"wind_dir":128,"weather":{"icon":"c04n","code":804,"description":"Overcast clouds"},"ghi":0,"dhi":0,"timestamp_local":"2022-07-25T00:00:00","solar_rad":0,"vis":16,"dni":0,"temp":20.6,"slp":1013,"clouds":98,"ts":1658700000},{"precip_rate":0,"rh":72,"wind_spd":1.29,"timestamp_utc":"2022-07-24T22:15:00","snow_rate":0,"app_temp":20.4,"pres":1006.9,"azimuth":340.64,"dewpt":15.1,"uv":0,"elev_angle":-15.88,"wind_dir":128,"weather":{"icon":"c04n","code":804,"description":"Overcast clouds"},"ghi":0,"dhi":0,"timestamp_local":"2022-07-25T00:15:00","solar_rad":0,"vis":16,"dni":0,"temp":20.4,"slp":1013,"clouds":98,"ts":1658700900},{"precip_rate":0,"rh":72,"wind_spd":1.3,"timestamp_utc":"2022-07-24T22:30:00","snow_rate":0,"app_temp":20.2,"pres":1006.9,"azimuth":344.27,"dewpt":15,"uv":0,"elev_angle":-16.5,"wind_dir":128,"weather":{"icon":"c04n","code":804,"description":"Overcast clouds"},"ghi":0,"dhi":0,"timestamp_local":"2022-07-25T00:30:00","solar_rad":0,"vis":16,"dni":0,"temp":20.2,"slp":1013,"clouds":97,"ts":1658701800},{"precip_rate":0,"rh":72,"wind_spd":1.32,"timestamp_utc":"2022-07-24T22:45:00","snow_rate":0,"app_temp":19.9,"pres":1006.9,"azimuth":347.89,"dewpt":14.9,"uv":0,"elev_angle":-17.13,"wind_dir":128,"weather":{"icon":"c04n","code":804,"description":"Overcast clouds"},"ghi":0,"dhi":0,"timestamp_local":"2022-07-25T00:45:00","solar_rad":0,"vis":16,"dni":0,"temp":20,"slp":1013,"clouds":96,"ts":1658702700},{"precip_rate":0,"rh":73,"wind_spd":1.33,"timestamp_utc":"2022-07-24T23:00:00","snow_rate":0,"app_temp":19.7,"pres":1006.9,"azimuth":351.52,"dewpt":14.9,"uv":0,"elev_angle":-17.75,"wind_dir":128,"weather":{"icon":"c04n","code":804,"description":"Overcast clouds"},"ghi":0,"dhi":0,"timestamp_local":"2022-07-25T01:00:00","solar_rad":0,"vis":16,"dni":0,"temp":19.8,"slp":1013,"clouds":96,"ts":1658703600},{"precip_rate":0,"rh":72,"wind_spd":1.36,"timestamp_utc":"2022-07-24T23:15:00","snow_rate":0,"app_temp":19.8,"pres":1006.65,"azimuth":265.23,"dewpt":14.8,"uv":0,"elev_angle":-17.8,"wind_dir":129,"weather":{"icon":"c04n","code":804,"description":"Overcast clouds"},"ghi":0,"dhi":0,"timestamp_local":"2022-07-25T01:15:00","solar_rad":0,"vis":16,"dni":0,"temp":19.8,"slp":1012.75,"clouds":88,"ts":1658704500},{"precip_rate":0,"rh":72,"wind_spd":1.38,"timestamp_utc":"2022-07-24T23:30:00","snow_rate":0,"app_temp":19.8,"pres":1006.4,"azimuth":178.94,"dewpt":14.6,"uv":0,"elev_angle":-17.84,"wind_dir":130,"weather":{"icon":"c04n","code":804,"description":"Overcast clouds"},"ghi":0,"dhi":0,"timestamp_local":"2022-07-25T01:30:00","solar_rad":0,"vis":16,"dni":0,"temp":19.9,"slp":1012.5,"clouds":81,"ts":1658705400},{"precip_rate":0,"rh":71,"wind_spd":1.4,"timestamp_utc":"2022-07-24T23:45:00","snow_rate":0,"app_temp":19.9,"pres":1006.15,"azimuth":92.65,"dewpt":14.4,"uv":0,"elev_angle":-17.89,"wind_dir":131,"weather":{"icon":"c04n","code":804,"description":"Overcast clouds"},"ghi":0,"dhi":0,"timestamp_local":"2022-07-25T01:45:00","solar_rad":0,"vis":16,"dni":0,"temp":19.9,"slp":1012.25,"clouds":74,"ts":1658706300}],"sources":["103150-99999","imerg","merra2","era5","modis"],"city_id":"2856883"}
