{"timezone":"Europe\/Berlin","state_code":"06","country_code":"DE","lat":52.2833,"lon":8,"city_name":"Osnabr�ck","station_id":"103150-99999","data":[{"precip_rate":0,"rh":89,"wind_spd":1.08,"timestamp_utc":"2022-07-15T00:00:00","snow_rate":0,"app_temp":12.7,"pres":1011.03345,"azimuth":6.35,"dewpt":10.9,"uv":0,"elev_angle":-16.05,"wind_dir":306,"weather":{"icon":"c03n","code":803,"description":"Broken clouds"},"ghi":0,"dhi":0,"timestamp_local":"2022-07-15T02:00:00","solar_rad":0,"vis":10,"dni":0,"temp":12.7,"slp":1021,"clouds":50,"ts":1657843200},{"precip_rate":0,"rh":90,"wind_spd":1.1,"timestamp_utc":"2022-07-15T00:15:00","snow_rate":0,"app_temp":12.5,"pres":1011.02374,"azimuth":9.92,"dewpt":10.9,"uv":0,"elev_angle":-15.52,"wind_dir":303,"weather":{"icon":"c03n","code":803,"description":"Broken clouds"},"ghi":0,"dhi":0,"timestamp_local":"2022-07-15T02:15:00","solar_rad":0,"vis":10,"dni":0,"temp":12.5,"slp":1021,"clouds":46,"ts":1657844100},{"precip_rate":0,"rh":90,"wind_spd":1.12,"timestamp_utc":"2022-07-15T00:30:00","snow_rate":0,"app_temp":12.3,"pres":1011.01404,"azimuth":13.49,"dewpt":10.8,"uv":0,"elev_angle":-14.98,"wind_dir":300,"weather":{"icon":"c03n","code":803,"description":"Broken clouds"},"ghi":0,"dhi":0,"timestamp_local":"2022-07-15T02:30:00","solar_rad":0,"vis":10,"dni":0,"temp":12.3,"slp":1021,"clouds":43,"ts":1657845000},{"precip_rate":0,"rh":91,"wind_spd":1.14,"timestamp_utc":"2022-07-15T00:45:00","snow_rate":0,"app_temp":12.2,"pres":1011.0044,"azimuth":17.05,"dewpt":10.8,"uv":0,"elev_angle":-14.45,"wind_dir":296,"weather":{"icon":"c02n","code":802,"description":"Scattered clouds"},"ghi":0,"dhi":0,"timestamp_local":"2022-07-15T02:45:00","solar_rad":0,"vis":10,"dni":0,"temp":12.2,"slp":1021,"clouds":40,"ts":1657845900},{"precip_rate":0,"rh":92,"wind_spd":1.17,"timestamp_utc":"2022-07-15T01:00:00","snow_rate":0,"app_temp":12,"pres":1010.9947,"azimuth":20.62,"dewpt":10.8,"uv":0,"elev_angle":-13.91,"wind_dir":293,"weather":{"icon":"c02n","code":802,"description":"Scattered clouds"},"ghi":0,"dhi":0,"timestamp_local":"2022-07-15T03:00:00","solar_rad":0,"vis":10,"dni":0,"temp":12,"slp":1021,"clouds":36,"ts":1657846800},{"precip_rate":0,"rh":92,"wind_spd":1.19,"timestamp_utc":"2022-07-15T01:15:00","snow_rate":0,"app_temp":11.8,"pres":1011.24225,"azimuth":24.02,"dewpt":10.7,"uv":0,"elev_angle":-12.86,"wind_dir":292,"weather":{"icon":"c02n","code":802,"description":"Scattered clouds"},"ghi":0,"dhi":0,"timestamp_local":"2022-07-15T03:15:00","solar_rad":0,"vis":10,"dni":0,"temp":11.8,"slp":1021.25,"clouds":38,"ts":1657847700},{"precip_rate":0,"rh":93,"wind_spd":1.21,"timestamp_utc":"2022-07-15T01:30:00","snow_rate":0,"app_temp":11.6,"pres":1011.4898,"azimuth":27.42,"dewpt":10.6,"uv":0,"elev_angle":-11.8,"wind_dir":291,"weather":{"icon":"c03n","code":803,"description":"Broken clouds"},"ghi":0,"dhi":0,"timestamp_local":"2022-07-15T03:30:00","solar_rad":0,"vis":10,"dni":0,"temp":11.6,"slp":1021.5,"clouds":41,"ts":1657848600},{"precip_rate":0,"rh":94,"wind_spd":1.23,"timestamp_utc":"2022-07-15T01:45:00","snow_rate":0,"app_temp":11.4,"pres":1011.73737,"azimuth":30.81,"dewpt":10.4,"uv":0,"elev_angle":-10.75,"wind_dir":290,"weather":{"icon":"c03n","code":803,"description":"Broken clouds"},"ghi":0,"dhi":0,"timestamp_local":"2022-07-15T03:45:00","solar_rad":0,"vis":10,"dni":0,"temp":11.4,"slp":1021.75,"clouds":44,"ts":1657849500},{"precip_rate":0,"rh":94,"wind_spd":1.26,"timestamp_utc":"2022-07-15T02:00:00","snow_rate":0,"app_temp":11.2,"pres":1011.9849,"azimuth":34.21,"dewpt":10.3,"uv":0,"elev_angle":-9.69,"wind_dir":289,"weather":{"icon":"c03n","code":803,"description":"Broken clouds"},"ghi":0,"dhi":0,"timestamp_local":"2022-07-15T04:00:00","solar_rad":0,"vis":10,"dni":0,"temp":11.2,"slp":1022,"clouds":46,"ts":1657850400},{"precip_rate":0,"rh":94,"wind_spd":1.26,"timestamp_utc":"2022-07-15T02:15:00","snow_rate":0,"app_temp":11.1,"pres":1011.9817,"azimuth":37.39,"dewpt":10.2,"uv":0,"elev_angle":-8.2,"wind_dir":289,"weather":{"icon":"c03n","code":803,"description":"Broken clouds"},"ghi":0,"dhi":0,"timestamp_local":"2022-07-15T04:15:00","solar_rad":0,"vis":10,"dni":0,"temp":11.1,"slp":1022,"clouds":50,"ts":1657851300},{"precip_rate":0,"rh":94,"wind_spd":1.27,"timestamp_utc":"2022-07-15T02:30:00","snow_rate":0,"app_temp":11,"pres":1011.9784,"azimuth":40.57,"dewpt":10.1,"uv":0,"elev_angle":-6.71,"wind_dir":290,"weather":{"icon":"c03n","code":803,"description":"Broken clouds"},"ghi":0,"dhi":0,"timestamp_local":"2022-07-15T04:30:00","solar_rad":0,"vis":10,"dni":0,"temp":11,"slp":1022,"clouds":54,"ts":1657852200},{"precip_rate":0,"rh":93,"wind_spd":1.28,"timestamp_utc":"2022-07-15T02:45:00","snow_rate":0,"app_temp":10.9,"pres":1011.97516,"azimuth":43.74,"dewpt":9.9,"uv":0,"elev_angle":-5.21,"wind_dir":290,"weather":{"icon":"c03n","code":803,"description":"Broken clouds"},"ghi":0,"dhi":0,"timestamp_local":"2022-07-15T04:45:00","solar_rad":0,"vis":10,"dni":0,"temp":10.9,"slp":1022,"clouds":59,"ts":1657853100},{"precip_rate":0,"rh":93,"wind_spd":1.29,"timestamp_utc":"2022-07-15T03:00:00","snow_rate":0,"app_temp":10.8,"pres":1011.9719,"azimuth":46.92,"dewpt":9.8,"uv":0,"elev_angle":-3.72,"wind_dir":290,"weather":{"icon":"c03n","code":803,"description":"Broken clouds"},"ghi":0,"dhi":0,"timestamp_local":"2022-07-15T05:00:00","solar_rad":0,"vis":10,"dni":0,"temp":10.8,"slp":1022,"clouds":63,"ts":1657854000},{"precip_rate":0,"rh":93,"wind_spd":1.29,"timestamp_utc":"2022-07-15T03:15:00","snow_rate":0,"app_temp":10.9,"pres":1011.9686,"azimuth":49.9,"dewpt":9.8,"uv":0,"elev_angle":-1.9,"wind_dir":289,"weather":{"icon":"c03n","code":803,"description":"Broken clouds"},"ghi":7.9,"dhi":6.76,"timestamp_local":"2022-07-15T05:15:00","solar_rad":13.260408,"vis":10,"dni":53.74,"temp":10.9,"slp":1022,"clouds":62,"ts":1657854900},{"precip_rate":0,"rh":92,"wind_spd":1.3,"timestamp_utc":"2022-07-15T03:30:00","snow_rate":0,"app_temp":11,"pres":1011.9654,"azimuth":52.87,"dewpt":9.8,"uv":0,"elev_angle":-0.07,"wind_dir":288,"weather":{"icon":"c03n","code":803,"description":"Broken clouds"},"ghi":15.8,"dhi":13.52,"timestamp_local":"2022-07-15T05:30:00","solar_rad":26.816118,"vis":10,"dni":107.49,"temp":11,"slp":1022,"clouds":60,"ts":1657855800},{"precip_rate":0,"rh":92,"wind_spd":1.31,"timestamp_utc":"2022-07-15T03:45:00","snow_rate":0,"app_temp":11,"pres":1011.96216,"azimuth":55.85,"dewpt":9.8,"uv":1.1,"elev_angle":1.76,"wind_dir":288,"weather":{"icon":"c03n","code":803,"description":"Broken clouds"},"ghi":23.6,"dhi":20.27,"timestamp_local":"2022-07-15T05:45:00","solar_rad":40.537197,"vis":10,"dni":161.23,"temp":11,"slp":1022,"clouds":58,"ts":1657856700},{"precip_rate":0,"rh":92,"wind_spd":1.32,"timestamp_utc":"2022-07-15T04:00:00","snow_rate":0,"app_temp":11.1,"pres":1011.95886,"azimuth":58.82,"dewpt":9.8,"uv":1.1,"elev_angle":3.58,"wind_dir":287,"weather":{"icon":"c03n","code":803,"description":"Broken clouds"},"ghi":31.5,"dhi":27.03,"timestamp_local":"2022-07-15T06:00:00","solar_rad":53.118744,"vis":10,"dni":214.97,"temp":11.1,"slp":1022,"clouds":57,"ts":1657857600},{"precip_rate":0,"rh":90,"wind_spd":1.35,"timestamp_utc":"2022-07-15T04:15:00","snow_rate":0,"app_temp":11.3,"pres":1011.97186,"azimuth":61.66,"dewpt":9.8,"uv":1.1,"elev_angle":5.65,"wind_dir":287,"weather":{"icon":"c03d","code":803,"description":"Broken clouds"},"ghi":61.8,"dhi":34.37,"timestamp_local":"2022-07-15T06:15:00","solar_rad":54.51442,"vis":10,"dni":288.14,"temp":11.3,"slp":1022,"clouds":55,"ts":1657858500},{"precip_rate":0,"rh":89,"wind_spd":1.37,"timestamp_utc":"2022-07-15T04:30:00","snow_rate":0,"app_temp":11.6,"pres":1011.98486,"azimuth":64.5,"dewpt":9.8,"uv":1.1,"elev_angle":7.72,"wind_dir":288,"weather":{"icon":"c03d","code":803,"description":"Broken clouds"},"ghi":92.2,"dhi":41.7,"timestamp_local":"2022-07-15T06:30:00","solar_rad":82.61678,"vis":10,"dni":361.3,"temp":11.6,"slp":1022,"clouds":53,"ts":1657859400},{"precip_rate":0,"rh":88,"wind_spd":1.4,"timestamp_utc":"2022-07-15T04:45:00","snow_rate":0,"app_temp":11.8,"pres":1011.9978,"azimuth":67.33,"dewpt":9.8,"uv":1.2,"elev_angle":9.78,"wind_dir":288,"weather":{"icon":"c03d","code":803,"description":"Broken clouds"},"ghi":122.5,"dhi":49.04,"timestamp_local":"2022-07-15T06:45:00","solar_rad":111.328354,"vis":10,"dni":434.47,"temp":11.8,"slp":1022,"clouds":51,"ts":1657860300},{"precip_rate":0,"rh":86,"wind_spd":1.43,"timestamp_utc":"2022-07-15T05:00:00","snow_rate":0,"app_temp":12,"pres":1012.0108,"azimuth":70.17,"dewpt":9.8,"uv":1.2,"elev_angle":11.85,"wind_dir":288,"weather":{"icon":"c03d","code":803,"description":"Broken clouds"},"ghi":152.9,"dhi":56.37,"timestamp_local":"2022-07-15T07:00:00","solar_rad":140.72926,"vis":10,"dni":507.63,"temp":12,"slp":1022,"clouds":49,"ts":1657861200},{"precip_rate":0,"rh":84,"wind_spd":1.58,"timestamp_utc":"2022-07-15T05:15:00","snow_rate":0,"app_temp":12.4,"pres":1012.2744,"azimuth":72.98,"dewpt":9.8,"uv":1.2,"elev_angle":14.07,"wind_dir":288,"weather":{"icon":"c03d","code":803,"description":"Broken clouds"},"ghi":190.6,"dhi":61.29,"timestamp_local":"2022-07-15T07:15:00","solar_rad":170.78914,"vis":10,"dni":546.04,"temp":12.4,"slp":1022.25,"clouds":53,"ts":1657862100},{"precip_rate":0,"rh":82,"wind_spd":1.74,"timestamp_utc":"2022-07-15T05:30:00","snow_rate":0,"app_temp":12.8,"pres":1012.53796,"azimuth":75.79,"dewpt":9.8,"uv":1.2,"elev_angle":16.3,"wind_dir":288,"weather":{"icon":"c03d","code":803,"description":"Broken clouds"},"ghi":228.3,"dhi":66.22,"timestamp_local":"2022-07-15T07:30:00","solar_rad":199.6854,"vis":10,"dni":584.46,"temp":12.8,"slp":1022.5,"clouds":56,"ts":1657863000},{"precip_rate":0,"rh":80,"wind_spd":1.9,"timestamp_utc":"2022-07-15T05:45:00","snow_rate":0,"app_temp":13.1,"pres":1012.8016,"azimuth":78.59,"dewpt":9.7,"uv":1.3,"elev_angle":18.52,"wind_dir":287,"weather":{"icon":"c03d","code":803,"description":"Broken clouds"},"ghi":265.9,"dhi":71.14,"timestamp_local":"2022-07-15T07:45:00","solar_rad":223.76189,"vis":10,"dni":622.87,"temp":13.1,"slp":1022.75,"clouds":60,"ts":1657863900},{"precip_rate":0,"rh":78,"wind_spd":2.05,"timestamp_utc":"2022-07-15T06:00:00","snow_rate":0,"app_temp":13.5,"pres":1013.0652,"azimuth":81.4,"dewpt":9.7,"uv":1.3,"elev_angle":20.74,"wind_dir":287,"weather":{"icon":"c03d","code":803,"description":"Broken clouds"},"ghi":303.6,"dhi":76.06,"timestamp_local":"2022-07-15T08:00:00","solar_rad":243.68216,"vis":10,"dni":661.28,"temp":13.5,"slp":1023,"clouds":64,"ts":1657864800},{"precip_rate":0,"rh":75,"wind_spd":2.23,"timestamp_utc":"2022-07-15T06:15:00","snow_rate":0,"app_temp":13.9,"pres":1013.0779,"azimuth":84.32,"dewpt":9.6,"uv":1.4,"elev_angle":23.03,"wind_dir":291,"weather":{"icon":"c03d","code":803,"description":"Broken clouds"},"ghi":343,"dhi":79.69,"timestamp_local":"2022-07-15T08:15:00","solar_rad":288.6436,"vis":10,"dni":684.92,"temp":13.9,"slp":1023,"clouds":60,"ts":1657865700},{"precip_rate":0,"rh":72,"wind_spd":2.4,"timestamp_utc":"2022-07-15T06:30:00","snow_rate":0,"app_temp":14.3,"pres":1013.0906,"azimuth":87.24,"dewpt":9.4,"uv":1.6,"elev_angle":25.32,"wind_dir":294,"weather":{"icon":"c03d","code":803,"description":"Broken clouds"},"ghi":382.3,"dhi":83.33,"timestamp_local":"2022-07-15T08:30:00","solar_rad":334.3834,"vis":10,"dni":708.55,"temp":14.3,"slp":1023,"clouds":56,"ts":1657866600},{"precip_rate":0,"rh":70,"wind_spd":2.58,"timestamp_utc":"2022-07-15T06:45:00","snow_rate":0,"app_temp":14.8,"pres":1013.1032,"azimuth":90.16,"dewpt":9.3,"uv":1.8,"elev_angle":27.6,"wind_dir":298,"weather":{"icon":"c03d","code":803,"description":"Broken clouds"},"ghi":421.7,"dhi":86.96,"timestamp_local":"2022-07-15T08:45:00","solar_rad":377.86874,"vis":10,"dni":732.19,"temp":14.8,"slp":1023,"clouds":53,"ts":1657867500},{"precip_rate":0,"rh":67,"wind_spd":2.75,"timestamp_utc":"2022-07-15T07:00:00","snow_rate":0,"app_temp":15.2,"pres":1013.1159,"azimuth":93.08,"dewpt":9.2,"uv":2.1,"elev_angle":29.89,"wind_dir":302,"weather":{"icon":"c03d","code":803,"description":"Broken clouds"},"ghi":461,"dhi":90.59,"timestamp_local":"2022-07-15T09:00:00","solar_rad":424.30472,"vis":10,"dni":755.82,"temp":15.2,"slp":1023,"clouds":49,"ts":1657868400},{"precip_rate":0,"rh":66,"wind_spd":2.84,"timestamp_utc":"2022-07-15T07:15:00","snow_rate":0,"app_temp":15.4,"pres":1012.87775,"azimuth":96.31,"dewpt":9,"uv":2.2,"elev_angle":32.15,"wind_dir":302,"weather":{"icon":"c03d","code":803,"description":"Broken clouds"},"ghi":497.9,"dhi":93.3,"timestamp_local":"2022-07-15T09:15:00","solar_rad":442.7528,"vis":10,"dni":771.28,"temp":15.4,"slp":1022.75,"clouds":54,"ts":1657869300},{"precip_rate":0,"rh":64,"wind_spd":2.93,"timestamp_utc":"2022-07-15T07:30:00","snow_rate":0,"app_temp":15.7,"pres":1012.6396,"azimuth":99.55,"dewpt":8.8,"uv":2.3,"elev_angle":34.41,"wind_dir":301,"weather":{"icon":"c03d","code":803,"description":"Broken clouds"},"ghi":534.9,"dhi":96.01,"timestamp_local":"2022-07-15T09:30:00","solar_rad":459.36118,"vis":10,"dni":786.74,"temp":15.7,"slp":1022.5,"clouds":58,"ts":1657870200},{"precip_rate":0,"rh":62,"wind_spd":3.01,"timestamp_utc":"2022-07-15T07:45:00","snow_rate":0,"app_temp":15.9,"pres":1012.4014,"azimuth":102.78,"dewpt":8.7,"uv":2.4,"elev_angle":36.66,"wind_dir":300,"weather":{"icon":"c03d","code":803,"description":"Broken clouds"},"ghi":571.8,"dhi":98.71,"timestamp_local":"2022-07-15T09:45:00","solar_rad":470.49792,"vis":10,"dni":802.2,"temp":15.9,"slp":1022.25,"clouds":62,"ts":1657871100},{"precip_rate":0,"rh":61,"wind_spd":3.1,"timestamp_utc":"2022-07-15T08:00:00","snow_rate":0,"app_temp":16.1,"pres":1012.16327,"azimuth":106.01,"dewpt":8.5,"uv":2.4,"elev_angle":38.92,"wind_dir":300,"weather":{"icon":"c03d","code":803,"description":"Broken clouds"},"ghi":608.7,"dhi":101.42,"timestamp_local":"2022-07-15T10:00:00","solar_rad":468.32166,"vis":10,"dni":817.66,"temp":16.1,"slp":1022,"clouds":67,"ts":1657872000},{"precip_rate":0,"rh":60,"wind_spd":3.13,"timestamp_utc":"2022-07-15T08:15:00","snow_rate":0,"app_temp":16.3,"pres":1012.4202,"azimuth":109.85,"dewpt":8.3,"uv":2.4,"elev_angle":41.02,"wind_dir":300,"weather":{"icon":"c04d","code":804,"description":"Overcast clouds"},"ghi":639.8,"dhi":103.37,"timestamp_local":"2022-07-15T10:15:00","solar_rad":451.34085,"vis":10,"dni":827.8,"temp":16.3,"slp":1022.25,"clouds":72,"ts":1657872900},{"precip_rate":0,"rh":58,"wind_spd":3.17,"timestamp_utc":"2022-07-15T08:30:00","snow_rate":0,"app_temp":16.4,"pres":1012.6772,"azimuth":113.69,"dewpt":8.1,"uv":2.4,"elev_angle":43.12,"wind_dir":301,"weather":{"icon":"c04d","code":804,"description":"Overcast clouds"},"ghi":671,"dhi":105.32,"timestamp_local":"2022-07-15T10:30:00","solar_rad":411.53027,"vis":10,"dni":837.94,"temp":16.4,"slp":1022.5,"clouds":78,"ts":1657873800},{"precip_rate":0,"rh":56,"wind_spd":3.2,"timestamp_utc":"2022-07-15T08:45:00","snow_rate":0,"app_temp":16.6,"pres":1012.93414,"azimuth":117.52,"dewpt":7.8,"uv":2.4,"elev_angle":45.22,"wind_dir":302,"weather":{"icon":"c04d","code":804,"description":"Overcast clouds"},"ghi":702.1,"dhi":107.27,"timestamp_local":"2022-07-15T10:45:00","solar_rad":352.80606,"vis":10,"dni":848.07,"temp":16.6,"slp":1022.75,"clouds":84,"ts":1657874700},{"precip_rate":0,"rh":55,"wind_spd":3.23,"timestamp_utc":"2022-07-15T09:00:00","snow_rate":0,"app_temp":16.7,"pres":1013.1911,"azimuth":121.36,"dewpt":7.6,"uv":2.3,"elev_angle":47.32,"wind_dir":302,"weather":{"icon":"c04d","code":804,"description":"Overcast clouds"},"ghi":733.2,"dhi":109.22,"timestamp_local":"2022-07-15T11:00:00","solar_rad":289.1918,"vis":10,"dni":858.21,"temp":16.7,"slp":1023,"clouds":89,"ts":1657875600},{"precip_rate":0,"rh":54,"wind_spd":3.26,"timestamp_utc":"2022-07-15T09:15:00","snow_rate":0,"app_temp":16.9,"pres":1012.9497,"azimuth":126.18,"dewpt":7.7,"uv":2.4,"elev_angle":49.05,"wind_dir":301,"weather":{"icon":"c04d","code":804,"description":"Overcast clouds"},"ghi":755.8,"dhi":110.5,"timestamp_local":"2022-07-15T11:15:00","solar_rad":298.10577,"vis":10,"dni":864.44,"temp":16.9,"slp":1022.75,"clouds":89,"ts":1657876500},{"precip_rate":0,"rh":54,"wind_spd":3.29,"timestamp_utc":"2022-07-15T09:30:00","snow_rate":0,"app_temp":17.2,"pres":1012.70825,"azimuth":131,"dewpt":7.7,"uv":2.6,"elev_angle":50.79,"wind_dir":300,"weather":{"icon":"c04d","code":804,"description":"Overcast clouds"},"ghi":778.4,"dhi":111.77,"timestamp_local":"2022-07-15T11:30:00","solar_rad":324.78604,"vis":10,"dni":870.66,"temp":17.2,"slp":1022.5,"clouds":88,"ts":1657877400},{"precip_rate":0,"rh":53,"wind_spd":3.32,"timestamp_utc":"2022-07-15T09:45:00","snow_rate":0,"app_temp":17.4,"pres":1012.46686,"azimuth":135.82,"dewpt":7.8,"uv":2.8,"elev_angle":52.52,"wind_dir":300,"weather":{"icon":"c04d","code":804,"description":"Overcast clouds"},"ghi":801,"dhi":113.05,"timestamp_local":"2022-07-15T11:45:00","solar_rad":334.21585,"vis":10,"dni":876.89,"temp":17.4,"slp":1022.25,"clouds":88,"ts":1657878300},{"precip_rate":0,"rh":52,"wind_spd":3.35,"timestamp_utc":"2022-07-15T10:00:00","snow_rate":0,"app_temp":17.7,"pres":1012.22546,"azimuth":140.64,"dewpt":7.8,"uv":2.9,"elev_angle":54.25,"wind_dir":299,"weather":{"icon":"c04d","code":804,"description":"Overcast clouds"},"ghi":823.6,"dhi":114.32,"timestamp_local":"2022-07-15T12:00:00","solar_rad":343.64566,"vis":10,"dni":883.11,"temp":17.7,"slp":1022,"clouds":88,"ts":1657879200},{"precip_rate":0,"rh":51,"wind_spd":3.36,"timestamp_utc":"2022-07-15T10:15:00","snow_rate":0,"app_temp":17.9,"pres":1012.2316,"azimuth":146.69,"dewpt":7.8,"uv":2.9,"elev_angle":55.31,"wind_dir":298,"weather":{"icon":"c04d","code":804,"description":"Overcast clouds"},"ghi":835.8,"dhi":114.97,"timestamp_local":"2022-07-15T12:15:00","solar_rad":329.65973,"vis":10,"dni":886.15,"temp":17.9,"slp":1022,"clouds":89,"ts":1657880100},{"precip_rate":0,"rh":50,"wind_spd":3.36,"timestamp_utc":"2022-07-15T10:30:00","snow_rate":0,"app_temp":18.1,"pres":1012.2378,"azimuth":152.74,"dewpt":7.7,"uv":2.9,"elev_angle":56.36,"wind_dir":296,"weather":{"icon":"c04d","code":804,"description":"Overcast clouds"},"ghi":848,"dhi":115.61,"timestamp_local":"2022-07-15T12:30:00","solar_rad":314.58786,"vis":10,"dni":889.19,"temp":18.1,"slp":1022,"clouds":90,"ts":1657881000},{"precip_rate":0,"rh":50,"wind_spd":3.36,"timestamp_utc":"2022-07-15T10:45:00","snow_rate":0,"app_temp":18.2,"pres":1012.24396,"azimuth":158.78,"dewpt":7.7,"uv":3,"elev_angle":57.42,"wind_dir":294,"weather":{"icon":"c04d","code":804,"description":"Overcast clouds"},"ghi":860.2,"dhi":116.26,"timestamp_local":"2022-07-15T12:45:00","solar_rad":319.11377,"vis":10,"dni":892.23,"temp":18.2,"slp":1022,"clouds":90,"ts":1657881900},{"precip_rate":0,"rh":49,"wind_spd":3.36,"timestamp_utc":"2022-07-15T11:00:00","snow_rate":0,"app_temp":17.6,"pres":1012.2501,"azimuth":164.83,"dewpt":7.6,"uv":3,"elev_angle":58.47,"wind_dir":293,"weather":{"icon":"c04d","code":804,"description":"Overcast clouds"},"ghi":872.3,"dhi":116.9,"timestamp_local":"2022-07-15T13:00:00","solar_rad":302.5962,"vis":10,"dni":895.27,"temp":18.4,"slp":1022,"clouds":91,"ts":1657882800},{"precip_rate":0,"rh":50,"wind_spd":3.34,"timestamp_utc":"2022-07-15T11:15:00","snow_rate":0,"app_temp":17.6,"pres":1012.2532,"azimuth":171.57,"dewpt":7.8,"uv":3.1,"elev_angle":58.54,"wind_dir":292,"weather":{"icon":"c04d","code":804,"description":"Overcast clouds"},"ghi":873.1,"dhi":116.94,"timestamp_local":"2022-07-15T13:15:00","solar_rad":323.89935,"vis":10,"dni":895.45,"temp":18.4,"slp":1022,"clouds":90,"ts":1657883700},{"precip_rate":0,"rh":50,"wind_spd":3.32,"timestamp_utc":"2022-07-15T11:30:00","snow_rate":0,"app_temp":17.6,"pres":1012.2562,"azimuth":178.32,"dewpt":7.9,"uv":3.1,"elev_angle":58.61,"wind_dir":292,"weather":{"icon":"c04d","code":804,"description":"Overcast clouds"},"ghi":873.8,"dhi":116.98,"timestamp_local":"2022-07-15T13:30:00","solar_rad":324.15906,"vis":10,"dni":895.62,"temp":18.4,"slp":1022,"clouds":90,"ts":1657884600},{"precip_rate":0,"rh":51,"wind_spd":3.29,"timestamp_utc":"2022-07-15T11:45:00","snow_rate":0,"app_temp":17.6,"pres":1012.25934,"azimuth":185.06,"dewpt":8.1,"uv":3.1,"elev_angle":58.67,"wind_dir":291,"weather":{"icon":"c04d","code":804,"description":"Overcast clouds"},"ghi":874.5,"dhi":117.01,"timestamp_local":"2022-07-15T13:45:00","solar_rad":324.41873,"vis":10,"dni":895.8,"temp":18.4,"slp":1022,"clouds":90,"ts":1657885500},{"precip_rate":0,"rh":52,"wind_spd":3.27,"timestamp_utc":"2022-07-15T12:00:00","snow_rate":0,"app_temp":17.7,"pres":1012.2624,"azimuth":191.8,"dewpt":8.2,"uv":3.2,"elev_angle":58.74,"wind_dir":290,"weather":{"icon":"c04d","code":804,"description":"Overcast clouds"},"ghi":875.2,"dhi":117.05,"timestamp_local":"2022-07-15T14:00:00","solar_rad":345.20004,"vis":10,"dni":895.97,"temp":18.4,"slp":1022,"clouds":89,"ts":1657886400},{"precip_rate":0,"rh":51,"wind_spd":3.2,"timestamp_utc":"2022-07-15T12:15:00","snow_rate":0,"app_temp":17.8,"pres":1012.25934,"azimuth":197.99,"dewpt":8.2,"uv":2.9,"elev_angle":57.79,"wind_dir":289,"weather":{"icon":"c04d","code":804,"description":"Overcast clouds"},"ghi":864.4,"dhi":116.48,"timestamp_local":"2022-07-15T14:15:00","solar_rad":278.4833,"vis":10,"dni":893.3,"temp":18.6,"slp":1022,"clouds":92,"ts":1657887300},{"precip_rate":0,"rh":50,"wind_spd":3.12,"timestamp_utc":"2022-07-15T12:30:00","snow_rate":0,"app_temp":17.9,"pres":1012.2562,"azimuth":204.17,"dewpt":8.2,"uv":2.8,"elev_angle":56.85,"wind_dir":288,"weather":{"icon":"c04d","code":804,"description":"Overcast clouds"},"ghi":853.6,"dhi":115.91,"timestamp_local":"2022-07-15T14:30:00","solar_rad":231.11108,"vis":10,"dni":890.62,"temp":18.7,"slp":1022,"clouds":94,"ts":1657888200},{"precip_rate":0,"rh":50,"wind_spd":3.05,"timestamp_utc":"2022-07-15T12:45:00","snow_rate":0,"app_temp":18.1,"pres":1012.2532,"azimuth":210.36,"dewpt":8.1,"uv":2.5,"elev_angle":55.9,"wind_dir":286,"weather":{"icon":"c04d","code":804,"description":"Overcast clouds"},"ghi":842.8,"dhi":115.34,"timestamp_local":"2022-07-15T14:45:00","solar_rad":158.90263,"vis":10,"dni":887.95,"temp":18.9,"slp":1022,"clouds":97,"ts":1657889100},{"precip_rate":0,"rh":49,"wind_spd":2.98,"timestamp_utc":"2022-07-15T13:00:00","snow_rate":0,"app_temp":18.2,"pres":1012.2501,"azimuth":216.54,"dewpt":8.1,"uv":2.3,"elev_angle":54.95,"wind_dir":285,"weather":{"icon":"c04d","code":804,"description":"Overcast clouds"},"ghi":832,"dhi":114.77,"timestamp_local":"2022-07-15T15:00:00","solar_rad":197.97,"vis":10,"dni":885.27,"temp":19,"slp":1022,"clouds":100,"ts":1657890000},{"precip_rate":0,"rh":48,"wind_spd":3.07,"timestamp_utc":"2022-07-15T13:15:00","snow_rate":0,"app_temp":18.5,"pres":1012.2532,"azimuth":221.51,"dewpt":7.9,"uv":2.3,"elev_angle":53.28,"wind_dir":284,"weather":{"icon":"c04d","code":804,"description":"Overcast clouds"},"ghi":810.6,"dhi":113.58,"timestamp_local":"2022-07-15T15:15:00","solar_rad":129.4892,"vis":10,"dni":879.47,"temp":19.3,"slp":1022,"clouds":98,"ts":1657890900},{"precip_rate":0,"rh":46,"wind_spd":3.16,"timestamp_utc":"2022-07-15T13:30:00","snow_rate":0,"app_temp":18.7,"pres":1012.2562,"azimuth":226.48,"dewpt":7.8,"uv":2.3,"elev_angle":51.61,"wind_dir":282,"weather":{"icon":"c04d","code":804,"description":"Overcast clouds"},"ghi":789.2,"dhi":112.38,"timestamp_local":"2022-07-15T15:30:00","solar_rad":170.96758,"vis":10,"dni":873.66,"temp":19.5,"slp":1022,"clouds":96,"ts":1657891800},{"precip_rate":0,"rh":45,"wind_spd":3.25,"timestamp_utc":"2022-07-15T13:45:00","snow_rate":0,"app_temp":19,"pres":1012.25934,"azimuth":231.44,"dewpt":7.6,"uv":2.2,"elev_angle":49.94,"wind_dir":280,"weather":{"icon":"c04d","code":804,"description":"Overcast clouds"},"ghi":767.8,"dhi":111.19,"timestamp_local":"2022-07-15T15:45:00","solar_rad":187.36864,"vis":10,"dni":867.86,"temp":19.8,"slp":1022,"clouds":95,"ts":1657892700},{"precip_rate":0,"rh":44,"wind_spd":3.34,"timestamp_utc":"2022-07-15T14:00:00","snow_rate":0,"app_temp":19.2,"pres":1012.2624,"azimuth":236.41,"dewpt":7.4,"uv":2.2,"elev_angle":48.27,"wind_dir":279,"weather":{"icon":"c04d","code":804,"description":"Overcast clouds"},"ghi":746.4,"dhi":109.99,"timestamp_local":"2022-07-15T16:00:00","solar_rad":221.52466,"vis":10,"dni":862.05,"temp":20,"slp":1022,"clouds":93,"ts":1657893600},{"precip_rate":0,"rh":44,"wind_spd":3.39,"timestamp_utc":"2022-07-15T14:15:00","snow_rate":0,"app_temp":19.3,"pres":1012.26544,"azimuth":240.35,"dewpt":7.4,"uv":2.2,"elev_angle":46.2,"wind_dir":278,"weather":{"icon":"c04d","code":804,"description":"Overcast clouds"},"ghi":716.2,"dhi":108.13,"timestamp_local":"2022-07-15T16:15:00","solar_rad":265.6932,"vis":10,"dni":852.45,"temp":20.1,"slp":1022,"clouds":90,"ts":1657894500},{"precip_rate":0,"rh":44,"wind_spd":3.44,"timestamp_utc":"2022-07-15T14:30:00","snow_rate":0,"app_temp":19.4,"pres":1012.26855,"azimuth":244.29,"dewpt":7.4,"uv":2.2,"elev_angle":44.14,"wind_dir":278,"weather":{"icon":"c04d","code":804,"description":"Overcast clouds"},"ghi":686,"dhi":106.27,"timestamp_local":"2022-07-15T16:30:00","solar_rad":316.28986,"vis":10,"dni":842.85,"temp":20.2,"slp":1022,"clouds":86,"ts":1657895400},{"precip_rate":0,"rh":43,"wind_spd":3.49,"timestamp_utc":"2022-07-15T14:45:00","snow_rate":0,"app_temp":19.5,"pres":1012.2716,"azimuth":248.22,"dewpt":7.4,"uv":2.2,"elev_angle":42.07,"wind_dir":278,"weather":{"icon":"c04d","code":804,"description":"Overcast clouds"},"ghi":655.7,"dhi":104.4,"timestamp_local":"2022-07-15T16:45:00","solar_rad":355.15134,"vis":10,"dni":833.24,"temp":20.3,"slp":1022,"clouds":82,"ts":1657896300},{"precip_rate":0,"rh":43,"wind_spd":3.54,"timestamp_utc":"2022-07-15T15:00:00","snow_rate":0,"app_temp":19.6,"pres":1012.27466,"azimuth":252.16,"dewpt":7.4,"uv":2.1,"elev_angle":40,"wind_dir":277,"weather":{"icon":"c04d","code":804,"description":"Overcast clouds"},"ghi":625.5,"dhi":102.54,"timestamp_local":"2022-07-15T17:00:00","solar_rad":372.91827,"vis":10,"dni":823.64,"temp":20.4,"slp":1022,"clouds":79,"ts":1657897200},{"precip_rate":0,"rh":43,"wind_spd":3.47,"timestamp_utc":"2022-07-15T15:15:00","snow_rate":0,"app_temp":19.5,"pres":1012.27466,"azimuth":255.45,"dewpt":7.3,"uv":1.9,"elev_angle":37.75,"wind_dir":278,"weather":{"icon":"c04d","code":804,"description":"Overcast clouds"},"ghi":589.1,"dhi":99.93,"timestamp_local":"2022-07-15T17:15:00","solar_rad":319.0783,"vis":10,"dni":808.93,"temp":20.3,"slp":1022,"clouds":82,"ts":1657898100},{"precip_rate":0,"rh":44,"wind_spd":3.41,"timestamp_utc":"2022-07-15T15:30:00","snow_rate":0,"app_temp":19.4,"pres":1012.27466,"azimuth":258.74,"dewpt":7.3,"uv":1.6,"elev_angle":35.5,"wind_dir":278,"weather":{"icon":"c04d","code":804,"description":"Overcast clouds"},"ghi":552.7,"dhi":97.32,"timestamp_local":"2022-07-15T17:30:00","solar_rad":266.44287,"vis":10,"dni":794.23,"temp":20.2,"slp":1022,"clouds":85,"ts":1657899000},{"precip_rate":0,"rh":44,"wind_spd":3.34,"timestamp_utc":"2022-07-15T15:45:00","snow_rate":0,"app_temp":19.3,"pres":1012.27466,"azimuth":262.03,"dewpt":7.3,"uv":1.4,"elev_angle":33.25,"wind_dir":278,"weather":{"icon":"c04d","code":804,"description":"Overcast clouds"},"ghi":516.3,"dhi":94.7,"timestamp_local":"2022-07-15T17:45:00","solar_rad":215.42526,"vis":10,"dni":779.52,"temp":20.1,"slp":1022,"clouds":88,"ts":1657899900},{"precip_rate":0,"rh":44,"wind_spd":3.28,"timestamp_utc":"2022-07-15T16:00:00","snow_rate":0,"app_temp":19.2,"pres":1012.27466,"azimuth":265.32,"dewpt":7.2,"uv":1.2,"elev_angle":31,"wind_dir":279,"weather":{"icon":"c04d","code":804,"description":"Overcast clouds"},"ghi":479.9,"dhi":92.09,"timestamp_local":"2022-07-15T18:00:00","solar_rad":166.47475,"vis":10,"dni":764.81,"temp":20,"slp":1022,"clouds":91,"ts":1657900800},{"precip_rate":0,"rh":44,"wind_spd":3.24,"timestamp_utc":"2022-07-15T16:15:00","snow_rate":0,"app_temp":19.2,"pres":1012.0301,"azimuth":268.27,"dewpt":7.3,"uv":1.2,"elev_angle":28.71,"wind_dir":280,"weather":{"icon":"c04d","code":804,"description":"Overcast clouds"},"ghi":440.6,"dhi":88.58,"timestamp_local":"2022-07-15T18:15:00","solar_rad":193.6253,"vis":10,"dni":742.38,"temp":20,"slp":1021.75,"clouds":87,"ts":1657901700},{"precip_rate":0,"rh":44,"wind_spd":3.21,"timestamp_utc":"2022-07-15T16:30:00","snow_rate":0,"app_temp":19.1,"pres":1011.7855,"azimuth":271.21,"dewpt":7.3,"uv":1.2,"elev_angle":26.42,"wind_dir":282,"weather":{"icon":"c04d","code":804,"description":"Overcast clouds"},"ghi":401.3,"dhi":85.07,"timestamp_local":"2022-07-15T18:30:00","solar_rad":217.3589,"vis":10,"dni":719.96,"temp":19.9,"slp":1021.5,"clouds":82,"ts":1657902600},{"precip_rate":0,"rh":45,"wind_spd":3.17,"timestamp_utc":"2022-07-15T16:45:00","snow_rate":0,"app_temp":19.1,"pres":1011.54095,"azimuth":274.16,"dewpt":7.4,"uv":1.2,"elev_angle":24.13,"wind_dir":284,"weather":{"icon":"c04d","code":804,"description":"Overcast clouds"},"ghi":362,"dhi":81.56,"timestamp_local":"2022-07-15T18:45:00","solar_rad":222.01782,"vis":10,"dni":697.53,"temp":19.9,"slp":1021.25,"clouds":78,"ts":1657903500},{"precip_rate":0,"rh":45,"wind_spd":3.14,"timestamp_utc":"2022-07-15T17:00:00","snow_rate":0,"app_temp":19.1,"pres":1011.2964,"azimuth":277.1,"dewpt":7.5,"uv":1.2,"elev_angle":21.84,"wind_dir":285,"weather":{"icon":"c04d","code":804,"description":"Overcast clouds"},"ghi":322.7,"dhi":78.05,"timestamp_local":"2022-07-15T19:00:00","solar_rad":218.36517,"vis":10,"dni":675.1,"temp":19.9,"slp":1021,"clouds":74,"ts":1657904400},{"precip_rate":0,"rh":46,"wind_spd":2.92,"timestamp_utc":"2022-07-15T17:15:00","snow_rate":0,"app_temp":19,"pres":1011.29333,"azimuth":279.91,"dewpt":7.8,"uv":1.1,"elev_angle":19.6,"wind_dir":285,"weather":{"icon":"c04d","code":804,"description":"Overcast clouds"},"ghi":284.5,"dhi":73.31,"timestamp_local":"2022-07-15T19:15:00","solar_rad":200.69783,"vis":10,"dni":639.01,"temp":19.7,"slp":1021,"clouds":72,"ts":1657905300},{"precip_rate":0,"rh":48,"wind_spd":2.7,"timestamp_utc":"2022-07-15T17:30:00","snow_rate":0,"app_temp":18.8,"pres":1011.2903,"azimuth":282.73,"dewpt":8.1,"uv":1.1,"elev_angle":17.37,"wind_dir":284,"weather":{"icon":"c03d","code":803,"description":"Broken clouds"},"ghi":246.3,"dhi":68.57,"timestamp_local":"2022-07-15T19:30:00","solar_rad":183.52397,"vis":10,"dni":602.93,"temp":19.6,"slp":1021,"clouds":69,"ts":1657906200},{"precip_rate":0,"rh":50,"wind_spd":2.48,"timestamp_utc":"2022-07-15T17:45:00","snow_rate":0,"app_temp":18.7,"pres":1011.28723,"azimuth":285.54,"dewpt":8.4,"uv":1.1,"elev_angle":15.13,"wind_dir":284,"weather":{"icon":"c03d","code":803,"description":"Broken clouds"},"ghi":208.1,"dhi":63.82,"timestamp_local":"2022-07-15T19:45:00","solar_rad":162.50009,"vis":10,"dni":566.84,"temp":19.4,"slp":1021,"clouds":66,"ts":1657907100},{"precip_rate":0,"rh":51,"wind_spd":2.26,"timestamp_utc":"2022-07-15T18:00:00","snow_rate":0,"app_temp":18.5,"pres":1011.2842,"azimuth":288.35,"dewpt":8.7,"uv":1.1,"elev_angle":12.89,"wind_dir":284,"weather":{"icon":"c03d","code":803,"description":"Broken clouds"},"ghi":169.9,"dhi":59.08,"timestamp_local":"2022-07-15T20:00:00","solar_rad":136.3689,"vis":10,"dni":530.75,"temp":19.2,"slp":1021,"clouds":64,"ts":1657908000},{"precip_rate":0,"rh":53,"wind_spd":2.05,"timestamp_utc":"2022-07-15T18:15:00","snow_rate":0,"app_temp":18.2,"pres":1011.2781,"azimuth":291.18,"dewpt":8.9,"uv":1,"elev_angle":10.8,"wind_dir":281,"weather":{"icon":"c03d","code":803,"description":"Broken clouds"},"ghi":138.1,"dhi":52.14,"timestamp_local":"2022-07-15T20:15:00","solar_rad":107.83884,"vis":10,"dni":463.59,"temp":18.9,"slp":1021,"clouds":66,"ts":1657908900},{"precip_rate":0,"rh":54,"wind_spd":1.84,"timestamp_utc":"2022-07-15T18:30:00","snow_rate":0,"app_temp":17.9,"pres":1011.2719,"azimuth":294.01,"dewpt":9.2,"uv":1,"elev_angle":8.7,"wind_dir":278,"weather":{"icon":"c03d","code":803,"description":"Broken clouds"},"ghi":106.4,"dhi":45.21,"timestamp_local":"2022-07-15T20:30:00","solar_rad":81.86204,"vis":10,"dni":396.43,"temp":18.6,"slp":1021,"clouds":67,"ts":1657909800},{"precip_rate":0,"rh":56,"wind_spd":1.63,"timestamp_utc":"2022-07-15T18:45:00","snow_rate":0,"app_temp":18.3,"pres":1011.26575,"azimuth":296.83,"dewpt":9.4,"uv":0.9,"elev_angle":6.61,"wind_dir":274,"weather":{"icon":"c03d","code":803,"description":"Broken clouds"},"ghi":74.6,"dhi":38.27,"timestamp_local":"2022-07-15T20:45:00","solar_rad":56.506954,"vis":10,"dni":329.27,"temp":18.3,"slp":1021,"clouds":68,"ts":1657910700},{"precip_rate":0,"rh":58,"wind_spd":1.42,"timestamp_utc":"2022-07-15T19:00:00","snow_rate":0,"app_temp":18,"pres":1011.25964,"azimuth":299.66,"dewpt":9.6,"uv":0.9,"elev_angle":4.51,"wind_dir":271,"weather":{"icon":"c03n","code":803,"description":"Broken clouds"},"ghi":42.9,"dhi":31.33,"timestamp_local":"2022-07-15T21:00:00","solar_rad":31.417587,"vis":10,"dni":262.11,"temp":18,"slp":1021,"clouds":70,"ts":1657911600},{"precip_rate":0,"rh":59,"wind_spd":1.4,"timestamp_utc":"2022-07-15T19:15:00","snow_rate":0,"app_temp":17.6,"pres":1011.2442,"azimuth":302.61,"dewpt":9.6,"uv":0.9,"elev_angle":2.64,"wind_dir":271,"weather":{"icon":"c04n","code":804,"description":"Overcast clouds"},"ghi":32.2,"dhi":23.5,"timestamp_local":"2022-07-15T21:15:00","solar_rad":45.289146,"vis":10,"dni":196.58,"temp":17.6,"slp":1021,"clouds":74,"ts":1657912500},{"precip_rate":0,"rh":60,"wind_spd":1.38,"timestamp_utc":"2022-07-15T19:30:00","snow_rate":0,"app_temp":17.2,"pres":1011.22876,"azimuth":305.57,"dewpt":9.6,"uv":0.8,"elev_angle":0.78,"wind_dir":272,"weather":{"icon":"c04n","code":804,"description":"Overcast clouds"},"ghi":21.5,"dhi":15.67,"timestamp_local":"2022-07-15T21:30:00","solar_rad":28.856142,"vis":10,"dni":131.06,"temp":17.2,"slp":1021,"clouds":78,"ts":1657913400},{"precip_rate":0,"rh":62,"wind_spd":1.36,"timestamp_utc":"2022-07-15T19:45:00","snow_rate":0,"app_temp":16.8,"pres":1011.2133,"azimuth":308.52,"dewpt":9.5,"uv":0,"elev_angle":-1.09,"wind_dir":272,"weather":{"icon":"c04n","code":804,"description":"Overcast clouds"},"ghi":10.7,"dhi":7.83,"timestamp_local":"2022-07-15T21:45:00","solar_rad":13.625515,"vis":10,"dni":65.53,"temp":16.8,"slp":1021,"clouds":82,"ts":1657914300},{"precip_rate":0,"rh":63,"wind_spd":1.33,"timestamp_utc":"2022-07-15T20:00:00","snow_rate":0,"app_temp":16.4,"pres":1011.1979,"azimuth":311.47,"dewpt":9.5,"uv":0,"elev_angle":-2.96,"wind_dir":272,"weather":{"icon":"c04n","code":804,"description":"Overcast clouds"},"ghi":0,"dhi":0,"timestamp_local":"2022-07-15T22:00:00","solar_rad":0,"vis":10,"dni":0,"temp":16.4,"slp":1021,"clouds":86,"ts":1657915200},{"precip_rate":0,"rh":65,"wind_spd":1.27,"timestamp_utc":"2022-07-15T20:15:00","snow_rate":0,"app_temp":16.2,"pres":1010.9409,"azimuth":314.62,"dewpt":9.7,"uv":0,"elev_angle":-4.51,"wind_dir":263,"weather":{"icon":"c04n","code":804,"description":"Overcast clouds"},"ghi":0,"dhi":0,"timestamp_local":"2022-07-15T22:15:00","solar_rad":0,"vis":10,"dni":0,"temp":16.2,"slp":1020.75,"clouds":87,"ts":1657916100},{"precip_rate":0,"rh":66,"wind_spd":1.21,"timestamp_utc":"2022-07-15T20:30:00","snow_rate":0,"app_temp":16,"pres":1010.68396,"azimuth":317.77,"dewpt":9.8,"uv":0,"elev_angle":-6.05,"wind_dir":254,"weather":{"icon":"c04n","code":804,"description":"Overcast clouds"},"ghi":0,"dhi":0,"timestamp_local":"2022-07-15T22:30:00","solar_rad":0,"vis":10,"dni":0,"temp":16,"slp":1020.5,"clouds":88,"ts":1657917000},{"precip_rate":0,"rh":68,"wind_spd":1.14,"timestamp_utc":"2022-07-15T20:45:00","snow_rate":0,"app_temp":15.8,"pres":1010.427,"azimuth":320.92,"dewpt":10,"uv":0,"elev_angle":-7.6,"wind_dir":246,"weather":{"icon":"c04n","code":804,"description":"Overcast clouds"},"ghi":0,"dhi":0,"timestamp_local":"2022-07-15T22:45:00","solar_rad":0,"vis":10,"dni":0,"temp":15.8,"slp":1020.25,"clouds":90,"ts":1657917900},{"precip_rate":0,"rh":70,"wind_spd":1.08,"timestamp_utc":"2022-07-15T21:00:00","snow_rate":0,"app_temp":15.6,"pres":1010.17004,"azimuth":324.07,"dewpt":10.1,"uv":0,"elev_angle":-9.14,"wind_dir":237,"weather":{"icon":"c04n","code":804,"description":"Overcast clouds"},"ghi":0,"dhi":0,"timestamp_local":"2022-07-15T23:00:00","solar_rad":0,"vis":10,"dni":0,"temp":15.6,"slp":1020,"clouds":91,"ts":1657918800},{"precip_rate":0,"rh":70,"wind_spd":1.15,"timestamp_utc":"2022-07-15T21:15:00","snow_rate":0,"app_temp":15.6,"pres":1010.16064,"azimuth":327.45,"dewpt":10.1,"uv":0,"elev_angle":-10.26,"wind_dir":241,"weather":{"icon":"c04n","code":804,"description":"Overcast clouds"},"ghi":0,"dhi":0,"timestamp_local":"2022-07-15T23:15:00","solar_rad":0,"vis":10,"dni":0,"temp":15.6,"slp":1020,"clouds":92,"ts":1657919700},{"precip_rate":0,"rh":70,"wind_spd":1.22,"timestamp_utc":"2022-07-15T21:30:00","snow_rate":0,"app_temp":15.6,"pres":1010.1512,"azimuth":330.82,"dewpt":10.2,"uv":0,"elev_angle":-11.38,"wind_dir":245,"weather":{"icon":"c04n","code":804,"description":"Overcast clouds"},"ghi":0,"dhi":0,"timestamp_local":"2022-07-15T23:30:00","solar_rad":0,"vis":10,"dni":0,"temp":15.6,"slp":1020,"clouds":94,"ts":1657920600},{"precip_rate":0,"rh":71,"wind_spd":1.28,"timestamp_utc":"2022-07-15T21:45:00","snow_rate":0,"app_temp":15.5,"pres":1010.1417,"azimuth":334.2,"dewpt":10.2,"uv":0,"elev_angle":-12.5,"wind_dir":249,"weather":{"icon":"c04n","code":804,"description":"Overcast clouds"},"ghi":0,"dhi":0,"timestamp_local":"2022-07-15T23:45:00","solar_rad":0,"vis":10,"dni":0,"temp":15.5,"slp":1020,"clouds":95,"ts":1657921500},{"precip_rate":0,"rh":71,"wind_spd":1.35,"timestamp_utc":"2022-07-15T22:00:00","snow_rate":0,"app_temp":15.5,"pres":1010.1323,"azimuth":337.57,"dewpt":10.2,"uv":0,"elev_angle":-13.62,"wind_dir":253,"weather":{"icon":"c04n","code":804,"description":"Overcast clouds"},"ghi":0,"dhi":0,"timestamp_local":"2022-07-16T00:00:00","solar_rad":0,"vis":10,"dni":0,"temp":15.5,"slp":1020,"clouds":96,"ts":1657922400},{"precip_rate":0,"rh":71,"wind_spd":1.44,"timestamp_utc":"2022-07-15T22:15:00","snow_rate":0,"app_temp":15.5,"pres":1010.1355,"azimuth":341.13,"dewpt":10.3,"uv":0,"elev_angle":-14.23,"wind_dir":254,"weather":{"icon":"c04n","code":804,"description":"Overcast clouds"},"ghi":0,"dhi":0,"timestamp_local":"2022-07-16T00:15:00","solar_rad":0,"vis":10,"dni":0,"temp":15.5,"slp":1020,"clouds":97,"ts":1657923300},{"precip_rate":0,"rh":72,"wind_spd":1.54,"timestamp_utc":"2022-07-15T22:30:00","snow_rate":0,"app_temp":15.6,"pres":1010.1386,"azimuth":344.69,"dewpt":10.4,"uv":0,"elev_angle":-14.84,"wind_dir":256,"weather":{"icon":"c04n","code":804,"description":"Overcast clouds"},"ghi":0,"dhi":0,"timestamp_local":"2022-07-16T00:30:00","solar_rad":0,"vis":10,"dni":0,"temp":15.6,"slp":1020,"clouds":98,"ts":1657924200},{"precip_rate":0,"rh":72,"wind_spd":1.63,"timestamp_utc":"2022-07-15T22:45:00","snow_rate":0,"app_temp":15.6,"pres":1010.1417,"azimuth":348.24,"dewpt":10.5,"uv":0,"elev_angle":-15.44,"wind_dir":257,"weather":{"icon":"c04n","code":804,"description":"Overcast clouds"},"ghi":0,"dhi":0,"timestamp_local":"2022-07-16T00:45:00","solar_rad":0,"vis":10,"dni":0,"temp":15.6,"slp":1020,"clouds":99,"ts":1657925100},{"precip_rate":0,"rh":72,"wind_spd":1.72,"timestamp_utc":"2022-07-15T23:00:00","snow_rate":0,"app_temp":15.6,"pres":1010.1449,"azimuth":351.8,"dewpt":10.6,"uv":0,"elev_angle":-16.05,"wind_dir":258,"weather":{"icon":"c04n","code":804,"description":"Overcast clouds"},"ghi":0,"dhi":0,"timestamp_local":"2022-07-16T01:00:00","solar_rad":0,"vis":10,"dni":0,"temp":15.6,"slp":1020,"clouds":100,"ts":1657926000},{"precip_rate":0.125,"rh":72,"wind_spd":1.74,"timestamp_utc":"2022-07-15T23:15:00","snow_rate":0,"app_temp":15.6,"pres":1010.1417,"azimuth":265.44,"dewpt":10.6,"uv":0,"elev_angle":-16.09,"wind_dir":254,"weather":{"icon":"c04n","code":804,"description":"Overcast clouds"},"ghi":0,"dhi":0,"timestamp_local":"2022-07-16T01:15:00","solar_rad":0,"vis":10,"dni":0,"temp":15.6,"slp":1020,"clouds":97,"ts":1657926900},{"precip_rate":0.25,"rh":72,"wind_spd":1.76,"timestamp_utc":"2022-07-15T23:30:00","snow_rate":0,"app_temp":15.7,"pres":1010.1386,"azimuth":179.07,"dewpt":10.5,"uv":0,"elev_angle":-16.13,"wind_dir":250,"weather":{"icon":"c04n","code":804,"description":"Overcast clouds"},"ghi":0,"dhi":0,"timestamp_local":"2022-07-16T01:30:00","solar_rad":0,"vis":10,"dni":0,"temp":15.7,"slp":1020,"clouds":94,"ts":1657927800},{"precip_rate":0.375,"rh":71,"wind_spd":1.78,"timestamp_utc":"2022-07-15T23:45:00","snow_rate":0,"app_temp":15.7,"pres":1010.1355,"azimuth":92.71,"dewpt":10.4,"uv":0,"elev_angle":-16.17,"wind_dir":247,"weather":{"icon":"c04n","code":804,"description":"Overcast clouds"},"ghi":0,"dhi":0,"timestamp_local":"2022-07-16T01:45:00","solar_rad":0,"vis":10,"dni":0,"temp":15.7,"slp":1020,"clouds":91,"ts":1657928700}],"sources":["103150-99999","imerg","merra2","era5","modis"],"city_id":"2856883"}
