{"timezone":"Europe\/Berlin","state_code":"06","country_code":"DE","lat":52.2833,"lon":8,"city_name":"Osnabr�ck","station_id":"103150-99999","data":[{"precip_rate":0,"rh":75,"wind_spd":2.4,"timestamp_utc":"2022-06-29T00:00:00","snow_rate":0,"app_temp":14.8,"pres":1008.1517,"azimuth":6.82,"dewpt":10.4,"uv":0,"elev_angle":-14.28,"wind_dir":94,"weather":{"icon":"c04n","code":804,"description":"Overcast clouds"},"ghi":0,"dhi":0,"timestamp_local":"2022-06-29T02:00:00","solar_rad":0,"vis":10,"dni":0,"temp":14.8,"slp":1018,"clouds":98,"ts":1656460800},{"precip_rate":0,"rh":76,"wind_spd":2.4,"timestamp_utc":"2022-06-29T00:15:00","snow_rate":0,"app_temp":14.5,"pres":1007.89465,"azimuth":10.31,"dewpt":10.3,"uv":0,"elev_angle":-13.73,"wind_dir":94,"weather":{"icon":"c04n","code":804,"description":"Overcast clouds"},"ghi":0,"dhi":0,"timestamp_local":"2022-06-29T02:15:00","solar_rad":0,"vis":10,"dni":0,"temp":14.5,"slp":1017.75,"clouds":96,"ts":1656461700},{"precip_rate":0,"rh":76,"wind_spd":2.4,"timestamp_utc":"2022-06-29T00:30:00","snow_rate":0,"app_temp":14.3,"pres":1007.6376,"azimuth":13.81,"dewpt":10.1,"uv":0,"elev_angle":-13.19,"wind_dir":93,"weather":{"icon":"c04n","code":804,"description":"Overcast clouds"},"ghi":0,"dhi":0,"timestamp_local":"2022-06-29T02:30:00","solar_rad":0,"vis":10,"dni":0,"temp":14.3,"slp":1017.5,"clouds":93,"ts":1656462600},{"precip_rate":0,"rh":77,"wind_spd":2.4,"timestamp_utc":"2022-06-29T00:45:00","snow_rate":0,"app_temp":14,"pres":1007.3805,"azimuth":17.3,"dewpt":10,"uv":0,"elev_angle":-12.64,"wind_dir":92,"weather":{"icon":"c04n","code":804,"description":"Overcast clouds"},"ghi":0,"dhi":0,"timestamp_local":"2022-06-29T02:45:00","solar_rad":0,"vis":10,"dni":0,"temp":14,"slp":1017.25,"clouds":90,"ts":1656463500},{"precip_rate":0,"rh":78,"wind_spd":2.4,"timestamp_utc":"2022-06-29T01:00:00","snow_rate":0,"app_temp":13.7,"pres":1007.1235,"azimuth":20.79,"dewpt":9.9,"uv":0,"elev_angle":-12.09,"wind_dir":92,"weather":{"icon":"c04n","code":804,"description":"Overcast clouds"},"ghi":0,"dhi":0,"timestamp_local":"2022-06-29T03:00:00","solar_rad":0,"vis":10,"dni":0,"temp":13.7,"slp":1017,"clouds":88,"ts":1656464400},{"precip_rate":0,"rh":78,"wind_spd":2.3,"timestamp_utc":"2022-06-29T01:15:00","snow_rate":0,"app_temp":13.5,"pres":1007.1171,"azimuth":24.12,"dewpt":9.8,"uv":0,"elev_angle":-11.03,"wind_dir":91,"weather":{"icon":"c04n","code":804,"description":"Overcast clouds"},"ghi":0,"dhi":0,"timestamp_local":"2022-06-29T03:15:00","solar_rad":0,"vis":10,"dni":0,"temp":13.5,"slp":1017,"clouds":89,"ts":1656465300},{"precip_rate":0,"rh":79,"wind_spd":2.2,"timestamp_utc":"2022-06-29T01:30:00","snow_rate":0,"app_temp":13.3,"pres":1007.1107,"azimuth":27.45,"dewpt":9.8,"uv":0,"elev_angle":-9.98,"wind_dir":90,"weather":{"icon":"c04n","code":804,"description":"Overcast clouds"},"ghi":0,"dhi":0,"timestamp_local":"2022-06-29T03:30:00","solar_rad":0,"vis":10,"dni":0,"temp":13.3,"slp":1017,"clouds":90,"ts":1656466200},{"precip_rate":0,"rh":80,"wind_spd":2.1,"timestamp_utc":"2022-06-29T01:45:00","snow_rate":0,"app_temp":13.2,"pres":1007.1044,"azimuth":30.78,"dewpt":9.8,"uv":0,"elev_angle":-8.92,"wind_dir":89,"weather":{"icon":"c04n","code":804,"description":"Overcast clouds"},"ghi":0,"dhi":0,"timestamp_local":"2022-06-29T03:45:00","solar_rad":0,"vis":10,"dni":0,"temp":13.2,"slp":1017,"clouds":90,"ts":1656467100},{"precip_rate":0,"rh":80,"wind_spd":2,"timestamp_utc":"2022-06-29T02:00:00","snow_rate":0,"app_temp":13,"pres":1007.098,"azimuth":34.11,"dewpt":9.6,"uv":0,"elev_angle":-7.86,"wind_dir":88,"weather":{"icon":"c04n","code":804,"description":"Overcast clouds"},"ghi":0,"dhi":0,"timestamp_local":"2022-06-29T04:00:00","solar_rad":0,"vis":10,"dni":0,"temp":13,"slp":1017,"clouds":91,"ts":1656468000},{"precip_rate":0,"rh":80,"wind_spd":2.1,"timestamp_utc":"2022-06-29T02:15:00","snow_rate":0,"app_temp":13,"pres":1007.098,"azimuth":37.23,"dewpt":9.6,"uv":0,"elev_angle":-6.38,"wind_dir":86,"weather":{"icon":"c04n","code":804,"description":"Overcast clouds"},"ghi":0,"dhi":0,"timestamp_local":"2022-06-29T04:15:00","solar_rad":0,"vis":10,"dni":0,"temp":13,"slp":1017,"clouds":92,"ts":1656468900},{"precip_rate":0,"rh":80,"wind_spd":2.2,"timestamp_utc":"2022-06-29T02:30:00","snow_rate":0,"app_temp":13,"pres":1007.098,"azimuth":40.35,"dewpt":9.6,"uv":0,"elev_angle":-4.89,"wind_dir":85,"weather":{"icon":"c04n","code":804,"description":"Overcast clouds"},"ghi":0,"dhi":0,"timestamp_local":"2022-06-29T04:30:00","solar_rad":0,"vis":10,"dni":0,"temp":13,"slp":1017,"clouds":93,"ts":1656469800},{"precip_rate":0,"rh":80,"wind_spd":2.3,"timestamp_utc":"2022-06-29T02:45:00","snow_rate":0,"app_temp":13,"pres":1007.098,"azimuth":43.47,"dewpt":9.6,"uv":0,"elev_angle":-3.41,"wind_dir":84,"weather":{"icon":"c04n","code":804,"description":"Overcast clouds"},"ghi":0,"dhi":0,"timestamp_local":"2022-06-29T04:45:00","solar_rad":0,"vis":10,"dni":0,"temp":13,"slp":1017,"clouds":94,"ts":1656470700},{"precip_rate":0,"rh":80,"wind_spd":2.4,"timestamp_utc":"2022-06-29T03:00:00","snow_rate":0,"app_temp":13,"pres":1007.098,"azimuth":46.59,"dewpt":9.6,"uv":0,"elev_angle":-1.92,"wind_dir":82,"weather":{"icon":"c04n","code":804,"description":"Overcast clouds"},"ghi":0,"dhi":0,"timestamp_local":"2022-06-29T05:00:00","solar_rad":0,"vis":10,"dni":0,"temp":13,"slp":1017,"clouds":95,"ts":1656471600},{"precip_rate":0,"rh":79,"wind_spd":2.5,"timestamp_utc":"2022-06-29T03:15:00","snow_rate":0,"app_temp":13.1,"pres":1007.1012,"azimuth":49.52,"dewpt":9.5,"uv":0,"elev_angle":-0.1,"wind_dir":82,"weather":{"icon":"c04n","code":804,"description":"Overcast clouds"},"ghi":13.5,"dhi":8.73,"timestamp_local":"2022-06-29T05:15:00","solar_rad":13.079288,"vis":10,"dni":75.19,"temp":13.1,"slp":1017,"clouds":92,"ts":1656472500},{"precip_rate":0,"rh":78,"wind_spd":2.6,"timestamp_utc":"2022-06-29T03:30:00","snow_rate":0,"app_temp":13.2,"pres":1007.1044,"azimuth":52.45,"dewpt":9.4,"uv":0.7,"elev_angle":1.72,"wind_dir":83,"weather":{"icon":"c04n","code":804,"description":"Overcast clouds"},"ghi":27,"dhi":17.46,"timestamp_local":"2022-06-29T05:30:00","solar_rad":28.725702,"vis":10,"dni":150.38,"temp":13.2,"slp":1017,"clouds":88,"ts":1656473400},{"precip_rate":0,"rh":77,"wind_spd":2.7,"timestamp_utc":"2022-06-29T03:45:00","snow_rate":0,"app_temp":13.2,"pres":1007.1076,"azimuth":55.38,"dewpt":9.3,"uv":0.7,"elev_angle":3.53,"wind_dir":84,"weather":{"icon":"c04n","code":804,"description":"Overcast clouds"},"ghi":40.5,"dhi":26.19,"timestamp_local":"2022-06-29T05:45:00","solar_rad":45.71404,"vis":10,"dni":225.56,"temp":13.2,"slp":1017,"clouds":85,"ts":1656474300},{"precip_rate":0,"rh":76,"wind_spd":2.8,"timestamp_utc":"2022-06-29T04:00:00","snow_rate":0,"app_temp":13.3,"pres":1007.1108,"azimuth":58.31,"dewpt":9.2,"uv":0.8,"elev_angle":5.35,"wind_dir":84,"weather":{"icon":"c04d","code":804,"description":"Overcast clouds"},"ghi":54,"dhi":34.92,"timestamp_local":"2022-06-29T06:00:00","solar_rad":64.168396,"vis":10,"dni":300.75,"temp":13.3,"slp":1017,"clouds":82,"ts":1656475200},{"precip_rate":0,"rh":75,"wind_spd":2.8,"timestamp_utc":"2022-06-29T04:15:00","snow_rate":0,"app_temp":13.7,"pres":1006.87585,"azimuth":61.11,"dewpt":9.3,"uv":0.9,"elev_angle":7.41,"wind_dir":86,"weather":{"icon":"c04d","code":804,"description":"Overcast clouds"},"ghi":85.8,"dhi":41.39,"timestamp_local":"2022-06-29T06:15:00","solar_rad":58.059284,"vis":10,"dni":361.82,"temp":13.7,"slp":1016.75,"clouds":74,"ts":1656476100},{"precip_rate":0,"rh":74,"wind_spd":2.8,"timestamp_utc":"2022-06-29T04:30:00","snow_rate":0,"app_temp":14.1,"pres":1006.64087,"azimuth":63.92,"dewpt":9.5,"uv":1,"elev_angle":9.47,"wind_dir":89,"weather":{"icon":"c03d","code":803,"description":"Broken clouds"},"ghi":117.7,"dhi":47.86,"timestamp_local":"2022-06-29T06:30:00","solar_rad":91.90899,"vis":10,"dni":422.89,"temp":14.1,"slp":1016.5,"clouds":66,"ts":1656477000},{"precip_rate":0,"rh":72,"wind_spd":2.8,"timestamp_utc":"2022-06-29T04:45:00","snow_rate":0,"app_temp":14.4,"pres":1006.40594,"azimuth":66.72,"dewpt":9.4,"uv":1.1,"elev_angle":11.52,"wind_dir":92,"weather":{"icon":"c03d","code":803,"description":"Broken clouds"},"ghi":149.5,"dhi":54.33,"timestamp_local":"2022-06-29T06:45:00","solar_rad":127.1241,"vis":10,"dni":483.96,"temp":14.4,"slp":1016.25,"clouds":59,"ts":1656477900},{"precip_rate":0,"rh":71,"wind_spd":2.8,"timestamp_utc":"2022-06-29T05:00:00","snow_rate":0,"app_temp":14.8,"pres":1006.171,"azimuth":69.52,"dewpt":9.6,"uv":1.2,"elev_angle":13.58,"wind_dir":94,"weather":{"icon":"c03d","code":803,"description":"Broken clouds"},"ghi":181.3,"dhi":60.8,"timestamp_local":"2022-06-29T07:00:00","solar_rad":164.76596,"vis":10,"dni":545.03,"temp":14.8,"slp":1016,"clouds":51,"ts":1656478800},{"precip_rate":0,"rh":69,"wind_spd":2.7,"timestamp_utc":"2022-06-29T05:15:00","snow_rate":0,"app_temp":15.4,"pres":1006.1928,"azimuth":72.3,"dewpt":9.8,"uv":1.4,"elev_angle":15.8,"wind_dir":94,"weather":{"icon":"c03d","code":803,"description":"Broken clouds"},"ghi":219.3,"dhi":65.37,"timestamp_local":"2022-06-29T07:15:00","solar_rad":207.19345,"vis":10,"dni":579.27,"temp":15.4,"slp":1016,"clouds":44,"ts":1656479700},{"precip_rate":0,"rh":67,"wind_spd":2.6,"timestamp_utc":"2022-06-29T05:30:00","snow_rate":0,"app_temp":16.1,"pres":1006.2146,"azimuth":75.08,"dewpt":10,"uv":1.6,"elev_angle":18.01,"wind_dir":93,"weather":{"icon":"c02d","code":802,"description":"Scattered clouds"},"ghi":257.2,"dhi":69.94,"timestamp_local":"2022-06-29T07:30:00","solar_rad":248.57463,"vis":10,"dni":613.52,"temp":16.1,"slp":1016,"clouds":38,"ts":1656480600},{"precip_rate":0,"rh":65,"wind_spd":2.5,"timestamp_utc":"2022-06-29T05:45:00","snow_rate":0,"app_temp":16.8,"pres":1006.23645,"azimuth":77.86,"dewpt":10.1,"uv":1.8,"elev_angle":20.23,"wind_dir":92,"weather":{"icon":"c02d","code":802,"description":"Scattered clouds"},"ghi":295.1,"dhi":74.5,"timestamp_local":"2022-06-29T07:45:00","solar_rad":290.1473,"vis":10,"dni":647.76,"temp":16.8,"slp":1016,"clouds":31,"ts":1656481500},{"precip_rate":0,"rh":63,"wind_spd":2.4,"timestamp_utc":"2022-06-29T06:00:00","snow_rate":0,"app_temp":17.4,"pres":1006.25824,"azimuth":80.64,"dewpt":10.3,"uv":2,"elev_angle":22.44,"wind_dir":92,"weather":{"icon":"c02d","code":802,"description":"Scattered clouds"},"ghi":333,"dhi":79.07,"timestamp_local":"2022-06-29T08:00:00","solar_rad":320.60516,"vis":10,"dni":682,"temp":17.4,"slp":1016,"clouds":24,"ts":1656482400},{"precip_rate":0,"rh":60,"wind_spd":2.5,"timestamp_utc":"2022-06-29T06:15:00","snow_rate":0,"app_temp":18.1,"pres":1006.27966,"azimuth":83.54,"dewpt":10.2,"uv":2.3,"elev_angle":24.73,"wind_dir":94,"weather":{"icon":"c02d","code":801,"description":"Few clouds"},"ghi":372.1,"dhi":82.51,"timestamp_local":"2022-06-29T08:15:00","solar_rad":371.11636,"vis":10,"dni":703.73,"temp":18.1,"slp":1016,"clouds":18,"ts":1656483300},{"precip_rate":0,"rh":58,"wind_spd":2.6,"timestamp_utc":"2022-06-29T06:30:00","snow_rate":0,"app_temp":18.1,"pres":1006.301,"azimuth":86.44,"dewpt":10.3,"uv":2.6,"elev_angle":27.02,"wind_dir":97,"weather":{"icon":"c02d","code":801,"description":"Few clouds"},"ghi":411.2,"dhi":85.94,"timestamp_local":"2022-06-29T08:30:00","solar_rad":398.5677,"vis":10,"dni":725.46,"temp":18.7,"slp":1016,"clouds":12,"ts":1656484200},{"precip_rate":0,"rh":56,"wind_spd":2.7,"timestamp_utc":"2022-06-29T06:45:00","snow_rate":0,"app_temp":18.8,"pres":1006.32245,"azimuth":89.33,"dewpt":10.4,"uv":3,"elev_angle":29.3,"wind_dir":100,"weather":{"icon":"c02d","code":801,"description":"Few clouds"},"ghi":450.3,"dhi":89.38,"timestamp_local":"2022-06-29T08:45:00","solar_rad":436.68613,"vis":10,"dni":747.19,"temp":19.4,"slp":1016,"clouds":6,"ts":1656485100},{"precip_rate":0,"rh":53,"wind_spd":2.8,"timestamp_utc":"2022-06-29T07:00:00","snow_rate":0,"app_temp":19.4,"pres":1006.3439,"azimuth":92.23,"dewpt":10.1,"uv":3.4,"elev_angle":31.59,"wind_dir":102,"weather":{"icon":"c01d","code":800,"description":"Clear Sky"},"ghi":489.4,"dhi":92.81,"timestamp_local":"2022-06-29T09:00:00","solar_rad":489.4,"vis":10,"dni":768.92,"temp":20,"slp":1016,"clouds":0,"ts":1656486000},{"precip_rate":0,"rh":52,"wind_spd":2.9,"timestamp_utc":"2022-06-29T07:15:00","snow_rate":0,"app_temp":20,"pres":1006.36194,"azimuth":95.46,"dewpt":10.4,"uv":3.6,"elev_angle":33.86,"wind_dir":104,"weather":{"icon":"c02d","code":801,"description":"Few clouds"},"ghi":525.8,"dhi":95.39,"timestamp_local":"2022-06-29T09:15:00","solar_rad":509.96878,"vis":10,"dni":783.36,"temp":20.6,"slp":1016,"clouds":4,"ts":1656486900},{"precip_rate":0,"rh":50,"wind_spd":3,"timestamp_utc":"2022-06-29T07:30:00","snow_rate":0,"app_temp":20.6,"pres":1006.38,"azimuth":98.68,"dewpt":10.3,"uv":3.8,"elev_angle":36.12,"wind_dir":107,"weather":{"icon":"c02d","code":801,"description":"Few clouds"},"ghi":562.2,"dhi":97.97,"timestamp_local":"2022-06-29T09:30:00","solar_rad":562.1401,"vis":10,"dni":797.8,"temp":21.1,"slp":1016,"clouds":7,"ts":1656487800},{"precip_rate":0,"rh":48,"wind_spd":3.1,"timestamp_utc":"2022-06-29T07:45:00","snow_rate":0,"app_temp":21.1,"pres":1006.3981,"azimuth":101.91,"dewpt":10.2,"uv":4.1,"elev_angle":38.39,"wind_dir":110,"weather":{"icon":"c02d","code":801,"description":"Few clouds"},"ghi":598.7,"dhi":100.55,"timestamp_local":"2022-06-29T09:45:00","solar_rad":598.4855,"vis":10,"dni":812.23,"temp":21.7,"slp":1016,"clouds":10,"ts":1656488700},{"precip_rate":0,"rh":47,"wind_spd":3.2,"timestamp_utc":"2022-06-29T08:00:00","snow_rate":0,"app_temp":21.7,"pres":1006.41614,"azimuth":105.13,"dewpt":10.4,"uv":4.3,"elev_angle":40.65,"wind_dir":112,"weather":{"icon":"c02d","code":801,"description":"Few clouds"},"ghi":635.1,"dhi":103.13,"timestamp_local":"2022-06-29T10:00:00","solar_rad":634.3856,"vis":10,"dni":826.67,"temp":22.2,"slp":1016,"clouds":14,"ts":1656489600},{"precip_rate":0,"rh":47,"wind_spd":3.2,"timestamp_utc":"2022-06-29T08:15:00","snow_rate":0,"app_temp":22,"pres":1006.1774,"azimuth":108.99,"dewpt":10.6,"uv":4.6,"elev_angle":42.76,"wind_dir":114,"weather":{"icon":"c02d","code":801,"description":"Few clouds"},"ghi":665.6,"dhi":104.99,"timestamp_local":"2022-06-29T10:15:00","solar_rad":644.56287,"vis":10,"dni":836.2,"temp":22.5,"slp":1015.75,"clouds":14,"ts":1656490500},{"precip_rate":0,"rh":46,"wind_spd":3.2,"timestamp_utc":"2022-06-29T08:30:00","snow_rate":0,"app_temp":22.3,"pres":1005.9387,"azimuth":112.85,"dewpt":10.5,"uv":5,"elev_angle":44.88,"wind_dir":116,"weather":{"icon":"c02d","code":801,"description":"Few clouds"},"ghi":696.2,"dhi":106.86,"timestamp_local":"2022-06-29T10:30:00","solar_rad":674.1014,"vis":10,"dni":845.74,"temp":22.8,"slp":1015.5,"clouds":15,"ts":1656491400},{"precip_rate":0,"rh":46,"wind_spd":3.2,"timestamp_utc":"2022-06-29T08:45:00","snow_rate":0,"app_temp":22.6,"pres":1005.69995,"azimuth":116.71,"dewpt":10.8,"uv":5.3,"elev_angle":46.99,"wind_dir":118,"weather":{"icon":"c02d","code":801,"description":"Few clouds"},"ghi":726.7,"dhi":108.72,"timestamp_local":"2022-06-29T10:45:00","solar_rad":703.02075,"vis":10,"dni":855.27,"temp":23,"slp":1015.25,"clouds":16,"ts":1656492300},{"precip_rate":0,"rh":46,"wind_spd":3.2,"timestamp_utc":"2022-06-29T09:00:00","snow_rate":0,"app_temp":22.9,"pres":1005.46124,"azimuth":120.57,"dewpt":11,"uv":5.6,"elev_angle":49.1,"wind_dir":120,"weather":{"icon":"c02d","code":801,"description":"Few clouds"},"ghi":757.2,"dhi":110.58,"timestamp_local":"2022-06-29T11:00:00","solar_rad":732.1474,"vis":10,"dni":864.8,"temp":23.3,"slp":1015,"clouds":16,"ts":1656493200},{"precip_rate":0.25,"rh":48,"wind_spd":3,"timestamp_utc":"2022-06-29T09:15:00","snow_rate":0,"app_temp":22.7,"pres":1005.70294,"azimuth":125.49,"dewpt":11.5,"uv":5,"elev_angle":50.85,"wind_dir":125,"weather":{"icon":"c02d","code":802,"description":"Scattered clouds"},"ghi":779.2,"dhi":111.79,"timestamp_local":"2022-06-29T11:15:00","solar_rad":730.1328,"vis":10,"dni":870.66,"temp":23.1,"slp":1015.25,"clouds":37,"ts":1656494100},{"precip_rate":0.5,"rh":50,"wind_spd":2.8,"timestamp_utc":"2022-06-29T09:30:00","snow_rate":0,"app_temp":22.6,"pres":1005.94464,"azimuth":130.41,"dewpt":12,"uv":4.2,"elev_angle":52.6,"wind_dir":130,"weather":{"icon":"c03d","code":803,"description":"Broken clouds"},"ghi":801.2,"dhi":113.01,"timestamp_local":"2022-06-29T11:30:00","solar_rad":661.3375,"vis":10,"dni":876.51,"temp":22.9,"slp":1015.5,"clouds":58,"ts":1656495000},{"precip_rate":0.75,"rh":51,"wind_spd":2.6,"timestamp_utc":"2022-06-29T09:45:00","snow_rate":0,"app_temp":22.4,"pres":1006.18634,"azimuth":135.33,"dewpt":12.1,"uv":3.4,"elev_angle":54.35,"wind_dir":135,"weather":{"icon":"r01d","code":500,"description":"Light rain"},"ghi":823.1,"dhi":114.22,"timestamp_local":"2022-06-29T11:45:00","solar_rad":463.01648,"vis":10,"dni":882.37,"temp":22.8,"slp":1015.75,"clouds":79,"ts":1656495900},{"precip_rate":1,"rh":53,"wind_spd":2.4,"timestamp_utc":"2022-06-29T10:00:00","snow_rate":0,"app_temp":22.3,"pres":1006.42804,"azimuth":140.25,"dewpt":12.5,"uv":2.4,"elev_angle":56.1,"wind_dir":140,"weather":{"icon":"r01d","code":500,"description":"Light rain"},"ghi":845.1,"dhi":115.43,"timestamp_local":"2022-06-29T12:00:00","solar_rad":169.34477,"vis":10,"dni":888.22,"temp":22.6,"slp":1016,"clouds":100,"ts":1656496800},{"precip_rate":0.75,"rh":54,"wind_spd":2.2,"timestamp_utc":"2022-06-29T10:15:00","snow_rate":0,"app_temp":22.3,"pres":1006.42804,"azimuth":146.52,"dewpt":12.8,"uv":2.5,"elev_angle":57.16,"wind_dir":130,"weather":{"icon":"r01d","code":500,"description":"Light rain"},"ghi":856.7,"dhi":116.04,"timestamp_local":"2022-06-29T12:15:00","solar_rad":170.1211,"vis":10,"dni":891.04,"temp":22.6,"slp":1016,"clouds":100,"ts":1656497700},{"precip_rate":0.5,"rh":54,"wind_spd":2,"timestamp_utc":"2022-06-29T10:30:00","snow_rate":0,"app_temp":22.3,"pres":1006.42804,"azimuth":152.8,"dewpt":12.8,"uv":2.5,"elev_angle":58.21,"wind_dir":121,"weather":{"icon":"c04d","code":804,"description":"Overcast clouds"},"ghi":868.3,"dhi":116.64,"timestamp_local":"2022-06-29T12:30:00","solar_rad":171.46478,"vis":10,"dni":893.86,"temp":22.6,"slp":1016,"clouds":100,"ts":1656498600},{"precip_rate":0.25,"rh":55,"wind_spd":1.8,"timestamp_utc":"2022-06-29T10:45:00","snow_rate":0,"app_temp":22.4,"pres":1006.42804,"azimuth":159.07,"dewpt":13.1,"uv":2.6,"elev_angle":59.27,"wind_dir":112,"weather":{"icon":"c04d","code":804,"description":"Overcast clouds"},"ghi":879.9,"dhi":117.25,"timestamp_local":"2022-06-29T12:45:00","solar_rad":172.21797,"vis":10,"dni":896.67,"temp":22.6,"slp":1016,"clouds":100,"ts":1656499500},{"precip_rate":0,"rh":56,"wind_spd":1.6,"timestamp_utc":"2022-06-29T11:00:00","snow_rate":0,"app_temp":22.4,"pres":1006.42804,"azimuth":165.34,"dewpt":13.4,"uv":2.6,"elev_angle":60.32,"wind_dir":102,"weather":{"icon":"c04d","code":804,"description":"Overcast clouds"},"ghi":891.5,"dhi":117.85,"timestamp_local":"2022-06-29T13:00:00","solar_rad":172.94585,"vis":10,"dni":899.49,"temp":22.6,"slp":1016,"clouds":100,"ts":1656500400},{"precip_rate":0,"rh":56,"wind_spd":1.6,"timestamp_utc":"2022-06-29T11:15:00","snow_rate":0,"app_temp":22.7,"pres":1006.18933,"azimuth":172.36,"dewpt":13.6,"uv":2.8,"elev_angle":60.35,"wind_dir":100,"weather":{"icon":"c04d","code":804,"description":"Overcast clouds"},"ghi":891.8,"dhi":117.86,"timestamp_local":"2022-06-29T13:15:00","solar_rad":134.98132,"vis":10,"dni":899.55,"temp":22.9,"slp":1015.75,"clouds":97,"ts":1656501300},{"precip_rate":0,"rh":55,"wind_spd":1.6,"timestamp_utc":"2022-06-29T11:30:00","snow_rate":0,"app_temp":23,"pres":1005.95056,"azimuth":179.39,"dewpt":13.6,"uv":3,"elev_angle":60.37,"wind_dir":98,"weather":{"icon":"c04d","code":804,"description":"Overcast clouds"},"ghi":892,"dhi":117.88,"timestamp_local":"2022-06-29T13:30:00","solar_rad":208.40256,"vis":10,"dni":899.61,"temp":23.2,"slp":1015.5,"clouds":94,"ts":1656502200},{"precip_rate":0,"rh":54,"wind_spd":1.6,"timestamp_utc":"2022-06-29T11:45:00","snow_rate":0,"app_temp":23.2,"pres":1005.7118,"azimuth":186.41,"dewpt":13.6,"uv":3.2,"elev_angle":60.4,"wind_dir":96,"weather":{"icon":"c04d","code":804,"description":"Overcast clouds"},"ghi":892.3,"dhi":117.89,"timestamp_local":"2022-06-29T13:45:00","solar_rad":297.9793,"vis":10,"dni":899.67,"temp":23.4,"slp":1015.25,"clouds":90,"ts":1656503100},{"precip_rate":0,"rh":54,"wind_spd":1.6,"timestamp_utc":"2022-06-29T12:00:00","snow_rate":0,"app_temp":23.5,"pres":1005.4731,"azimuth":193.43,"dewpt":13.8,"uv":3.4,"elev_angle":60.42,"wind_dir":94,"weather":{"icon":"c04d","code":804,"description":"Overcast clouds"},"ghi":892.5,"dhi":117.9,"timestamp_local":"2022-06-29T14:00:00","solar_rad":358.62988,"vis":10,"dni":899.73,"temp":23.7,"slp":1015,"clouds":87,"ts":1656504000},{"precip_rate":0,"rh":53,"wind_spd":1.8,"timestamp_utc":"2022-06-29T12:15:00","snow_rate":0,"app_temp":23.7,"pres":1005.2313,"azimuth":199.76,"dewpt":13.7,"uv":4.3,"elev_angle":59.4,"wind_dir":96,"weather":{"icon":"c03d","code":803,"description":"Broken clouds"},"ghi":881.4,"dhi":117.32,"timestamp_local":"2022-06-29T14:15:00","solar_rad":612.5992,"vis":10,"dni":897.04,"temp":23.9,"slp":1014.75,"clouds":70,"ts":1656504900},{"precip_rate":0,"rh":52,"wind_spd":2,"timestamp_utc":"2022-06-29T12:30:00","snow_rate":0,"app_temp":23.9,"pres":1004.98956,"azimuth":206.09,"dewpt":13.6,"uv":5.2,"elev_angle":58.39,"wind_dir":97,"weather":{"icon":"c03d","code":803,"description":"Broken clouds"},"ghi":870.3,"dhi":116.75,"timestamp_local":"2022-06-29T14:30:00","solar_rad":753.3244,"vis":10,"dni":894.34,"temp":24.1,"slp":1014.5,"clouds":52,"ts":1656505800},{"precip_rate":0,"rh":52,"wind_spd":2.2,"timestamp_utc":"2022-06-29T12:45:00","snow_rate":0,"app_temp":24.1,"pres":1004.7478,"azimuth":212.41,"dewpt":13.7,"uv":6.1,"elev_angle":57.37,"wind_dir":98,"weather":{"icon":"c02d","code":802,"description":"Scattered clouds"},"ghi":859.2,"dhi":116.17,"timestamp_local":"2022-06-29T14:45:00","solar_rad":807.3537,"vis":10,"dni":891.65,"temp":24.2,"slp":1014.25,"clouds":34,"ts":1656506700},{"precip_rate":0,"rh":51,"wind_spd":2.4,"timestamp_utc":"2022-06-29T13:00:00","snow_rate":0,"app_temp":24.2,"pres":1004.50604,"azimuth":218.74,"dewpt":13.6,"uv":6.9,"elev_angle":56.35,"wind_dir":100,"weather":{"icon":"c02d","code":801,"description":"Few clouds"},"ghi":848,"dhi":115.59,"timestamp_local":"2022-06-29T15:00:00","solar_rad":814.758,"vis":10,"dni":888.95,"temp":24.4,"slp":1014,"clouds":17,"ts":1656507600},{"precip_rate":0,"rh":50,"wind_spd":2.5,"timestamp_utc":"2022-06-29T13:15:00","snow_rate":0,"app_temp":24.7,"pres":1004.5206,"azimuth":223.72,"dewpt":13.7,"uv":6.8,"elev_angle":54.62,"wind_dir":102,"weather":{"icon":"c02d","code":801,"description":"Few clouds"},"ghi":826.5,"dhi":114.4,"timestamp_local":"2022-06-29T15:15:00","solar_rad":794.9364,"vis":10,"dni":883.24,"temp":24.9,"slp":1014,"clouds":13,"ts":1656508500},{"precip_rate":0,"rh":49,"wind_spd":2.6,"timestamp_utc":"2022-06-29T13:30:00","snow_rate":0,"app_temp":25.2,"pres":1004.5352,"azimuth":228.7,"dewpt":13.9,"uv":6.6,"elev_angle":52.9,"wind_dir":103,"weather":{"icon":"c02d","code":801,"description":"Few clouds"},"ghi":804.9,"dhi":113.22,"timestamp_local":"2022-06-29T15:30:00","solar_rad":774.3548,"vis":10,"dni":877.53,"temp":25.3,"slp":1014,"clouds":10,"ts":1656509400},{"precip_rate":0,"rh":48,"wind_spd":2.7,"timestamp_utc":"2022-06-29T13:45:00","snow_rate":0,"app_temp":25.7,"pres":1004.5498,"azimuth":233.67,"dewpt":14,"uv":6.5,"elev_angle":51.17,"wind_dir":104,"weather":{"icon":"c02d","code":801,"description":"Few clouds"},"ghi":783.3,"dhi":112.03,"timestamp_local":"2022-06-29T15:45:00","solar_rad":753.6029,"vis":10,"dni":871.81,"temp":25.8,"slp":1014,"clouds":6,"ts":1656510300},{"precip_rate":0,"rh":47,"wind_spd":2.8,"timestamp_utc":"2022-06-29T14:00:00","snow_rate":0,"app_temp":26.2,"pres":1004.5644,"azimuth":238.65,"dewpt":14.1,"uv":6.3,"elev_angle":49.44,"wind_dir":106,"weather":{"icon":"c02d","code":801,"description":"Few clouds"},"ghi":761.8,"dhi":110.84,"timestamp_local":"2022-06-29T16:00:00","solar_rad":732.7812,"vis":10,"dni":866.1,"temp":26.3,"slp":1014,"clouds":2,"ts":1656511200},{"precip_rate":0,"rh":47,"wind_spd":2.9,"timestamp_utc":"2022-06-29T14:15:00","snow_rate":0,"app_temp":26.2,"pres":1004.3167,"azimuth":242.55,"dewpt":14.1,"uv":5.4,"elev_angle":47.34,"wind_dir":106,"weather":{"icon":"c02d","code":801,"description":"Few clouds"},"ghi":731.6,"dhi":109.01,"timestamp_local":"2022-06-29T16:15:00","solar_rad":702.69226,"vis":10,"dni":856.74,"temp":26.3,"slp":1013.75,"clouds":15,"ts":1656512100},{"precip_rate":0,"rh":46,"wind_spd":3,"timestamp_utc":"2022-06-29T14:30:00","snow_rate":0,"app_temp":26.2,"pres":1004.0691,"azimuth":246.44,"dewpt":13.8,"uv":4.5,"elev_angle":45.24,"wind_dir":107,"weather":{"icon":"c02d","code":802,"description":"Scattered clouds"},"ghi":701.4,"dhi":107.18,"timestamp_local":"2022-06-29T16:30:00","solar_rad":666.9234,"vis":10,"dni":847.39,"temp":26.3,"slp":1013.5,"clouds":28,"ts":1656513000},{"precip_rate":0,"rh":46,"wind_spd":3.1,"timestamp_utc":"2022-06-29T14:45:00","snow_rate":0,"app_temp":26.2,"pres":1003.8214,"azimuth":250.34,"dewpt":13.8,"uv":3.8,"elev_angle":43.13,"wind_dir":108,"weather":{"icon":"c02d","code":802,"description":"Scattered clouds"},"ghi":671.2,"dhi":105.34,"timestamp_local":"2022-06-29T16:45:00","solar_rad":619.37964,"vis":10,"dni":838.03,"temp":26.3,"slp":1013.25,"clouds":40,"ts":1656513900},{"precip_rate":0,"rh":46,"wind_spd":3.2,"timestamp_utc":"2022-06-29T15:00:00","snow_rate":0,"app_temp":26.2,"pres":1003.5737,"azimuth":254.23,"dewpt":13.8,"uv":3.1,"elev_angle":41.03,"wind_dir":108,"weather":{"icon":"c03d","code":803,"description":"Broken clouds"},"ghi":641,"dhi":103.51,"timestamp_local":"2022-06-29T17:00:00","solar_rad":550.478,"vis":10,"dni":828.67,"temp":26.3,"slp":1013,"clouds":53,"ts":1656514800},{"precip_rate":0,"rh":46,"wind_spd":3.1,"timestamp_utc":"2022-06-29T15:15:00","snow_rate":0,"app_temp":26.3,"pres":1003.5766,"azimuth":257.48,"dewpt":13.9,"uv":2.7,"elev_angle":38.77,"wind_dir":108,"weather":{"icon":"c03d","code":803,"description":"Broken clouds"},"ghi":604.7,"dhi":100.96,"timestamp_local":"2022-06-29T17:15:00","solar_rad":496.63028,"vis":10,"dni":814.48,"temp":26.4,"slp":1013,"clouds":58,"ts":1656515700},{"precip_rate":0,"rh":46,"wind_spd":3,"timestamp_utc":"2022-06-29T15:30:00","snow_rate":0,"app_temp":26.4,"pres":1003.57947,"azimuth":260.72,"dewpt":13.9,"uv":2.3,"elev_angle":36.51,"wind_dir":107,"weather":{"icon":"c03d","code":803,"description":"Broken clouds"},"ghi":568.4,"dhi":98.42,"timestamp_local":"2022-06-29T17:30:00","solar_rad":440.6347,"vis":10,"dni":800.29,"temp":26.5,"slp":1013,"clouds":63,"ts":1656516600},{"precip_rate":0,"rh":45,"wind_spd":2.9,"timestamp_utc":"2022-06-29T15:45:00","snow_rate":0,"app_temp":26.5,"pres":1003.5824,"azimuth":263.97,"dewpt":13.7,"uv":2,"elev_angle":34.24,"wind_dir":106,"weather":{"icon":"c03d","code":803,"description":"Broken clouds"},"ghi":532.2,"dhi":95.87,"timestamp_local":"2022-06-29T17:45:00","solar_rad":383.37595,"vis":10,"dni":786.09,"temp":26.6,"slp":1013,"clouds":68,"ts":1656517500},{"precip_rate":0,"rh":45,"wind_spd":2.8,"timestamp_utc":"2022-06-29T16:00:00","snow_rate":0,"app_temp":26.9,"pres":1003.58527,"azimuth":267.21,"dewpt":13.8,"uv":1.7,"elev_angle":31.98,"wind_dir":106,"weather":{"icon":"c04d","code":804,"description":"Overcast clouds"},"ghi":495.9,"dhi":93.32,"timestamp_local":"2022-06-29T18:00:00","solar_rad":324.30783,"vis":10,"dni":771.9,"temp":26.7,"slp":1013,"clouds":73,"ts":1656518400},{"precip_rate":0,"rh":46,"wind_spd":2.7,"timestamp_utc":"2022-06-29T16:15:00","snow_rate":0,"app_temp":26.4,"pres":1003.57947,"azimuth":270.12,"dewpt":13.9,"uv":1.6,"elev_angle":29.69,"wind_dir":104,"weather":{"icon":"c04d","code":804,"description":"Overcast clouds"},"ghi":456.9,"dhi":89.92,"timestamp_local":"2022-06-29T18:15:00","solar_rad":305.08505,"vis":10,"dni":750.55,"temp":26.5,"slp":1013,"clouds":72,"ts":1656519300},{"precip_rate":0,"rh":47,"wind_spd":2.6,"timestamp_utc":"2022-06-29T16:30:00","snow_rate":0,"app_temp":26.2,"pres":1003.57367,"azimuth":273.03,"dewpt":14.1,"uv":1.5,"elev_angle":27.4,"wind_dir":102,"weather":{"icon":"c04d","code":804,"description":"Overcast clouds"},"ghi":417.8,"dhi":86.53,"timestamp_local":"2022-06-29T18:30:00","solar_rad":284.53394,"vis":10,"dni":729.2,"temp":26.3,"slp":1013,"clouds":71,"ts":1656520200},{"precip_rate":0,"rh":48,"wind_spd":2.5,"timestamp_utc":"2022-06-29T16:45:00","snow_rate":0,"app_temp":26,"pres":1003.5679,"azimuth":275.93,"dewpt":14.2,"uv":1.4,"elev_angle":25.11,"wind_dir":100,"weather":{"icon":"c03d","code":803,"description":"Broken clouds"},"ghi":378.7,"dhi":83.13,"timestamp_local":"2022-06-29T18:45:00","solar_rad":262.77588,"vis":10,"dni":707.84,"temp":26.1,"slp":1013,"clouds":70,"ts":1656521100},{"precip_rate":0,"rh":49,"wind_spd":2.4,"timestamp_utc":"2022-06-29T17:00:00","snow_rate":0,"app_temp":25.8,"pres":1003.5621,"azimuth":278.84,"dewpt":14.4,"uv":1.3,"elev_angle":22.82,"wind_dir":98,"weather":{"icon":"c03d","code":803,"description":"Broken clouds"},"ghi":339.6,"dhi":79.73,"timestamp_local":"2022-06-29T19:00:00","solar_rad":239.8655,"vis":10,"dni":686.49,"temp":25.9,"slp":1013,"clouds":69,"ts":1656522000},{"precip_rate":0,"rh":50,"wind_spd":2.3,"timestamp_utc":"2022-06-29T17:15:00","snow_rate":0,"app_temp":25.7,"pres":1003.3086,"azimuth":281.62,"dewpt":14.5,"uv":1.2,"elev_angle":20.6,"wind_dir":92,"weather":{"icon":"c04d","code":804,"description":"Overcast clouds"},"ghi":301.6,"dhi":75.22,"timestamp_local":"2022-06-29T19:15:00","solar_rad":205.064,"vis":10,"dni":652.94,"temp":25.7,"slp":1012.75,"clouds":71,"ts":1656522900},{"precip_rate":0,"rh":52,"wind_spd":2.2,"timestamp_utc":"2022-06-29T17:30:00","snow_rate":0,"app_temp":25.5,"pres":1003.0551,"azimuth":284.4,"dewpt":15,"uv":1.1,"elev_angle":18.38,"wind_dir":87,"weather":{"icon":"c04d","code":804,"description":"Overcast clouds"},"ghi":263.5,"dhi":70.71,"timestamp_local":"2022-06-29T19:30:00","solar_rad":171.52283,"vis":10,"dni":619.38,"temp":25.6,"slp":1012.5,"clouds":73,"ts":1656523800},{"precip_rate":0,"rh":54,"wind_spd":2.1,"timestamp_utc":"2022-06-29T17:45:00","snow_rate":0,"app_temp":25.4,"pres":1002.80164,"azimuth":287.18,"dewpt":15.4,"uv":1,"elev_angle":16.16,"wind_dir":82,"weather":{"icon":"c04d","code":804,"description":"Overcast clouds"},"ghi":225.4,"dhi":66.19,"timestamp_local":"2022-06-29T19:45:00","solar_rad":139.76997,"vis":10,"dni":585.83,"temp":25.4,"slp":1012.25,"clouds":75,"ts":1656524700},{"precip_rate":0,"rh":55,"wind_spd":2,"timestamp_utc":"2022-06-29T18:00:00","snow_rate":0,"app_temp":25.2,"pres":1002.54816,"azimuth":289.96,"dewpt":15.5,"uv":0.9,"elev_angle":13.94,"wind_dir":76,"weather":{"icon":"c04d","code":804,"description":"Overcast clouds"},"ghi":187.4,"dhi":61.68,"timestamp_local":"2022-06-29T20:00:00","solar_rad":110.20591,"vis":10,"dni":552.27,"temp":25.2,"slp":1012,"clouds":77,"ts":1656525600},{"precip_rate":0,"rh":57,"wind_spd":2.1,"timestamp_utc":"2022-06-29T18:15:00","snow_rate":0,"app_temp":25,"pres":1002.787,"azimuth":292.76,"dewpt":15.8,"uv":0.9,"elev_angle":11.87,"wind_dir":76,"weather":{"icon":"c04d","code":804,"description":"Overcast clouds"},"ghi":155.1,"dhi":55.32,"timestamp_local":"2022-06-29T20:15:00","solar_rad":98.33629,"vis":10,"dni":492.82,"temp":24.9,"slp":1012.25,"clouds":74,"ts":1656526500},{"precip_rate":0,"rh":59,"wind_spd":2.2,"timestamp_utc":"2022-06-29T18:30:00","snow_rate":0,"app_temp":24.7,"pres":1003.0259,"azimuth":295.56,"dewpt":16.1,"uv":0.9,"elev_angle":9.81,"wind_dir":75,"weather":{"icon":"c04d","code":804,"description":"Overcast clouds"},"ghi":122.9,"dhi":48.95,"timestamp_local":"2022-06-29T20:30:00","solar_rad":81.35745,"vis":10,"dni":433.37,"temp":24.7,"slp":1012.5,"clouds":72,"ts":1656527400},{"precip_rate":0,"rh":61,"wind_spd":2.3,"timestamp_utc":"2022-06-29T18:45:00","snow_rate":0,"app_temp":24.5,"pres":1003.2648,"azimuth":298.36,"dewpt":16.4,"uv":0.9,"elev_angle":7.74,"wind_dir":74,"weather":{"icon":"c03d","code":803,"description":"Broken clouds"},"ghi":90.6,"dhi":42.59,"timestamp_local":"2022-06-29T20:45:00","solar_rad":62.344185,"vis":10,"dni":373.91,"temp":24.4,"slp":1012.75,"clouds":70,"ts":1656528300},{"precip_rate":0,"rh":63,"wind_spd":2.4,"timestamp_utc":"2022-06-29T19:00:00","snow_rate":0,"app_temp":24.2,"pres":1003.5036,"azimuth":301.16,"dewpt":16.6,"uv":0.9,"elev_angle":5.67,"wind_dir":74,"weather":{"icon":"c03d","code":803,"description":"Broken clouds"},"ghi":58.4,"dhi":36.22,"timestamp_local":"2022-06-29T21:00:00","solar_rad":42.307167,"vis":10,"dni":314.46,"temp":24.1,"slp":1013,"clouds":67,"ts":1656529200},{"precip_rate":0,"rh":66,"wind_spd":2.7,"timestamp_utc":"2022-06-29T19:15:00","snow_rate":0,"app_temp":23.8,"pres":1003.4888,"azimuth":304.08,"dewpt":16.9,"uv":1.1,"elev_angle":3.84,"wind_dir":78,"weather":{"icon":"c03n","code":803,"description":"Broken clouds"},"ghi":43.8,"dhi":27.17,"timestamp_local":"2022-06-29T21:15:00","solar_rad":35.96395,"vis":10,"dni":235.85,"temp":23.6,"slp":1013,"clouds":57,"ts":1656530100},{"precip_rate":0,"rh":68,"wind_spd":3,"timestamp_utc":"2022-06-29T19:30:00","snow_rate":0,"app_temp":23.3,"pres":1003.474,"azimuth":307.01,"dewpt":16.9,"uv":1.2,"elev_angle":2.01,"wind_dir":83,"weather":{"icon":"c03n","code":803,"description":"Broken clouds"},"ghi":29.2,"dhi":18.11,"timestamp_local":"2022-06-29T21:30:00","solar_rad":25.842892,"vis":10,"dni":157.23,"temp":23.2,"slp":1013,"clouds":47,"ts":1656531000},{"precip_rate":0,"rh":71,"wind_spd":3.3,"timestamp_utc":"2022-06-29T19:45:00","snow_rate":0,"app_temp":22.9,"pres":1003.4592,"azimuth":309.93,"dewpt":17.1,"uv":1.3,"elev_angle":0.17,"wind_dir":88,"weather":{"icon":"c02n","code":802,"description":"Scattered clouds"},"ghi":14.6,"dhi":9.06,"timestamp_local":"2022-06-29T21:45:00","solar_rad":13.472583,"vis":10,"dni":78.62,"temp":22.7,"slp":1013,"clouds":37,"ts":1656531900},{"precip_rate":0,"rh":74,"wind_spd":3.6,"timestamp_utc":"2022-06-29T20:00:00","snow_rate":0,"app_temp":22.4,"pres":1003.4444,"azimuth":312.85,"dewpt":17.3,"uv":0,"elev_angle":-1.66,"wind_dir":92,"weather":{"icon":"c02n","code":802,"description":"Scattered clouds"},"ghi":0,"dhi":0,"timestamp_local":"2022-06-29T22:00:00","solar_rad":0,"vis":10,"dni":0,"temp":22.2,"slp":1013,"clouds":27,"ts":1656532800},{"precip_rate":0,"rh":74,"wind_spd":3.5,"timestamp_utc":"2022-06-29T20:15:00","snow_rate":0,"app_temp":22.1,"pres":1003.4354,"azimuth":315.96,"dewpt":17.1,"uv":0,"elev_angle":-3.16,"wind_dir":93,"weather":{"icon":"c02n","code":802,"description":"Scattered clouds"},"ghi":0,"dhi":0,"timestamp_local":"2022-06-29T22:15:00","solar_rad":0,"vis":10,"dni":0,"temp":21.9,"slp":1013,"clouds":24,"ts":1656533700},{"precip_rate":0,"rh":75,"wind_spd":3.4,"timestamp_utc":"2022-06-29T20:30:00","snow_rate":0,"app_temp":21.8,"pres":1003.4265,"azimuth":319.08,"dewpt":17,"uv":0,"elev_angle":-4.67,"wind_dir":94,"weather":{"icon":"c02n","code":802,"description":"Scattered clouds"},"ghi":0,"dhi":0,"timestamp_local":"2022-06-29T22:30:00","solar_rad":0,"vis":10,"dni":0,"temp":21.7,"slp":1013,"clouds":21,"ts":1656534600},{"precip_rate":0,"rh":76,"wind_spd":3.3,"timestamp_utc":"2022-06-29T20:45:00","snow_rate":0,"app_temp":21.6,"pres":1003.41754,"azimuth":322.19,"dewpt":17,"uv":0,"elev_angle":-6.17,"wind_dir":95,"weather":{"icon":"c02n","code":801,"description":"Few clouds"},"ghi":0,"dhi":0,"timestamp_local":"2022-06-29T22:45:00","solar_rad":0,"vis":10,"dni":0,"temp":21.4,"slp":1013,"clouds":18,"ts":1656535500},{"precip_rate":0,"rh":76,"wind_spd":3.2,"timestamp_utc":"2022-06-29T21:00:00","snow_rate":0,"app_temp":21.3,"pres":1003.40857,"azimuth":325.3,"dewpt":16.7,"uv":0,"elev_angle":-7.67,"wind_dir":96,"weather":{"icon":"c02n","code":801,"description":"Few clouds"},"ghi":0,"dhi":0,"timestamp_local":"2022-06-29T23:00:00","solar_rad":0,"vis":10,"dni":0,"temp":21.1,"slp":1013,"clouds":15,"ts":1656536400},{"precip_rate":0,"rh":75,"wind_spd":3.1,"timestamp_utc":"2022-06-29T21:15:00","snow_rate":0,"app_temp":20.8,"pres":1003.3965,"azimuth":328.62,"dewpt":16.1,"uv":0,"elev_angle":-8.75,"wind_dir":94,"weather":{"icon":"c02n","code":802,"description":"Scattered clouds"},"ghi":0,"dhi":0,"timestamp_local":"2022-06-29T23:15:00","solar_rad":0,"vis":10,"dni":0,"temp":20.7,"slp":1013,"clouds":28,"ts":1656537300},{"precip_rate":0,"rh":74,"wind_spd":3,"timestamp_utc":"2022-06-29T21:30:00","snow_rate":0,"app_temp":20.4,"pres":1003.3844,"azimuth":331.95,"dewpt":15.6,"uv":0,"elev_angle":-9.83,"wind_dir":93,"weather":{"icon":"c03n","code":803,"description":"Broken clouds"},"ghi":0,"dhi":0,"timestamp_local":"2022-06-29T23:30:00","solar_rad":0,"vis":10,"dni":0,"temp":20.4,"slp":1013,"clouds":42,"ts":1656538200},{"precip_rate":0,"rh":73,"wind_spd":2.9,"timestamp_utc":"2022-06-29T21:45:00","snow_rate":0,"app_temp":19.9,"pres":1003.3724,"azimuth":335.27,"dewpt":15,"uv":0,"elev_angle":-10.91,"wind_dir":92,"weather":{"icon":"c03n","code":803,"description":"Broken clouds"},"ghi":0,"dhi":0,"timestamp_local":"2022-06-29T23:45:00","solar_rad":0,"vis":10,"dni":0,"temp":20,"slp":1013,"clouds":55,"ts":1656539100},{"precip_rate":0,"rh":72,"wind_spd":2.8,"timestamp_utc":"2022-06-29T22:00:00","snow_rate":0,"app_temp":19.5,"pres":1003.3603,"azimuth":338.59,"dewpt":14.4,"uv":0,"elev_angle":-11.99,"wind_dir":90,"weather":{"icon":"c03n","code":803,"description":"Broken clouds"},"ghi":0,"dhi":0,"timestamp_local":"2022-06-30T00:00:00","solar_rad":0,"vis":10,"dni":0,"temp":19.6,"slp":1013,"clouds":68,"ts":1656540000},{"precip_rate":0,"rh":74,"wind_spd":2.6,"timestamp_utc":"2022-06-29T22:15:00","snow_rate":0,"app_temp":19.2,"pres":1003.3512,"azimuth":342.08,"dewpt":14.6,"uv":0,"elev_angle":-12.56,"wind_dir":90,"weather":{"icon":"c03n","code":803,"description":"Broken clouds"},"ghi":0,"dhi":0,"timestamp_local":"2022-06-30T00:15:00","solar_rad":0,"vis":10,"dni":0,"temp":19.3,"slp":1013,"clouds":62,"ts":1656540900},{"precip_rate":0,"rh":76,"wind_spd":2.4,"timestamp_utc":"2022-06-29T22:30:00","snow_rate":0,"app_temp":19,"pres":1003.34204,"azimuth":345.57,"dewpt":14.7,"uv":0,"elev_angle":-13.14,"wind_dir":91,"weather":{"icon":"c03n","code":803,"description":"Broken clouds"},"ghi":0,"dhi":0,"timestamp_local":"2022-06-30T00:30:00","solar_rad":0,"vis":10,"dni":0,"temp":19.1,"slp":1013,"clouds":56,"ts":1656541800},{"precip_rate":0,"rh":77,"wind_spd":2.2,"timestamp_utc":"2022-06-29T22:45:00","snow_rate":0,"app_temp":18.7,"pres":1003.3329,"azimuth":349.06,"dewpt":14.7,"uv":0,"elev_angle":-13.71,"wind_dir":92,"weather":{"icon":"c03n","code":803,"description":"Broken clouds"},"ghi":0,"dhi":0,"timestamp_local":"2022-06-30T00:45:00","solar_rad":0,"vis":10,"dni":0,"temp":18.8,"slp":1013,"clouds":49,"ts":1656542700},{"precip_rate":0,"rh":79,"wind_spd":2,"timestamp_utc":"2022-06-29T23:00:00","snow_rate":0,"app_temp":18.5,"pres":1003.3238,"azimuth":352.55,"dewpt":14.8,"uv":0,"elev_angle":-14.28,"wind_dir":92,"weather":{"icon":"c03n","code":803,"description":"Broken clouds"},"ghi":0,"dhi":0,"timestamp_local":"2022-06-30T01:00:00","solar_rad":0,"vis":10,"dni":0,"temp":18.5,"slp":1013,"clouds":43,"ts":1656543600},{"precip_rate":0,"rh":78,"wind_spd":2.3,"timestamp_utc":"2022-06-29T23:15:00","snow_rate":0,"app_temp":18.3,"pres":1003.32074,"azimuth":266.11,"dewpt":14.5,"uv":0,"elev_angle":-14.3,"wind_dir":95,"weather":{"icon":"c03n","code":803,"description":"Broken clouds"},"ghi":0,"dhi":0,"timestamp_local":"2022-06-30T01:15:00","solar_rad":0,"vis":10,"dni":0,"temp":18.4,"slp":1013,"clouds":49,"ts":1656544500},{"precip_rate":0,"rh":78,"wind_spd":2.6,"timestamp_utc":"2022-06-29T23:30:00","snow_rate":0,"app_temp":18.3,"pres":1003.3176,"azimuth":179.66,"dewpt":14.4,"uv":0,"elev_angle":-14.31,"wind_dir":98,"weather":{"icon":"c03n","code":803,"description":"Broken clouds"},"ghi":0,"dhi":0,"timestamp_local":"2022-06-30T01:30:00","solar_rad":0,"vis":10,"dni":0,"temp":18.3,"slp":1013,"clouds":54,"ts":1656545400},{"precip_rate":0,"rh":78,"wind_spd":2.9,"timestamp_utc":"2022-06-29T23:45:00","snow_rate":0,"app_temp":18.2,"pres":1003.3146,"azimuth":93.22,"dewpt":14.3,"uv":0,"elev_angle":-14.33,"wind_dir":101,"weather":{"icon":"c03n","code":803,"description":"Broken clouds"},"ghi":0,"dhi":0,"timestamp_local":"2022-06-30T01:45:00","solar_rad":0,"vis":10,"dni":0,"temp":18.2,"slp":1013,"clouds":60,"ts":1656546300}],"sources":["103150-99999","imerg","merra2","era5","modis"],"city_id":"2856883"}
