{"timezone":"Europe\/Berlin","state_code":"06","country_code":"DE","lat":52.2833,"lon":8,"city_name":"Osnabr�ck","station_id":"103150-99999","data":[{"precip_rate":0,"rh":93,"wind_spd":4.8,"timestamp_utc":"2022-07-01T00:00:00","snow_rate":0,"app_temp":14.4,"pres":1004.1778,"azimuth":6.73,"dewpt":13.3,"uv":0,"elev_angle":-14.41,"wind_dir":262,"weather":{"icon":"c04n","code":804,"description":"Overcast clouds"},"ghi":0,"dhi":0,"timestamp_local":"2022-07-01T02:00:00","solar_rad":0,"vis":10,"dni":0,"temp":14.4,"slp":1014,"clouds":100,"ts":1656633600},{"precip_rate":0,"rh":92,"wind_spd":4.7,"timestamp_utc":"2022-07-01T00:15:00","snow_rate":0,"app_temp":14.3,"pres":1003.92706,"azimuth":10.23,"dewpt":13,"uv":0,"elev_angle":-13.87,"wind_dir":262,"weather":{"icon":"c04n","code":804,"description":"Overcast clouds"},"ghi":0,"dhi":0,"timestamp_local":"2022-07-01T02:15:00","solar_rad":0,"vis":10,"dni":0,"temp":14.3,"slp":1013.75,"clouds":100,"ts":1656634500},{"precip_rate":0,"rh":91,"wind_spd":4.6,"timestamp_utc":"2022-07-01T00:30:00","snow_rate":0,"app_temp":14.3,"pres":1003.6764,"azimuth":13.73,"dewpt":12.8,"uv":0,"elev_angle":-13.32,"wind_dir":262,"weather":{"icon":"c04n","code":804,"description":"Overcast clouds"},"ghi":0,"dhi":0,"timestamp_local":"2022-07-01T02:30:00","solar_rad":0,"vis":10,"dni":0,"temp":14.3,"slp":1013.5,"clouds":100,"ts":1656635400},{"precip_rate":0,"rh":90,"wind_spd":4.5,"timestamp_utc":"2022-07-01T00:45:00","snow_rate":0,"app_temp":14.2,"pres":1003.42566,"azimuth":17.23,"dewpt":12.6,"uv":0,"elev_angle":-12.78,"wind_dir":262,"weather":{"icon":"c04n","code":804,"description":"Overcast clouds"},"ghi":0,"dhi":0,"timestamp_local":"2022-07-01T02:45:00","solar_rad":0,"vis":10,"dni":0,"temp":14.2,"slp":1013.25,"clouds":100,"ts":1656636300},{"precip_rate":0,"rh":89,"wind_spd":4.4,"timestamp_utc":"2022-07-01T01:00:00","snow_rate":0,"app_temp":14.1,"pres":1003.1749,"azimuth":20.73,"dewpt":12.3,"uv":0,"elev_angle":-12.23,"wind_dir":262,"weather":{"icon":"c04n","code":804,"description":"Overcast clouds"},"ghi":0,"dhi":0,"timestamp_local":"2022-07-01T03:00:00","solar_rad":0,"vis":10,"dni":0,"temp":14.1,"slp":1013,"clouds":100,"ts":1656637200},{"precip_rate":0,"rh":88,"wind_spd":4.4,"timestamp_utc":"2022-07-01T01:15:00","snow_rate":0,"app_temp":14.2,"pres":1003.42566,"azimuth":24.07,"dewpt":12.2,"uv":0,"elev_angle":-11.18,"wind_dir":260,"weather":{"icon":"c04n","code":804,"description":"Overcast clouds"},"ghi":0,"dhi":0,"timestamp_local":"2022-07-01T03:15:00","solar_rad":0,"vis":10,"dni":0,"temp":14.2,"slp":1013.25,"clouds":100,"ts":1656638100},{"precip_rate":0,"rh":86,"wind_spd":4.4,"timestamp_utc":"2022-07-01T01:30:00","snow_rate":0,"app_temp":14.3,"pres":1003.6764,"azimuth":27.4,"dewpt":11.9,"uv":0,"elev_angle":-10.12,"wind_dir":257,"weather":{"icon":"c04n","code":804,"description":"Overcast clouds"},"ghi":0,"dhi":0,"timestamp_local":"2022-07-01T03:30:00","solar_rad":0,"vis":10,"dni":0,"temp":14.3,"slp":1013.5,"clouds":100,"ts":1656639000},{"precip_rate":0,"rh":85,"wind_spd":4.4,"timestamp_utc":"2022-07-01T01:45:00","snow_rate":0,"app_temp":14.3,"pres":1003.92706,"azimuth":30.74,"dewpt":11.8,"uv":0,"elev_angle":-9.07,"wind_dir":254,"weather":{"icon":"c04n","code":804,"description":"Overcast clouds"},"ghi":0,"dhi":0,"timestamp_local":"2022-07-01T03:45:00","solar_rad":0,"vis":10,"dni":0,"temp":14.3,"slp":1013.75,"clouds":100,"ts":1656639900},{"precip_rate":0,"rh":84,"wind_spd":4.4,"timestamp_utc":"2022-07-01T02:00:00","snow_rate":0,"app_temp":14.4,"pres":1004.1778,"azimuth":34.07,"dewpt":11.7,"uv":0,"elev_angle":-8.01,"wind_dir":252,"weather":{"icon":"c04n","code":804,"description":"Overcast clouds"},"ghi":0,"dhi":0,"timestamp_local":"2022-07-01T04:00:00","solar_rad":0,"vis":10,"dni":0,"temp":14.4,"slp":1014,"clouds":100,"ts":1656640800},{"precip_rate":0.125,"rh":85,"wind_spd":4.4,"timestamp_utc":"2022-07-01T02:15:00","snow_rate":0,"app_temp":14.4,"pres":1004.42535,"azimuth":37.2,"dewpt":11.9,"uv":0,"elev_angle":-6.53,"wind_dir":251,"weather":{"icon":"c04n","code":804,"description":"Overcast clouds"},"ghi":0,"dhi":0,"timestamp_local":"2022-07-01T04:15:00","solar_rad":0,"vis":10,"dni":0,"temp":14.4,"slp":1014.25,"clouds":100,"ts":1656641700},{"precip_rate":0.25,"rh":86,"wind_spd":4.4,"timestamp_utc":"2022-07-01T02:30:00","snow_rate":0,"app_temp":14.4,"pres":1004.673,"azimuth":40.32,"dewpt":12.1,"uv":0,"elev_angle":-5.04,"wind_dir":250,"weather":{"icon":"c04n","code":804,"description":"Overcast clouds"},"ghi":0,"dhi":0,"timestamp_local":"2022-07-01T04:30:00","solar_rad":0,"vis":10,"dni":0,"temp":14.4,"slp":1014.5,"clouds":100,"ts":1656642600},{"precip_rate":0.375,"rh":86,"wind_spd":4.4,"timestamp_utc":"2022-07-01T02:45:00","snow_rate":0,"app_temp":14.4,"pres":1004.92053,"azimuth":43.45,"dewpt":12.1,"uv":0,"elev_angle":-3.56,"wind_dir":249,"weather":{"icon":"c04n","code":804,"description":"Overcast clouds"},"ghi":0,"dhi":0,"timestamp_local":"2022-07-01T04:45:00","solar_rad":0,"vis":10,"dni":0,"temp":14.4,"slp":1014.75,"clouds":100,"ts":1656643500},{"precip_rate":0.5,"rh":87,"wind_spd":4.4,"timestamp_utc":"2022-07-01T03:00:00","snow_rate":0,"app_temp":14.4,"pres":1005.1681,"azimuth":46.57,"dewpt":12.3,"uv":0,"elev_angle":-2.07,"wind_dir":248,"weather":{"icon":"c04n","code":804,"description":"Overcast clouds"},"ghi":0,"dhi":0,"timestamp_local":"2022-07-01T05:00:00","solar_rad":0,"vis":10,"dni":0,"temp":14.4,"slp":1015,"clouds":100,"ts":1656644400},{"precip_rate":0.5,"rh":88,"wind_spd":4.3,"timestamp_utc":"2022-07-01T03:15:00","snow_rate":0,"app_temp":14.4,"pres":1005.1681,"azimuth":49.51,"dewpt":12.4,"uv":0,"elev_angle":-0.26,"wind_dir":248,"weather":{"icon":"c04n","code":804,"description":"Overcast clouds"},"ghi":13,"dhi":8.57,"timestamp_local":"2022-07-01T05:15:00","solar_rad":9.312342,"vis":10,"dni":73.47,"temp":14.4,"slp":1015,"clouds":100,"ts":1656645300},{"precip_rate":0.5,"rh":89,"wind_spd":4.2,"timestamp_utc":"2022-07-01T03:30:00","snow_rate":0,"app_temp":14.4,"pres":1005.1681,"azimuth":52.44,"dewpt":12.6,"uv":0.5,"elev_angle":1.56,"wind_dir":249,"weather":{"icon":"c04n","code":804,"description":"Overcast clouds"},"ghi":26,"dhi":17.14,"timestamp_local":"2022-07-01T05:30:00","solar_rad":18.612011,"vis":10,"dni":146.95,"temp":14.4,"slp":1015,"clouds":100,"ts":1656646200},{"precip_rate":0.25,"rh":90,"wind_spd":4.1,"timestamp_utc":"2022-07-01T03:45:00","snow_rate":0,"app_temp":14.4,"pres":1005.1681,"azimuth":55.38,"dewpt":12.8,"uv":0.5,"elev_angle":3.38,"wind_dir":250,"weather":{"icon":"c04n","code":804,"description":"Overcast clouds"},"ghi":38.9,"dhi":25.71,"timestamp_local":"2022-07-01T05:45:00","solar_rad":27.892601,"vis":10,"dni":220.42,"temp":14.4,"slp":1015,"clouds":100,"ts":1656647100},{"precip_rate":0.5,"rh":91,"wind_spd":4,"timestamp_utc":"2022-07-01T04:00:00","snow_rate":0,"app_temp":14.4,"pres":1005.1681,"azimuth":58.31,"dewpt":13,"uv":0.5,"elev_angle":5.19,"wind_dir":250,"weather":{"icon":"c04d","code":804,"description":"Overcast clouds"},"ghi":51.9,"dhi":34.28,"timestamp_local":"2022-07-01T06:00:00","solar_rad":37.16696,"vis":10,"dni":293.89,"temp":14.4,"slp":1015,"clouds":100,"ts":1656648000},{"precip_rate":0.5,"rh":92,"wind_spd":4,"timestamp_utc":"2022-07-01T04:15:00","snow_rate":0,"app_temp":14.4,"pres":1005.1681,"azimuth":61.12,"dewpt":13.1,"uv":0.6,"elev_angle":7.25,"wind_dir":252,"weather":{"icon":"c04d","code":804,"description":"Overcast clouds"},"ghi":83.6,"dhi":40.81,"timestamp_local":"2022-07-01T06:15:00","solar_rad":45.5961,"vis":10,"dni":355.87,"temp":14.4,"slp":1015,"clouds":100,"ts":1656648900},{"precip_rate":0.5,"rh":92,"wind_spd":4,"timestamp_utc":"2022-07-01T04:30:00","snow_rate":0,"app_temp":14.4,"pres":1005.1681,"azimuth":63.92,"dewpt":13.1,"uv":0.6,"elev_angle":9.31,"wind_dir":253,"weather":{"icon":"c04d","code":804,"description":"Overcast clouds"},"ghi":115.3,"dhi":47.35,"timestamp_local":"2022-07-01T06:30:00","solar_rad":54.060425,"vis":10,"dni":417.85,"temp":14.4,"slp":1015,"clouds":100,"ts":1656649800},{"precip_rate":0.25,"rh":92,"wind_spd":4,"timestamp_utc":"2022-07-01T04:45:00","snow_rate":0,"app_temp":14.4,"pres":1005.1681,"azimuth":66.73,"dewpt":13.1,"uv":0.6,"elev_angle":11.37,"wind_dir":254,"weather":{"icon":"c04d","code":804,"description":"Overcast clouds"},"ghi":147,"dhi":53.88,"timestamp_local":"2022-07-01T06:45:00","solar_rad":62.514874,"vis":10,"dni":479.82,"temp":14.4,"slp":1015,"clouds":100,"ts":1656650700},{"precip_rate":0,"rh":93,"wind_spd":4,"timestamp_utc":"2022-07-01T05:00:00","snow_rate":0,"app_temp":14.4,"pres":1005.1681,"azimuth":69.53,"dewpt":13.3,"uv":0.6,"elev_angle":13.43,"wind_dir":256,"weather":{"icon":"c04d","code":804,"description":"Overcast clouds"},"ghi":178.7,"dhi":60.41,"timestamp_local":"2022-07-01T07:00:00","solar_rad":70.88986,"vis":10,"dni":541.8,"temp":14.4,"slp":1015,"clouds":100,"ts":1656651600},{"precip_rate":0,"rh":93,"wind_spd":3.8,"timestamp_utc":"2022-07-01T05:15:00","snow_rate":0,"app_temp":14.4,"pres":1005.41565,"azimuth":72.31,"dewpt":13.3,"uv":0.6,"elev_angle":15.64,"wind_dir":254,"weather":{"icon":"c04d","code":804,"description":"Overcast clouds"},"ghi":216.6,"dhi":65.01,"timestamp_local":"2022-07-01T07:15:00","solar_rad":77.81425,"vis":10,"dni":576.38,"temp":14.4,"slp":1015.25,"clouds":100,"ts":1656652500},{"precip_rate":0,"rh":93,"wind_spd":3.6,"timestamp_utc":"2022-07-01T05:30:00","snow_rate":0,"app_temp":14.4,"pres":1005.66327,"azimuth":75.09,"dewpt":13.3,"uv":0.7,"elev_angle":17.86,"wind_dir":251,"weather":{"icon":"c04d","code":804,"description":"Overcast clouds"},"ghi":254.5,"dhi":69.6,"timestamp_local":"2022-07-01T07:30:00","solar_rad":84.72875,"vis":10,"dni":610.96,"temp":14.4,"slp":1015.5,"clouds":100,"ts":1656653400},{"precip_rate":0,"rh":93,"wind_spd":3.4,"timestamp_utc":"2022-07-01T05:45:00","snow_rate":0,"app_temp":14.4,"pres":1005.9109,"azimuth":77.87,"dewpt":13.3,"uv":0.7,"elev_angle":20.07,"wind_dir":248,"weather":{"icon":"c04d","code":804,"description":"Overcast clouds"},"ghi":292.4,"dhi":74.2,"timestamp_local":"2022-07-01T07:45:00","solar_rad":91.65314,"vis":10,"dni":645.53,"temp":14.4,"slp":1015.75,"clouds":100,"ts":1656654300},{"precip_rate":0,"rh":93,"wind_spd":3.2,"timestamp_utc":"2022-07-01T06:00:00","snow_rate":0,"app_temp":14.4,"pres":1006.15845,"azimuth":80.65,"dewpt":13.3,"uv":0.7,"elev_angle":22.28,"wind_dir":246,"weather":{"icon":"c04d","code":804,"description":"Overcast clouds"},"ghi":330.3,"dhi":78.79,"timestamp_local":"2022-07-01T08:00:00","solar_rad":98.56765,"vis":10,"dni":680.11,"temp":14.4,"slp":1016,"clouds":100,"ts":1656655200},{"precip_rate":0.125,"rh":92,"wind_spd":3.2,"timestamp_utc":"2022-07-01T06:15:00","snow_rate":0,"app_temp":14.5,"pres":1006.1616,"azimuth":83.55,"dewpt":13.2,"uv":0.8,"elev_angle":24.57,"wind_dir":244,"weather":{"icon":"c04d","code":804,"description":"Overcast clouds"},"ghi":369.4,"dhi":82.24,"timestamp_local":"2022-07-01T08:15:00","solar_rad":104.501335,"vis":10,"dni":702,"temp":14.5,"slp":1016,"clouds":100,"ts":1656656100},{"precip_rate":0.25,"rh":91,"wind_spd":3.2,"timestamp_utc":"2022-07-01T06:30:00","snow_rate":0,"app_temp":14.6,"pres":1006.16473,"azimuth":86.45,"dewpt":13.1,"uv":0.9,"elev_angle":26.86,"wind_dir":242,"weather":{"icon":"c04d","code":804,"description":"Overcast clouds"},"ghi":408.5,"dhi":85.7,"timestamp_local":"2022-07-01T08:30:00","solar_rad":110.460594,"vis":10,"dni":723.89,"temp":14.6,"slp":1016,"clouds":100,"ts":1656657000},{"precip_rate":0.375,"rh":90,"wind_spd":3.2,"timestamp_utc":"2022-07-01T06:45:00","snow_rate":0,"app_temp":14.7,"pres":1006.16785,"azimuth":89.35,"dewpt":13.1,"uv":1,"elev_angle":29.14,"wind_dir":240,"weather":{"icon":"c04d","code":804,"description":"Overcast clouds"},"ghi":447.6,"dhi":89.15,"timestamp_local":"2022-07-01T08:45:00","solar_rad":116.42611,"vis":10,"dni":745.78,"temp":14.7,"slp":1016,"clouds":100,"ts":1656657900},{"precip_rate":0.5,"rh":89,"wind_spd":3.2,"timestamp_utc":"2022-07-01T07:00:00","snow_rate":0,"app_temp":14.8,"pres":1006.171,"azimuth":92.25,"dewpt":13,"uv":1,"elev_angle":31.43,"wind_dir":238,"weather":{"icon":"c04d","code":804,"description":"Overcast clouds"},"ghi":486.7,"dhi":92.6,"timestamp_local":"2022-07-01T09:00:00","solar_rad":122.40822,"vis":10,"dni":767.67,"temp":14.8,"slp":1016,"clouds":100,"ts":1656658800},{"precip_rate":0.5,"rh":88,"wind_spd":3.4,"timestamp_utc":"2022-07-01T07:15:00","snow_rate":0,"app_temp":14.9,"pres":1006.42175,"azimuth":95.48,"dewpt":12.9,"uv":1.2,"elev_angle":33.7,"wind_dir":240,"weather":{"icon":"c04d","code":804,"description":"Overcast clouds"},"ghi":523.2,"dhi":95.19,"timestamp_local":"2022-07-01T09:15:00","solar_rad":158.65056,"vis":10,"dni":782.2,"temp":14.9,"slp":1016.25,"clouds":98,"ts":1656659700},{"precip_rate":0.5,"rh":88,"wind_spd":3.6,"timestamp_utc":"2022-07-01T07:30:00","snow_rate":0,"app_temp":15,"pres":1006.6725,"azimuth":98.7,"dewpt":13,"uv":1.4,"elev_angle":35.96,"wind_dir":242,"weather":{"icon":"c04d","code":804,"description":"Overcast clouds"},"ghi":559.7,"dhi":97.79,"timestamp_local":"2022-07-01T09:30:00","solar_rad":100.83564,"vis":10,"dni":796.73,"temp":15,"slp":1016.5,"clouds":96,"ts":1656660600},{"precip_rate":0.5,"rh":88,"wind_spd":3.8,"timestamp_utc":"2022-07-01T07:45:00","snow_rate":0,"app_temp":15.1,"pres":1006.92316,"azimuth":101.93,"dewpt":13.1,"uv":1.6,"elev_angle":38.23,"wind_dir":244,"weather":{"icon":"c04d","code":804,"description":"Overcast clouds"},"ghi":596.2,"dhi":100.38,"timestamp_local":"2022-07-01T09:45:00","solar_rad":155.06859,"vis":10,"dni":811.25,"temp":15.1,"slp":1016.75,"clouds":93,"ts":1656661500},{"precip_rate":0.5,"rh":87,"wind_spd":4,"timestamp_utc":"2022-07-01T08:00:00","snow_rate":0,"app_temp":15.2,"pres":1007.1739,"azimuth":105.15,"dewpt":13.1,"uv":1.8,"elev_angle":40.49,"wind_dir":246,"weather":{"icon":"c04d","code":804,"description":"Overcast clouds"},"ghi":632.7,"dhi":102.97,"timestamp_local":"2022-07-01T10:00:00","solar_rad":196.3869,"vis":10,"dni":825.78,"temp":15.2,"slp":1017,"clouds":91,"ts":1656662400},{"precip_rate":0.375,"rh":86,"wind_spd":4.2,"timestamp_utc":"2022-07-01T08:15:00","snow_rate":0,"app_temp":15.3,"pres":1007.177,"azimuth":109.01,"dewpt":13,"uv":1.8,"elev_angle":42.6,"wind_dir":246,"weather":{"icon":"c04d","code":804,"description":"Overcast clouds"},"ghi":663.3,"dhi":104.84,"timestamp_local":"2022-07-01T10:15:00","solar_rad":172.7838,"vis":10,"dni":835.37,"temp":15.3,"slp":1017,"clouds":93,"ts":1656663300},{"precip_rate":0.25,"rh":86,"wind_spd":4.4,"timestamp_utc":"2022-07-01T08:30:00","snow_rate":0,"app_temp":15.4,"pres":1007.1802,"azimuth":112.86,"dewpt":13.1,"uv":1.9,"elev_angle":44.72,"wind_dir":246,"weather":{"icon":"c04d","code":804,"description":"Overcast clouds"},"ghi":693.8,"dhi":106.71,"timestamp_local":"2022-07-01T10:30:00","solar_rad":162.50757,"vis":10,"dni":844.96,"temp":15.4,"slp":1017,"clouds":94,"ts":1656664200},{"precip_rate":0.125,"rh":86,"wind_spd":4.6,"timestamp_utc":"2022-07-01T08:45:00","snow_rate":0,"app_temp":15.5,"pres":1007.18335,"azimuth":116.72,"dewpt":13.2,"uv":2,"elev_angle":46.83,"wind_dir":246,"weather":{"icon":"c04d","code":804,"description":"Overcast clouds"},"ghi":724.4,"dhi":108.58,"timestamp_local":"2022-07-01T10:45:00","solar_rad":130.31342,"vis":10,"dni":854.55,"temp":15.5,"slp":1017,"clouds":96,"ts":1656665100},{"precip_rate":0,"rh":85,"wind_spd":4.8,"timestamp_utc":"2022-07-01T09:00:00","snow_rate":0,"app_temp":15.6,"pres":1007.18646,"azimuth":120.57,"dewpt":13.1,"uv":2,"elev_angle":48.94,"wind_dir":246,"weather":{"icon":"c04d","code":804,"description":"Overcast clouds"},"ghi":755,"dhi":110.45,"timestamp_local":"2022-07-01T11:00:00","solar_rad":202.12755,"vis":10,"dni":864.14,"temp":15.6,"slp":1017,"clouds":98,"ts":1656666000},{"precip_rate":0,"rh":81,"wind_spd":4.6,"timestamp_utc":"2022-07-01T09:15:00","snow_rate":0,"app_temp":16,"pres":1007.44653,"azimuth":125.48,"dewpt":12.7,"uv":2.2,"elev_angle":50.69,"wind_dir":246,"weather":{"icon":"c04d","code":804,"description":"Overcast clouds"},"ghi":777.1,"dhi":111.67,"timestamp_local":"2022-07-01T11:15:00","solar_rad":206.84824,"vis":10,"dni":870.03,"temp":16,"slp":1017.25,"clouds":98,"ts":1656666900},{"precip_rate":0,"rh":78,"wind_spd":4.4,"timestamp_utc":"2022-07-01T09:30:00","snow_rate":0,"app_temp":16.3,"pres":1007.70654,"azimuth":130.39,"dewpt":12.5,"uv":2.3,"elev_angle":52.44,"wind_dir":246,"weather":{"icon":"c04d","code":804,"description":"Overcast clouds"},"ghi":799.1,"dhi":112.89,"timestamp_local":"2022-07-01T11:30:00","solar_rad":122.712036,"vis":10,"dni":875.93,"temp":16.3,"slp":1017.5,"clouds":97,"ts":1656667800},{"precip_rate":0,"rh":74,"wind_spd":4.2,"timestamp_utc":"2022-07-01T09:45:00","snow_rate":0,"app_temp":16.6,"pres":1007.96655,"azimuth":135.29,"dewpt":12,"uv":2.5,"elev_angle":54.19,"wind_dir":246,"weather":{"icon":"c04d","code":804,"description":"Overcast clouds"},"ghi":821.2,"dhi":114.11,"timestamp_local":"2022-07-01T11:45:00","solar_rad":150.06589,"vis":10,"dni":881.82,"temp":16.6,"slp":1017.75,"clouds":96,"ts":1656668700},{"precip_rate":0,"rh":70,"wind_spd":4,"timestamp_utc":"2022-07-01T10:00:00","snow_rate":0,"app_temp":17,"pres":1008.2266,"azimuth":140.2,"dewpt":11.5,"uv":2.6,"elev_angle":55.94,"wind_dir":246,"weather":{"icon":"c04d","code":804,"description":"Overcast clouds"},"ghi":843.3,"dhi":115.33,"timestamp_local":"2022-07-01T12:00:00","solar_rad":155.07204,"vis":10,"dni":887.71,"temp":17,"slp":1018,"clouds":96,"ts":1656669600},{"precip_rate":0,"rh":68,"wind_spd":4,"timestamp_utc":"2022-07-01T10:15:00","snow_rate":0,"app_temp":17.3,"pres":1007.9883,"azimuth":146.45,"dewpt":11.3,"uv":2.6,"elev_angle":57,"wind_dir":245,"weather":{"icon":"c04d","code":804,"description":"Overcast clouds"},"ghi":854.9,"dhi":115.94,"timestamp_local":"2022-07-01T12:15:00","solar_rad":133.53374,"vis":10,"dni":890.55,"temp":17.3,"slp":1017.75,"clouds":97,"ts":1656670500},{"precip_rate":0,"rh":66,"wind_spd":4,"timestamp_utc":"2022-07-01T10:30:00","snow_rate":0,"app_temp":17.6,"pres":1007.74994,"azimuth":152.71,"dewpt":11.1,"uv":2.6,"elev_angle":58.06,"wind_dir":244,"weather":{"icon":"c04d","code":804,"description":"Overcast clouds"},"ghi":866.6,"dhi":116.55,"timestamp_local":"2022-07-01T12:30:00","solar_rad":226.08615,"vis":10,"dni":893.4,"temp":17.6,"slp":1017.5,"clouds":98,"ts":1656671400},{"precip_rate":0,"rh":64,"wind_spd":4,"timestamp_utc":"2022-07-01T10:45:00","snow_rate":0,"app_temp":17.8,"pres":1007.5116,"azimuth":158.96,"dewpt":10.9,"uv":2.6,"elev_angle":59.12,"wind_dir":243,"weather":{"icon":"c04d","code":804,"description":"Overcast clouds"},"ghi":878.3,"dhi":117.15,"timestamp_local":"2022-07-01T12:45:00","solar_rad":202.66975,"vis":10,"dni":896.24,"temp":17.8,"slp":1017.25,"clouds":99,"ts":1656672300},{"precip_rate":0,"rh":62,"wind_spd":4,"timestamp_utc":"2022-07-01T11:00:00","snow_rate":0,"app_temp":18.1,"pres":1007.27325,"azimuth":165.21,"dewpt":10.7,"uv":2.6,"elev_angle":60.18,"wind_dir":242,"weather":{"icon":"c04d","code":804,"description":"Overcast clouds"},"ghi":890,"dhi":117.76,"timestamp_local":"2022-07-01T13:00:00","solar_rad":177.96169,"vis":10,"dni":899.08,"temp":18.1,"slp":1017,"clouds":100,"ts":1656673200},{"precip_rate":0,"rh":60,"wind_spd":4,"timestamp_utc":"2022-07-01T11:15:00","snow_rate":0,"app_temp":18.3,"pres":1007.2794,"azimuth":172.21,"dewpt":10.4,"uv":3.4,"elev_angle":60.21,"wind_dir":242,"weather":{"icon":"c04d","code":804,"description":"Overcast clouds"},"ghi":890.3,"dhi":117.78,"timestamp_local":"2022-07-01T13:15:00","solar_rad":364.22583,"vis":10,"dni":899.16,"temp":18.3,"slp":1017,"clouds":87,"ts":1656674100},{"precip_rate":0,"rh":59,"wind_spd":4,"timestamp_utc":"2022-07-01T11:30:00","snow_rate":0,"app_temp":17.9,"pres":1007.2855,"azimuth":179.21,"dewpt":10.3,"uv":4.2,"elev_angle":60.24,"wind_dir":241,"weather":{"icon":"c04d","code":804,"description":"Overcast clouds"},"ghi":890.6,"dhi":117.8,"timestamp_local":"2022-07-01T13:30:00","solar_rad":575.7492,"vis":10,"dni":899.23,"temp":18.5,"slp":1017,"clouds":74,"ts":1656675000},{"precip_rate":0,"rh":58,"wind_spd":4,"timestamp_utc":"2022-07-01T11:45:00","snow_rate":0,"app_temp":18.1,"pres":1007.2916,"azimuth":186.21,"dewpt":10.3,"uv":5,"elev_angle":60.27,"wind_dir":240,"weather":{"icon":"c03d","code":803,"description":"Broken clouds"},"ghi":890.9,"dhi":117.81,"timestamp_local":"2022-07-01T13:45:00","solar_rad":722.94025,"vis":10,"dni":899.31,"temp":18.7,"slp":1017,"clouds":60,"ts":1656675900},{"precip_rate":0,"rh":56,"wind_spd":4,"timestamp_utc":"2022-07-01T12:00:00","snow_rate":0,"app_temp":18.3,"pres":1007.2978,"azimuth":193.21,"dewpt":9.9,"uv":5.8,"elev_angle":60.3,"wind_dir":240,"weather":{"icon":"c03d","code":803,"description":"Broken clouds"},"ghi":891.3,"dhi":117.83,"timestamp_local":"2022-07-01T14:00:00","solar_rad":829.72577,"vis":10,"dni":899.38,"temp":18.9,"slp":1017,"clouds":47,"ts":1656676800},{"precip_rate":0,"rh":54,"wind_spd":4.1,"timestamp_utc":"2022-07-01T12:15:00","snow_rate":0,"app_temp":18.6,"pres":1007.30695,"azimuth":199.53,"dewpt":9.7,"uv":5.8,"elev_angle":59.29,"wind_dir":241,"weather":{"icon":"c03d","code":803,"description":"Broken clouds"},"ghi":880.2,"dhi":117.26,"timestamp_local":"2022-07-01T14:15:00","solar_rad":831.6082,"vis":10,"dni":896.7,"temp":19.2,"slp":1017,"clouds":44,"ts":1656677700},{"precip_rate":0,"rh":53,"wind_spd":4.2,"timestamp_utc":"2022-07-01T12:30:00","snow_rate":0,"app_temp":18.8,"pres":1007.31604,"azimuth":205.86,"dewpt":9.6,"uv":5.9,"elev_angle":58.29,"wind_dir":242,"weather":{"icon":"c02d","code":802,"description":"Scattered clouds"},"ghi":869.1,"dhi":116.68,"timestamp_local":"2022-07-01T14:30:00","solar_rad":834.40106,"vis":10,"dni":894.02,"temp":19.4,"slp":1017,"clouds":40,"ts":1656678600},{"precip_rate":0,"rh":52,"wind_spd":4.3,"timestamp_utc":"2022-07-01T12:45:00","snow_rate":0,"app_temp":19.1,"pres":1007.3252,"azimuth":212.18,"dewpt":9.6,"uv":5.9,"elev_angle":57.28,"wind_dir":243,"weather":{"icon":"c02d","code":802,"description":"Scattered clouds"},"ghi":858.1,"dhi":116.11,"timestamp_local":"2022-07-01T14:45:00","solar_rad":831.8175,"vis":10,"dni":891.33,"temp":19.7,"slp":1017,"clouds":37,"ts":1656679500},{"precip_rate":0,"rh":50,"wind_spd":4.4,"timestamp_utc":"2022-07-01T13:00:00","snow_rate":0,"app_temp":19.4,"pres":1007.33435,"azimuth":218.5,"dewpt":9.3,"uv":5.9,"elev_angle":56.27,"wind_dir":244,"weather":{"icon":"c02d","code":802,"description":"Scattered clouds"},"ghi":847,"dhi":115.53,"timestamp_local":"2022-07-01T15:00:00","solar_rad":827.5395,"vis":10,"dni":888.65,"temp":20,"slp":1017,"clouds":34,"ts":1656680400},{"precip_rate":0,"rh":49,"wind_spd":4.5,"timestamp_utc":"2022-07-01T13:15:00","snow_rate":0,"app_temp":19.5,"pres":1007.3404,"azimuth":223.48,"dewpt":9.1,"uv":5,"elev_angle":54.55,"wind_dir":246,"weather":{"icon":"c03d","code":803,"description":"Broken clouds"},"ghi":825.5,"dhi":114.35,"timestamp_local":"2022-07-01T15:15:00","solar_rad":764.2396,"vis":10,"dni":882.94,"temp":20.2,"slp":1017,"clouds":48,"ts":1656681300},{"precip_rate":0,"rh":48,"wind_spd":4.6,"timestamp_utc":"2022-07-01T13:30:00","snow_rate":0,"app_temp":19.7,"pres":1007.34644,"azimuth":228.46,"dewpt":9,"uv":4.1,"elev_angle":52.83,"wind_dir":247,"weather":{"icon":"c03d","code":803,"description":"Broken clouds"},"ghi":804,"dhi":113.16,"timestamp_local":"2022-07-01T15:30:00","solar_rad":669.2217,"vis":10,"dni":877.24,"temp":20.4,"slp":1017,"clouds":61,"ts":1656682200},{"precip_rate":0,"rh":48,"wind_spd":4.7,"timestamp_utc":"2022-07-01T13:45:00","snow_rate":0,"app_temp":19.9,"pres":1007.35254,"azimuth":233.44,"dewpt":9.1,"uv":3.3,"elev_angle":51.1,"wind_dir":248,"weather":{"icon":"c04d","code":804,"description":"Overcast clouds"},"ghi":782.5,"dhi":111.98,"timestamp_local":"2022-07-01T15:45:00","solar_rad":529.5034,"vis":10,"dni":871.53,"temp":20.5,"slp":1017,"clouds":74,"ts":1656683100},{"precip_rate":0,"rh":47,"wind_spd":4.8,"timestamp_utc":"2022-07-01T14:00:00","snow_rate":0,"app_temp":20.1,"pres":1007.3586,"azimuth":238.42,"dewpt":9,"uv":2.5,"elev_angle":49.38,"wind_dir":250,"weather":{"icon":"c04d","code":804,"description":"Overcast clouds"},"ghi":761,"dhi":110.79,"timestamp_local":"2022-07-01T16:00:00","solar_rad":317.5259,"vis":10,"dni":865.82,"temp":20.7,"slp":1017,"clouds":88,"ts":1656684000},{"precip_rate":0,"rh":46,"wind_spd":4.8,"timestamp_utc":"2022-07-01T14:15:00","snow_rate":0,"app_temp":20.1,"pres":1007.60925,"azimuth":242.32,"dewpt":8.8,"uv":2.6,"elev_angle":47.28,"wind_dir":250,"weather":{"icon":"c04d","code":804,"description":"Overcast clouds"},"ghi":730.8,"dhi":108.96,"timestamp_local":"2022-07-01T16:15:00","solar_rad":381.7348,"vis":10,"dni":856.46,"temp":20.8,"slp":1017.25,"clouds":83,"ts":1656684900},{"precip_rate":0,"rh":46,"wind_spd":4.8,"timestamp_utc":"2022-07-01T14:30:00","snow_rate":0,"app_temp":20.2,"pres":1007.85986,"azimuth":246.23,"dewpt":8.9,"uv":2.6,"elev_angle":45.18,"wind_dir":251,"weather":{"icon":"c04d","code":804,"description":"Overcast clouds"},"ghi":700.6,"dhi":107.13,"timestamp_local":"2022-07-01T16:30:00","solar_rad":429.68423,"vis":10,"dni":847.1,"temp":20.9,"slp":1017.5,"clouds":78,"ts":1656685800},{"precip_rate":0,"rh":45,"wind_spd":4.8,"timestamp_utc":"2022-07-01T14:45:00","snow_rate":0,"app_temp":20.3,"pres":1008.11053,"azimuth":250.13,"dewpt":8.6,"uv":2.6,"elev_angle":43.08,"wind_dir":252,"weather":{"icon":"c04d","code":804,"description":"Overcast clouds"},"ghi":670.4,"dhi":105.29,"timestamp_local":"2022-07-01T16:45:00","solar_rad":463.4458,"vis":10,"dni":837.74,"temp":21,"slp":1017.75,"clouds":73,"ts":1656686700},{"precip_rate":0,"rh":44,"wind_spd":4.8,"timestamp_utc":"2022-07-01T15:00:00","snow_rate":0,"app_temp":20.4,"pres":1008.3612,"azimuth":254.03,"dewpt":8.4,"uv":2.6,"elev_angle":40.98,"wind_dir":252,"weather":{"icon":"c03d","code":803,"description":"Broken clouds"},"ghi":640.2,"dhi":103.46,"timestamp_local":"2022-07-01T17:00:00","solar_rad":484.92966,"vis":10,"dni":828.38,"temp":21.1,"slp":1018,"clouds":68,"ts":1656687600},{"precip_rate":0,"rh":43,"wind_spd":4.8,"timestamp_utc":"2022-07-01T15:15:00","snow_rate":0,"app_temp":20.4,"pres":1008.3612,"azimuth":257.28,"dewpt":8,"uv":2.5,"elev_angle":38.72,"wind_dir":253,"weather":{"icon":"c03d","code":803,"description":"Broken clouds"},"ghi":604,"dhi":100.91,"timestamp_local":"2022-07-01T17:15:00","solar_rad":496.99326,"vis":10,"dni":814.17,"temp":21.1,"slp":1018,"clouds":62,"ts":1656688500},{"precip_rate":0,"rh":42,"wind_spd":4.8,"timestamp_utc":"2022-07-01T15:30:00","snow_rate":0,"app_temp":20.4,"pres":1008.3612,"azimuth":260.53,"dewpt":7.7,"uv":2.5,"elev_angle":36.46,"wind_dir":254,"weather":{"icon":"c03d","code":803,"description":"Broken clouds"},"ghi":567.7,"dhi":98.36,"timestamp_local":"2022-07-01T17:30:00","solar_rad":500.77405,"vis":10,"dni":799.97,"temp":21.1,"slp":1018,"clouds":55,"ts":1656689400},{"precip_rate":0,"rh":42,"wind_spd":4.8,"timestamp_utc":"2022-07-01T15:45:00","snow_rate":0,"app_temp":20.4,"pres":1008.3612,"azimuth":263.78,"dewpt":7.7,"uv":2.5,"elev_angle":34.2,"wind_dir":255,"weather":{"icon":"c03d","code":803,"description":"Broken clouds"},"ghi":531.5,"dhi":95.81,"timestamp_local":"2022-07-01T17:45:00","solar_rad":492.05737,"vis":10,"dni":785.76,"temp":21.1,"slp":1018,"clouds":48,"ts":1656690300},{"precip_rate":0,"rh":41,"wind_spd":4.8,"timestamp_utc":"2022-07-01T16:00:00","snow_rate":0,"app_temp":20.3,"pres":1008.3612,"azimuth":267.03,"dewpt":7.3,"uv":2.4,"elev_angle":31.94,"wind_dir":256,"weather":{"icon":"c03d","code":803,"description":"Broken clouds"},"ghi":495.2,"dhi":93.26,"timestamp_local":"2022-07-01T18:00:00","solar_rad":471.86163,"vis":10,"dni":771.55,"temp":21.1,"slp":1018,"clouds":42,"ts":1656691200},{"precip_rate":0,"rh":41,"wind_spd":4.6,"timestamp_utc":"2022-07-01T16:15:00","snow_rate":0,"app_temp":20.2,"pres":1008.60583,"azimuth":269.94,"dewpt":7.3,"uv":2.3,"elev_angle":29.65,"wind_dir":256,"weather":{"icon":"c02d","code":802,"description":"Scattered clouds"},"ghi":456.1,"dhi":89.86,"timestamp_local":"2022-07-01T18:15:00","solar_rad":442.13025,"vis":10,"dni":750.15,"temp":21,"slp":1018.25,"clouds":37,"ts":1656692100},{"precip_rate":0,"rh":42,"wind_spd":4.4,"timestamp_utc":"2022-07-01T16:30:00","snow_rate":0,"app_temp":20.1,"pres":1008.85046,"azimuth":272.85,"dewpt":7.5,"uv":2.2,"elev_angle":27.36,"wind_dir":257,"weather":{"icon":"c02d","code":802,"description":"Scattered clouds"},"ghi":417.1,"dhi":86.46,"timestamp_local":"2022-07-01T18:30:00","solar_rad":409.30182,"vis":10,"dni":728.76,"temp":20.9,"slp":1018.5,"clouds":32,"ts":1656693000},{"precip_rate":0,"rh":42,"wind_spd":4.2,"timestamp_utc":"2022-07-01T16:45:00","snow_rate":0,"app_temp":20,"pres":1009.09503,"azimuth":275.76,"dewpt":7.4,"uv":2.2,"elev_angle":25.07,"wind_dir":258,"weather":{"icon":"c02d","code":802,"description":"Scattered clouds"},"ghi":378,"dhi":83.06,"timestamp_local":"2022-07-01T18:45:00","solar_rad":374.03384,"vis":10,"dni":707.36,"temp":20.8,"slp":1018.75,"clouds":27,"ts":1656693900},{"precip_rate":0,"rh":42,"wind_spd":4,"timestamp_utc":"2022-07-01T17:00:00","snow_rate":0,"app_temp":19.9,"pres":1009.33966,"azimuth":278.67,"dewpt":7.3,"uv":2.1,"elev_angle":22.78,"wind_dir":258,"weather":{"icon":"c02d","code":802,"description":"Scattered clouds"},"ghi":338.9,"dhi":79.66,"timestamp_local":"2022-07-01T19:00:00","solar_rad":337.12766,"vis":10,"dni":685.96,"temp":20.7,"slp":1019,"clouds":22,"ts":1656694800},{"precip_rate":0,"rh":43,"wind_spd":3.9,"timestamp_utc":"2022-07-01T17:15:00","snow_rate":0,"app_temp":19.8,"pres":1009.3336,"azimuth":281.46,"dewpt":7.5,"uv":2,"elev_angle":20.56,"wind_dir":258,"weather":{"icon":"c02d","code":801,"description":"Few clouds"},"ghi":300.8,"dhi":75.13,"timestamp_local":"2022-07-01T19:15:00","solar_rad":299.66232,"vis":10,"dni":652.29,"temp":20.5,"slp":1019,"clouds":20,"ts":1656695700},{"precip_rate":0,"rh":44,"wind_spd":3.8,"timestamp_utc":"2022-07-01T17:30:00","snow_rate":0,"app_temp":19.6,"pres":1009.3275,"azimuth":284.24,"dewpt":7.7,"uv":1.9,"elev_angle":18.34,"wind_dir":257,"weather":{"icon":"c02d","code":801,"description":"Few clouds"},"ghi":262.7,"dhi":70.61,"timestamp_local":"2022-07-01T19:30:00","solar_rad":262.00555,"vis":10,"dni":618.61,"temp":20.4,"slp":1019,"clouds":18,"ts":1656696600},{"precip_rate":0,"rh":44,"wind_spd":3.7,"timestamp_utc":"2022-07-01T17:45:00","snow_rate":0,"app_temp":19.4,"pres":1009.3214,"azimuth":287.03,"dewpt":7.5,"uv":1.8,"elev_angle":16.12,"wind_dir":256,"weather":{"icon":"c02d","code":801,"description":"Few clouds"},"ghi":224.6,"dhi":66.08,"timestamp_local":"2022-07-01T19:45:00","solar_rad":224.28058,"vis":10,"dni":584.94,"temp":20.2,"slp":1019,"clouds":15,"ts":1656697500},{"precip_rate":0,"rh":45,"wind_spd":3.6,"timestamp_utc":"2022-07-01T18:00:00","snow_rate":0,"app_temp":19.2,"pres":1009.31537,"azimuth":289.81,"dewpt":7.7,"uv":1.8,"elev_angle":13.9,"wind_dir":256,"weather":{"icon":"c02d","code":801,"description":"Few clouds"},"ghi":186.5,"dhi":61.55,"timestamp_local":"2022-07-01T20:00:00","solar_rad":186.33694,"vis":10,"dni":551.26,"temp":20,"slp":1019,"clouds":13,"ts":1656698400},{"precip_rate":0,"rh":46,"wind_spd":3.4,"timestamp_utc":"2022-07-01T18:15:00","snow_rate":0,"app_temp":19.1,"pres":1009.30927,"azimuth":292.61,"dewpt":7.9,"uv":1.7,"elev_angle":11.83,"wind_dir":256,"weather":{"icon":"c02d","code":801,"description":"Few clouds"},"ghi":154.3,"dhi":55.16,"timestamp_local":"2022-07-01T20:15:00","solar_rad":154.12645,"vis":10,"dni":491.43,"temp":19.8,"slp":1019,"clouds":14,"ts":1656699300},{"precip_rate":0,"rh":46,"wind_spd":3.2,"timestamp_utc":"2022-07-01T18:30:00","snow_rate":0,"app_temp":18.9,"pres":1009.30316,"azimuth":295.41,"dewpt":7.7,"uv":1.6,"elev_angle":9.76,"wind_dir":256,"weather":{"icon":"c02d","code":801,"description":"Few clouds"},"ghi":122,"dhi":48.77,"timestamp_local":"2022-07-01T20:30:00","solar_rad":121.86277,"vis":10,"dni":431.59,"temp":19.6,"slp":1019,"clouds":14,"ts":1656700200},{"precip_rate":0,"rh":46,"wind_spd":3,"timestamp_utc":"2022-07-01T18:45:00","snow_rate":0,"app_temp":18.7,"pres":1009.29706,"azimuth":298.21,"dewpt":7.6,"uv":1.6,"elev_angle":7.68,"wind_dir":256,"weather":{"icon":"c02d","code":801,"description":"Few clouds"},"ghi":89.8,"dhi":42.37,"timestamp_local":"2022-07-01T20:45:00","solar_rad":89.69899,"vis":10,"dni":371.76,"temp":19.5,"slp":1019,"clouds":14,"ts":1656701100},{"precip_rate":0,"rh":47,"wind_spd":2.8,"timestamp_utc":"2022-07-01T19:00:00","snow_rate":0,"app_temp":18.5,"pres":1009.29095,"azimuth":301.01,"dewpt":7.7,"uv":1.6,"elev_angle":5.61,"wind_dir":256,"weather":{"icon":"c02d","code":801,"description":"Few clouds"},"ghi":57.5,"dhi":35.98,"timestamp_local":"2022-07-01T21:00:00","solar_rad":57.418224,"vis":10,"dni":311.92,"temp":19.3,"slp":1019,"clouds":15,"ts":1656702000},{"precip_rate":0,"rh":50,"wind_spd":2.6,"timestamp_utc":"2022-07-01T19:15:00","snow_rate":0,"app_temp":18.1,"pres":1009.5232,"azimuth":303.94,"dewpt":8.2,"uv":1.6,"elev_angle":3.78,"wind_dir":254,"weather":{"icon":"c02n","code":801,"description":"Few clouds"},"ghi":43.1,"dhi":26.99,"timestamp_local":"2022-07-01T21:15:00","solar_rad":43.071297,"vis":10,"dni":233.94,"temp":18.8,"slp":1019.25,"clouds":12,"ts":1656702900},{"precip_rate":0,"rh":52,"wind_spd":2.4,"timestamp_utc":"2022-07-01T19:30:00","snow_rate":0,"app_temp":17.6,"pres":1009.7554,"azimuth":306.86,"dewpt":8.3,"uv":1.6,"elev_angle":1.94,"wind_dir":253,"weather":{"icon":"c02n","code":801,"description":"Few clouds"},"ghi":28.8,"dhi":17.99,"timestamp_local":"2022-07-01T21:30:00","solar_rad":28.792788,"vis":10,"dni":155.96,"temp":18.3,"slp":1019.5,"clouds":9,"ts":1656703800},{"precip_rate":0,"rh":54,"wind_spd":2.2,"timestamp_utc":"2022-07-01T19:45:00","snow_rate":0,"app_temp":17.9,"pres":1009.9876,"azimuth":309.79,"dewpt":8.4,"uv":1.7,"elev_angle":0.11,"wind_dir":252,"weather":{"icon":"c02n","code":801,"description":"Few clouds"},"ghi":14.4,"dhi":9,"timestamp_local":"2022-07-01T21:45:00","solar_rad":14.399092,"vis":10,"dni":77.98,"temp":17.9,"slp":1019.75,"clouds":6,"ts":1656704700},{"precip_rate":0,"rh":57,"wind_spd":2,"timestamp_utc":"2022-07-01T20:00:00","snow_rate":0,"app_temp":17.4,"pres":1010.21985,"azimuth":312.71,"dewpt":8.8,"uv":0,"elev_angle":-1.73,"wind_dir":250,"weather":{"icon":"c02n","code":801,"description":"Few clouds"},"ghi":0,"dhi":0,"timestamp_local":"2022-07-01T22:00:00","solar_rad":0,"vis":10,"dni":0,"temp":17.4,"slp":1020,"clouds":3,"ts":1656705600},{"precip_rate":0,"rh":60,"wind_spd":1.9,"timestamp_utc":"2022-07-01T20:15:00","snow_rate":0,"app_temp":16.8,"pres":1010.44556,"azimuth":315.82,"dewpt":9,"uv":0,"elev_angle":-3.24,"wind_dir":248,"weather":{"icon":"c02n","code":801,"description":"Few clouds"},"ghi":0,"dhi":0,"timestamp_local":"2022-07-01T22:15:00","solar_rad":0,"vis":10,"dni":0,"temp":16.8,"slp":1020.25,"clouds":4,"ts":1656706500},{"precip_rate":0,"rh":63,"wind_spd":1.8,"timestamp_utc":"2022-07-01T20:30:00","snow_rate":0,"app_temp":16.1,"pres":1010.67126,"azimuth":318.94,"dewpt":9.1,"uv":0,"elev_angle":-4.75,"wind_dir":245,"weather":{"icon":"c02n","code":801,"description":"Few clouds"},"ghi":0,"dhi":0,"timestamp_local":"2022-07-01T22:30:00","solar_rad":0,"vis":10,"dni":0,"temp":16.1,"slp":1020.5,"clouds":6,"ts":1656707400},{"precip_rate":0,"rh":66,"wind_spd":1.7,"timestamp_utc":"2022-07-01T20:45:00","snow_rate":0,"app_temp":15.4,"pres":1010.8969,"azimuth":322.05,"dewpt":9.1,"uv":0,"elev_angle":-6.25,"wind_dir":242,"weather":{"icon":"c02n","code":801,"description":"Few clouds"},"ghi":0,"dhi":0,"timestamp_local":"2022-07-01T22:45:00","solar_rad":0,"vis":10,"dni":0,"temp":15.4,"slp":1020.75,"clouds":7,"ts":1656708300},{"precip_rate":0,"rh":69,"wind_spd":1.6,"timestamp_utc":"2022-07-01T21:00:00","snow_rate":0,"app_temp":14.8,"pres":1011.1226,"azimuth":325.16,"dewpt":9.2,"uv":0,"elev_angle":-7.76,"wind_dir":240,"weather":{"icon":"c02n","code":801,"description":"Few clouds"},"ghi":0,"dhi":0,"timestamp_local":"2022-07-01T23:00:00","solar_rad":0,"vis":10,"dni":0,"temp":14.8,"slp":1021,"clouds":8,"ts":1656709200},{"precip_rate":0,"rh":70,"wind_spd":1.8,"timestamp_utc":"2022-07-01T21:15:00","snow_rate":0,"app_temp":14.5,"pres":1011.3607,"azimuth":328.49,"dewpt":9.1,"uv":0,"elev_angle":-8.85,"wind_dir":240,"weather":{"icon":"c02n","code":801,"description":"Few clouds"},"ghi":0,"dhi":0,"timestamp_local":"2022-07-01T23:15:00","solar_rad":0,"vis":10,"dni":0,"temp":14.5,"slp":1021.25,"clouds":12,"ts":1656710100},{"precip_rate":0,"rh":72,"wind_spd":2,"timestamp_utc":"2022-07-01T21:30:00","snow_rate":0,"app_temp":14.3,"pres":1011.59875,"azimuth":331.81,"dewpt":9.3,"uv":0,"elev_angle":-9.93,"wind_dir":241,"weather":{"icon":"c02n","code":801,"description":"Few clouds"},"ghi":0,"dhi":0,"timestamp_local":"2022-07-01T23:30:00","solar_rad":0,"vis":10,"dni":0,"temp":14.3,"slp":1021.5,"clouds":16,"ts":1656711000},{"precip_rate":0,"rh":74,"wind_spd":2.2,"timestamp_utc":"2022-07-01T21:45:00","snow_rate":0,"app_temp":14,"pres":1011.8368,"azimuth":335.14,"dewpt":9.4,"uv":0,"elev_angle":-11.02,"wind_dir":242,"weather":{"icon":"c02n","code":802,"description":"Scattered clouds"},"ghi":0,"dhi":0,"timestamp_local":"2022-07-01T23:45:00","solar_rad":0,"vis":10,"dni":0,"temp":14,"slp":1021.75,"clouds":21,"ts":1656711900},{"precip_rate":0,"rh":75,"wind_spd":2.4,"timestamp_utc":"2022-07-01T22:00:00","snow_rate":0,"app_temp":13.7,"pres":1012.0749,"azimuth":338.46,"dewpt":9.4,"uv":0,"elev_angle":-12.1,"wind_dir":242,"weather":{"icon":"c02n","code":802,"description":"Scattered clouds"},"ghi":0,"dhi":0,"timestamp_local":"2022-07-02T00:00:00","solar_rad":0,"vis":10,"dni":0,"temp":13.7,"slp":1022,"clouds":25,"ts":1656712800},{"precip_rate":0,"rh":76,"wind_spd":2.4,"timestamp_utc":"2022-07-01T22:15:00","snow_rate":0,"app_temp":13.5,"pres":1012.0685,"azimuth":341.96,"dewpt":9.4,"uv":0,"elev_angle":-12.68,"wind_dir":240,"weather":{"icon":"c02n","code":802,"description":"Scattered clouds"},"ghi":0,"dhi":0,"timestamp_local":"2022-07-02T00:15:00","solar_rad":0,"vis":10,"dni":0,"temp":13.5,"slp":1022,"clouds":27,"ts":1656713700},{"precip_rate":0,"rh":76,"wind_spd":2.4,"timestamp_utc":"2022-07-01T22:30:00","snow_rate":0,"app_temp":13.3,"pres":1012.06213,"azimuth":345.45,"dewpt":9.2,"uv":0,"elev_angle":-13.26,"wind_dir":239,"weather":{"icon":"c02n","code":802,"description":"Scattered clouds"},"ghi":0,"dhi":0,"timestamp_local":"2022-07-02T00:30:00","solar_rad":0,"vis":10,"dni":0,"temp":13.3,"slp":1022,"clouds":29,"ts":1656714600},{"precip_rate":0,"rh":77,"wind_spd":2.4,"timestamp_utc":"2022-07-01T22:45:00","snow_rate":0,"app_temp":13.2,"pres":1012.0558,"azimuth":348.95,"dewpt":9.2,"uv":0,"elev_angle":-13.83,"wind_dir":238,"weather":{"icon":"c02n","code":802,"description":"Scattered clouds"},"ghi":0,"dhi":0,"timestamp_local":"2022-07-02T00:45:00","solar_rad":0,"vis":10,"dni":0,"temp":13.2,"slp":1022,"clouds":31,"ts":1656715500},{"precip_rate":0,"rh":78,"wind_spd":2.4,"timestamp_utc":"2022-07-01T23:00:00","snow_rate":0,"app_temp":13,"pres":1012.0494,"azimuth":352.44,"dewpt":9.3,"uv":0,"elev_angle":-14.41,"wind_dir":236,"weather":{"icon":"c02n","code":802,"description":"Scattered clouds"},"ghi":0,"dhi":0,"timestamp_local":"2022-07-02T01:00:00","solar_rad":0,"vis":10,"dni":0,"temp":13,"slp":1022,"clouds":33,"ts":1656716400},{"precip_rate":0,"rh":78,"wind_spd":2.3,"timestamp_utc":"2022-07-01T23:15:00","snow_rate":0,"app_temp":12.8,"pres":1012.04297,"azimuth":266,"dewpt":9.1,"uv":0,"elev_angle":-14.43,"wind_dir":232,"weather":{"icon":"c02n","code":802,"description":"Scattered clouds"},"ghi":0,"dhi":0,"timestamp_local":"2022-07-02T01:15:00","solar_rad":0,"vis":10,"dni":0,"temp":12.8,"slp":1022,"clouds":30,"ts":1656717300},{"precip_rate":0,"rh":79,"wind_spd":2.2,"timestamp_utc":"2022-07-01T23:30:00","snow_rate":0,"app_temp":12.6,"pres":1012.0365,"azimuth":179.57,"dewpt":9.1,"uv":0,"elev_angle":-14.45,"wind_dir":228,"weather":{"icon":"c02n","code":802,"description":"Scattered clouds"},"ghi":0,"dhi":0,"timestamp_local":"2022-07-02T01:30:00","solar_rad":0,"vis":10,"dni":0,"temp":12.6,"slp":1022,"clouds":26,"ts":1656718200},{"precip_rate":0,"rh":80,"wind_spd":2.1,"timestamp_utc":"2022-07-01T23:45:00","snow_rate":0,"app_temp":12.4,"pres":1012.0301,"azimuth":93.13,"dewpt":9.1,"uv":0,"elev_angle":-14.47,"wind_dir":224,"weather":{"icon":"c02n","code":802,"description":"Scattered clouds"},"ghi":0,"dhi":0,"timestamp_local":"2022-07-02T01:45:00","solar_rad":0,"vis":10,"dni":0,"temp":12.4,"slp":1022,"clouds":22,"ts":1656719100}],"sources":["103150-99999","imerg","merra2","era5","modis"],"city_id":"2856883"}
