{"timezone":"Europe\/Berlin","state_code":"06","country_code":"DE","lat":52.2833,"lon":8,"city_name":"Osnabr�ck","station_id":"103150-99999","data":[{"precip_rate":0,"rh":79,"wind_spd":2.8,"timestamp_utc":"2022-06-23T00:00:00","snow_rate":0,"app_temp":15.2,"pres":1004.2029,"azimuth":7.09,"dewpt":11.6,"uv":0,"elev_angle":-14.05,"wind_dir":76,"weather":{"icon":"c02n","code":802,"description":"Scattered clouds"},"ghi":0,"dhi":0,"timestamp_local":"2022-06-23T02:00:00","solar_rad":0,"vis":10,"dni":0,"temp":15.2,"slp":1014,"clouds":31,"ts":1655942400},{"precip_rate":0,"rh":80,"wind_spd":2.8,"timestamp_utc":"2022-06-23T00:15:00","snow_rate":0,"app_temp":14.9,"pres":1004.1935,"azimuth":10.57,"dewpt":11.5,"uv":0,"elev_angle":-13.49,"wind_dir":75,"weather":{"icon":"c02n","code":802,"description":"Scattered clouds"},"ghi":0,"dhi":0,"timestamp_local":"2022-06-23T02:15:00","solar_rad":0,"vis":10,"dni":0,"temp":14.9,"slp":1014,"clouds":28,"ts":1655943300},{"precip_rate":0,"rh":82,"wind_spd":2.8,"timestamp_utc":"2022-06-23T00:30:00","snow_rate":0,"app_temp":14.7,"pres":1004.1841,"azimuth":14.06,"dewpt":11.6,"uv":0,"elev_angle":-12.94,"wind_dir":74,"weather":{"icon":"c02n","code":802,"description":"Scattered clouds"},"ghi":0,"dhi":0,"timestamp_local":"2022-06-23T02:30:00","solar_rad":0,"vis":10,"dni":0,"temp":14.7,"slp":1014,"clouds":25,"ts":1655944200},{"precip_rate":0,"rh":83,"wind_spd":2.8,"timestamp_utc":"2022-06-23T00:45:00","snow_rate":0,"app_temp":14.4,"pres":1004.1746,"azimuth":17.54,"dewpt":11.5,"uv":0,"elev_angle":-12.38,"wind_dir":73,"weather":{"icon":"c02n","code":802,"description":"Scattered clouds"},"ghi":0,"dhi":0,"timestamp_local":"2022-06-23T02:45:00","solar_rad":0,"vis":10,"dni":0,"temp":14.4,"slp":1014,"clouds":22,"ts":1655945100},{"precip_rate":0,"rh":84,"wind_spd":2.8,"timestamp_utc":"2022-06-23T01:00:00","snow_rate":0,"app_temp":14.1,"pres":1004.1652,"azimuth":21.02,"dewpt":11.4,"uv":0,"elev_angle":-11.82,"wind_dir":72,"weather":{"icon":"c02n","code":801,"description":"Few clouds"},"ghi":0,"dhi":0,"timestamp_local":"2022-06-23T03:00:00","solar_rad":0,"vis":10,"dni":0,"temp":14.1,"slp":1014,"clouds":19,"ts":1655946000},{"precip_rate":0,"rh":85,"wind_spd":2.8,"timestamp_utc":"2022-06-23T01:15:00","snow_rate":0,"app_temp":13.9,"pres":1003.9113,"azimuth":24.34,"dewpt":11.4,"uv":0,"elev_angle":-10.76,"wind_dir":72,"weather":{"icon":"c02n","code":801,"description":"Few clouds"},"ghi":0,"dhi":0,"timestamp_local":"2022-06-23T03:15:00","solar_rad":0,"vis":10,"dni":0,"temp":13.9,"slp":1013.75,"clouds":17,"ts":1655946900},{"precip_rate":0,"rh":86,"wind_spd":2.8,"timestamp_utc":"2022-06-23T01:30:00","snow_rate":0,"app_temp":13.7,"pres":1003.6575,"azimuth":27.66,"dewpt":11.4,"uv":0,"elev_angle":-9.69,"wind_dir":73,"weather":{"icon":"c02n","code":801,"description":"Few clouds"},"ghi":0,"dhi":0,"timestamp_local":"2022-06-23T03:30:00","solar_rad":0,"vis":10,"dni":0,"temp":13.7,"slp":1013.5,"clouds":16,"ts":1655947800},{"precip_rate":0,"rh":88,"wind_spd":2.8,"timestamp_utc":"2022-06-23T01:45:00","snow_rate":0,"app_temp":13.5,"pres":1003.40356,"azimuth":30.98,"dewpt":11.6,"uv":0,"elev_angle":-8.63,"wind_dir":74,"weather":{"icon":"c02n","code":801,"description":"Few clouds"},"ghi":0,"dhi":0,"timestamp_local":"2022-06-23T03:45:00","solar_rad":0,"vis":10,"dni":0,"temp":13.5,"slp":1013.25,"clouds":14,"ts":1655948700},{"precip_rate":0,"rh":89,"wind_spd":2.8,"timestamp_utc":"2022-06-23T02:00:00","snow_rate":0,"app_temp":13.3,"pres":1003.14966,"azimuth":34.3,"dewpt":11.5,"uv":0,"elev_angle":-7.56,"wind_dir":74,"weather":{"icon":"c02n","code":801,"description":"Few clouds"},"ghi":0,"dhi":0,"timestamp_local":"2022-06-23T04:00:00","solar_rad":0,"vis":10,"dni":0,"temp":13.3,"slp":1013,"clouds":12,"ts":1655949600},{"precip_rate":0,"rh":90,"wind_spd":2.8,"timestamp_utc":"2022-06-23T02:15:00","snow_rate":0,"app_temp":13.2,"pres":1003.1465,"azimuth":37.41,"dewpt":11.6,"uv":0,"elev_angle":-6.07,"wind_dir":76,"weather":{"icon":"c02n","code":801,"description":"Few clouds"},"ghi":0,"dhi":0,"timestamp_local":"2022-06-23T04:15:00","solar_rad":0,"vis":10,"dni":0,"temp":13.2,"slp":1013,"clouds":14,"ts":1655950500},{"precip_rate":0,"rh":90,"wind_spd":2.8,"timestamp_utc":"2022-06-23T02:30:00","snow_rate":0,"app_temp":13.2,"pres":1003.1433,"azimuth":40.52,"dewpt":11.5,"uv":0,"elev_angle":-4.58,"wind_dir":77,"weather":{"icon":"c02n","code":801,"description":"Few clouds"},"ghi":0,"dhi":0,"timestamp_local":"2022-06-23T04:30:00","solar_rad":0,"vis":10,"dni":0,"temp":13.2,"slp":1013,"clouds":15,"ts":1655951400},{"precip_rate":0,"rh":90,"wind_spd":2.8,"timestamp_utc":"2022-06-23T02:45:00","snow_rate":0,"app_temp":13.1,"pres":1003.14014,"azimuth":43.63,"dewpt":11.5,"uv":0,"elev_angle":-3.08,"wind_dir":78,"weather":{"icon":"c02n","code":801,"description":"Few clouds"},"ghi":0,"dhi":0,"timestamp_local":"2022-06-23T04:45:00","solar_rad":0,"vis":10,"dni":0,"temp":13.1,"slp":1013,"clouds":16,"ts":1655952300},{"precip_rate":0,"rh":91,"wind_spd":2.8,"timestamp_utc":"2022-06-23T03:00:00","snow_rate":0,"app_temp":13,"pres":1003.13696,"azimuth":46.74,"dewpt":11.6,"uv":0,"elev_angle":-1.59,"wind_dir":80,"weather":{"icon":"c02n","code":801,"description":"Few clouds"},"ghi":0,"dhi":0,"timestamp_local":"2022-06-23T05:00:00","solar_rad":0,"vis":10,"dni":0,"temp":13,"slp":1013,"clouds":18,"ts":1655953200},{"precip_rate":0,"rh":90,"wind_spd":2.8,"timestamp_utc":"2022-06-23T03:15:00","snow_rate":0,"app_temp":13,"pres":1003.13696,"azimuth":49.66,"dewpt":11.4,"uv":1.5,"elev_angle":0.23,"wind_dir":80,"weather":{"icon":"c02n","code":802,"description":"Scattered clouds"},"ghi":14.7,"dhi":9.08,"timestamp_local":"2022-06-23T05:15:00","solar_rad":14.111105,"vis":10,"dni":78.87,"temp":13,"slp":1013,"clouds":24,"ts":1655954100},{"precip_rate":0,"rh":90,"wind_spd":2.8,"timestamp_utc":"2022-06-23T03:30:00","snow_rate":0,"app_temp":13,"pres":1003.13696,"azimuth":52.58,"dewpt":11.4,"uv":1.4,"elev_angle":2.05,"wind_dir":80,"weather":{"icon":"c02n","code":802,"description":"Scattered clouds"},"ghi":29.3,"dhi":18.16,"timestamp_local":"2022-06-23T05:30:00","solar_rad":27.89233,"vis":10,"dni":157.73,"temp":13,"slp":1013,"clouds":30,"ts":1655955000},{"precip_rate":0,"rh":90,"wind_spd":2.8,"timestamp_utc":"2022-06-23T03:45:00","snow_rate":0,"app_temp":13,"pres":1003.13696,"azimuth":55.5,"dewpt":11.4,"uv":1.3,"elev_angle":3.87,"wind_dir":80,"weather":{"icon":"c02n","code":802,"description":"Scattered clouds"},"ghi":44,"dhi":27.24,"timestamp_local":"2022-06-23T05:45:00","solar_rad":41.318855,"vis":10,"dni":236.6,"temp":13,"slp":1013,"clouds":36,"ts":1655955900},{"precip_rate":0,"rh":89,"wind_spd":2.8,"timestamp_utc":"2022-06-23T04:00:00","snow_rate":0,"app_temp":13,"pres":1003.13696,"azimuth":58.42,"dewpt":11.2,"uv":1.3,"elev_angle":5.69,"wind_dir":80,"weather":{"icon":"c03d","code":803,"description":"Broken clouds"},"ghi":58.7,"dhi":36.32,"timestamp_local":"2022-06-23T06:00:00","solar_rad":54.01615,"vis":10,"dni":315.46,"temp":13,"slp":1013,"clouds":42,"ts":1655956800},{"precip_rate":0,"rh":86,"wind_spd":2.8,"timestamp_utc":"2022-06-23T04:15:00","snow_rate":0,"app_temp":13.6,"pres":1003.1559,"azimuth":61.22,"dewpt":11.3,"uv":1.3,"elev_angle":7.75,"wind_dir":82,"weather":{"icon":"c03d","code":803,"description":"Broken clouds"},"ghi":90.8,"dhi":42.66,"timestamp_local":"2022-06-23T06:15:00","solar_rad":83.20074,"vis":10,"dni":374.67,"temp":13.6,"slp":1013,"clouds":43,"ts":1655957700},{"precip_rate":0,"rh":83,"wind_spd":2.8,"timestamp_utc":"2022-06-23T04:30:00","snow_rate":0,"app_temp":14.1,"pres":1003.17474,"azimuth":64.02,"dewpt":11.3,"uv":1.3,"elev_angle":9.81,"wind_dir":84,"weather":{"icon":"c03d","code":803,"description":"Broken clouds"},"ghi":123,"dhi":49,"timestamp_local":"2022-06-23T06:30:00","solar_rad":112.20351,"vis":10,"dni":433.87,"temp":14.1,"slp":1013,"clouds":44,"ts":1655958600},{"precip_rate":0,"rh":80,"wind_spd":2.8,"timestamp_utc":"2022-06-23T04:45:00","snow_rate":0,"app_temp":14.7,"pres":1003.1936,"azimuth":66.81,"dewpt":11.2,"uv":1.3,"elev_angle":11.87,"wind_dir":86,"weather":{"icon":"c03d","code":803,"description":"Broken clouds"},"ghi":155.1,"dhi":55.34,"timestamp_local":"2022-06-23T06:45:00","solar_rad":140.82309,"vis":10,"dni":493.08,"temp":14.7,"slp":1013,"clouds":45,"ts":1655959500},{"precip_rate":0,"rh":77,"wind_spd":2.8,"timestamp_utc":"2022-06-23T05:00:00","snow_rate":0,"app_temp":15.2,"pres":1003.2125,"azimuth":69.61,"dewpt":11.2,"uv":1.3,"elev_angle":13.93,"wind_dir":88,"weather":{"icon":"c03d","code":803,"description":"Broken clouds"},"ghi":187.2,"dhi":61.68,"timestamp_local":"2022-06-23T07:00:00","solar_rad":169.13206,"vis":10,"dni":552.28,"temp":15.2,"slp":1013,"clouds":46,"ts":1655960400},{"precip_rate":0,"rh":73,"wind_spd":2.8,"timestamp_utc":"2022-06-23T05:15:00","snow_rate":0,"app_temp":15.9,"pres":1003.2373,"azimuth":72.39,"dewpt":11.1,"uv":1.5,"elev_angle":16.15,"wind_dir":90,"weather":{"icon":"c02d","code":802,"description":"Scattered clouds"},"ghi":225.2,"dhi":66.19,"timestamp_local":"2022-06-23T07:15:00","solar_rad":212.81903,"vis":10,"dni":585.82,"temp":15.9,"slp":1013,"clouds":34,"ts":1655961300},{"precip_rate":0,"rh":68,"wind_spd":2.8,"timestamp_utc":"2022-06-23T05:30:00","snow_rate":0,"app_temp":16.6,"pres":1003.262,"azimuth":75.17,"dewpt":10.7,"uv":1.8,"elev_angle":18.36,"wind_dir":91,"weather":{"icon":"c02d","code":802,"description":"Scattered clouds"},"ghi":263.2,"dhi":70.7,"timestamp_local":"2022-06-23T07:30:00","solar_rad":253.4013,"vis":10,"dni":619.36,"temp":16.6,"slp":1013,"clouds":23,"ts":1655962200},{"precip_rate":0,"rh":64,"wind_spd":2.8,"timestamp_utc":"2022-06-23T05:45:00","snow_rate":0,"app_temp":17.4,"pres":1003.28674,"azimuth":77.94,"dewpt":10.5,"uv":2.1,"elev_angle":20.58,"wind_dir":92,"weather":{"icon":"c02d","code":801,"description":"Few clouds"},"ghi":301.2,"dhi":75.21,"timestamp_local":"2022-06-23T07:45:00","solar_rad":291.77524,"vis":10,"dni":652.89,"temp":17.4,"slp":1013,"clouds":12,"ts":1655963100},{"precip_rate":0,"rh":60,"wind_spd":2.8,"timestamp_utc":"2022-06-23T06:00:00","snow_rate":0,"app_temp":18.1,"pres":1003.3115,"azimuth":80.72,"dewpt":10.2,"uv":2.4,"elev_angle":22.79,"wind_dir":94,"weather":{"icon":"c01d","code":800,"description":"Clear Sky"},"ghi":339.2,"dhi":79.72,"timestamp_local":"2022-06-23T08:00:00","solar_rad":339.2,"vis":10,"dni":686.43,"temp":18.1,"slp":1013,"clouds":0,"ts":1655964000},{"precip_rate":0,"rh":57,"wind_spd":2.8,"timestamp_utc":"2022-06-23T06:15:00","snow_rate":0,"app_temp":18.4,"pres":1003.33875,"azimuth":83.62,"dewpt":10.2,"uv":2.6,"elev_angle":25.08,"wind_dir":97,"weather":{"icon":"c01d","code":800,"description":"Clear Sky"},"ghi":378.3,"dhi":83.12,"timestamp_local":"2022-06-23T08:15:00","solar_rad":378.3,"vis":10,"dni":707.81,"temp":18.9,"slp":1013,"clouds":0,"ts":1655964900},{"precip_rate":0,"rh":54,"wind_spd":2.8,"timestamp_utc":"2022-06-23T06:30:00","snow_rate":0,"app_temp":19.2,"pres":1003.366,"azimuth":86.52,"dewpt":10.2,"uv":2.9,"elev_angle":27.37,"wind_dir":100,"weather":{"icon":"c01d","code":800,"description":"Clear Sky"},"ghi":417.4,"dhi":86.52,"timestamp_local":"2022-06-23T08:30:00","solar_rad":417.4,"vis":10,"dni":729.19,"temp":19.8,"slp":1013,"clouds":0,"ts":1655965800},{"precip_rate":0,"rh":51,"wind_spd":2.8,"timestamp_utc":"2022-06-23T06:45:00","snow_rate":0,"app_temp":20.1,"pres":1003.3933,"azimuth":89.41,"dewpt":10.2,"uv":3.1,"elev_angle":29.65,"wind_dir":103,"weather":{"icon":"c01d","code":800,"description":"Clear Sky"},"ghi":456.4,"dhi":89.91,"timestamp_local":"2022-06-23T08:45:00","solar_rad":456.4,"vis":10,"dni":750.57,"temp":20.6,"slp":1013,"clouds":0,"ts":1655966700},{"precip_rate":0,"rh":48,"wind_spd":2.8,"timestamp_utc":"2022-06-23T07:00:00","snow_rate":0,"app_temp":21,"pres":1003.42053,"azimuth":92.31,"dewpt":10,"uv":3.4,"elev_angle":31.94,"wind_dir":106,"weather":{"icon":"c01d","code":800,"description":"Clear Sky"},"ghi":495.5,"dhi":93.31,"timestamp_local":"2022-06-23T09:00:00","solar_rad":495.5,"vis":10,"dni":771.95,"temp":21.5,"slp":1013,"clouds":0,"ts":1655967600},{"precip_rate":0,"rh":46,"wind_spd":2.9,"timestamp_utc":"2022-06-23T07:15:00","snow_rate":0,"app_temp":21.7,"pres":1003.4442,"azimuth":95.54,"dewpt":10.1,"uv":3.7,"elev_angle":34.21,"wind_dir":110,"weather":{"icon":"c01d","code":800,"description":"Clear Sky"},"ghi":531.8,"dhi":95.87,"timestamp_local":"2022-06-23T09:15:00","solar_rad":531.8,"vis":10,"dni":786.19,"temp":22.2,"slp":1013,"clouds":0,"ts":1655968500},{"precip_rate":0,"rh":44,"wind_spd":3,"timestamp_utc":"2022-06-23T07:30:00","snow_rate":0,"app_temp":22.4,"pres":1003.46796,"azimuth":98.77,"dewpt":10.1,"uv":4.1,"elev_angle":36.47,"wind_dir":113,"weather":{"icon":"c01d","code":800,"description":"Clear Sky"},"ghi":568.2,"dhi":98.42,"timestamp_local":"2022-06-23T09:30:00","solar_rad":568.2,"vis":10,"dni":800.42,"temp":22.9,"slp":1013,"clouds":0,"ts":1655969400},{"precip_rate":0,"rh":42,"wind_spd":3.1,"timestamp_utc":"2022-06-23T07:45:00","snow_rate":0,"app_temp":23.2,"pres":1003.4917,"azimuth":102,"dewpt":10,"uv":4.5,"elev_angle":38.74,"wind_dir":116,"weather":{"icon":"c01d","code":800,"description":"Clear Sky"},"ghi":604.5,"dhi":100.98,"timestamp_local":"2022-06-23T09:45:00","solar_rad":604.5,"vis":10,"dni":814.66,"temp":23.7,"slp":1013,"clouds":0,"ts":1655970300},{"precip_rate":0,"rh":40,"wind_spd":3.2,"timestamp_utc":"2022-06-23T08:00:00","snow_rate":0,"app_temp":23.9,"pres":1003.5154,"azimuth":105.23,"dewpt":9.9,"uv":4.8,"elev_angle":41,"wind_dir":120,"weather":{"icon":"c01d","code":800,"description":"Clear Sky"},"ghi":640.8,"dhi":103.53,"timestamp_local":"2022-06-23T10:00:00","solar_rad":640.8,"vis":10,"dni":828.89,"temp":24.4,"slp":1013,"clouds":0,"ts":1655971200},{"precip_rate":0,"rh":38,"wind_spd":3.1,"timestamp_utc":"2022-06-23T08:15:00","snow_rate":0,"app_temp":24.6,"pres":1003.53577,"azimuth":109.11,"dewpt":9.7,"uv":5.2,"elev_angle":43.11,"wind_dir":123,"weather":{"icon":"c01d","code":800,"description":"Clear Sky"},"ghi":671.2,"dhi":105.37,"timestamp_local":"2022-06-23T10:15:00","solar_rad":671.2,"vis":10,"dni":838.29,"temp":25.1,"slp":1013,"clouds":0,"ts":1655972100},{"precip_rate":0,"rh":37,"wind_spd":3,"timestamp_utc":"2022-06-23T08:30:00","snow_rate":0,"app_temp":25.3,"pres":1003.55615,"azimuth":112.98,"dewpt":9.9,"uv":5.6,"elev_angle":45.23,"wind_dir":126,"weather":{"icon":"c01d","code":800,"description":"Clear Sky"},"ghi":701.5,"dhi":107.21,"timestamp_local":"2022-06-23T10:30:00","solar_rad":701.5,"vis":10,"dni":847.7,"temp":25.7,"slp":1013,"clouds":0,"ts":1655973000},{"precip_rate":0,"rh":36,"wind_spd":2.9,"timestamp_utc":"2022-06-23T08:45:00","snow_rate":0,"app_temp":26,"pres":1003.5765,"azimuth":116.86,"dewpt":10.1,"uv":6,"elev_angle":47.34,"wind_dir":129,"weather":{"icon":"c01d","code":800,"description":"Clear Sky"},"ghi":731.8,"dhi":109.05,"timestamp_local":"2022-06-23T10:45:00","solar_rad":731.8,"vis":10,"dni":857.1,"temp":26.4,"slp":1013,"clouds":0,"ts":1655973900},{"precip_rate":0,"rh":34,"wind_spd":2.8,"timestamp_utc":"2022-06-23T09:00:00","snow_rate":0,"app_temp":26.6,"pres":1003.59686,"azimuth":120.73,"dewpt":9.8,"uv":6.4,"elev_angle":49.45,"wind_dir":132,"weather":{"icon":"c01d","code":800,"description":"Clear Sky"},"ghi":762.2,"dhi":110.89,"timestamp_local":"2022-06-23T11:00:00","solar_rad":762.2,"vis":10,"dni":866.5,"temp":27,"slp":1013,"clouds":0,"ts":1655974800},{"precip_rate":0,"rh":33,"wind_spd":2.9,"timestamp_utc":"2022-06-23T09:15:00","snow_rate":0,"app_temp":26.8,"pres":1003.60834,"azimuth":125.68,"dewpt":9.7,"uv":6.8,"elev_angle":51.19,"wind_dir":133,"weather":{"icon":"c01d","code":800,"description":"Clear Sky"},"ghi":784,"dhi":112.09,"timestamp_local":"2022-06-23T11:15:00","solar_rad":784,"vis":10,"dni":872.26,"temp":27.4,"slp":1013,"clouds":0,"ts":1655975700},{"precip_rate":0,"rh":32,"wind_spd":3,"timestamp_utc":"2022-06-23T09:30:00","snow_rate":0,"app_temp":27,"pres":1003.6198,"azimuth":130.64,"dewpt":9.6,"uv":7,"elev_angle":52.94,"wind_dir":134,"weather":{"icon":"c01d","code":800,"description":"Clear Sky"},"ghi":805.7,"dhi":113.29,"timestamp_local":"2022-06-23T11:30:00","solar_rad":805.6999,"vis":10,"dni":878.03,"temp":27.8,"slp":1013,"clouds":1,"ts":1655976600},{"precip_rate":0,"rh":31,"wind_spd":3.1,"timestamp_utc":"2022-06-23T09:45:00","snow_rate":0,"app_temp":27.2,"pres":1003.6313,"azimuth":135.59,"dewpt":9.4,"uv":7.3,"elev_angle":54.68,"wind_dir":135,"weather":{"icon":"c02d","code":801,"description":"Few clouds"},"ghi":827.5,"dhi":114.48,"timestamp_local":"2022-06-23T11:45:00","solar_rad":827.4988,"vis":10,"dni":883.79,"temp":28.1,"slp":1013,"clouds":2,"ts":1655977500},{"precip_rate":0,"rh":30,"wind_spd":3.2,"timestamp_utc":"2022-06-23T10:00:00","snow_rate":0,"app_temp":27.5,"pres":1003.64276,"azimuth":140.54,"dewpt":9.2,"uv":7.7,"elev_angle":56.42,"wind_dir":136,"weather":{"icon":"c02d","code":801,"description":"Few clouds"},"ghi":849.3,"dhi":115.68,"timestamp_local":"2022-06-23T12:00:00","solar_rad":849.2987,"vis":10,"dni":889.55,"temp":28.5,"slp":1013,"clouds":2,"ts":1655978400},{"precip_rate":0,"rh":29,"wind_spd":3.2,"timestamp_utc":"2022-06-23T10:15:00","snow_rate":0,"app_temp":27.7,"pres":1003.40643,"azimuth":146.87,"dewpt":9.1,"uv":7.9,"elev_angle":57.46,"wind_dir":136,"weather":{"icon":"c02d","code":801,"description":"Few clouds"},"ghi":860.6,"dhi":116.27,"timestamp_local":"2022-06-23T12:15:00","solar_rad":860.5987,"vis":10,"dni":892.3,"temp":28.9,"slp":1012.75,"clouds":2,"ts":1655979300},{"precip_rate":0,"rh":28,"wind_spd":3.2,"timestamp_utc":"2022-06-23T10:30:00","snow_rate":0,"app_temp":28,"pres":1003.1701,"azimuth":153.19,"dewpt":8.9,"uv":8.1,"elev_angle":58.51,"wind_dir":137,"weather":{"icon":"c01d","code":800,"description":"Clear Sky"},"ghi":872,"dhi":116.86,"timestamp_local":"2022-06-23T12:30:00","solar_rad":871.9999,"vis":10,"dni":895.05,"temp":29.3,"slp":1012.5,"clouds":1,"ts":1655980200},{"precip_rate":0,"rh":27,"wind_spd":3.2,"timestamp_utc":"2022-06-23T10:45:00","snow_rate":0,"app_temp":28.2,"pres":1002.9338,"azimuth":159.52,"dewpt":8.6,"uv":8.4,"elev_angle":59.55,"wind_dir":138,"weather":{"icon":"c01d","code":800,"description":"Clear Sky"},"ghi":883.3,"dhi":117.45,"timestamp_local":"2022-06-23T12:45:00","solar_rad":883.3,"vis":10,"dni":897.79,"temp":29.6,"slp":1012.25,"clouds":0,"ts":1655981100},{"precip_rate":0,"rh":26,"wind_spd":3.2,"timestamp_utc":"2022-06-23T11:00:00","snow_rate":0,"app_temp":28.5,"pres":1002.69745,"azimuth":165.84,"dewpt":8.4,"uv":8.6,"elev_angle":60.59,"wind_dir":138,"weather":{"icon":"c01d","code":800,"description":"Clear Sky"},"ghi":894.7,"dhi":118.04,"timestamp_local":"2022-06-23T13:00:00","solar_rad":894.7,"vis":10,"dni":900.54,"temp":30,"slp":1012,"clouds":0,"ts":1655982000},{"precip_rate":0,"rh":26,"wind_spd":3.2,"timestamp_utc":"2022-06-23T11:15:00","snow_rate":0,"app_temp":28.7,"pres":1002.4582,"azimuth":172.9,"dewpt":8.6,"uv":8.5,"elev_angle":60.59,"wind_dir":138,"weather":{"icon":"c01d","code":800,"description":"Clear Sky"},"ghi":894.7,"dhi":118.04,"timestamp_local":"2022-06-23T13:15:00","solar_rad":894.6999,"vis":10,"dni":900.55,"temp":30.3,"slp":1011.75,"clouds":1,"ts":1655982900},{"precip_rate":0,"rh":25,"wind_spd":3.2,"timestamp_utc":"2022-06-23T11:30:00","snow_rate":0,"app_temp":28.9,"pres":1002.2189,"azimuth":179.96,"dewpt":8.3,"uv":8.5,"elev_angle":60.6,"wind_dir":139,"weather":{"icon":"c02d","code":801,"description":"Few clouds"},"ghi":894.7,"dhi":118.05,"timestamp_local":"2022-06-23T13:30:00","solar_rad":894.69867,"vis":10,"dni":900.55,"temp":30.6,"slp":1011.5,"clouds":2,"ts":1655983800},{"precip_rate":0,"rh":24,"wind_spd":3.2,"timestamp_utc":"2022-06-23T11:45:00","snow_rate":0,"app_temp":29.1,"pres":1001.9796,"azimuth":187.02,"dewpt":7.9,"uv":8.5,"elev_angle":60.6,"wind_dir":140,"weather":{"icon":"c02d","code":801,"description":"Few clouds"},"ghi":894.8,"dhi":118.05,"timestamp_local":"2022-06-23T13:45:00","solar_rad":894.79865,"vis":10,"dni":900.56,"temp":30.8,"slp":1011.25,"clouds":2,"ts":1655984700},{"precip_rate":0,"rh":24,"wind_spd":3.2,"timestamp_utc":"2022-06-23T12:00:00","snow_rate":0,"app_temp":29.4,"pres":1001.74036,"azimuth":194.08,"dewpt":8.2,"uv":8.4,"elev_angle":60.6,"wind_dir":140,"weather":{"icon":"c02d","code":801,"description":"Few clouds"},"ghi":894.8,"dhi":118.05,"timestamp_local":"2022-06-23T14:00:00","solar_rad":894.7947,"vis":10,"dni":900.56,"temp":31.1,"slp":1011,"clouds":3,"ts":1655985600},{"precip_rate":0,"rh":24,"wind_spd":3.2,"timestamp_utc":"2022-06-23T12:15:00","snow_rate":0,"app_temp":29.6,"pres":1001.746,"azimuth":200.41,"dewpt":8.3,"uv":8.3,"elev_angle":59.56,"wind_dir":140,"weather":{"icon":"c02d","code":801,"description":"Few clouds"},"ghi":883.4,"dhi":117.46,"timestamp_local":"2022-06-23T14:15:00","solar_rad":883.3987,"vis":10,"dni":897.82,"temp":31.3,"slp":1011,"clouds":2,"ts":1655986500},{"precip_rate":0,"rh":23,"wind_spd":3.2,"timestamp_utc":"2022-06-23T12:30:00","snow_rate":0,"app_temp":29.7,"pres":1001.7516,"azimuth":206.74,"dewpt":7.9,"uv":8.1,"elev_angle":58.52,"wind_dir":139,"weather":{"icon":"c02d","code":801,"description":"Few clouds"},"ghi":872.1,"dhi":116.87,"timestamp_local":"2022-06-23T14:30:00","solar_rad":872.0987,"vis":10,"dni":895.08,"temp":31.5,"slp":1011,"clouds":2,"ts":1655987400},{"precip_rate":0,"rh":22,"wind_spd":3.2,"timestamp_utc":"2022-06-23T12:45:00","snow_rate":0,"app_temp":29.8,"pres":1001.75714,"azimuth":213.06,"dewpt":7.4,"uv":7.9,"elev_angle":57.48,"wind_dir":138,"weather":{"icon":"c02d","code":801,"description":"Few clouds"},"ghi":860.8,"dhi":116.28,"timestamp_local":"2022-06-23T14:45:00","solar_rad":860.7987,"vis":10,"dni":892.34,"temp":31.7,"slp":1011,"clouds":2,"ts":1655988300},{"precip_rate":0,"rh":22,"wind_spd":3.2,"timestamp_utc":"2022-06-23T13:00:00","snow_rate":0,"app_temp":30,"pres":1001.76276,"azimuth":219.39,"dewpt":7.5,"uv":7.7,"elev_angle":56.44,"wind_dir":138,"weather":{"icon":"c01d","code":800,"description":"Clear Sky"},"ghi":849.4,"dhi":115.69,"timestamp_local":"2022-06-23T15:00:00","solar_rad":849.3999,"vis":10,"dni":889.6,"temp":31.9,"slp":1011,"clouds":1,"ts":1655989200},{"precip_rate":0,"rh":22,"wind_spd":3.2,"timestamp_utc":"2022-06-23T13:15:00","snow_rate":0,"app_temp":30.1,"pres":1001.5178,"azimuth":224.35,"dewpt":7.6,"uv":7.4,"elev_angle":54.7,"wind_dir":137,"weather":{"icon":"c01d","code":800,"description":"Clear Sky"},"ghi":827.7,"dhi":114.5,"timestamp_local":"2022-06-23T15:15:00","solar_rad":827.6999,"vis":10,"dni":883.85,"temp":32,"slp":1010.75,"clouds":1,"ts":1655990100},{"precip_rate":0,"rh":22,"wind_spd":3.2,"timestamp_utc":"2022-06-23T13:30:00","snow_rate":0,"app_temp":30.1,"pres":1001.2729,"azimuth":229.3,"dewpt":7.7,"uv":7,"elev_angle":52.96,"wind_dir":136,"weather":{"icon":"c02d","code":801,"description":"Few clouds"},"ghi":806,"dhi":113.3,"timestamp_local":"2022-06-23T15:30:00","solar_rad":805.9988,"vis":10,"dni":878.09,"temp":32,"slp":1010.5,"clouds":2,"ts":1655991000},{"precip_rate":0,"rh":22,"wind_spd":3.2,"timestamp_utc":"2022-06-23T13:45:00","snow_rate":0,"app_temp":30.2,"pres":1001.02795,"azimuth":234.26,"dewpt":7.7,"uv":6.7,"elev_angle":51.21,"wind_dir":135,"weather":{"icon":"c02d","code":801,"description":"Few clouds"},"ghi":784.2,"dhi":112.11,"timestamp_local":"2022-06-23T15:45:00","solar_rad":784.1988,"vis":10,"dni":872.34,"temp":32.1,"slp":1010.25,"clouds":2,"ts":1655991900},{"precip_rate":0,"rh":22,"wind_spd":3.2,"timestamp_utc":"2022-06-23T14:00:00","snow_rate":0,"app_temp":30.3,"pres":1000.783,"azimuth":239.21,"dewpt":7.8,"uv":6.3,"elev_angle":49.47,"wind_dir":134,"weather":{"icon":"c02d","code":801,"description":"Few clouds"},"ghi":762.5,"dhi":110.91,"timestamp_local":"2022-06-23T16:00:00","solar_rad":762.49884,"vis":10,"dni":866.58,"temp":32.2,"slp":1010,"clouds":2,"ts":1655992800},{"precip_rate":0,"rh":22,"wind_spd":3.1,"timestamp_utc":"2022-06-23T14:15:00","snow_rate":0,"app_temp":30.4,"pres":1000.78577,"azimuth":243.09,"dewpt":7.9,"uv":5.9,"elev_angle":47.36,"wind_dir":134,"weather":{"icon":"c02d","code":801,"description":"Few clouds"},"ghi":732.2,"dhi":109.07,"timestamp_local":"2022-06-23T16:15:00","solar_rad":732.1989,"vis":10,"dni":857.19,"temp":32.3,"slp":1010,"clouds":2,"ts":1655993700},{"precip_rate":0,"rh":22,"wind_spd":3,"timestamp_utc":"2022-06-23T14:30:00","snow_rate":0,"app_temp":30.5,"pres":1000.7886,"azimuth":246.97,"dewpt":8,"uv":5.5,"elev_angle":45.25,"wind_dir":133,"weather":{"icon":"c02d","code":801,"description":"Few clouds"},"ghi":701.8,"dhi":107.23,"timestamp_local":"2022-06-23T16:30:00","solar_rad":701.7958,"vis":10,"dni":847.8,"temp":32.4,"slp":1010,"clouds":3,"ts":1655994600},{"precip_rate":0,"rh":21,"wind_spd":2.9,"timestamp_utc":"2022-06-23T14:45:00","snow_rate":0,"app_temp":30.5,"pres":1000.7914,"azimuth":250.84,"dewpt":7.4,"uv":5.1,"elev_angle":43.13,"wind_dir":132,"weather":{"icon":"c02d","code":801,"description":"Few clouds"},"ghi":671.5,"dhi":105.39,"timestamp_local":"2022-06-23T16:45:00","solar_rad":671.4893,"vis":10,"dni":838.4,"temp":32.5,"slp":1010,"clouds":4,"ts":1655995500},{"precip_rate":0,"rh":21,"wind_spd":2.8,"timestamp_utc":"2022-06-23T15:00:00","snow_rate":0,"app_temp":30.6,"pres":1000.7941,"azimuth":254.72,"dewpt":7.4,"uv":4.7,"elev_angle":41.02,"wind_dir":132,"weather":{"icon":"c02d","code":801,"description":"Few clouds"},"ghi":641.2,"dhi":103.55,"timestamp_local":"2022-06-23T17:00:00","solar_rad":641.1898,"vis":10,"dni":829.01,"temp":32.6,"slp":1010,"clouds":4,"ts":1655996400},{"precip_rate":0,"rh":21,"wind_spd":2.9,"timestamp_utc":"2022-06-23T15:15:00","snow_rate":0,"app_temp":30.5,"pres":1000.54364,"azimuth":257.95,"dewpt":7.4,"uv":4.2,"elev_angle":38.76,"wind_dir":130,"weather":{"icon":"c02d","code":801,"description":"Few clouds"},"ghi":604.9,"dhi":101,"timestamp_local":"2022-06-23T17:15:00","solar_rad":604.7985,"vis":10,"dni":814.79,"temp":32.5,"slp":1009.75,"clouds":8,"ts":1655997300},{"precip_rate":0,"rh":20,"wind_spd":3,"timestamp_utc":"2022-06-23T15:30:00","snow_rate":0,"app_temp":30.4,"pres":1000.2931,"azimuth":261.19,"dewpt":6.6,"uv":3.8,"elev_angle":36.5,"wind_dir":128,"weather":{"icon":"c02d","code":801,"description":"Few clouds"},"ghi":568.6,"dhi":98.45,"timestamp_local":"2022-06-23T17:30:00","solar_rad":568.2213,"vis":10,"dni":800.57,"temp":32.4,"slp":1009.5,"clouds":12,"ts":1655998200},{"precip_rate":0,"rh":20,"wind_spd":3.1,"timestamp_utc":"2022-06-23T15:45:00","snow_rate":0,"app_temp":30.3,"pres":1000.0426,"azimuth":264.42,"dewpt":6.5,"uv":3.3,"elev_angle":34.23,"wind_dir":126,"weather":{"icon":"c02d","code":801,"description":"Few clouds"},"ghi":532.2,"dhi":95.89,"timestamp_local":"2022-06-23T17:45:00","solar_rad":531.2574,"vis":10,"dni":786.35,"temp":32.3,"slp":1009.25,"clouds":16,"ts":1655999100},{"precip_rate":0,"rh":20,"wind_spd":3.2,"timestamp_utc":"2022-06-23T16:00:00","snow_rate":0,"app_temp":30.2,"pres":999.7921,"azimuth":267.65,"dewpt":6.4,"uv":3,"elev_angle":31.97,"wind_dir":124,"weather":{"icon":"c02d","code":801,"description":"Few clouds"},"ghi":495.9,"dhi":93.34,"timestamp_local":"2022-06-23T18:00:00","solar_rad":494.0244,"vis":10,"dni":772.13,"temp":32.2,"slp":1009,"clouds":20,"ts":1656000000},{"precip_rate":0,"rh":20,"wind_spd":3.3,"timestamp_utc":"2022-06-23T16:15:00","snow_rate":0,"app_temp":30.2,"pres":999.7921,"azimuth":270.55,"dewpt":6.4,"uv":2.6,"elev_angle":29.68,"wind_dir":123,"weather":{"icon":"c02d","code":802,"description":"Scattered clouds"},"ghi":456.8,"dhi":89.94,"timestamp_local":"2022-06-23T18:15:00","solar_rad":453.58865,"vis":10,"dni":750.77,"temp":32.2,"slp":1009,"clouds":24,"ts":1656000900},{"precip_rate":0,"rh":20,"wind_spd":3.4,"timestamp_utc":"2022-06-23T16:30:00","snow_rate":0,"app_temp":30.2,"pres":999.7921,"azimuth":273.45,"dewpt":6.4,"uv":2.3,"elev_angle":27.4,"wind_dir":122,"weather":{"icon":"c02d","code":802,"description":"Scattered clouds"},"ghi":417.8,"dhi":86.55,"timestamp_local":"2022-06-23T18:30:00","solar_rad":412.2106,"vis":10,"dni":729.41,"temp":32.2,"slp":1009,"clouds":29,"ts":1656001800},{"precip_rate":0,"rh":19,"wind_spd":3.5,"timestamp_utc":"2022-06-23T16:45:00","snow_rate":0,"app_temp":30.1,"pres":999.7921,"azimuth":276.34,"dewpt":5.7,"uv":2,"elev_angle":25.11,"wind_dir":121,"weather":{"icon":"c02d","code":802,"description":"Scattered clouds"},"ghi":378.7,"dhi":83.15,"timestamp_local":"2022-06-23T18:45:00","solar_rad":369.99905,"vis":10,"dni":708.05,"temp":32.2,"slp":1009,"clouds":34,"ts":1656002700},{"precip_rate":0,"rh":19,"wind_spd":3.6,"timestamp_utc":"2022-06-23T17:00:00","snow_rate":0,"app_temp":30.1,"pres":999.7921,"azimuth":279.24,"dewpt":5.7,"uv":1.8,"elev_angle":22.82,"wind_dir":120,"weather":{"icon":"c02d","code":802,"description":"Scattered clouds"},"ghi":339.6,"dhi":79.75,"timestamp_local":"2022-06-23T19:00:00","solar_rad":328.2113,"vis":10,"dni":686.69,"temp":32.2,"slp":1009,"clouds":38,"ts":1656003600},{"precip_rate":0,"rh":19,"wind_spd":3.5,"timestamp_utc":"2022-06-23T17:15:00","snow_rate":0,"app_temp":30,"pres":999.78656,"azimuth":282.02,"dewpt":5.5,"uv":1.7,"elev_angle":20.6,"wind_dir":118,"weather":{"icon":"c02d","code":802,"description":"Scattered clouds"},"ghi":301.6,"dhi":75.24,"timestamp_local":"2022-06-23T19:15:00","solar_rad":293.18405,"vis":10,"dni":653.19,"temp":32,"slp":1009,"clouds":36,"ts":1656004500},{"precip_rate":0,"rh":19,"wind_spd":3.4,"timestamp_utc":"2022-06-23T17:30:00","snow_rate":0,"app_temp":29.8,"pres":999.781,"azimuth":284.8,"dewpt":5.4,"uv":1.6,"elev_angle":18.39,"wind_dir":117,"weather":{"icon":"c02d","code":802,"description":"Scattered clouds"},"ghi":263.6,"dhi":70.74,"timestamp_local":"2022-06-23T19:30:00","solar_rad":257.54358,"vis":10,"dni":619.68,"temp":31.9,"slp":1009,"clouds":34,"ts":1656005400},{"precip_rate":0,"rh":19,"wind_spd":3.3,"timestamp_utc":"2022-06-23T17:45:00","snow_rate":0,"app_temp":29.6,"pres":999.77545,"azimuth":287.57,"dewpt":5.2,"uv":1.6,"elev_angle":16.17,"wind_dir":116,"weather":{"icon":"c02d","code":802,"description":"Scattered clouds"},"ghi":225.6,"dhi":66.23,"timestamp_local":"2022-06-23T19:45:00","solar_rad":220.91695,"vis":10,"dni":586.18,"temp":31.7,"slp":1009,"clouds":33,"ts":1656006300},{"precip_rate":0,"rh":19,"wind_spd":3.2,"timestamp_utc":"2022-06-23T18:00:00","snow_rate":0,"app_temp":29.5,"pres":999.7699,"azimuth":290.35,"dewpt":5.1,"uv":1.5,"elev_angle":13.95,"wind_dir":114,"weather":{"icon":"c02d","code":802,"description":"Scattered clouds"},"ghi":187.6,"dhi":61.72,"timestamp_local":"2022-06-23T20:00:00","solar_rad":184.45149,"vis":10,"dni":552.67,"temp":31.5,"slp":1009,"clouds":31,"ts":1656007200},{"precip_rate":0,"rh":20,"wind_spd":3.2,"timestamp_utc":"2022-06-23T18:15:00","snow_rate":0,"app_temp":29.1,"pres":999.75586,"azimuth":293.15,"dewpt":5.4,"uv":1.5,"elev_angle":11.89,"wind_dir":111,"weather":{"icon":"c02d","code":802,"description":"Scattered clouds"},"ghi":155.4,"dhi":55.39,"timestamp_local":"2022-06-23T20:15:00","solar_rad":152.7919,"vis":10,"dni":493.53,"temp":31,"slp":1009,"clouds":31,"ts":1656008100},{"precip_rate":0,"rh":22,"wind_spd":3.2,"timestamp_utc":"2022-06-23T18:30:00","snow_rate":0,"app_temp":28.8,"pres":999.7418,"azimuth":295.94,"dewpt":6.4,"uv":1.4,"elev_angle":9.83,"wind_dir":108,"weather":{"icon":"c02d","code":802,"description":"Scattered clouds"},"ghi":123.2,"dhi":49.05,"timestamp_local":"2022-06-23T20:30:00","solar_rad":121.35046,"vis":10,"dni":434.4,"temp":30.6,"slp":1009,"clouds":30,"ts":1656009000},{"precip_rate":0,"rh":23,"wind_spd":3.2,"timestamp_utc":"2022-06-23T18:45:00","snow_rate":0,"app_temp":28.4,"pres":999.7278,"azimuth":298.74,"dewpt":6.7,"uv":1.4,"elev_angle":7.77,"wind_dir":105,"weather":{"icon":"c02d","code":802,"description":"Scattered clouds"},"ghi":91.1,"dhi":42.72,"timestamp_local":"2022-06-23T20:45:00","solar_rad":89.73235,"vis":10,"dni":375.26,"temp":30.1,"slp":1009,"clouds":30,"ts":1656009900},{"precip_rate":0,"rh":24,"wind_spd":3.2,"timestamp_utc":"2022-06-23T19:00:00","snow_rate":0,"app_temp":28.1,"pres":999.71375,"azimuth":301.53,"dewpt":6.9,"uv":1.4,"elev_angle":5.71,"wind_dir":102,"weather":{"icon":"c02d","code":802,"description":"Scattered clouds"},"ghi":58.9,"dhi":36.38,"timestamp_local":"2022-06-23T21:00:00","solar_rad":58.01576,"vis":10,"dni":316.12,"temp":29.6,"slp":1009,"clouds":30,"ts":1656010800},{"precip_rate":0,"rh":27,"wind_spd":3.3,"timestamp_utc":"2022-06-23T19:15:00","snow_rate":0,"app_temp":27.5,"pres":999.68805,"azimuth":304.45,"dewpt":7.9,"uv":1.4,"elev_angle":3.89,"wind_dir":102,"weather":{"icon":"c02n","code":802,"description":"Scattered clouds"},"ghi":44.2,"dhi":27.29,"timestamp_local":"2022-06-23T21:15:00","solar_rad":43.37363,"vis":10,"dni":237.09,"temp":28.8,"slp":1009,"clouds":32,"ts":1656011700},{"precip_rate":0,"rh":30,"wind_spd":3.4,"timestamp_utc":"2022-06-23T19:30:00","snow_rate":0,"app_temp":27.1,"pres":999.66235,"azimuth":307.38,"dewpt":8.8,"uv":1.3,"elev_angle":2.07,"wind_dir":101,"weather":{"icon":"c02n","code":802,"description":"Scattered clouds"},"ghi":29.4,"dhi":18.19,"timestamp_local":"2022-06-23T21:30:00","solar_rad":28.654545,"vis":10,"dni":158.06,"temp":27.9,"slp":1009,"clouds":35,"ts":1656012600},{"precip_rate":0,"rh":32,"wind_spd":3.5,"timestamp_utc":"2022-06-23T19:45:00","snow_rate":0,"app_temp":26.6,"pres":999.6366,"azimuth":310.3,"dewpt":9,"uv":1.3,"elev_angle":0.24,"wind_dir":100,"weather":{"icon":"c02n","code":802,"description":"Scattered clouds"},"ghi":14.7,"dhi":9.1,"timestamp_local":"2022-06-23T21:45:00","solar_rad":14.207026,"vis":10,"dni":79.03,"temp":27.1,"slp":1009,"clouds":38,"ts":1656013500},{"precip_rate":0,"rh":35,"wind_spd":3.6,"timestamp_utc":"2022-06-23T20:00:00","snow_rate":0,"app_temp":25.9,"pres":999.6109,"azimuth":313.22,"dewpt":9.6,"uv":0,"elev_angle":-1.58,"wind_dir":100,"weather":{"icon":"c02n","code":802,"description":"Scattered clouds"},"ghi":0,"dhi":0,"timestamp_local":"2022-06-23T22:00:00","solar_rad":0,"vis":10,"dni":0,"temp":26.3,"slp":1009,"clouds":40,"ts":1656014400},{"precip_rate":0,"rh":37,"wind_spd":3.8,"timestamp_utc":"2022-06-23T20:15:00","snow_rate":0,"app_temp":25.3,"pres":999.59344,"azimuth":316.33,"dewpt":10,"uv":0,"elev_angle":-3.07,"wind_dir":101,"weather":{"icon":"c02n","code":802,"description":"Scattered clouds"},"ghi":0,"dhi":0,"timestamp_local":"2022-06-23T22:15:00","solar_rad":0,"vis":10,"dni":0,"temp":25.8,"slp":1009,"clouds":38,"ts":1656015300},{"precip_rate":0,"rh":38,"wind_spd":4,"timestamp_utc":"2022-06-23T20:30:00","snow_rate":0,"app_temp":24.8,"pres":999.57605,"azimuth":319.44,"dewpt":9.9,"uv":0,"elev_angle":-4.57,"wind_dir":102,"weather":{"icon":"c02n","code":802,"description":"Scattered clouds"},"ghi":0,"dhi":0,"timestamp_local":"2022-06-23T22:30:00","solar_rad":0,"vis":10,"dni":0,"temp":25.2,"slp":1009,"clouds":36,"ts":1656016200},{"precip_rate":0,"rh":40,"wind_spd":4.2,"timestamp_utc":"2022-06-23T20:45:00","snow_rate":0,"app_temp":24.2,"pres":999.5586,"azimuth":322.55,"dewpt":10.2,"uv":0,"elev_angle":-6.06,"wind_dir":103,"weather":{"icon":"c02n","code":802,"description":"Scattered clouds"},"ghi":0,"dhi":0,"timestamp_local":"2022-06-23T22:45:00","solar_rad":0,"vis":10,"dni":0,"temp":24.6,"slp":1009,"clouds":35,"ts":1656017100},{"precip_rate":0,"rh":42,"wind_spd":4.4,"timestamp_utc":"2022-06-23T21:00:00","snow_rate":0,"app_temp":23.7,"pres":999.54114,"azimuth":325.66,"dewpt":10.4,"uv":0,"elev_angle":-7.55,"wind_dir":104,"weather":{"icon":"c02n","code":802,"description":"Scattered clouds"},"ghi":0,"dhi":0,"timestamp_local":"2022-06-23T23:00:00","solar_rad":0,"vis":10,"dni":0,"temp":24.1,"slp":1009,"clouds":33,"ts":1656018000},{"precip_rate":0,"rh":42,"wind_spd":4.5,"timestamp_utc":"2022-06-23T21:15:00","snow_rate":0,"app_temp":23.7,"pres":999.54114,"azimuth":328.98,"dewpt":10.4,"uv":0,"elev_angle":-8.62,"wind_dir":110,"weather":{"icon":"c02n","code":802,"description":"Scattered clouds"},"ghi":0,"dhi":0,"timestamp_local":"2022-06-23T23:15:00","solar_rad":0,"vis":10,"dni":0,"temp":24.1,"slp":1009,"clouds":37,"ts":1656018900},{"precip_rate":0,"rh":43,"wind_spd":4.6,"timestamp_utc":"2022-06-23T21:30:00","snow_rate":0,"app_temp":23.7,"pres":999.54114,"azimuth":332.3,"dewpt":10.7,"uv":0,"elev_angle":-9.69,"wind_dir":115,"weather":{"icon":"c03n","code":803,"description":"Broken clouds"},"ghi":0,"dhi":0,"timestamp_local":"2022-06-23T23:30:00","solar_rad":0,"vis":10,"dni":0,"temp":24.1,"slp":1009,"clouds":42,"ts":1656019800},{"precip_rate":0,"rh":44,"wind_spd":4.7,"timestamp_utc":"2022-06-23T21:45:00","snow_rate":0,"app_temp":23.7,"pres":999.54114,"azimuth":335.61,"dewpt":11.1,"uv":0,"elev_angle":-10.75,"wind_dir":120,"weather":{"icon":"c03n","code":803,"description":"Broken clouds"},"ghi":0,"dhi":0,"timestamp_local":"2022-06-23T23:45:00","solar_rad":0,"vis":10,"dni":0,"temp":24.1,"slp":1009,"clouds":46,"ts":1656020700},{"precip_rate":0,"rh":44,"wind_spd":4.8,"timestamp_utc":"2022-06-23T22:00:00","snow_rate":0,"app_temp":23.7,"pres":999.54114,"azimuth":338.93,"dewpt":11.1,"uv":0,"elev_angle":-11.82,"wind_dir":126,"weather":{"icon":"c03n","code":803,"description":"Broken clouds"},"ghi":0,"dhi":0,"timestamp_local":"2022-06-24T00:00:00","solar_rad":0,"vis":10,"dni":0,"temp":24.1,"slp":1009,"clouds":50,"ts":1656021600},{"precip_rate":0,"rh":45,"wind_spd":4.7,"timestamp_utc":"2022-06-23T22:15:00","snow_rate":0,"app_temp":23.4,"pres":999.28467,"azimuth":342.41,"dewpt":11.2,"uv":0,"elev_angle":-12.38,"wind_dir":123,"weather":{"icon":"c03n","code":803,"description":"Broken clouds"},"ghi":0,"dhi":0,"timestamp_local":"2022-06-24T00:15:00","solar_rad":0,"vis":10,"dni":0,"temp":23.8,"slp":1008.75,"clouds":48,"ts":1656022500},{"precip_rate":0,"rh":46,"wind_spd":4.6,"timestamp_utc":"2022-06-23T22:30:00","snow_rate":0,"app_temp":23.2,"pres":999.0282,"azimuth":345.9,"dewpt":11.3,"uv":0,"elev_angle":-12.94,"wind_dir":120,"weather":{"icon":"c03n","code":803,"description":"Broken clouds"},"ghi":0,"dhi":0,"timestamp_local":"2022-06-24T00:30:00","solar_rad":0,"vis":10,"dni":0,"temp":23.6,"slp":1008.5,"clouds":47,"ts":1656023400},{"precip_rate":0,"rh":46,"wind_spd":4.5,"timestamp_utc":"2022-06-23T22:45:00","snow_rate":0,"app_temp":22.9,"pres":998.7717,"azimuth":349.38,"dewpt":11,"uv":0,"elev_angle":-13.5,"wind_dir":117,"weather":{"icon":"c03n","code":803,"description":"Broken clouds"},"ghi":0,"dhi":0,"timestamp_local":"2022-06-24T00:45:00","solar_rad":0,"vis":10,"dni":0,"temp":23.3,"slp":1008.25,"clouds":46,"ts":1656024300},{"precip_rate":0,"rh":47,"wind_spd":4.4,"timestamp_utc":"2022-06-23T23:00:00","snow_rate":0,"app_temp":22.6,"pres":998.51526,"azimuth":352.86,"dewpt":11.1,"uv":0,"elev_angle":-14.06,"wind_dir":114,"weather":{"icon":"c03n","code":803,"description":"Broken clouds"},"ghi":0,"dhi":0,"timestamp_local":"2022-06-24T01:00:00","solar_rad":0,"vis":10,"dni":0,"temp":23,"slp":1008,"clouds":44,"ts":1656025200},{"precip_rate":0,"rh":48,"wind_spd":4.3,"timestamp_utc":"2022-06-23T23:15:00","snow_rate":0,"app_temp":22.4,"pres":998.2617,"azimuth":266.41,"dewpt":11.2,"uv":0,"elev_angle":-14.06,"wind_dir":116,"weather":{"icon":"c02n","code":802,"description":"Scattered clouds"},"ghi":0,"dhi":0,"timestamp_local":"2022-06-24T01:15:00","solar_rad":0,"vis":10,"dni":0,"temp":22.8,"slp":1007.75,"clouds":40,"ts":1656026100},{"precip_rate":0,"rh":48,"wind_spd":4.2,"timestamp_utc":"2022-06-23T23:30:00","snow_rate":0,"app_temp":22.2,"pres":998.0082,"azimuth":179.96,"dewpt":11,"uv":0,"elev_angle":-14.07,"wind_dir":118,"weather":{"icon":"c02n","code":802,"description":"Scattered clouds"},"ghi":0,"dhi":0,"timestamp_local":"2022-06-24T01:30:00","solar_rad":0,"vis":10,"dni":0,"temp":22.6,"slp":1007.5,"clouds":35,"ts":1656027000},{"precip_rate":0,"rh":48,"wind_spd":4.1,"timestamp_utc":"2022-06-23T23:45:00","snow_rate":0,"app_temp":21.9,"pres":997.7546,"azimuth":93.5,"dewpt":10.9,"uv":0,"elev_angle":-14.07,"wind_dir":120,"weather":{"icon":"c02n","code":802,"description":"Scattered clouds"},"ghi":0,"dhi":0,"timestamp_local":"2022-06-24T01:45:00","solar_rad":0,"vis":10,"dni":0,"temp":22.4,"slp":1007.25,"clouds":30,"ts":1656027900}],"sources":["103150-99999","imerg","merra2","era5","modis"],"city_id":"2856883"}
