{"timezone":"Europe\/Berlin","state_code":"06","country_code":"DE","lat":52.2833,"lon":8,"city_name":"Osnabr�ck","station_id":"103150-99999","data":[{"precip_rate":0,"rh":76,"wind_spd":4.4,"timestamp_utc":"2022-06-05T00:00:00","snow_rate":0,"app_temp":13.7,"pres":1010.0943,"azimuth":8.05,"dewpt":9.6,"uv":0,"elev_angle":-14.83,"wind_dir":72,"weather":{"icon":"c03n","code":803,"description":"Broken clouds"},"ghi":0,"dhi":0,"timestamp_local":"2022-06-05T02:00:00","solar_rad":0,"vis":10,"dni":0,"temp":13.7,"slp":1020,"clouds":69,"ts":1654387200},{"precip_rate":0,"rh":76,"wind_spd":4.3,"timestamp_utc":"2022-06-05T00:15:00","snow_rate":0,"app_temp":13.6,"pres":1010.0911,"azimuth":11.56,"dewpt":9.5,"uv":0,"elev_angle":-14.23,"wind_dir":74,"weather":{"icon":"c04n","code":804,"description":"Overcast clouds"},"ghi":0,"dhi":0,"timestamp_local":"2022-06-05T02:15:00","solar_rad":0,"vis":10,"dni":0,"temp":13.6,"slp":1020,"clouds":76,"ts":1654388100},{"precip_rate":0,"rh":77,"wind_spd":4.2,"timestamp_utc":"2022-06-05T00:30:00","snow_rate":0,"app_temp":13.5,"pres":1010.08795,"azimuth":15.07,"dewpt":9.6,"uv":0,"elev_angle":-13.63,"wind_dir":75,"weather":{"icon":"c04n","code":804,"description":"Overcast clouds"},"ghi":0,"dhi":0,"timestamp_local":"2022-06-05T02:30:00","solar_rad":0,"vis":10,"dni":0,"temp":13.5,"slp":1020,"clouds":82,"ts":1654389000},{"precip_rate":0,"rh":78,"wind_spd":4.1,"timestamp_utc":"2022-06-05T00:45:00","snow_rate":0,"app_temp":13.4,"pres":1010.0848,"azimuth":18.57,"dewpt":9.6,"uv":0,"elev_angle":-13.03,"wind_dir":76,"weather":{"icon":"c04n","code":804,"description":"Overcast clouds"},"ghi":0,"dhi":0,"timestamp_local":"2022-06-05T02:45:00","solar_rad":0,"vis":10,"dni":0,"temp":13.4,"slp":1020,"clouds":89,"ts":1654389900},{"precip_rate":0,"rh":78,"wind_spd":4,"timestamp_utc":"2022-06-05T01:00:00","snow_rate":0,"app_temp":13.3,"pres":1010.0816,"azimuth":22.08,"dewpt":9.5,"uv":0,"elev_angle":-12.43,"wind_dir":78,"weather":{"icon":"c04n","code":804,"description":"Overcast clouds"},"ghi":0,"dhi":0,"timestamp_local":"2022-06-05T03:00:00","solar_rad":0,"vis":10,"dni":0,"temp":13.3,"slp":1020,"clouds":96,"ts":1654390800},{"precip_rate":0,"rh":78,"wind_spd":4,"timestamp_utc":"2022-06-05T01:15:00","snow_rate":0,"app_temp":13.2,"pres":1009.8308,"azimuth":25.42,"dewpt":9.5,"uv":0,"elev_angle":-11.33,"wind_dir":81,"weather":{"icon":"c04n","code":804,"description":"Overcast clouds"},"ghi":0,"dhi":0,"timestamp_local":"2022-06-05T03:15:00","solar_rad":0,"vis":10,"dni":0,"temp":13.2,"slp":1019.75,"clouds":97,"ts":1654391700},{"precip_rate":0,"rh":79,"wind_spd":4,"timestamp_utc":"2022-06-05T01:30:00","snow_rate":0,"app_temp":13.2,"pres":1009.5801,"azimuth":28.75,"dewpt":9.6,"uv":0,"elev_angle":-10.22,"wind_dir":84,"weather":{"icon":"c04n","code":804,"description":"Overcast clouds"},"ghi":0,"dhi":0,"timestamp_local":"2022-06-05T03:30:00","solar_rad":0,"vis":10,"dni":0,"temp":13.2,"slp":1019.5,"clouds":98,"ts":1654392600},{"precip_rate":0,"rh":80,"wind_spd":4,"timestamp_utc":"2022-06-05T01:45:00","snow_rate":0,"app_temp":13.1,"pres":1009.32935,"azimuth":32.09,"dewpt":9.7,"uv":0,"elev_angle":-9.12,"wind_dir":87,"weather":{"icon":"c04n","code":804,"description":"Overcast clouds"},"ghi":0,"dhi":0,"timestamp_local":"2022-06-05T03:45:00","solar_rad":0,"vis":10,"dni":0,"temp":13.1,"slp":1019.25,"clouds":99,"ts":1654393500},{"precip_rate":0,"rh":80,"wind_spd":4,"timestamp_utc":"2022-06-05T02:00:00","snow_rate":0,"app_temp":13,"pres":1009.07855,"azimuth":35.42,"dewpt":9.6,"uv":0,"elev_angle":-8.01,"wind_dir":90,"weather":{"icon":"c04n","code":804,"description":"Overcast clouds"},"ghi":0,"dhi":0,"timestamp_local":"2022-06-05T04:00:00","solar_rad":0,"vis":10,"dni":0,"temp":13,"slp":1019,"clouds":100,"ts":1654394400},{"precip_rate":0,"rh":80,"wind_spd":4,"timestamp_utc":"2022-06-05T02:15:00","snow_rate":0,"app_temp":12.9,"pres":1008.82776,"azimuth":38.54,"dewpt":9.5,"uv":0,"elev_angle":-6.49,"wind_dir":90,"weather":{"icon":"c04n","code":804,"description":"Overcast clouds"},"ghi":0,"dhi":0,"timestamp_local":"2022-06-05T04:15:00","solar_rad":0,"vis":10,"dni":0,"temp":12.9,"slp":1018.75,"clouds":100,"ts":1654395300},{"precip_rate":0,"rh":80,"wind_spd":4,"timestamp_utc":"2022-06-05T02:30:00","snow_rate":0,"app_temp":12.8,"pres":1008.577,"azimuth":41.66,"dewpt":9.4,"uv":0,"elev_angle":-4.96,"wind_dir":91,"weather":{"icon":"c04n","code":804,"description":"Overcast clouds"},"ghi":0,"dhi":0,"timestamp_local":"2022-06-05T04:30:00","solar_rad":0,"vis":10,"dni":0,"temp":12.8,"slp":1018.5,"clouds":100,"ts":1654396200},{"precip_rate":0,"rh":80,"wind_spd":4,"timestamp_utc":"2022-06-05T02:45:00","snow_rate":0,"app_temp":12.7,"pres":1008.3263,"azimuth":44.78,"dewpt":9.3,"uv":0,"elev_angle":-3.44,"wind_dir":92,"weather":{"icon":"c04n","code":804,"description":"Overcast clouds"},"ghi":0,"dhi":0,"timestamp_local":"2022-06-05T04:45:00","solar_rad":0,"vis":10,"dni":0,"temp":12.7,"slp":1018.25,"clouds":100,"ts":1654397100},{"precip_rate":0,"rh":80,"wind_spd":4,"timestamp_utc":"2022-06-05T03:00:00","snow_rate":0,"app_temp":12.6,"pres":1008.0755,"azimuth":47.9,"dewpt":9.2,"uv":0,"elev_angle":-1.91,"wind_dir":92,"weather":{"icon":"c04n","code":804,"description":"Overcast clouds"},"ghi":0,"dhi":0,"timestamp_local":"2022-06-05T05:00:00","solar_rad":0,"vis":10,"dni":0,"temp":12.6,"slp":1018,"clouds":100,"ts":1654398000},{"precip_rate":0,"rh":80,"wind_spd":4,"timestamp_utc":"2022-06-05T03:15:00","snow_rate":0,"app_temp":12.7,"pres":1008.07874,"azimuth":50.83,"dewpt":9.3,"uv":0,"elev_angle":-0.06,"wind_dir":90,"weather":{"icon":"c04n","code":804,"description":"Overcast clouds"},"ghi":14,"dhi":8.91,"timestamp_local":"2022-06-05T05:15:00","solar_rad":10.31,"vis":10,"dni":77.02,"temp":12.7,"slp":1018,"clouds":100,"ts":1654398900},{"precip_rate":0,"rh":80,"wind_spd":4,"timestamp_utc":"2022-06-05T03:30:00","snow_rate":0,"app_temp":12.8,"pres":1008.0819,"azimuth":53.76,"dewpt":9.4,"uv":0.5,"elev_angle":1.79,"wind_dir":89,"weather":{"icon":"c04n","code":804,"description":"Overcast clouds"},"ghi":28.1,"dhi":17.82,"timestamp_local":"2022-06-05T05:30:00","solar_rad":20.63,"vis":10,"dni":154.04,"temp":12.8,"slp":1018,"clouds":100,"ts":1654399800},{"precip_rate":0,"rh":80,"wind_spd":4,"timestamp_utc":"2022-06-05T03:45:00","snow_rate":0,"app_temp":12.9,"pres":1008.0851,"azimuth":56.68,"dewpt":9.5,"uv":0.6,"elev_angle":3.64,"wind_dir":88,"weather":{"icon":"c04n","code":804,"description":"Overcast clouds"},"ghi":42.1,"dhi":26.73,"timestamp_local":"2022-06-05T05:45:00","solar_rad":32.21287,"vis":10,"dni":231.05,"temp":12.9,"slp":1018,"clouds":99,"ts":1654400700},{"precip_rate":0,"rh":80,"wind_spd":4,"timestamp_utc":"2022-06-05T04:00:00","snow_rate":0,"app_temp":13,"pres":1008.0883,"azimuth":59.61,"dewpt":9.6,"uv":0.6,"elev_angle":5.49,"wind_dir":86,"weather":{"icon":"c04d","code":804,"description":"Overcast clouds"},"ghi":56.1,"dhi":35.64,"timestamp_local":"2022-06-05T06:00:00","solar_rad":42.946156,"vis":10,"dni":308.07,"temp":13,"slp":1018,"clouds":99,"ts":1654401600},{"precip_rate":0,"rh":79,"wind_spd":4.1,"timestamp_utc":"2022-06-05T04:15:00","snow_rate":0,"app_temp":13.3,"pres":1007.8534,"azimuth":62.42,"dewpt":9.8,"uv":0.8,"elev_angle":7.57,"wind_dir":87,"weather":{"icon":"c04d","code":804,"description":"Overcast clouds"},"ghi":88.6,"dhi":42.13,"timestamp_local":"2022-06-05T06:15:00","solar_rad":47.989033,"vis":10,"dni":369.03,"temp":13.3,"slp":1017.75,"clouds":82,"ts":1654402500},{"precip_rate":0,"rh":78,"wind_spd":4.2,"timestamp_utc":"2022-06-05T04:30:00","snow_rate":0,"app_temp":13.7,"pres":1007.6185,"azimuth":65.22,"dewpt":9.9,"uv":1,"elev_angle":9.66,"wind_dir":88,"weather":{"icon":"c03d","code":803,"description":"Broken clouds"},"ghi":121.1,"dhi":48.63,"timestamp_local":"2022-06-05T06:30:00","solar_rad":94.563965,"vis":10,"dni":429.98,"temp":13.7,"slp":1017.5,"clouds":66,"ts":1654403400},{"precip_rate":0,"rh":76,"wind_spd":4.3,"timestamp_utc":"2022-06-05T04:45:00","snow_rate":0,"app_temp":14,"pres":1007.38367,"azimuth":68.03,"dewpt":9.9,"uv":1.2,"elev_angle":11.74,"wind_dir":89,"weather":{"icon":"c03d","code":803,"description":"Broken clouds"},"ghi":153.5,"dhi":55.12,"timestamp_local":"2022-06-05T06:45:00","solar_rad":140.41273,"vis":10,"dni":490.94,"temp":14,"slp":1017.25,"clouds":50,"ts":1654404300},{"precip_rate":0,"rh":75,"wind_spd":4.4,"timestamp_utc":"2022-06-05T05:00:00","snow_rate":0,"app_temp":14.4,"pres":1007.14874,"azimuth":70.83,"dewpt":10,"uv":1.5,"elev_angle":13.82,"wind_dir":90,"weather":{"icon":"c02d","code":802,"description":"Scattered clouds"},"ghi":186,"dhi":61.61,"timestamp_local":"2022-06-05T07:00:00","solar_rad":182.13898,"vis":10,"dni":551.89,"temp":14.4,"slp":1017,"clouds":33,"ts":1654405200},{"precip_rate":0,"rh":73,"wind_spd":4.3,"timestamp_utc":"2022-06-05T05:15:00","snow_rate":0,"app_temp":15,"pres":1007.4151,"azimuth":73.62,"dewpt":10.2,"uv":1.3,"elev_angle":16.05,"wind_dir":94,"weather":{"icon":"c03d","code":803,"description":"Broken clouds"},"ghi":224.3,"dhi":66.18,"timestamp_local":"2022-06-05T07:15:00","solar_rad":198.4001,"vis":10,"dni":585.93,"temp":15,"slp":1017.25,"clouds":50,"ts":1654406100},{"precip_rate":0,"rh":70,"wind_spd":4.2,"timestamp_utc":"2022-06-05T05:30:00","snow_rate":0,"app_temp":15.6,"pres":1007.6815,"azimuth":76.42,"dewpt":10.1,"uv":1.2,"elev_angle":18.28,"wind_dir":97,"weather":{"icon":"c03d","code":803,"description":"Broken clouds"},"ghi":262.7,"dhi":70.75,"timestamp_local":"2022-06-05T07:30:00","solar_rad":205.13586,"vis":10,"dni":619.97,"temp":15.6,"slp":1017.5,"clouds":66,"ts":1654407000},{"precip_rate":0,"rh":68,"wind_spd":4.1,"timestamp_utc":"2022-06-05T05:45:00","snow_rate":0,"app_temp":16.1,"pres":1007.9479,"azimuth":79.21,"dewpt":10.2,"uv":1,"elev_angle":20.51,"wind_dir":100,"weather":{"icon":"c04d","code":804,"description":"Overcast clouds"},"ghi":301,"dhi":75.31,"timestamp_local":"2022-06-05T07:45:00","solar_rad":148.14586,"vis":10,"dni":654,"temp":16.1,"slp":1017.75,"clouds":83,"ts":1654407900},{"precip_rate":0,"rh":66,"wind_spd":4,"timestamp_utc":"2022-06-05T06:00:00","snow_rate":0,"app_temp":16.7,"pres":1008.21423,"azimuth":82,"dewpt":10.3,"uv":0.8,"elev_angle":22.74,"wind_dir":104,"weather":{"icon":"c04d","code":804,"description":"Overcast clouds"},"ghi":339.4,"dhi":79.88,"timestamp_local":"2022-06-05T08:00:00","solar_rad":102.721535,"vis":10,"dni":688.04,"temp":16.7,"slp":1018,"clouds":100,"ts":1654408800},{"precip_rate":0,"rh":65,"wind_spd":3.9,"timestamp_utc":"2022-06-05T06:15:00","snow_rate":0,"app_temp":17.2,"pres":1007.98206,"azimuth":84.93,"dewpt":10.5,"uv":0.8,"elev_angle":25.03,"wind_dir":104,"weather":{"icon":"c04d","code":804,"description":"Overcast clouds"},"ghi":378.6,"dhi":83.3,"timestamp_local":"2022-06-05T08:15:00","solar_rad":108.690956,"vis":10,"dni":709.58,"temp":17.2,"slp":1017.75,"clouds":100,"ts":1654409700},{"precip_rate":0,"rh":64,"wind_spd":3.8,"timestamp_utc":"2022-06-05T06:30:00","snow_rate":0,"app_temp":17.6,"pres":1007.7499,"azimuth":87.86,"dewpt":10.7,"uv":0.9,"elev_angle":27.32,"wind_dir":103,"weather":{"icon":"c04d","code":804,"description":"Overcast clouds"},"ghi":417.9,"dhi":86.72,"timestamp_local":"2022-06-05T08:30:00","solar_rad":114.639946,"vis":10,"dni":731.12,"temp":17.6,"slp":1017.5,"clouds":100,"ts":1654410600},{"precip_rate":0,"rh":62,"wind_spd":3.7,"timestamp_utc":"2022-06-05T06:45:00","snow_rate":0,"app_temp":18.1,"pres":1007.51776,"azimuth":90.78,"dewpt":10.7,"uv":1,"elev_angle":29.61,"wind_dir":102,"weather":{"icon":"c04d","code":804,"description":"Overcast clouds"},"ghi":457.2,"dhi":90.14,"timestamp_local":"2022-06-05T08:45:00","solar_rad":134.62836,"vis":10,"dni":752.65,"temp":18.1,"slp":1017.25,"clouds":99,"ts":1654411500},{"precip_rate":0,"rh":61,"wind_spd":3.6,"timestamp_utc":"2022-06-05T07:00:00","snow_rate":0,"app_temp":18,"pres":1007.2856,"azimuth":93.71,"dewpt":10.8,"uv":1.1,"elev_angle":31.9,"wind_dir":102,"weather":{"icon":"c04d","code":804,"description":"Overcast clouds"},"ghi":496.4,"dhi":93.56,"timestamp_local":"2022-06-05T09:00:00","solar_rad":141.7307,"vis":10,"dni":774.19,"temp":18.5,"slp":1017,"clouds":99,"ts":1654412400},{"precip_rate":0,"rh":60,"wind_spd":3.6,"timestamp_utc":"2022-06-05T07:15:00","snow_rate":0,"app_temp":18.4,"pres":1007.2978,"azimuth":96.98,"dewpt":10.9,"uv":1.2,"elev_angle":34.16,"wind_dir":100,"weather":{"icon":"c04d","code":804,"description":"Overcast clouds"},"ghi":532.8,"dhi":96.12,"timestamp_local":"2022-06-05T09:15:00","solar_rad":147.76236,"vis":10,"dni":788.45,"temp":18.9,"slp":1017,"clouds":99,"ts":1654413300},{"precip_rate":0,"rh":60,"wind_spd":3.6,"timestamp_utc":"2022-06-05T07:30:00","snow_rate":0,"app_temp":18.8,"pres":1007.30994,"azimuth":100.25,"dewpt":11.3,"uv":1.3,"elev_angle":36.41,"wind_dir":98,"weather":{"icon":"c04d","code":804,"description":"Overcast clouds"},"ghi":569.1,"dhi":98.68,"timestamp_local":"2022-06-05T09:30:00","solar_rad":170.24751,"vis":10,"dni":802.72,"temp":19.3,"slp":1017,"clouds":98,"ts":1654414200},{"precip_rate":0,"rh":60,"wind_spd":3.6,"timestamp_utc":"2022-06-05T07:45:00","snow_rate":0,"app_temp":19.2,"pres":1007.32214,"azimuth":103.52,"dewpt":11.7,"uv":1.4,"elev_angle":38.67,"wind_dir":96,"weather":{"icon":"c04d","code":804,"description":"Overcast clouds"},"ghi":605.4,"dhi":101.24,"timestamp_local":"2022-06-05T09:45:00","solar_rad":176.94695,"vis":10,"dni":816.98,"temp":19.6,"slp":1017,"clouds":98,"ts":1654415100},{"precip_rate":0,"rh":59,"wind_spd":3.6,"timestamp_utc":"2022-06-05T08:00:00","snow_rate":0,"app_temp":19.6,"pres":1007.33435,"azimuth":106.79,"dewpt":11.7,"uv":1.6,"elev_angle":40.92,"wind_dir":94,"weather":{"icon":"c04d","code":804,"description":"Overcast clouds"},"ghi":641.8,"dhi":103.8,"timestamp_local":"2022-06-05T10:00:00","solar_rad":183.97339,"vis":10,"dni":831.24,"temp":20,"slp":1017,"clouds":98,"ts":1654416000},{"precip_rate":0,"rh":58,"wind_spd":3.7,"timestamp_utc":"2022-06-05T08:15:00","snow_rate":0,"app_temp":19.9,"pres":1007.0958,"azimuth":110.72,"dewpt":11.7,"uv":1.7,"elev_angle":43.01,"wind_dir":94,"weather":{"icon":"c04d","code":804,"description":"Overcast clouds"},"ghi":671.9,"dhi":105.63,"timestamp_local":"2022-06-05T10:15:00","solar_rad":189.61353,"vis":10,"dni":840.6,"temp":20.3,"slp":1016.75,"clouds":98,"ts":1654416900},{"precip_rate":0,"rh":58,"wind_spd":3.8,"timestamp_utc":"2022-06-05T08:30:00","snow_rate":0,"app_temp":20.2,"pres":1006.85724,"azimuth":114.66,"dewpt":12,"uv":1.8,"elev_angle":45.09,"wind_dir":93,"weather":{"icon":"c04d","code":804,"description":"Overcast clouds"},"ghi":702,"dhi":107.46,"timestamp_local":"2022-06-05T10:30:00","solar_rad":194.83585,"vis":10,"dni":849.97,"temp":20.6,"slp":1016.5,"clouds":98,"ts":1654417800},{"precip_rate":0,"rh":58,"wind_spd":3.9,"timestamp_utc":"2022-06-05T08:45:00","snow_rate":0,"app_temp":20.5,"pres":1006.61865,"azimuth":118.59,"dewpt":12.3,"uv":2,"elev_angle":47.18,"wind_dir":92,"weather":{"icon":"c04d","code":804,"description":"Overcast clouds"},"ghi":732.2,"dhi":109.29,"timestamp_local":"2022-06-05T10:45:00","solar_rad":113.06861,"vis":10,"dni":859.33,"temp":20.8,"slp":1016.25,"clouds":97,"ts":1654418700},{"precip_rate":0,"rh":57,"wind_spd":4,"timestamp_utc":"2022-06-05T09:00:00","snow_rate":0,"app_temp":20.8,"pres":1006.3801,"azimuth":122.52,"dewpt":12.3,"uv":2.1,"elev_angle":49.26,"wind_dir":92,"weather":{"icon":"c04d","code":804,"description":"Overcast clouds"},"ghi":762.3,"dhi":111.12,"timestamp_local":"2022-06-05T11:00:00","solar_rad":117.744606,"vis":10,"dni":868.69,"temp":21.1,"slp":1016,"clouds":97,"ts":1654419600},{"precip_rate":0,"rh":56,"wind_spd":4.3,"timestamp_utc":"2022-06-05T09:15:00","snow_rate":0,"app_temp":21.1,"pres":1006.3921,"azimuth":127.53,"dewpt":12.3,"uv":2.2,"elev_angle":50.96,"wind_dir":98,"weather":{"icon":"c04d","code":804,"description":"Overcast clouds"},"ghi":783.6,"dhi":112.3,"timestamp_local":"2022-06-05T11:15:00","solar_rad":209.36716,"vis":10,"dni":874.37,"temp":21.5,"slp":1016,"clouds":98,"ts":1654420500},{"precip_rate":0,"rh":55,"wind_spd":4.6,"timestamp_utc":"2022-06-05T09:30:00","snow_rate":0,"app_temp":21.5,"pres":1006.40405,"azimuth":132.53,"dewpt":12.4,"uv":2.3,"elev_angle":52.66,"wind_dir":105,"weather":{"icon":"c04d","code":804,"description":"Overcast clouds"},"ghi":805,"dhi":113.48,"timestamp_local":"2022-06-05T11:30:00","solar_rad":213.09935,"vis":10,"dni":880.06,"temp":21.9,"slp":1016,"clouds":98,"ts":1654421400},{"precip_rate":0,"rh":54,"wind_spd":4.9,"timestamp_utc":"2022-06-05T09:45:00","snow_rate":0,"app_temp":21.9,"pres":1006.4161,"azimuth":137.54,"dewpt":12.5,"uv":2.3,"elev_angle":54.35,"wind_dir":112,"weather":{"icon":"c04d","code":804,"description":"Overcast clouds"},"ghi":826.3,"dhi":114.65,"timestamp_local":"2022-06-05T11:45:00","solar_rad":192.42911,"vis":10,"dni":885.74,"temp":22.2,"slp":1016,"clouds":99,"ts":1654422300},{"precip_rate":0,"rh":53,"wind_spd":5.2,"timestamp_utc":"2022-06-05T10:00:00","snow_rate":0,"app_temp":22.3,"pres":1006.42804,"azimuth":142.54,"dewpt":12.5,"uv":2.4,"elev_angle":56.05,"wind_dir":118,"weather":{"icon":"c04d","code":804,"description":"Overcast clouds"},"ghi":847.7,"dhi":115.83,"timestamp_local":"2022-06-05T12:00:00","solar_rad":169.91013,"vis":10,"dni":891.42,"temp":22.6,"slp":1016,"clouds":100,"ts":1654423200},{"precip_rate":0,"rh":53,"wind_spd":5,"timestamp_utc":"2022-06-05T10:15:00","snow_rate":0,"app_temp":22.5,"pres":1006.18634,"azimuth":148.85,"dewpt":12.7,"uv":2.5,"elev_angle":57.02,"wind_dir":116,"weather":{"icon":"c04d","code":804,"description":"Overcast clouds"},"ghi":858.5,"dhi":116.4,"timestamp_local":"2022-06-05T12:15:00","solar_rad":170.8581,"vis":10,"dni":894.05,"temp":22.8,"slp":1015.75,"clouds":100,"ts":1654424100},{"precip_rate":0,"rh":52,"wind_spd":4.8,"timestamp_utc":"2022-06-05T10:30:00","snow_rate":0,"app_temp":22.7,"pres":1005.94464,"azimuth":155.17,"dewpt":12.6,"uv":2.5,"elev_angle":57.99,"wind_dir":115,"weather":{"icon":"c04d","code":804,"description":"Overcast clouds"},"ghi":869.3,"dhi":116.96,"timestamp_local":"2022-06-05T12:30:00","solar_rad":172.39099,"vis":10,"dni":896.67,"temp":22.9,"slp":1015.5,"clouds":100,"ts":1654425000},{"precip_rate":0,"rh":52,"wind_spd":4.6,"timestamp_utc":"2022-06-05T10:45:00","snow_rate":0,"app_temp":22.9,"pres":1005.70294,"azimuth":161.48,"dewpt":12.7,"uv":2.6,"elev_angle":58.96,"wind_dir":114,"weather":{"icon":"c04d","code":804,"description":"Overcast clouds"},"ghi":880,"dhi":117.53,"timestamp_local":"2022-06-05T12:45:00","solar_rad":173.32413,"vis":10,"dni":899.3,"temp":23.1,"slp":1015.25,"clouds":100,"ts":1654425900},{"precip_rate":0,"rh":52,"wind_spd":4.4,"timestamp_utc":"2022-06-05T11:00:00","snow_rate":0,"app_temp":23,"pres":1005.46124,"azimuth":167.79,"dewpt":12.9,"uv":2.6,"elev_angle":59.93,"wind_dir":112,"weather":{"icon":"c04d","code":804,"description":"Overcast clouds"},"ghi":890.8,"dhi":118.09,"timestamp_local":"2022-06-05T13:00:00","solar_rad":174.24294,"vis":10,"dni":901.92,"temp":23.3,"slp":1015,"clouds":100,"ts":1654426800},{"precip_rate":0,"rh":52,"wind_spd":4.4,"timestamp_utc":"2022-06-05T11:15:00","snow_rate":0,"app_temp":23,"pres":1005.45825,"azimuth":174.72,"dewpt":12.8,"uv":2.6,"elev_angle":59.87,"wind_dir":112,"weather":{"icon":"c04d","code":804,"description":"Overcast clouds"},"ghi":890.1,"dhi":118.05,"timestamp_local":"2022-06-05T13:15:00","solar_rad":174.30257,"vis":10,"dni":901.76,"temp":23.2,"slp":1015,"clouds":100,"ts":1654427700},{"precip_rate":0,"rh":52,"wind_spd":4.4,"timestamp_utc":"2022-06-05T11:30:00","snow_rate":0,"app_temp":22.9,"pres":1005.4553,"azimuth":181.65,"dewpt":12.8,"uv":2.6,"elev_angle":59.8,"wind_dir":111,"weather":{"icon":"c04d","code":804,"description":"Overcast clouds"},"ghi":889.4,"dhi":118.02,"timestamp_local":"2022-06-05T13:30:00","solar_rad":174.37128,"vis":10,"dni":901.6,"temp":23.1,"slp":1015,"clouds":100,"ts":1654428600},{"precip_rate":0.5,"rh":53,"wind_spd":4.4,"timestamp_utc":"2022-06-05T11:45:00","snow_rate":0,"app_temp":22.8,"pres":1005.4524,"azimuth":188.57,"dewpt":13,"uv":2.6,"elev_angle":59.74,"wind_dir":110,"weather":{"icon":"c04d","code":804,"description":"Overcast clouds"},"ghi":888.7,"dhi":117.98,"timestamp_local":"2022-06-05T13:45:00","solar_rad":173.80585,"vis":10,"dni":901.43,"temp":23.1,"slp":1015,"clouds":100,"ts":1654429500},{"precip_rate":1,"rh":53,"wind_spd":4.4,"timestamp_utc":"2022-06-05T12:00:00","snow_rate":0,"app_temp":22.7,"pres":1005.4494,"azimuth":195.5,"dewpt":12.9,"uv":2.6,"elev_angle":59.67,"wind_dir":110,"weather":{"icon":"r01d","code":500,"description":"Light rain"},"ghi":888.1,"dhi":117.94,"timestamp_local":"2022-06-05T14:00:00","solar_rad":173.87279,"vis":10,"dni":901.27,"temp":23,"slp":1015,"clouds":100,"ts":1654430400},{"precip_rate":1.25,"rh":55,"wind_spd":4.2,"timestamp_utc":"2022-06-05T12:15:00","snow_rate":0,"app_temp":22.6,"pres":1005.1958,"azimuth":201.67,"dewpt":13.3,"uv":2.5,"elev_angle":58.59,"wind_dir":112,"weather":{"icon":"r01d","code":500,"description":"Light rain"},"ghi":875.9,"dhi":117.31,"timestamp_local":"2022-06-05T14:15:00","solar_rad":156.96817,"vis":10,"dni":898.3,"temp":22.8,"slp":1014.75,"clouds":100,"ts":1654431300},{"precip_rate":1.5,"rh":56,"wind_spd":4,"timestamp_utc":"2022-06-05T12:30:00","snow_rate":0,"app_temp":22.4,"pres":1004.9422,"azimuth":207.84,"dewpt":13.4,"uv":2.5,"elev_angle":57.52,"wind_dir":113,"weather":{"icon":"r01d","code":500,"description":"Light rain"},"ghi":863.8,"dhi":116.67,"timestamp_local":"2022-06-05T14:30:00","solar_rad":152.52318,"vis":10,"dni":895.33,"temp":22.6,"slp":1014.5,"clouds":100,"ts":1654432200},{"precip_rate":1.5,"rh":58,"wind_spd":3.8,"timestamp_utc":"2022-06-05T12:45:00","snow_rate":0,"app_temp":22.2,"pres":1004.6886,"azimuth":214,"dewpt":13.7,"uv":2.4,"elev_angle":56.44,"wind_dir":114,"weather":{"icon":"r01d","code":500,"description":"Light rain"},"ghi":851.7,"dhi":116.04,"timestamp_local":"2022-06-05T14:45:00","solar_rad":150.45963,"vis":10,"dni":892.36,"temp":22.4,"slp":1014.25,"clouds":100,"ts":1654433100},{"precip_rate":1.5,"rh":60,"wind_spd":3.6,"timestamp_utc":"2022-06-05T13:00:00","snow_rate":0,"app_temp":22,"pres":1004.435,"azimuth":220.17,"dewpt":14.1,"uv":2.4,"elev_angle":55.36,"wind_dir":116,"weather":{"icon":"r01d","code":500,"description":"Light rain"},"ghi":839.6,"dhi":115.4,"timestamp_local":"2022-06-05T15:00:00","solar_rad":148.43152,"vis":10,"dni":889.39,"temp":22.2,"slp":1014,"clouds":100,"ts":1654434000},{"precip_rate":1.25,"rh":63,"wind_spd":3.9,"timestamp_utc":"2022-06-05T13:15:00","snow_rate":0,"app_temp":21.6,"pres":1003.92474,"azimuth":225.03,"dewpt":14.4,"uv":2.2,"elev_angle":53.6,"wind_dir":118,"weather":{"icon":"r01d","code":500,"description":"Light rain"},"ghi":817.1,"dhi":114.15,"timestamp_local":"2022-06-05T15:15:00","solar_rad":148.11452,"vis":10,"dni":883.31,"temp":21.8,"slp":1013.5,"clouds":100,"ts":1654434900},{"precip_rate":1,"rh":66,"wind_spd":4.2,"timestamp_utc":"2022-06-05T13:30:00","snow_rate":0,"app_temp":21.2,"pres":1003.4145,"azimuth":229.89,"dewpt":14.7,"uv":2.1,"elev_angle":51.85,"wind_dir":121,"weather":{"icon":"r01d","code":500,"description":"Light rain"},"ghi":794.6,"dhi":112.9,"timestamp_local":"2022-06-05T15:30:00","solar_rad":159.12593,"vis":10,"dni":877.24,"temp":21.3,"slp":1013,"clouds":100,"ts":1654435800},{"precip_rate":0.75,"rh":69,"wind_spd":4.5,"timestamp_utc":"2022-06-05T13:45:00","snow_rate":0,"app_temp":20.8,"pres":1002.90424,"azimuth":234.74,"dewpt":15,"uv":2,"elev_angle":50.09,"wind_dir":124,"weather":{"icon":"r01d","code":500,"description":"Light rain"},"ghi":772.1,"dhi":111.64,"timestamp_local":"2022-06-05T15:45:00","solar_rad":155.95207,"vis":10,"dni":871.16,"temp":20.9,"slp":1012.5,"clouds":100,"ts":1654436700},{"precip_rate":0.5,"rh":72,"wind_spd":4.8,"timestamp_utc":"2022-06-05T14:00:00","snow_rate":0,"app_temp":20.4,"pres":1002.394,"azimuth":239.6,"dewpt":15.2,"uv":1.9,"elev_angle":48.33,"wind_dir":126,"weather":{"icon":"c04d","code":804,"description":"Overcast clouds"},"ghi":749.6,"dhi":110.39,"timestamp_local":"2022-06-05T16:00:00","solar_rad":152.87419,"vis":10,"dni":865.08,"temp":20.4,"slp":1012,"clouds":100,"ts":1654437600},{"precip_rate":0.5,"rh":73,"wind_spd":4.8,"timestamp_utc":"2022-06-05T14:15:00","snow_rate":0,"app_temp":20.3,"pres":1002.391,"azimuth":243.43,"dewpt":15.3,"uv":1.8,"elev_angle":46.22,"wind_dir":127,"weather":{"icon":"c04d","code":804,"description":"Overcast clouds"},"ghi":718.6,"dhi":108.48,"timestamp_local":"2022-06-05T16:15:00","solar_rad":170.65184,"vis":10,"dni":855.22,"temp":20.3,"slp":1012,"clouds":99,"ts":1654438500},{"precip_rate":0.5,"rh":74,"wind_spd":4.8,"timestamp_utc":"2022-06-05T14:30:00","snow_rate":0,"app_temp":20.2,"pres":1002.38794,"azimuth":247.27,"dewpt":15.4,"uv":1.7,"elev_angle":44.11,"wind_dir":128,"weather":{"icon":"c04d","code":804,"description":"Overcast clouds"},"ghi":687.6,"dhi":106.57,"timestamp_local":"2022-06-05T16:30:00","solar_rad":186.08153,"vis":10,"dni":845.36,"temp":20.2,"slp":1012,"clouds":98,"ts":1654439400},{"precip_rate":0.5,"rh":76,"wind_spd":4.8,"timestamp_utc":"2022-06-05T14:45:00","snow_rate":0,"app_temp":20.1,"pres":1002.3849,"azimuth":251.1,"dewpt":15.7,"uv":1.6,"elev_angle":41.99,"wind_dir":129,"weather":{"icon":"c04d","code":804,"description":"Overcast clouds"},"ghi":656.6,"dhi":104.65,"timestamp_local":"2022-06-05T16:45:00","solar_rad":179.92955,"vis":10,"dni":835.49,"temp":20.1,"slp":1012,"clouds":98,"ts":1654440300},{"precip_rate":0.5,"rh":77,"wind_spd":4.8,"timestamp_utc":"2022-06-05T15:00:00","snow_rate":0,"app_temp":20.1,"pres":1002.3819,"azimuth":254.93,"dewpt":15.8,"uv":1.5,"elev_angle":39.88,"wind_dir":130,"weather":{"icon":"c04d","code":804,"description":"Overcast clouds"},"ghi":625.6,"dhi":102.74,"timestamp_local":"2022-06-05T17:00:00","solar_rad":192.23553,"vis":10,"dni":825.63,"temp":20,"slp":1012,"clouds":97,"ts":1654441200},{"precip_rate":0.5,"rh":78,"wind_spd":4.8,"timestamp_utc":"2022-06-05T15:15:00","snow_rate":0,"app_temp":19.9,"pres":1002.37585,"azimuth":258.15,"dewpt":15.9,"uv":1.4,"elev_angle":37.62,"wind_dir":132,"weather":{"icon":"c04d","code":804,"description":"Overcast clouds"},"ghi":588.8,"dhi":100.09,"timestamp_local":"2022-06-05T17:15:00","solar_rad":102.09938,"vis":10,"dni":810.68,"temp":19.8,"slp":1012,"clouds":96,"ts":1654442100},{"precip_rate":0.5,"rh":80,"wind_spd":4.8,"timestamp_utc":"2022-06-05T15:30:00","snow_rate":0,"app_temp":19.8,"pres":1002.36975,"azimuth":261.37,"dewpt":16.1,"uv":1.3,"elev_angle":35.35,"wind_dir":134,"weather":{"icon":"c04d","code":804,"description":"Overcast clouds"},"ghi":551.9,"dhi":97.44,"timestamp_local":"2022-06-05T17:30:00","solar_rad":191.35812,"vis":10,"dni":795.72,"temp":19.6,"slp":1012,"clouds":96,"ts":1654443000},{"precip_rate":0.25,"rh":82,"wind_spd":4.8,"timestamp_utc":"2022-06-05T15:45:00","snow_rate":0,"app_temp":19.6,"pres":1002.3637,"azimuth":264.58,"dewpt":16.3,"uv":1.2,"elev_angle":33.09,"wind_dir":136,"weather":{"icon":"c04d","code":804,"description":"Overcast clouds"},"ghi":515.1,"dhi":94.79,"timestamp_local":"2022-06-05T17:45:00","solar_rad":102.77509,"vis":10,"dni":780.77,"temp":19.5,"slp":1012,"clouds":95,"ts":1654443900},{"precip_rate":1,"rh":83,"wind_spd":4.8,"timestamp_utc":"2022-06-05T16:00:00","snow_rate":0,"app_temp":19.5,"pres":1002.35767,"azimuth":267.8,"dewpt":16.3,"uv":1.2,"elev_angle":30.82,"wind_dir":138,"weather":{"icon":"r01d","code":500,"description":"Light rain"},"ghi":478.3,"dhi":92.14,"timestamp_local":"2022-06-05T18:00:00","solar_rad":108.17529,"vis":10,"dni":765.81,"temp":19.3,"slp":1012,"clouds":94,"ts":1654444800},{"precip_rate":1,"rh":84,"wind_spd":4.8,"timestamp_utc":"2022-06-05T16:15:00","snow_rate":0,"app_temp":19.4,"pres":1002.107,"azimuth":270.7,"dewpt":16.4,"uv":1,"elev_angle":28.53,"wind_dir":138,"weather":{"icon":"r01d","code":500,"description":"Light rain"},"ghi":438.9,"dhi":88.61,"timestamp_local":"2022-06-05T18:15:00","solar_rad":87.42123,"vis":10,"dni":743.18,"temp":19.2,"slp":1011.75,"clouds":95,"ts":1654445700},{"precip_rate":1,"rh":84,"wind_spd":4.8,"timestamp_utc":"2022-06-05T16:30:00","snow_rate":0,"app_temp":19.3,"pres":1001.8563,"azimuth":273.6,"dewpt":16.3,"uv":0.9,"elev_angle":26.25,"wind_dir":139,"weather":{"icon":"r01d","code":500,"description":"Light rain"},"ghi":399.6,"dhi":85.08,"timestamp_local":"2022-06-05T18:30:00","solar_rad":152.56723,"vis":10,"dni":720.55,"temp":19.1,"slp":1011.5,"clouds":96,"ts":1654446600},{"precip_rate":1,"rh":84,"wind_spd":4.8,"timestamp_utc":"2022-06-05T16:45:00","snow_rate":0,"app_temp":19.1,"pres":1001.6057,"azimuth":276.5,"dewpt":16.2,"uv":0.8,"elev_angle":23.96,"wind_dir":140,"weather":{"icon":"r01d","code":500,"description":"Light rain"},"ghi":360.2,"dhi":81.54,"timestamp_local":"2022-06-05T18:45:00","solar_rad":121.912636,"vis":10,"dni":697.91,"temp":19,"slp":1011.25,"clouds":98,"ts":1654447500},{"precip_rate":1,"rh":85,"wind_spd":4.8,"timestamp_utc":"2022-06-05T17:00:00","snow_rate":0,"app_temp":19.1,"pres":1001.35504,"azimuth":279.4,"dewpt":16.3,"uv":0.7,"elev_angle":21.67,"wind_dir":140,"weather":{"icon":"r01d","code":500,"description":"Light rain"},"ghi":320.9,"dhi":78.01,"timestamp_local":"2022-06-05T19:00:00","solar_rad":104.33846,"vis":10,"dni":675.28,"temp":18.9,"slp":1011,"clouds":99,"ts":1654448400},{"precip_rate":1,"rh":86,"wind_spd":4.8,"timestamp_utc":"2022-06-05T17:15:00","snow_rate":0,"app_temp":19,"pres":1001.352,"azimuth":282.19,"dewpt":16.4,"uv":0.7,"elev_angle":19.46,"wind_dir":142,"weather":{"icon":"r01d","code":500,"description":"Light rain"},"ghi":283,"dhi":73.28,"timestamp_local":"2022-06-05T19:15:00","solar_rad":96.35392,"vis":10,"dni":639.21,"temp":18.8,"slp":1011,"clouds":99,"ts":1654449300},{"precip_rate":1,"rh":86,"wind_spd":4.8,"timestamp_utc":"2022-06-05T17:30:00","snow_rate":0,"app_temp":18.9,"pres":1001.349,"azimuth":284.98,"dewpt":16.3,"uv":0.6,"elev_angle":17.25,"wind_dir":145,"weather":{"icon":"r01d","code":500,"description":"Light rain"},"ghi":245.1,"dhi":68.55,"timestamp_local":"2022-06-05T19:30:00","solar_rad":81.11915,"vis":10,"dni":603.14,"temp":18.7,"slp":1011,"clouds":100,"ts":1654450200},{"precip_rate":1,"rh":86,"wind_spd":4.8,"timestamp_utc":"2022-06-05T17:45:00","snow_rate":0,"app_temp":18.8,"pres":1001.34595,"azimuth":287.76,"dewpt":16.2,"uv":0.6,"elev_angle":15.03,"wind_dir":148,"weather":{"icon":"r01d","code":500,"description":"Light rain"},"ghi":207.2,"dhi":63.82,"timestamp_local":"2022-06-05T19:45:00","solar_rad":74.41925,"vis":10,"dni":567.06,"temp":18.6,"slp":1011,"clouds":100,"ts":1654451100},{"precip_rate":1,"rh":87,"wind_spd":4.8,"timestamp_utc":"2022-06-05T18:00:00","snow_rate":0,"app_temp":18.7,"pres":1001.3429,"azimuth":290.55,"dewpt":16.3,"uv":0.6,"elev_angle":12.82,"wind_dir":150,"weather":{"icon":"r01d","code":500,"description":"Light rain"},"ghi":169.3,"dhi":59.09,"timestamp_local":"2022-06-05T20:00:00","solar_rad":67.601265,"vis":10,"dni":530.99,"temp":18.5,"slp":1011,"clouds":100,"ts":1654452000},{"precip_rate":0.875,"rh":88,"wind_spd":5,"timestamp_utc":"2022-06-05T18:15:00","snow_rate":0,"app_temp":18.6,"pres":1001.33984,"azimuth":293.37,"dewpt":16.4,"uv":0.6,"elev_angle":10.76,"wind_dir":152,"weather":{"icon":"r01d","code":500,"description":"Light rain"},"ghi":138,"dhi":52.27,"timestamp_local":"2022-06-05T20:15:00","solar_rad":59.109093,"vis":10,"dni":465.05,"temp":18.4,"slp":1011,"clouds":100,"ts":1654452900},{"precip_rate":0.75,"rh":88,"wind_spd":5.2,"timestamp_utc":"2022-06-05T18:30:00","snow_rate":0,"app_temp":18.3,"pres":1001.3368,"azimuth":296.19,"dewpt":16.3,"uv":0.6,"elev_angle":8.71,"wind_dir":153,"weather":{"icon":"r01d","code":500,"description":"Light rain"},"ghi":106.7,"dhi":45.46,"timestamp_local":"2022-06-05T20:30:00","solar_rad":50.705254,"vis":9,"dni":399.1,"temp":18.3,"slp":1011,"clouds":100,"ts":1654453800},{"precip_rate":0.625,"rh":88,"wind_spd":5.4,"timestamp_utc":"2022-06-05T18:45:00","snow_rate":0,"app_temp":18.2,"pres":1001.33374,"azimuth":299,"dewpt":16.2,"uv":0.5,"elev_angle":6.65,"wind_dir":154,"weather":{"icon":"r01d","code":500,"description":"Light rain"},"ghi":75.5,"dhi":38.64,"timestamp_local":"2022-06-05T20:45:00","solar_rad":42.279003,"vis":7,"dni":333.16,"temp":18.2,"slp":1011,"clouds":100,"ts":1654454700},{"precip_rate":0.5,"rh":89,"wind_spd":5.6,"timestamp_utc":"2022-06-05T19:00:00","snow_rate":0,"app_temp":18.1,"pres":1001.3307,"azimuth":301.82,"dewpt":16.3,"uv":0.5,"elev_angle":4.59,"wind_dir":156,"weather":{"icon":"c04n","code":804,"description":"Overcast clouds"},"ghi":44.2,"dhi":31.82,"timestamp_local":"2022-06-05T21:00:00","solar_rad":33.801826,"vis":9,"dni":267.21,"temp":18.1,"slp":1011,"clouds":100,"ts":1654455600},{"precip_rate":0.25,"rh":90,"wind_spd":5.4,"timestamp_utc":"2022-06-05T19:15:00","snow_rate":0,"app_temp":18,"pres":1001.32764,"azimuth":304.77,"dewpt":16.4,"uv":0.5,"elev_angle":2.78,"wind_dir":156,"weather":{"icon":"c04n","code":804,"description":"Overcast clouds"},"ghi":33.1,"dhi":23.87,"timestamp_local":"2022-06-05T21:15:00","solar_rad":25.341305,"vis":10,"dni":200.41,"temp":18,"slp":1011,"clouds":100,"ts":1654456500},{"precip_rate":0.5,"rh":91,"wind_spd":5.2,"timestamp_utc":"2022-06-05T19:30:00","snow_rate":0,"app_temp":17.9,"pres":1001.3246,"azimuth":307.72,"dewpt":16.5,"uv":0.5,"elev_angle":0.97,"wind_dir":157,"weather":{"icon":"c04n","code":804,"description":"Overcast clouds"},"ghi":22.1,"dhi":15.91,"timestamp_local":"2022-06-05T21:30:00","solar_rad":16.884706,"vis":10,"dni":133.61,"temp":17.9,"slp":1011,"clouds":100,"ts":1654457400},{"precip_rate":0.25,"rh":92,"wind_spd":5,"timestamp_utc":"2022-06-05T19:45:00","snow_rate":0,"app_temp":17.9,"pres":1001.3215,"azimuth":310.66,"dewpt":16.6,"uv":0,"elev_angle":-0.85,"wind_dir":158,"weather":{"icon":"c04n","code":804,"description":"Overcast clouds"},"ghi":11,"dhi":7.96,"timestamp_local":"2022-06-05T21:45:00","solar_rad":8.440569,"vis":10,"dni":66.8,"temp":17.9,"slp":1011,"clouds":100,"ts":1654458300},{"precip_rate":0.5,"rh":93,"wind_spd":4.8,"timestamp_utc":"2022-06-05T20:00:00","snow_rate":0,"app_temp":17.8,"pres":1001.3184,"azimuth":313.61,"dewpt":16.7,"uv":0,"elev_angle":-2.66,"wind_dir":158,"weather":{"icon":"c04n","code":804,"description":"Overcast clouds"},"ghi":0,"dhi":0,"timestamp_local":"2022-06-05T22:00:00","solar_rad":0,"vis":10,"dni":0,"temp":17.8,"slp":1011,"clouds":100,"ts":1654459200},{"precip_rate":0.5,"rh":93,"wind_spd":4.5,"timestamp_utc":"2022-06-05T20:15:00","snow_rate":0,"app_temp":17.8,"pres":1001.0708,"azimuth":316.75,"dewpt":16.7,"uv":0,"elev_angle":-4.14,"wind_dir":154,"weather":{"icon":"c04n","code":804,"description":"Overcast clouds"},"ghi":0,"dhi":0,"timestamp_local":"2022-06-05T22:15:00","solar_rad":0,"vis":10,"dni":0,"temp":17.8,"slp":1010.75,"clouds":100,"ts":1654460100},{"precip_rate":0.5,"rh":93,"wind_spd":4.2,"timestamp_utc":"2022-06-05T20:30:00","snow_rate":0,"app_temp":17.8,"pres":1000.82324,"azimuth":319.9,"dewpt":16.7,"uv":0,"elev_angle":-5.62,"wind_dir":150,"weather":{"icon":"c04n","code":804,"description":"Overcast clouds"},"ghi":0,"dhi":0,"timestamp_local":"2022-06-05T22:30:00","solar_rad":0,"vis":10,"dni":0,"temp":17.8,"slp":1010.5,"clouds":100,"ts":1654461000},{"precip_rate":0.5,"rh":93,"wind_spd":3.9,"timestamp_utc":"2022-06-05T20:45:00","snow_rate":0,"app_temp":17.8,"pres":1000.5756,"azimuth":323.04,"dewpt":16.7,"uv":0,"elev_angle":-7.09,"wind_dir":146,"weather":{"icon":"c04n","code":804,"description":"Overcast clouds"},"ghi":0,"dhi":0,"timestamp_local":"2022-06-05T22:45:00","solar_rad":0,"vis":10,"dni":0,"temp":17.8,"slp":1010.25,"clouds":100,"ts":1654461900},{"precip_rate":0.5,"rh":93,"wind_spd":3.6,"timestamp_utc":"2022-06-05T21:00:00","snow_rate":0,"app_temp":17.8,"pres":1000.328,"azimuth":326.18,"dewpt":16.7,"uv":0,"elev_angle":-8.57,"wind_dir":142,"weather":{"icon":"c04n","code":804,"description":"Overcast clouds"},"ghi":0,"dhi":0,"timestamp_local":"2022-06-05T23:00:00","solar_rad":0,"vis":10,"dni":0,"temp":17.8,"slp":1010,"clouds":100,"ts":1654462800},{"precip_rate":0.375,"rh":92,"wind_spd":4.1,"timestamp_utc":"2022-06-05T21:15:00","snow_rate":0,"app_temp":17.6,"pres":1000.3219,"azimuth":329.54,"dewpt":16.3,"uv":0,"elev_angle":-9.62,"wind_dir":156,"weather":{"icon":"c04n","code":804,"description":"Overcast clouds"},"ghi":0,"dhi":0,"timestamp_local":"2022-06-05T23:15:00","solar_rad":0,"vis":9,"dni":0,"temp":17.6,"slp":1010,"clouds":100,"ts":1654463700},{"precip_rate":0.25,"rh":92,"wind_spd":4.6,"timestamp_utc":"2022-06-05T21:30:00","snow_rate":0,"app_temp":17.4,"pres":1000.31573,"azimuth":332.9,"dewpt":16.1,"uv":0,"elev_angle":-10.66,"wind_dir":169,"weather":{"icon":"c04n","code":804,"description":"Overcast clouds"},"ghi":0,"dhi":0,"timestamp_local":"2022-06-05T23:30:00","solar_rad":0,"vis":10,"dni":0,"temp":17.4,"slp":1010,"clouds":100,"ts":1654464600},{"precip_rate":0.125,"rh":92,"wind_spd":5.1,"timestamp_utc":"2022-06-05T21:45:00","snow_rate":0,"app_temp":17.2,"pres":1000.3096,"azimuth":336.25,"dewpt":15.9,"uv":0,"elev_angle":-11.71,"wind_dir":182,"weather":{"icon":"c04n","code":804,"description":"Overcast clouds"},"ghi":0,"dhi":0,"timestamp_local":"2022-06-05T23:45:00","solar_rad":0,"vis":10,"dni":0,"temp":17.2,"slp":1010,"clouds":100,"ts":1654465500},{"precip_rate":0,"rh":91,"wind_spd":5.6,"timestamp_utc":"2022-06-05T22:00:00","snow_rate":0,"app_temp":17,"pres":1000.30347,"azimuth":339.61,"dewpt":15.5,"uv":0,"elev_angle":-12.75,"wind_dir":196,"weather":{"icon":"c04n","code":804,"description":"Overcast clouds"},"ghi":0,"dhi":0,"timestamp_local":"2022-06-06T00:00:00","solar_rad":0,"vis":9,"dni":0,"temp":17,"slp":1010,"clouds":100,"ts":1654466400},{"precip_rate":0,"rh":92,"wind_spd":6,"timestamp_utc":"2022-06-05T22:15:00","snow_rate":0,"app_temp":16.9,"pres":1000.3004,"azimuth":343.13,"dewpt":15.6,"uv":0,"elev_angle":-13.28,"wind_dir":202,"weather":{"icon":"c04n","code":804,"description":"Overcast clouds"},"ghi":0,"dhi":0,"timestamp_local":"2022-06-06T00:15:00","solar_rad":0,"vis":8,"dni":0,"temp":16.9,"slp":1010,"clouds":100,"ts":1654467300},{"precip_rate":0,"rh":92,"wind_spd":6.4,"timestamp_utc":"2022-06-05T22:30:00","snow_rate":0,"app_temp":16.9,"pres":1000.2973,"azimuth":346.65,"dewpt":15.5,"uv":0,"elev_angle":-13.81,"wind_dir":207,"weather":{"icon":"c04n","code":804,"description":"Overcast clouds"},"ghi":0,"dhi":0,"timestamp_local":"2022-06-06T00:30:00","solar_rad":0,"vis":9,"dni":0,"temp":16.9,"slp":1010,"clouds":100,"ts":1654468200},{"precip_rate":0,"rh":92,"wind_spd":6.8,"timestamp_utc":"2022-06-05T22:45:00","snow_rate":0,"app_temp":16.8,"pres":1000.2942,"azimuth":350.17,"dewpt":15.5,"uv":0,"elev_angle":-14.33,"wind_dir":212,"weather":{"icon":"c04n","code":804,"description":"Overcast clouds"},"ghi":0,"dhi":0,"timestamp_local":"2022-06-06T00:45:00","solar_rad":0,"vis":10,"dni":0,"temp":16.8,"slp":1010,"clouds":100,"ts":1654469100},{"precip_rate":0,"rh":93,"wind_spd":7.2,"timestamp_utc":"2022-06-05T23:00:00","snow_rate":0,"app_temp":16.7,"pres":1000.29114,"azimuth":353.69,"dewpt":15.6,"uv":0,"elev_angle":-14.86,"wind_dir":218,"weather":{"icon":"c04n","code":804,"description":"Overcast clouds"},"ghi":0,"dhi":0,"timestamp_local":"2022-06-06T01:00:00","solar_rad":0,"vis":10,"dni":0,"temp":16.7,"slp":1010,"clouds":100,"ts":1654470000},{"precip_rate":0.125,"rh":94,"wind_spd":7.3,"timestamp_utc":"2022-06-05T23:15:00","snow_rate":0,"app_temp":16.6,"pres":1000.53564,"azimuth":267.27,"dewpt":15.6,"uv":0,"elev_angle":-14.83,"wind_dir":222,"weather":{"icon":"c04n","code":804,"description":"Overcast clouds"},"ghi":0,"dhi":0,"timestamp_local":"2022-06-06T01:15:00","solar_rad":0,"vis":10,"dni":0,"temp":16.6,"slp":1010.25,"clouds":100,"ts":1654470900},{"precip_rate":0.25,"rh":94,"wind_spd":7.4,"timestamp_utc":"2022-06-05T23:30:00","snow_rate":0,"app_temp":16.5,"pres":1000.78015,"azimuth":180.85,"dewpt":15.5,"uv":0,"elev_angle":-14.79,"wind_dir":226,"weather":{"icon":"c04n","code":804,"description":"Overcast clouds"},"ghi":0,"dhi":0,"timestamp_local":"2022-06-06T01:30:00","solar_rad":0,"vis":10,"dni":0,"temp":16.5,"slp":1010.5,"clouds":100,"ts":1654471800},{"precip_rate":0.375,"rh":94,"wind_spd":7.5,"timestamp_utc":"2022-06-05T23:45:00","snow_rate":0,"app_temp":16.4,"pres":1001.02466,"azimuth":94.42,"dewpt":15.4,"uv":0,"elev_angle":-14.76,"wind_dir":230,"weather":{"icon":"c04n","code":804,"description":"Overcast clouds"},"ghi":0,"dhi":0,"timestamp_local":"2022-06-06T01:45:00","solar_rad":0,"vis":10,"dni":0,"temp":16.4,"slp":1010.75,"clouds":100,"ts":1654472700}],"sources":["103150-99999","imerg","merra2","era5","modis"],"city_id":"2856883"}
