{"timezone":"Europe\/Berlin","state_code":"06","country_code":"DE","lat":52.2833,"lon":8,"city_name":"Osnabr�ck","station_id":"103150-99999","data":[{"precip_rate":0,"rh":72,"wind_spd":2.8,"timestamp_utc":"2022-06-26T00:00:00","snow_rate":0,"app_temp":18.7,"pres":1002.3455,"azimuth":6.95,"dewpt":13.7,"uv":0,"elev_angle":-14.13,"wind_dir":152,"weather":{"icon":"c04n","code":804,"description":"Overcast clouds"},"ghi":0,"dhi":0,"timestamp_local":"2022-06-26T02:00:00","solar_rad":0,"vis":10,"dni":0,"temp":18.9,"slp":1012,"clouds":81,"ts":1656201600},{"precip_rate":0,"rh":73,"wind_spd":2.7,"timestamp_utc":"2022-06-26T00:15:00","snow_rate":0,"app_temp":18.5,"pres":1002.0918,"azimuth":10.44,"dewpt":13.8,"uv":0,"elev_angle":-13.58,"wind_dir":153,"weather":{"icon":"c04n","code":804,"description":"Overcast clouds"},"ghi":0,"dhi":0,"timestamp_local":"2022-06-26T02:15:00","solar_rad":0,"vis":10,"dni":0,"temp":18.7,"slp":1011.75,"clouds":80,"ts":1656202500},{"precip_rate":0,"rh":74,"wind_spd":2.6,"timestamp_utc":"2022-06-26T00:30:00","snow_rate":0,"app_temp":18.3,"pres":1001.83813,"azimuth":13.93,"dewpt":13.8,"uv":0,"elev_angle":-13.03,"wind_dir":154,"weather":{"icon":"c04n","code":804,"description":"Overcast clouds"},"ghi":0,"dhi":0,"timestamp_local":"2022-06-26T02:30:00","solar_rad":0,"vis":10,"dni":0,"temp":18.5,"slp":1011.5,"clouds":80,"ts":1656203400},{"precip_rate":0,"rh":74,"wind_spd":2.5,"timestamp_utc":"2022-06-26T00:45:00","snow_rate":0,"app_temp":18.3,"pres":1001.5844,"azimuth":17.41,"dewpt":13.6,"uv":0,"elev_angle":-12.47,"wind_dir":155,"weather":{"icon":"c04n","code":804,"description":"Overcast clouds"},"ghi":0,"dhi":0,"timestamp_local":"2022-06-26T02:45:00","solar_rad":0,"vis":10,"dni":0,"temp":18.3,"slp":1011.25,"clouds":79,"ts":1656204300},{"precip_rate":0,"rh":75,"wind_spd":2.4,"timestamp_utc":"2022-06-26T01:00:00","snow_rate":0,"app_temp":18.1,"pres":1001.3307,"azimuth":20.9,"dewpt":13.6,"uv":0,"elev_angle":-11.92,"wind_dir":156,"weather":{"icon":"c04n","code":804,"description":"Overcast clouds"},"ghi":0,"dhi":0,"timestamp_local":"2022-06-26T03:00:00","solar_rad":0,"vis":10,"dni":0,"temp":18.1,"slp":1011,"clouds":78,"ts":1656205200},{"precip_rate":0,"rh":76,"wind_spd":2.5,"timestamp_utc":"2022-06-26T01:15:00","snow_rate":0,"app_temp":18,"pres":1001.5752,"azimuth":24.22,"dewpt":13.7,"uv":0,"elev_angle":-10.86,"wind_dir":162,"weather":{"icon":"c04n","code":804,"description":"Overcast clouds"},"ghi":0,"dhi":0,"timestamp_local":"2022-06-26T03:15:00","solar_rad":0,"vis":10,"dni":0,"temp":18,"slp":1011.25,"clouds":83,"ts":1656206100},{"precip_rate":0,"rh":76,"wind_spd":2.6,"timestamp_utc":"2022-06-26T01:30:00","snow_rate":0,"app_temp":17.9,"pres":1001.81976,"azimuth":27.55,"dewpt":13.7,"uv":0,"elev_angle":-9.8,"wind_dir":168,"weather":{"icon":"c04n","code":804,"description":"Overcast clouds"},"ghi":0,"dhi":0,"timestamp_local":"2022-06-26T03:30:00","solar_rad":0,"vis":10,"dni":0,"temp":17.9,"slp":1011.5,"clouds":88,"ts":1656207000},{"precip_rate":0,"rh":76,"wind_spd":2.7,"timestamp_utc":"2022-06-26T01:45:00","snow_rate":0,"app_temp":17.9,"pres":1002.06433,"azimuth":30.87,"dewpt":13.6,"uv":0,"elev_angle":-8.74,"wind_dir":174,"weather":{"icon":"c04n","code":804,"description":"Overcast clouds"},"ghi":0,"dhi":0,"timestamp_local":"2022-06-26T03:45:00","solar_rad":0,"vis":10,"dni":0,"temp":17.9,"slp":1011.75,"clouds":92,"ts":1656207900},{"precip_rate":0,"rh":77,"wind_spd":2.8,"timestamp_utc":"2022-06-26T02:00:00","snow_rate":0,"app_temp":17.8,"pres":1002.30884,"azimuth":34.19,"dewpt":13.7,"uv":0,"elev_angle":-7.68,"wind_dir":180,"weather":{"icon":"c04n","code":804,"description":"Overcast clouds"},"ghi":0,"dhi":0,"timestamp_local":"2022-06-26T04:00:00","solar_rad":0,"vis":10,"dni":0,"temp":17.8,"slp":1012,"clouds":97,"ts":1656208800},{"precip_rate":0,"rh":78,"wind_spd":2.9,"timestamp_utc":"2022-06-26T02:15:00","snow_rate":0,"app_temp":17.6,"pres":1002.3027,"azimuth":37.31,"dewpt":13.7,"uv":0,"elev_angle":-6.19,"wind_dir":184,"weather":{"icon":"c04n","code":804,"description":"Overcast clouds"},"ghi":0,"dhi":0,"timestamp_local":"2022-06-26T04:15:00","solar_rad":0,"vis":10,"dni":0,"temp":17.6,"slp":1012,"clouds":96,"ts":1656209700},{"precip_rate":0,"rh":80,"wind_spd":3,"timestamp_utc":"2022-06-26T02:30:00","snow_rate":0,"app_temp":17.4,"pres":1002.2965,"azimuth":40.42,"dewpt":13.9,"uv":0,"elev_angle":-4.71,"wind_dir":188,"weather":{"icon":"c04n","code":804,"description":"Overcast clouds"},"ghi":0,"dhi":0,"timestamp_local":"2022-06-26T04:30:00","solar_rad":0,"vis":10,"dni":0,"temp":17.4,"slp":1012,"clouds":95,"ts":1656210600},{"precip_rate":0,"rh":82,"wind_spd":3.1,"timestamp_utc":"2022-06-26T02:45:00","snow_rate":0,"app_temp":17.2,"pres":1002.2904,"azimuth":43.54,"dewpt":14.1,"uv":0,"elev_angle":-3.22,"wind_dir":192,"weather":{"icon":"c04n","code":804,"description":"Overcast clouds"},"ghi":0,"dhi":0,"timestamp_local":"2022-06-26T04:45:00","solar_rad":0,"vis":10,"dni":0,"temp":17.2,"slp":1012,"clouds":94,"ts":1656211500},{"precip_rate":0,"rh":83,"wind_spd":3.2,"timestamp_utc":"2022-06-26T03:00:00","snow_rate":0,"app_temp":17,"pres":1002.28424,"azimuth":46.65,"dewpt":14.1,"uv":0,"elev_angle":-1.73,"wind_dir":196,"weather":{"icon":"c04n","code":804,"description":"Overcast clouds"},"ghi":0,"dhi":0,"timestamp_local":"2022-06-26T05:00:00","solar_rad":0,"vis":10,"dni":0,"temp":17,"slp":1012,"clouds":93,"ts":1656212400},{"precip_rate":0,"rh":82,"wind_spd":3.2,"timestamp_utc":"2022-06-26T03:15:00","snow_rate":0,"app_temp":17.1,"pres":1002.28735,"azimuth":49.58,"dewpt":14,"uv":0.6,"elev_angle":0.09,"wind_dir":198,"weather":{"icon":"c04n","code":804,"description":"Overcast clouds"},"ghi":14.2,"dhi":8.93,"timestamp_local":"2022-06-26T05:15:00","solar_rad":12.841912,"vis":10,"dni":77.3,"temp":17.1,"slp":1012,"clouds":92,"ts":1656213300},{"precip_rate":0,"rh":82,"wind_spd":3.2,"timestamp_utc":"2022-06-26T03:30:00","snow_rate":0,"app_temp":17.2,"pres":1002.2904,"azimuth":52.5,"dewpt":14.1,"uv":0.7,"elev_angle":1.91,"wind_dir":200,"weather":{"icon":"c04n","code":804,"description":"Overcast clouds"},"ghi":28.3,"dhi":17.86,"timestamp_local":"2022-06-26T05:30:00","solar_rad":26.34719,"vis":10,"dni":154.6,"temp":17.2,"slp":1012,"clouds":91,"ts":1656214200},{"precip_rate":0,"rh":82,"wind_spd":3.2,"timestamp_utc":"2022-06-26T03:45:00","snow_rate":0,"app_temp":17.3,"pres":1002.29346,"azimuth":55.43,"dewpt":14.2,"uv":0.7,"elev_angle":3.72,"wind_dir":202,"weather":{"icon":"c04n","code":804,"description":"Overcast clouds"},"ghi":42.5,"dhi":26.79,"timestamp_local":"2022-06-26T05:45:00","solar_rad":40.547585,"vis":10,"dni":231.89,"temp":17.3,"slp":1012,"clouds":90,"ts":1656215100},{"precip_rate":0,"rh":81,"wind_spd":3.2,"timestamp_utc":"2022-06-26T04:00:00","snow_rate":0,"app_temp":17.4,"pres":1002.2966,"azimuth":58.35,"dewpt":14.1,"uv":0.7,"elev_angle":5.54,"wind_dir":204,"weather":{"icon":"c04d","code":804,"description":"Overcast clouds"},"ghi":56.7,"dhi":35.72,"timestamp_local":"2022-06-26T06:00:00","solar_rad":55.420685,"vis":10,"dni":309.19,"temp":17.4,"slp":1012,"clouds":89,"ts":1656216000},{"precip_rate":0,"rh":81,"wind_spd":3.4,"timestamp_utc":"2022-06-26T04:15:00","snow_rate":0,"app_temp":17.6,"pres":1002.5503,"azimuth":61.15,"dewpt":14.3,"uv":0.7,"elev_angle":7.6,"wind_dir":209,"weather":{"icon":"c04d","code":804,"description":"Overcast clouds"},"ghi":88.7,"dhi":42.11,"timestamp_local":"2022-06-26T06:15:00","solar_rad":66.65615,"vis":10,"dni":369.17,"temp":17.6,"slp":1012.25,"clouds":92,"ts":1656216900},{"precip_rate":0,"rh":81,"wind_spd":3.6,"timestamp_utc":"2022-06-26T04:30:00","snow_rate":0,"app_temp":17.8,"pres":1002.8041,"azimuth":63.95,"dewpt":14.4,"uv":0.6,"elev_angle":9.66,"wind_dir":214,"weather":{"icon":"c04d","code":804,"description":"Overcast clouds"},"ghi":120.7,"dhi":48.51,"timestamp_local":"2022-06-26T06:30:00","solar_rad":75.7632,"vis":10,"dni":429.15,"temp":17.8,"slp":1012.5,"clouds":94,"ts":1656217800},{"precip_rate":0,"rh":81,"wind_spd":3.8,"timestamp_utc":"2022-06-26T04:45:00","snow_rate":0,"app_temp":17.9,"pres":1003.0578,"azimuth":66.74,"dewpt":14.6,"uv":0.6,"elev_angle":11.72,"wind_dir":219,"weather":{"icon":"c04d","code":804,"description":"Overcast clouds"},"ghi":152.7,"dhi":54.9,"timestamp_local":"2022-06-26T06:45:00","solar_rad":81.12903,"vis":10,"dni":489.13,"temp":17.9,"slp":1012.75,"clouds":96,"ts":1656218700},{"precip_rate":0,"rh":81,"wind_spd":4,"timestamp_utc":"2022-06-26T05:00:00","snow_rate":0,"app_temp":18.1,"pres":1003.3115,"azimuth":69.54,"dewpt":14.8,"uv":0.6,"elev_angle":13.78,"wind_dir":224,"weather":{"icon":"c04d","code":804,"description":"Overcast clouds"},"ghi":184.7,"dhi":61.29,"timestamp_local":"2022-06-26T07:00:00","solar_rad":77.03901,"vis":10,"dni":549.11,"temp":18.1,"slp":1013,"clouds":99,"ts":1656219600},{"precip_rate":0,"rh":80,"wind_spd":4.1,"timestamp_utc":"2022-06-26T05:15:00","snow_rate":0,"app_temp":18.4,"pres":1003.5683,"azimuth":72.32,"dewpt":14.9,"uv":0.7,"elev_angle":16,"wind_dir":229,"weather":{"icon":"c04d","code":804,"description":"Overcast clouds"},"ghi":222.6,"dhi":65.83,"timestamp_local":"2022-06-26T07:15:00","solar_rad":68.15554,"vis":10,"dni":582.94,"temp":18.4,"slp":1013.25,"clouds":91,"ts":1656220500},{"precip_rate":0,"rh":78,"wind_spd":4.2,"timestamp_utc":"2022-06-26T05:30:00","snow_rate":0,"app_temp":18.7,"pres":1003.8251,"azimuth":75.1,"dewpt":14.8,"uv":0.9,"elev_angle":18.21,"wind_dir":234,"weather":{"icon":"c04d","code":804,"description":"Overcast clouds"},"ghi":260.6,"dhi":70.36,"timestamp_local":"2022-06-26T07:30:00","solar_rad":120.4188,"vis":10,"dni":616.78,"temp":18.7,"slp":1013.5,"clouds":84,"ts":1656221400},{"precip_rate":0,"rh":76,"wind_spd":4.3,"timestamp_utc":"2022-06-26T05:45:00","snow_rate":0,"app_temp":18.9,"pres":1004.08185,"azimuth":77.87,"dewpt":14.7,"uv":1.1,"elev_angle":20.43,"wind_dir":239,"weather":{"icon":"c04d","code":804,"description":"Overcast clouds"},"ghi":298.5,"dhi":74.9,"timestamp_local":"2022-06-26T07:45:00","solar_rad":180.86095,"vis":10,"dni":650.61,"temp":19,"slp":1013.75,"clouds":76,"ts":1656222300},{"precip_rate":0,"rh":75,"wind_spd":4.4,"timestamp_utc":"2022-06-26T06:00:00","snow_rate":0,"app_temp":19.2,"pres":1004.3386,"azimuth":80.65,"dewpt":14.8,"uv":1.3,"elev_angle":22.64,"wind_dir":244,"weather":{"icon":"c03d","code":803,"description":"Broken clouds"},"ghi":336.5,"dhi":79.43,"timestamp_local":"2022-06-26T08:00:00","solar_rad":241.33124,"vis":10,"dni":684.44,"temp":19.3,"slp":1014,"clouds":68,"ts":1656223200},{"precip_rate":0,"rh":74,"wind_spd":4.1,"timestamp_utc":"2022-06-26T06:15:00","snow_rate":0,"app_temp":19.5,"pres":1004.3477,"azimuth":83.55,"dewpt":14.8,"uv":1.5,"elev_angle":24.93,"wind_dir":246,"weather":{"icon":"c03d","code":803,"description":"Broken clouds"},"ghi":375.5,"dhi":82.84,"timestamp_local":"2022-06-26T08:15:00","solar_rad":297.38034,"vis":10,"dni":705.97,"temp":19.6,"slp":1014,"clouds":61,"ts":1656224100},{"precip_rate":0,"rh":72,"wind_spd":3.8,"timestamp_utc":"2022-06-26T06:30:00","snow_rate":0,"app_temp":19.8,"pres":1004.3568,"azimuth":86.45,"dewpt":14.7,"uv":1.8,"elev_angle":27.22,"wind_dir":249,"weather":{"icon":"c03d","code":803,"description":"Broken clouds"},"ghi":414.6,"dhi":86.26,"timestamp_local":"2022-06-26T08:30:00","solar_rad":352.10934,"vis":10,"dni":727.51,"temp":19.8,"slp":1014,"clouds":54,"ts":1656225000},{"precip_rate":0,"rh":71,"wind_spd":3.5,"timestamp_utc":"2022-06-26T06:45:00","snow_rate":0,"app_temp":20,"pres":1004.3659,"azimuth":89.35,"dewpt":14.7,"uv":2.1,"elev_angle":29.5,"wind_dir":252,"weather":{"icon":"c03d","code":803,"description":"Broken clouds"},"ghi":453.7,"dhi":89.67,"timestamp_local":"2022-06-26T08:45:00","solar_rad":406.3907,"vis":10,"dni":749.04,"temp":20.1,"slp":1014,"clouds":46,"ts":1656225900},{"precip_rate":0,"rh":70,"wind_spd":3.2,"timestamp_utc":"2022-06-26T07:00:00","snow_rate":0,"app_temp":20.3,"pres":1004.375,"azimuth":92.25,"dewpt":14.7,"uv":2.5,"elev_angle":31.79,"wind_dir":254,"weather":{"icon":"c02d","code":802,"description":"Scattered clouds"},"ghi":492.8,"dhi":93.08,"timestamp_local":"2022-06-26T09:00:00","solar_rad":454.96185,"vis":10,"dni":770.57,"temp":20.4,"slp":1014,"clouds":39,"ts":1656226800},{"precip_rate":0,"rh":69,"wind_spd":3,"timestamp_utc":"2022-06-26T07:15:00","snow_rate":0,"app_temp":20.4,"pres":1004.6256,"azimuth":95.48,"dewpt":14.6,"uv":2.6,"elev_angle":34.06,"wind_dir":252,"weather":{"icon":"c03d","code":803,"description":"Broken clouds"},"ghi":529.2,"dhi":95.65,"timestamp_local":"2022-06-26T09:15:00","solar_rad":483.2218,"vis":10,"dni":784.89,"temp":20.5,"slp":1014.25,"clouds":42,"ts":1656227700},{"precip_rate":0,"rh":68,"wind_spd":2.8,"timestamp_utc":"2022-06-26T07:30:00","snow_rate":0,"app_temp":20.4,"pres":1004.8763,"azimuth":98.7,"dewpt":14.4,"uv":2.8,"elev_angle":36.32,"wind_dir":249,"weather":{"icon":"c03d","code":803,"description":"Broken clouds"},"ghi":565.5,"dhi":98.22,"timestamp_local":"2022-06-26T09:30:00","solar_rad":506.93414,"vis":10,"dni":799.22,"temp":20.6,"slp":1014.5,"clouds":46,"ts":1656228600},{"precip_rate":0,"rh":68,"wind_spd":2.6,"timestamp_utc":"2022-06-26T07:45:00","snow_rate":0,"app_temp":20.5,"pres":1005.12695,"azimuth":101.93,"dewpt":14.5,"uv":2.9,"elev_angle":38.59,"wind_dir":246,"weather":{"icon":"c03d","code":803,"description":"Broken clouds"},"ghi":601.9,"dhi":100.78,"timestamp_local":"2022-06-26T09:45:00","solar_rad":530.1972,"vis":10,"dni":813.54,"temp":20.6,"slp":1014.75,"clouds":49,"ts":1656229500},{"precip_rate":0,"rh":67,"wind_spd":2.4,"timestamp_utc":"2022-06-26T08:00:00","snow_rate":0,"app_temp":20.6,"pres":1005.37756,"azimuth":105.15,"dewpt":14.4,"uv":3.1,"elev_angle":40.85,"wind_dir":244,"weather":{"icon":"c03d","code":803,"description":"Broken clouds"},"ghi":638.3,"dhi":103.35,"timestamp_local":"2022-06-26T10:00:00","solar_rad":551.14514,"vis":10,"dni":827.86,"temp":20.7,"slp":1015,"clouds":52,"ts":1656230400},{"precip_rate":0,"rh":65,"wind_spd":2.7,"timestamp_utc":"2022-06-26T08:15:00","snow_rate":0,"app_temp":20.9,"pres":1005.3895,"azimuth":109.02,"dewpt":14.2,"uv":3.1,"elev_angle":42.96,"wind_dir":245,"weather":{"icon":"c03d","code":803,"description":"Broken clouds"},"ghi":668.7,"dhi":105.2,"timestamp_local":"2022-06-26T10:15:00","solar_rad":542.66406,"vis":10,"dni":837.32,"temp":21.1,"slp":1015,"clouds":59,"ts":1656231300},{"precip_rate":0,"rh":64,"wind_spd":3,"timestamp_utc":"2022-06-26T08:30:00","snow_rate":0,"app_temp":21.3,"pres":1005.40155,"azimuth":112.89,"dewpt":14.4,"uv":3,"elev_angle":45.08,"wind_dir":246,"weather":{"icon":"c03d","code":803,"description":"Broken clouds"},"ghi":699.1,"dhi":107.05,"timestamp_local":"2022-06-26T10:30:00","solar_rad":518.59656,"vis":10,"dni":846.78,"temp":21.4,"slp":1015,"clouds":66,"ts":1656232200},{"precip_rate":0,"rh":62,"wind_spd":3.3,"timestamp_utc":"2022-06-26T08:45:00","snow_rate":0,"app_temp":21.7,"pres":1005.4136,"azimuth":116.75,"dewpt":14.2,"uv":3,"elev_angle":47.19,"wind_dir":247,"weather":{"icon":"c04d","code":804,"description":"Overcast clouds"},"ghi":729.6,"dhi":108.9,"timestamp_local":"2022-06-26T10:45:00","solar_rad":486.4561,"vis":10,"dni":856.24,"temp":21.8,"slp":1015,"clouds":72,"ts":1656233100},{"precip_rate":0,"rh":60,"wind_spd":3.6,"timestamp_utc":"2022-06-26T09:00:00","snow_rate":0,"app_temp":22,"pres":1005.42554,"azimuth":120.62,"dewpt":14.1,"uv":2.9,"elev_angle":49.3,"wind_dir":248,"weather":{"icon":"c04d","code":804,"description":"Overcast clouds"},"ghi":760,"dhi":110.75,"timestamp_local":"2022-06-26T11:00:00","solar_rad":424.00806,"vis":10,"dni":865.7,"temp":22.2,"slp":1015,"clouds":79,"ts":1656234000},{"precip_rate":0,"rh":60,"wind_spd":3.4,"timestamp_utc":"2022-06-26T09:15:00","snow_rate":0,"app_temp":22,"pres":1005.67017,"azimuth":125.56,"dewpt":14,"uv":2.9,"elev_angle":51.05,"wind_dir":250,"weather":{"icon":"c04d","code":804,"description":"Overcast clouds"},"ghi":781.9,"dhi":111.96,"timestamp_local":"2022-06-26T11:15:00","solar_rad":378.62256,"vis":10,"dni":871.51,"temp":22.1,"slp":1015.25,"clouds":83,"ts":1656234900},{"precip_rate":0,"rh":60,"wind_spd":3.2,"timestamp_utc":"2022-06-26T09:30:00","snow_rate":0,"app_temp":21.9,"pres":1005.91486,"azimuth":130.5,"dewpt":13.9,"uv":2.8,"elev_angle":52.8,"wind_dir":252,"weather":{"icon":"c04d","code":804,"description":"Overcast clouds"},"ghi":803.7,"dhi":113.16,"timestamp_local":"2022-06-26T11:30:00","solar_rad":304.84232,"vis":10,"dni":877.32,"temp":22.1,"slp":1015.5,"clouds":88,"ts":1656235800},{"precip_rate":0,"rh":61,"wind_spd":3,"timestamp_utc":"2022-06-26T09:45:00","snow_rate":0,"app_temp":21.8,"pres":1006.15955,"azimuth":135.43,"dewpt":14.1,"uv":2.7,"elev_angle":54.54,"wind_dir":254,"weather":{"icon":"c04d","code":804,"description":"Overcast clouds"},"ghi":825.6,"dhi":114.37,"timestamp_local":"2022-06-26T11:45:00","solar_rad":234.27046,"vis":10,"dni":883.12,"temp":22,"slp":1015.75,"clouds":92,"ts":1656236700},{"precip_rate":0,"rh":61,"wind_spd":2.8,"timestamp_utc":"2022-06-26T10:00:00","snow_rate":0,"app_temp":21.7,"pres":1006.4042,"azimuth":140.37,"dewpt":14,"uv":2.6,"elev_angle":56.29,"wind_dir":256,"weather":{"icon":"c04d","code":804,"description":"Overcast clouds"},"ghi":847.5,"dhi":115.57,"timestamp_local":"2022-06-26T12:00:00","solar_rad":151.18733,"vis":10,"dni":888.93,"temp":21.9,"slp":1016,"clouds":96,"ts":1656237600},{"precip_rate":0,"rh":60,"wind_spd":2.8,"timestamp_utc":"2022-06-26T10:15:00","snow_rate":0,"app_temp":21.7,"pres":1006.4042,"azimuth":146.67,"dewpt":13.8,"uv":2.7,"elev_angle":57.34,"wind_dir":258,"weather":{"icon":"c04d","code":804,"description":"Overcast clouds"},"ghi":858.9,"dhi":116.17,"timestamp_local":"2022-06-26T12:15:00","solar_rad":177.29254,"vis":10,"dni":891.71,"temp":21.9,"slp":1016,"clouds":95,"ts":1656238500},{"precip_rate":0,"rh":60,"wind_spd":2.8,"timestamp_utc":"2022-06-26T10:30:00","snow_rate":0,"app_temp":21.7,"pres":1006.4042,"azimuth":152.97,"dewpt":13.8,"uv":2.9,"elev_angle":58.39,"wind_dir":259,"weather":{"icon":"c04d","code":804,"description":"Overcast clouds"},"ghi":870.4,"dhi":116.77,"timestamp_local":"2022-06-26T12:30:00","solar_rad":202.9196,"vis":10,"dni":894.49,"temp":21.9,"slp":1016,"clouds":94,"ts":1656239400},{"precip_rate":0,"rh":59,"wind_spd":2.8,"timestamp_utc":"2022-06-26T10:45:00","snow_rate":0,"app_temp":21.7,"pres":1006.4042,"azimuth":159.27,"dewpt":13.5,"uv":3.1,"elev_angle":59.44,"wind_dir":260,"weather":{"icon":"c04d","code":804,"description":"Overcast clouds"},"ghi":881.9,"dhi":117.36,"timestamp_local":"2022-06-26T12:45:00","solar_rad":251.5015,"vis":10,"dni":897.27,"temp":21.9,"slp":1016,"clouds":92,"ts":1656240300},{"precip_rate":0,"rh":58,"wind_spd":2.8,"timestamp_utc":"2022-06-26T11:00:00","snow_rate":0,"app_temp":21.7,"pres":1006.4042,"azimuth":165.57,"dewpt":13.3,"uv":3.2,"elev_angle":60.49,"wind_dir":262,"weather":{"icon":"c04d","code":804,"description":"Overcast clouds"},"ghi":893.4,"dhi":117.96,"timestamp_local":"2022-06-26T13:00:00","solar_rad":277.43063,"vis":10,"dni":900.05,"temp":21.9,"slp":1016,"clouds":91,"ts":1656241200},{"precip_rate":0,"rh":58,"wind_spd":2.5,"timestamp_utc":"2022-06-26T11:15:00","snow_rate":0,"app_temp":21.7,"pres":1006.4042,"azimuth":172.62,"dewpt":13.3,"uv":3.1,"elev_angle":60.5,"wind_dir":262,"weather":{"icon":"c04d","code":804,"description":"Overcast clouds"},"ghi":893.5,"dhi":117.97,"timestamp_local":"2022-06-26T13:15:00","solar_rad":232.69391,"vis":10,"dni":900.08,"temp":21.9,"slp":1016,"clouds":93,"ts":1656242100},{"precip_rate":0,"rh":57,"wind_spd":2.2,"timestamp_utc":"2022-06-26T11:30:00","snow_rate":0,"app_temp":21.6,"pres":1006.4042,"azimuth":179.67,"dewpt":13,"uv":2.9,"elev_angle":60.52,"wind_dir":262,"weather":{"icon":"c04d","code":804,"description":"Overcast clouds"},"ghi":893.7,"dhi":117.97,"timestamp_local":"2022-06-26T13:30:00","solar_rad":161.67015,"vis":10,"dni":900.12,"temp":21.9,"slp":1016,"clouds":96,"ts":1656243000},{"precip_rate":0,"rh":56,"wind_spd":1.9,"timestamp_utc":"2022-06-26T11:45:00","snow_rate":0,"app_temp":21.6,"pres":1006.4042,"azimuth":186.71,"dewpt":12.7,"uv":2.8,"elev_angle":60.53,"wind_dir":262,"weather":{"icon":"c04d","code":804,"description":"Overcast clouds"},"ghi":893.8,"dhi":117.98,"timestamp_local":"2022-06-26T13:45:00","solar_rad":228.00041,"vis":10,"dni":900.15,"temp":21.9,"slp":1016,"clouds":98,"ts":1656243900},{"precip_rate":0,"rh":56,"wind_spd":1.6,"timestamp_utc":"2022-06-26T12:00:00","snow_rate":0,"app_temp":21.6,"pres":1006.4042,"azimuth":193.76,"dewpt":12.7,"uv":2.7,"elev_angle":60.54,"wind_dir":262,"weather":{"icon":"c04d","code":804,"description":"Overcast clouds"},"ghi":893.9,"dhi":117.98,"timestamp_local":"2022-06-26T14:00:00","solar_rad":174.60692,"vis":10,"dni":900.18,"temp":21.9,"slp":1016,"clouds":100,"ts":1656244800},{"precip_rate":0,"rh":54,"wind_spd":1.8,"timestamp_utc":"2022-06-26T12:15:00","snow_rate":0,"app_temp":21.9,"pres":1006.4131,"azimuth":200.09,"dewpt":12.4,"uv":2.9,"elev_angle":59.51,"wind_dir":260,"weather":{"icon":"c04d","code":804,"description":"Overcast clouds"},"ghi":882.7,"dhi":117.4,"timestamp_local":"2022-06-26T14:15:00","solar_rad":185.03658,"vis":10,"dni":897.47,"temp":22.2,"slp":1016,"clouds":95,"ts":1656245700},{"precip_rate":0,"rh":53,"wind_spd":2,"timestamp_utc":"2022-06-26T12:30:00","snow_rate":0,"app_temp":22.1,"pres":1006.42206,"azimuth":206.42,"dewpt":12.4,"uv":3.1,"elev_angle":58.48,"wind_dir":257,"weather":{"icon":"c04d","code":804,"description":"Overcast clouds"},"ghi":871.5,"dhi":116.82,"timestamp_local":"2022-06-26T14:30:00","solar_rad":293.39407,"vis":10,"dni":894.75,"temp":22.4,"slp":1016,"clouds":90,"ts":1656246600},{"precip_rate":0,"rh":52,"wind_spd":2.2,"timestamp_utc":"2022-06-26T12:45:00","snow_rate":0,"app_temp":22.4,"pres":1006.431,"azimuth":212.75,"dewpt":12.4,"uv":3.2,"elev_angle":57.45,"wind_dir":254,"weather":{"icon":"c04d","code":804,"description":"Overcast clouds"},"ghi":860.3,"dhi":116.23,"timestamp_local":"2022-06-26T14:45:00","solar_rad":367.21042,"vis":10,"dni":892.04,"temp":22.7,"slp":1016,"clouds":86,"ts":1656247500},{"precip_rate":0,"rh":50,"wind_spd":2.4,"timestamp_utc":"2022-06-26T13:00:00","snow_rate":0,"app_temp":22.7,"pres":1006.43994,"azimuth":219.08,"dewpt":12,"uv":3.4,"elev_angle":56.42,"wind_dir":252,"weather":{"icon":"c04d","code":804,"description":"Overcast clouds"},"ghi":849,"dhi":115.65,"timestamp_local":"2022-06-26T15:00:00","solar_rad":447.35666,"vis":10,"dni":889.32,"temp":23,"slp":1016,"clouds":81,"ts":1656248400},{"precip_rate":0,"rh":50,"wind_spd":2.3,"timestamp_utc":"2022-06-26T13:15:00","snow_rate":0,"app_temp":22.6,"pres":1006.43695,"azimuth":224.05,"dewpt":11.9,"uv":3.1,"elev_angle":54.69,"wind_dir":256,"weather":{"icon":"c04d","code":804,"description":"Overcast clouds"},"ghi":827.4,"dhi":114.46,"timestamp_local":"2022-06-26T15:15:00","solar_rad":371.35953,"vis":10,"dni":883.59,"temp":22.9,"slp":1016,"clouds":85,"ts":1656249300},{"precip_rate":0,"rh":50,"wind_spd":2.2,"timestamp_utc":"2022-06-26T13:30:00","snow_rate":0,"app_temp":22.4,"pres":1006.43396,"azimuth":229.02,"dewpt":11.8,"uv":2.7,"elev_angle":52.95,"wind_dir":261,"weather":{"icon":"c04d","code":804,"description":"Overcast clouds"},"ghi":805.8,"dhi":113.27,"timestamp_local":"2022-06-26T15:30:00","solar_rad":291.1928,"vis":10,"dni":877.86,"temp":22.8,"slp":1016,"clouds":89,"ts":1656250200},{"precip_rate":0,"rh":51,"wind_spd":2.1,"timestamp_utc":"2022-06-26T13:45:00","snow_rate":0,"app_temp":22.4,"pres":1006.431,"azimuth":233.98,"dewpt":12,"uv":2.4,"elev_angle":51.22,"wind_dir":266,"weather":{"icon":"c04d","code":804,"description":"Overcast clouds"},"ghi":784.1,"dhi":112.08,"timestamp_local":"2022-06-26T15:45:00","solar_rad":206.43338,"vis":10,"dni":872.13,"temp":22.7,"slp":1016,"clouds":93,"ts":1656251100},{"precip_rate":0,"rh":51,"wind_spd":2,"timestamp_utc":"2022-06-26T14:00:00","snow_rate":0,"app_temp":22.2,"pres":1006.42804,"azimuth":238.95,"dewpt":12,"uv":2.1,"elev_angle":49.48,"wind_dir":270,"weather":{"icon":"c04d","code":804,"description":"Overcast clouds"},"ghi":762.5,"dhi":110.89,"timestamp_local":"2022-06-26T16:00:00","solar_rad":118.35634,"vis":10,"dni":866.4,"temp":22.6,"slp":1016,"clouds":97,"ts":1656252000},{"precip_rate":0,"rh":51,"wind_spd":2,"timestamp_utc":"2022-06-26T14:15:00","snow_rate":0,"app_temp":22.1,"pres":1006.42505,"azimuth":242.84,"dewpt":11.9,"uv":2,"elev_angle":47.37,"wind_dir":273,"weather":{"icon":"c04d","code":804,"description":"Overcast clouds"},"ghi":732.2,"dhi":109.06,"timestamp_local":"2022-06-26T16:15:00","solar_rad":113.796326,"vis":10,"dni":857.04,"temp":22.5,"slp":1016,"clouds":97,"ts":1656252900},{"precip_rate":0,"rh":52,"wind_spd":2,"timestamp_utc":"2022-06-26T14:30:00","snow_rate":0,"app_temp":22.1,"pres":1006.4221,"azimuth":246.73,"dewpt":12.1,"uv":1.9,"elev_angle":45.27,"wind_dir":276,"weather":{"icon":"c04d","code":804,"description":"Overcast clouds"},"ghi":701.9,"dhi":107.22,"timestamp_local":"2022-06-26T16:30:00","solar_rad":108.770515,"vis":10,"dni":847.67,"temp":22.4,"slp":1016,"clouds":97,"ts":1656253800},{"precip_rate":0,"rh":52,"wind_spd":2,"timestamp_utc":"2022-06-26T14:45:00","snow_rate":0,"app_temp":21.9,"pres":1006.4191,"azimuth":250.61,"dewpt":12,"uv":1.7,"elev_angle":43.16,"wind_dir":279,"weather":{"icon":"c04d","code":804,"description":"Overcast clouds"},"ghi":671.7,"dhi":105.39,"timestamp_local":"2022-06-26T16:45:00","solar_rad":104.22305,"vis":10,"dni":838.31,"temp":22.3,"slp":1016,"clouds":97,"ts":1656254700},{"precip_rate":0,"rh":52,"wind_spd":2,"timestamp_utc":"2022-06-26T15:00:00","snow_rate":0,"app_temp":21.8,"pres":1006.41614,"azimuth":254.5,"dewpt":11.9,"uv":1.6,"elev_angle":41.05,"wind_dir":282,"weather":{"icon":"c04d","code":804,"description":"Overcast clouds"},"ghi":641.4,"dhi":103.55,"timestamp_local":"2022-06-26T17:00:00","solar_rad":202.05214,"vis":10,"dni":828.94,"temp":22.2,"slp":1016,"clouds":97,"ts":1656255600},{"precip_rate":0,"rh":52,"wind_spd":1.9,"timestamp_utc":"2022-06-26T15:15:00","snow_rate":0,"app_temp":21.8,"pres":1006.41315,"azimuth":257.74,"dewpt":11.8,"uv":1.5,"elev_angle":38.79,"wind_dir":286,"weather":{"icon":"c04d","code":804,"description":"Overcast clouds"},"ghi":605.2,"dhi":101,"timestamp_local":"2022-06-26T17:15:00","solar_rad":193.99991,"vis":10,"dni":814.75,"temp":22.1,"slp":1016,"clouds":97,"ts":1656256500},{"precip_rate":0,"rh":53,"wind_spd":1.8,"timestamp_utc":"2022-06-26T15:30:00","snow_rate":0,"app_temp":21.7,"pres":1006.41016,"azimuth":260.98,"dewpt":12,"uv":1.3,"elev_angle":36.53,"wind_dir":291,"weather":{"icon":"c04d","code":804,"description":"Overcast clouds"},"ghi":568.9,"dhi":98.45,"timestamp_local":"2022-06-26T17:30:00","solar_rad":169.15804,"vis":10,"dni":800.56,"temp":22.1,"slp":1016,"clouds":98,"ts":1656257400},{"precip_rate":0,"rh":54,"wind_spd":1.7,"timestamp_utc":"2022-06-26T15:45:00","snow_rate":0,"app_temp":21.6,"pres":1006.40717,"azimuth":264.21,"dewpt":12.2,"uv":1.2,"elev_angle":34.26,"wind_dir":296,"weather":{"icon":"c04d","code":804,"description":"Overcast clouds"},"ghi":532.6,"dhi":95.9,"timestamp_local":"2022-06-26T17:45:00","solar_rad":161.78275,"vis":10,"dni":786.36,"temp":22,"slp":1016,"clouds":98,"ts":1656258300},{"precip_rate":0,"rh":54,"wind_spd":1.6,"timestamp_utc":"2022-06-26T16:00:00","snow_rate":0,"app_temp":21.6,"pres":1006.4042,"azimuth":267.45,"dewpt":12.2,"uv":1.1,"elev_angle":32,"wind_dir":300,"weather":{"icon":"c04d","code":804,"description":"Overcast clouds"},"ghi":496.3,"dhi":93.35,"timestamp_local":"2022-06-26T18:00:00","solar_rad":154.77649,"vis":10,"dni":772.17,"temp":21.9,"slp":1016,"clouds":98,"ts":1656259200},{"precip_rate":0,"rh":54,"wind_spd":1.6,"timestamp_utc":"2022-06-26T16:15:00","snow_rate":0,"app_temp":21.4,"pres":1006.15356,"azimuth":270.35,"dewpt":12.1,"uv":1,"elev_angle":29.71,"wind_dir":307,"weather":{"icon":"c04d","code":804,"description":"Overcast clouds"},"ghi":457.2,"dhi":89.96,"timestamp_local":"2022-06-26T18:15:00","solar_rad":146.59955,"vis":10,"dni":750.84,"temp":21.8,"slp":1015.75,"clouds":98,"ts":1656260100},{"precip_rate":0,"rh":54,"wind_spd":1.6,"timestamp_utc":"2022-06-26T16:30:00","snow_rate":0,"app_temp":21.3,"pres":1005.9029,"azimuth":273.26,"dewpt":12,"uv":0.9,"elev_angle":27.43,"wind_dir":314,"weather":{"icon":"c04d","code":804,"description":"Overcast clouds"},"ghi":418.2,"dhi":86.57,"timestamp_local":"2022-06-26T18:30:00","solar_rad":126.07748,"vis":10,"dni":729.51,"temp":21.7,"slp":1015.5,"clouds":99,"ts":1656261000},{"precip_rate":0,"rh":54,"wind_spd":1.6,"timestamp_utc":"2022-06-26T16:45:00","snow_rate":0,"app_temp":21.2,"pres":1005.6522,"azimuth":276.16,"dewpt":11.9,"uv":0.8,"elev_angle":25.14,"wind_dir":321,"weather":{"icon":"c04d","code":804,"description":"Overcast clouds"},"ghi":379.1,"dhi":83.17,"timestamp_local":"2022-06-26T18:45:00","solar_rad":107.5497,"vis":10,"dni":708.17,"temp":21.6,"slp":1015.25,"clouds":100,"ts":1656261900},{"precip_rate":0,"rh":54,"wind_spd":1.6,"timestamp_utc":"2022-06-26T17:00:00","snow_rate":0,"app_temp":21.1,"pres":1005.4016,"azimuth":279.06,"dewpt":11.8,"uv":0.8,"elev_angle":22.85,"wind_dir":328,"weather":{"icon":"c04d","code":804,"description":"Overcast clouds"},"ghi":340.1,"dhi":79.78,"timestamp_local":"2022-06-26T19:00:00","solar_rad":101.66631,"vis":10,"dni":686.84,"temp":21.5,"slp":1015,"clouds":100,"ts":1656262800},{"precip_rate":0.25,"rh":55,"wind_spd":1.6,"timestamp_utc":"2022-06-26T17:15:00","snow_rate":0,"app_temp":21,"pres":1005.3986,"azimuth":281.84,"dewpt":12,"uv":0.7,"elev_angle":20.63,"wind_dir":330,"weather":{"icon":"c04d","code":804,"description":"Overcast clouds"},"ghi":302,"dhi":75.28,"timestamp_local":"2022-06-26T19:15:00","solar_rad":94.53032,"vis":10,"dni":653.37,"temp":21.4,"slp":1015,"clouds":100,"ts":1656263700},{"precip_rate":0.5,"rh":56,"wind_spd":1.6,"timestamp_utc":"2022-06-26T17:30:00","snow_rate":0,"app_temp":20.9,"pres":1005.3956,"azimuth":284.62,"dewpt":12.2,"uv":0.7,"elev_angle":18.41,"wind_dir":331,"weather":{"icon":"c04d","code":804,"description":"Overcast clouds"},"ghi":264,"dhi":70.77,"timestamp_local":"2022-06-26T19:30:00","solar_rad":87.425575,"vis":10,"dni":619.9,"temp":21.3,"slp":1015,"clouds":100,"ts":1656264600},{"precip_rate":0.25,"rh":56,"wind_spd":1.6,"timestamp_utc":"2022-06-26T17:45:00","snow_rate":0,"app_temp":20.8,"pres":1005.3926,"azimuth":287.39,"dewpt":12.1,"uv":0.6,"elev_angle":16.19,"wind_dir":332,"weather":{"icon":"c04d","code":804,"description":"Overcast clouds"},"ghi":225.9,"dhi":66.27,"timestamp_local":"2022-06-26T19:45:00","solar_rad":80.50699,"vis":10,"dni":586.42,"temp":21.2,"slp":1015,"clouds":100,"ts":1656265500},{"precip_rate":0,"rh":57,"wind_spd":1.6,"timestamp_utc":"2022-06-26T18:00:00","snow_rate":0,"app_temp":20.8,"pres":1005.3896,"azimuth":290.17,"dewpt":12.3,"uv":0.6,"elev_angle":13.97,"wind_dir":334,"weather":{"icon":"c04d","code":804,"description":"Overcast clouds"},"ghi":187.9,"dhi":61.76,"timestamp_local":"2022-06-26T20:00:00","solar_rad":73.44443,"vis":10,"dni":552.95,"temp":21.1,"slp":1015,"clouds":100,"ts":1656266400},{"precip_rate":0.125,"rh":58,"wind_spd":1.8,"timestamp_utc":"2022-06-26T18:15:00","snow_rate":0,"app_temp":20.6,"pres":1005.38354,"azimuth":292.97,"dewpt":12.4,"uv":0.6,"elev_angle":11.91,"wind_dir":332,"weather":{"icon":"c04d","code":804,"description":"Overcast clouds"},"ghi":155.7,"dhi":55.42,"timestamp_local":"2022-06-26T20:15:00","solar_rad":69.71965,"vis":10,"dni":493.81,"temp":20.9,"slp":1015,"clouds":99,"ts":1656267300},{"precip_rate":0.25,"rh":58,"wind_spd":2,"timestamp_utc":"2022-06-26T18:30:00","snow_rate":0,"app_temp":20.4,"pres":1005.37756,"azimuth":295.77,"dewpt":12.2,"uv":0.6,"elev_angle":9.84,"wind_dir":330,"weather":{"icon":"c04d","code":804,"description":"Overcast clouds"},"ghi":123.4,"dhi":49.09,"timestamp_local":"2022-06-26T20:30:00","solar_rad":64.05524,"vis":10,"dni":434.67,"temp":20.8,"slp":1015,"clouds":98,"ts":1656268200},{"precip_rate":0.375,"rh":59,"wind_spd":2.2,"timestamp_utc":"2022-06-26T18:45:00","snow_rate":0,"app_temp":20.2,"pres":1005.3715,"azimuth":298.56,"dewpt":12.3,"uv":0.6,"elev_angle":7.78,"wind_dir":328,"weather":{"icon":"c04d","code":804,"description":"Overcast clouds"},"ghi":91.2,"dhi":42.75,"timestamp_local":"2022-06-26T20:45:00","solar_rad":58.90119,"vis":10,"dni":375.53,"temp":20.6,"slp":1015,"clouds":96,"ts":1656269100},{"precip_rate":0.5,"rh":60,"wind_spd":2.4,"timestamp_utc":"2022-06-26T19:00:00","snow_rate":0,"app_temp":20.1,"pres":1005.3655,"azimuth":301.36,"dewpt":12.4,"uv":0.6,"elev_angle":5.71,"wind_dir":326,"weather":{"icon":"c04d","code":804,"description":"Overcast clouds"},"ghi":59,"dhi":36.41,"timestamp_local":"2022-06-26T21:00:00","solar_rad":48.359848,"vis":10,"dni":316.39,"temp":20.4,"slp":1015,"clouds":95,"ts":1656270000},{"precip_rate":0.625,"rh":60,"wind_spd":2.6,"timestamp_utc":"2022-06-26T19:15:00","snow_rate":0,"app_temp":20,"pres":1005.6101,"azimuth":304.28,"dewpt":12.3,"uv":0.6,"elev_angle":3.89,"wind_dir":329,"weather":{"icon":"r01n","code":500,"description":"Light rain"},"ghi":44.2,"dhi":27.31,"timestamp_local":"2022-06-26T21:15:00","solar_rad":37.45359,"vis":10,"dni":237.29,"temp":20.3,"slp":1015.25,"clouds":94,"ts":1656270900},{"precip_rate":0.75,"rh":61,"wind_spd":2.8,"timestamp_utc":"2022-06-26T19:30:00","snow_rate":0,"app_temp":19.9,"pres":1005.8547,"azimuth":307.21,"dewpt":12.4,"uv":0.6,"elev_angle":2.06,"wind_dir":332,"weather":{"icon":"r01n","code":500,"description":"Light rain"},"ghi":29.5,"dhi":18.21,"timestamp_local":"2022-06-26T21:30:00","solar_rad":26.484217,"vis":10,"dni":158.2,"temp":20.2,"slp":1015.5,"clouds":92,"ts":1656271800},{"precip_rate":0.875,"rh":62,"wind_spd":3,"timestamp_utc":"2022-06-26T19:45:00","snow_rate":0,"app_temp":19.8,"pres":1006.09924,"azimuth":310.13,"dewpt":12.6,"uv":0.7,"elev_angle":0.24,"wind_dir":335,"weather":{"icon":"r01n","code":500,"description":"Light rain"},"ghi":14.7,"dhi":9.1,"timestamp_local":"2022-06-26T21:45:00","solar_rad":13.933896,"vis":10,"dni":79.1,"temp":20.1,"slp":1015.75,"clouds":90,"ts":1656272700},{"precip_rate":1,"rh":62,"wind_spd":3.2,"timestamp_utc":"2022-06-26T20:00:00","snow_rate":0,"app_temp":19.7,"pres":1006.3439,"azimuth":313.05,"dewpt":12.5,"uv":0,"elev_angle":-1.59,"wind_dir":338,"weather":{"icon":"r01n","code":500,"description":"Light rain"},"ghi":0,"dhi":0,"timestamp_local":"2022-06-26T22:00:00","solar_rad":0,"vis":10,"dni":0,"temp":20,"slp":1016,"clouds":89,"ts":1656273600},{"precip_rate":0.875,"rh":64,"wind_spd":3.1,"timestamp_utc":"2022-06-26T20:15:00","snow_rate":0,"app_temp":19.4,"pres":1006.3347,"azimuth":316.16,"dewpt":12.7,"uv":0,"elev_angle":-3.09,"wind_dir":343,"weather":{"icon":"r01n","code":500,"description":"Light rain"},"ghi":0,"dhi":0,"timestamp_local":"2022-06-26T22:15:00","solar_rad":0,"vis":10,"dni":0,"temp":19.7,"slp":1016,"clouds":85,"ts":1656274500},{"precip_rate":0.75,"rh":66,"wind_spd":3,"timestamp_utc":"2022-06-26T20:30:00","snow_rate":0,"app_temp":19.2,"pres":1006.3256,"azimuth":319.27,"dewpt":12.9,"uv":0,"elev_angle":-4.59,"wind_dir":348,"weather":{"icon":"r01n","code":500,"description":"Light rain"},"ghi":0,"dhi":0,"timestamp_local":"2022-06-26T22:30:00","solar_rad":0,"vis":10,"dni":0,"temp":19.4,"slp":1016,"clouds":82,"ts":1656275400},{"precip_rate":0.25,"rh":68,"wind_spd":2.9,"timestamp_utc":"2022-06-26T20:45:00","snow_rate":0,"app_temp":18.9,"pres":1006.3165,"azimuth":322.38,"dewpt":13.1,"uv":0,"elev_angle":-6.08,"wind_dir":353,"weather":{"icon":"c04n","code":804,"description":"Overcast clouds"},"ghi":0,"dhi":0,"timestamp_local":"2022-06-26T22:45:00","solar_rad":0,"vis":10,"dni":0,"temp":19.2,"slp":1016,"clouds":78,"ts":1656276300},{"precip_rate":0.5,"rh":70,"wind_spd":2.8,"timestamp_utc":"2022-06-26T21:00:00","snow_rate":0,"app_temp":18.7,"pres":1006.3074,"azimuth":325.49,"dewpt":13.3,"uv":0,"elev_angle":-7.58,"wind_dir":358,"weather":{"icon":"c04n","code":804,"description":"Overcast clouds"},"ghi":0,"dhi":0,"timestamp_local":"2022-06-26T23:00:00","solar_rad":0,"vis":10,"dni":0,"temp":18.9,"slp":1016,"clouds":74,"ts":1656277200},{"precip_rate":0.5,"rh":74,"wind_spd":2.7,"timestamp_utc":"2022-06-26T21:15:00","snow_rate":0,"app_temp":18.4,"pres":1006.0475,"azimuth":328.81,"dewpt":13.8,"uv":0,"elev_angle":-8.66,"wind_dir":356,"weather":{"icon":"c04n","code":804,"description":"Overcast clouds"},"ghi":0,"dhi":0,"timestamp_local":"2022-06-26T23:15:00","solar_rad":0,"vis":10,"dni":0,"temp":18.5,"slp":1015.75,"clouds":80,"ts":1656278100},{"precip_rate":0.5,"rh":78,"wind_spd":2.6,"timestamp_utc":"2022-06-26T21:30:00","snow_rate":0,"app_temp":18.1,"pres":1005.7876,"azimuth":332.13,"dewpt":14.3,"uv":0,"elev_angle":-9.73,"wind_dir":355,"weather":{"icon":"c04n","code":804,"description":"Overcast clouds"},"ghi":0,"dhi":0,"timestamp_local":"2022-06-26T23:30:00","solar_rad":0,"vis":10,"dni":0,"temp":18.1,"slp":1015.5,"clouds":87,"ts":1656279000},{"precip_rate":0.5,"rh":81,"wind_spd":2.5,"timestamp_utc":"2022-06-26T21:45:00","snow_rate":0,"app_temp":17.8,"pres":1005.5277,"azimuth":335.44,"dewpt":14.5,"uv":0,"elev_angle":-10.81,"wind_dir":354,"weather":{"icon":"c04n","code":804,"description":"Overcast clouds"},"ghi":0,"dhi":0,"timestamp_local":"2022-06-26T23:45:00","solar_rad":0,"vis":10,"dni":0,"temp":17.8,"slp":1015.25,"clouds":94,"ts":1656279900},{"precip_rate":0.5,"rh":85,"wind_spd":2.4,"timestamp_utc":"2022-06-26T22:00:00","snow_rate":0,"app_temp":17.4,"pres":1005.2678,"azimuth":338.76,"dewpt":14.9,"uv":0,"elev_angle":-11.88,"wind_dir":352,"weather":{"icon":"c04n","code":804,"description":"Overcast clouds"},"ghi":0,"dhi":0,"timestamp_local":"2022-06-27T00:00:00","solar_rad":0,"vis":10,"dni":0,"temp":17.4,"slp":1015,"clouds":100,"ts":1656280800},{"precip_rate":0.25,"rh":86,"wind_spd":2.6,"timestamp_utc":"2022-06-26T22:15:00","snow_rate":0,"app_temp":17.2,"pres":1005.26166,"azimuth":342.25,"dewpt":14.9,"uv":0,"elev_angle":-12.45,"wind_dir":346,"weather":{"icon":"c04n","code":804,"description":"Overcast clouds"},"ghi":0,"dhi":0,"timestamp_local":"2022-06-27T00:15:00","solar_rad":0,"vis":10,"dni":0,"temp":17.2,"slp":1015,"clouds":100,"ts":1656281700},{"precip_rate":0.75,"rh":87,"wind_spd":2.8,"timestamp_utc":"2022-06-26T22:30:00","snow_rate":0,"app_temp":17.1,"pres":1005.2555,"azimuth":345.73,"dewpt":14.9,"uv":0,"elev_angle":-13.01,"wind_dir":341,"weather":{"icon":"r01n","code":500,"description":"Light rain"},"ghi":0,"dhi":0,"timestamp_local":"2022-06-27T00:30:00","solar_rad":0,"vis":10,"dni":0,"temp":17.1,"slp":1015,"clouds":100,"ts":1656282600},{"precip_rate":0.25,"rh":88,"wind_spd":3,"timestamp_utc":"2022-06-26T22:45:00","snow_rate":0,"app_temp":16.9,"pres":1005.24927,"azimuth":349.22,"dewpt":14.9,"uv":0,"elev_angle":-13.58,"wind_dir":336,"weather":{"icon":"c04n","code":804,"description":"Overcast clouds"},"ghi":0,"dhi":0,"timestamp_local":"2022-06-27T00:45:00","solar_rad":0,"vis":10,"dni":0,"temp":16.9,"slp":1015,"clouds":100,"ts":1656283500},{"precip_rate":0.5,"rh":89,"wind_spd":3.2,"timestamp_utc":"2022-06-26T23:00:00","snow_rate":0,"app_temp":16.7,"pres":1005.2431,"azimuth":352.7,"dewpt":14.9,"uv":0,"elev_angle":-14.14,"wind_dir":330,"weather":{"icon":"c04n","code":804,"description":"Overcast clouds"},"ghi":0,"dhi":0,"timestamp_local":"2022-06-27T01:00:00","solar_rad":0,"vis":10,"dni":0,"temp":16.7,"slp":1015,"clouds":100,"ts":1656284400},{"precip_rate":0.25,"rh":89,"wind_spd":3.1,"timestamp_utc":"2022-06-26T23:15:00","snow_rate":0,"app_temp":16.7,"pres":1005.2431,"azimuth":266.25,"dewpt":14.9,"uv":0,"elev_angle":-14.15,"wind_dir":326,"weather":{"icon":"c04n","code":804,"description":"Overcast clouds"},"ghi":0,"dhi":0,"timestamp_local":"2022-06-27T01:15:00","solar_rad":0,"vis":10,"dni":0,"temp":16.7,"slp":1015,"clouds":100,"ts":1656285300},{"precip_rate":1.25,"rh":89,"wind_spd":3,"timestamp_utc":"2022-06-26T23:30:00","snow_rate":0,"app_temp":16.7,"pres":1005.2431,"azimuth":179.8,"dewpt":14.9,"uv":0,"elev_angle":-14.16,"wind_dir":322,"weather":{"icon":"r01n","code":500,"description":"Light rain"},"ghi":0,"dhi":0,"timestamp_local":"2022-06-27T01:30:00","solar_rad":0,"vis":10,"dni":0,"temp":16.7,"slp":1015,"clouds":100,"ts":1656286200},{"precip_rate":1.375,"rh":89,"wind_spd":2.9,"timestamp_utc":"2022-06-26T23:45:00","snow_rate":0,"app_temp":16.7,"pres":1005.2431,"azimuth":93.35,"dewpt":14.9,"uv":0,"elev_angle":-14.17,"wind_dir":318,"weather":{"icon":"r01n","code":500,"description":"Light rain"},"ghi":0,"dhi":0,"timestamp_local":"2022-06-27T01:45:00","solar_rad":0,"vis":10,"dni":0,"temp":16.7,"slp":1015,"clouds":100,"ts":1656287100}],"sources":["103150-99999","imerg","merra2","era5","modis"],"city_id":"2856883"}
