{"timezone":"Europe\/Berlin","state_code":"06","country_code":"DE","lat":52.2833,"lon":8,"city_name":"Osnabr�ck","station_id":"103150-99999","data":[{"precip_rate":0,"rh":80,"wind_spd":2.4,"timestamp_utc":"2022-07-06T00:00:00","snow_rate":0,"app_temp":12.2,"pres":1014.00415,"azimuth":6.55,"dewpt":8.9,"uv":0,"elev_angle":-14.85,"wind_dir":316,"weather":{"icon":"c03n","code":803,"description":"Broken clouds"},"ghi":0,"dhi":0,"timestamp_local":"2022-07-06T02:00:00","solar_rad":0,"vis":10,"dni":0,"temp":12.2,"slp":1024,"clouds":63,"ts":1657065600},{"precip_rate":0,"rh":81,"wind_spd":2.3,"timestamp_utc":"2022-07-06T00:15:00","snow_rate":0,"app_temp":11.9,"pres":1013.99445,"azimuth":10.07,"dewpt":8.8,"uv":0,"elev_angle":-14.31,"wind_dir":310,"weather":{"icon":"c03n","code":803,"description":"Broken clouds"},"ghi":0,"dhi":0,"timestamp_local":"2022-07-06T02:15:00","solar_rad":0,"vis":10,"dni":0,"temp":11.9,"slp":1024,"clouds":69,"ts":1657066500},{"precip_rate":0,"rh":82,"wind_spd":2.2,"timestamp_utc":"2022-07-06T00:30:00","snow_rate":0,"app_temp":11.7,"pres":1013.98474,"azimuth":13.59,"dewpt":8.7,"uv":0,"elev_angle":-13.78,"wind_dir":305,"weather":{"icon":"c04n","code":804,"description":"Overcast clouds"},"ghi":0,"dhi":0,"timestamp_local":"2022-07-06T02:30:00","solar_rad":0,"vis":10,"dni":0,"temp":11.7,"slp":1024,"clouds":74,"ts":1657067400},{"precip_rate":0,"rh":83,"wind_spd":2.1,"timestamp_utc":"2022-07-06T00:45:00","snow_rate":0,"app_temp":11.4,"pres":1013.97504,"azimuth":17.1,"dewpt":8.6,"uv":0,"elev_angle":-13.24,"wind_dir":300,"weather":{"icon":"c04n","code":804,"description":"Overcast clouds"},"ghi":0,"dhi":0,"timestamp_local":"2022-07-06T02:45:00","solar_rad":0,"vis":10,"dni":0,"temp":11.4,"slp":1024,"clouds":80,"ts":1657068300},{"precip_rate":0,"rh":84,"wind_spd":2,"timestamp_utc":"2022-07-06T01:00:00","snow_rate":0,"app_temp":11.1,"pres":1013.96533,"azimuth":20.62,"dewpt":8.5,"uv":0,"elev_angle":-12.7,"wind_dir":294,"weather":{"icon":"c04n","code":804,"description":"Overcast clouds"},"ghi":0,"dhi":0,"timestamp_local":"2022-07-06T03:00:00","solar_rad":0,"vis":10,"dni":0,"temp":11.1,"slp":1024,"clouds":86,"ts":1657069200},{"precip_rate":0,"rh":84,"wind_spd":2,"timestamp_utc":"2022-07-06T01:15:00","snow_rate":0,"app_temp":11.1,"pres":1013.96533,"azimuth":23.98,"dewpt":8.5,"uv":0,"elev_angle":-11.65,"wind_dir":288,"weather":{"icon":"c04n","code":804,"description":"Overcast clouds"},"ghi":0,"dhi":0,"timestamp_local":"2022-07-06T03:15:00","solar_rad":0,"vis":10,"dni":0,"temp":11.1,"slp":1024,"clouds":88,"ts":1657070100},{"precip_rate":0,"rh":84,"wind_spd":2,"timestamp_utc":"2022-07-06T01:30:00","snow_rate":0,"app_temp":11.1,"pres":1013.96533,"azimuth":27.33,"dewpt":8.5,"uv":0,"elev_angle":-10.6,"wind_dir":282,"weather":{"icon":"c04n","code":804,"description":"Overcast clouds"},"ghi":0,"dhi":0,"timestamp_local":"2022-07-06T03:30:00","solar_rad":0,"vis":10,"dni":0,"temp":11.1,"slp":1024,"clouds":91,"ts":1657071000},{"precip_rate":0,"rh":84,"wind_spd":2,"timestamp_utc":"2022-07-06T01:45:00","snow_rate":0,"app_temp":11.1,"pres":1013.96533,"azimuth":30.69,"dewpt":8.5,"uv":0,"elev_angle":-9.54,"wind_dir":276,"weather":{"icon":"c04n","code":804,"description":"Overcast clouds"},"ghi":0,"dhi":0,"timestamp_local":"2022-07-06T03:45:00","solar_rad":0,"vis":10,"dni":0,"temp":11.1,"slp":1024,"clouds":94,"ts":1657071900},{"precip_rate":0,"rh":84,"wind_spd":2,"timestamp_utc":"2022-07-06T02:00:00","snow_rate":0,"app_temp":11.1,"pres":1013.96533,"azimuth":34.04,"dewpt":8.5,"uv":0,"elev_angle":-8.49,"wind_dir":270,"weather":{"icon":"c04n","code":804,"description":"Overcast clouds"},"ghi":0,"dhi":0,"timestamp_local":"2022-07-06T04:00:00","solar_rad":0,"vis":10,"dni":0,"temp":11.1,"slp":1024,"clouds":96,"ts":1657072800},{"precip_rate":0,"rh":84,"wind_spd":2.1,"timestamp_utc":"2022-07-06T02:15:00","snow_rate":0,"app_temp":11.1,"pres":1013.96533,"azimuth":37.18,"dewpt":8.5,"uv":0,"elev_angle":-7.01,"wind_dir":267,"weather":{"icon":"c04n","code":804,"description":"Overcast clouds"},"ghi":0,"dhi":0,"timestamp_local":"2022-07-06T04:15:00","solar_rad":0,"vis":10,"dni":0,"temp":11.1,"slp":1024,"clouds":94,"ts":1657073700},{"precip_rate":0,"rh":84,"wind_spd":2.2,"timestamp_utc":"2022-07-06T02:30:00","snow_rate":0,"app_temp":11.1,"pres":1013.96533,"azimuth":40.32,"dewpt":8.5,"uv":0,"elev_angle":-5.52,"wind_dir":264,"weather":{"icon":"c04n","code":804,"description":"Overcast clouds"},"ghi":0,"dhi":0,"timestamp_local":"2022-07-06T04:30:00","solar_rad":0,"vis":10,"dni":0,"temp":11.1,"slp":1024,"clouds":92,"ts":1657074600},{"precip_rate":0,"rh":84,"wind_spd":2.3,"timestamp_utc":"2022-07-06T02:45:00","snow_rate":0,"app_temp":11.1,"pres":1013.96533,"azimuth":43.46,"dewpt":8.5,"uv":0,"elev_angle":-4.04,"wind_dir":261,"weather":{"icon":"c04n","code":804,"description":"Overcast clouds"},"ghi":0,"dhi":0,"timestamp_local":"2022-07-06T04:45:00","solar_rad":0,"vis":10,"dni":0,"temp":11.1,"slp":1024,"clouds":91,"ts":1657075500},{"precip_rate":0,"rh":84,"wind_spd":2.4,"timestamp_utc":"2022-07-06T03:00:00","snow_rate":0,"app_temp":11.1,"pres":1013.96533,"azimuth":46.6,"dewpt":8.5,"uv":0,"elev_angle":-2.55,"wind_dir":258,"weather":{"icon":"c04n","code":804,"description":"Overcast clouds"},"ghi":0,"dhi":0,"timestamp_local":"2022-07-06T05:00:00","solar_rad":0,"vis":10,"dni":0,"temp":11.1,"slp":1024,"clouds":89,"ts":1657076400},{"precip_rate":0,"rh":84,"wind_spd":2.5,"timestamp_utc":"2022-07-06T03:15:00","snow_rate":0,"app_temp":11.2,"pres":1013.96857,"azimuth":49.55,"dewpt":8.6,"uv":0,"elev_angle":-0.73,"wind_dir":259,"weather":{"icon":"c04n","code":804,"description":"Overcast clouds"},"ghi":11.4,"dhi":8.06,"timestamp_local":"2022-07-06T05:15:00","solar_rad":12.289129,"vis":10,"dni":68.05,"temp":11.2,"slp":1024,"clouds":90,"ts":1657077300},{"precip_rate":0,"rh":83,"wind_spd":2.6,"timestamp_utc":"2022-07-06T03:30:00","snow_rate":0,"app_temp":11.3,"pres":1013.9718,"azimuth":52.49,"dewpt":8.5,"uv":0.6,"elev_angle":1.09,"wind_dir":260,"weather":{"icon":"c04n","code":804,"description":"Overcast clouds"},"ghi":22.8,"dhi":16.13,"timestamp_local":"2022-07-06T05:30:00","solar_rad":23.475464,"vis":10,"dni":136.09,"temp":11.3,"slp":1024,"clouds":92,"ts":1657078200},{"precip_rate":0,"rh":82,"wind_spd":2.7,"timestamp_utc":"2022-07-06T03:45:00","snow_rate":0,"app_temp":11.4,"pres":1013.97504,"azimuth":55.44,"dewpt":8.4,"uv":0.6,"elev_angle":2.9,"wind_dir":261,"weather":{"icon":"c04n","code":804,"description":"Overcast clouds"},"ghi":34.2,"dhi":24.19,"timestamp_local":"2022-07-06T05:45:00","solar_rad":33.449604,"vis":10,"dni":204.14,"temp":11.4,"slp":1024,"clouds":94,"ts":1657079100},{"precip_rate":0,"rh":82,"wind_spd":2.8,"timestamp_utc":"2022-07-06T04:00:00","snow_rate":0,"app_temp":11.5,"pres":1013.9783,"azimuth":58.38,"dewpt":8.5,"uv":0.6,"elev_angle":4.72,"wind_dir":262,"weather":{"icon":"c04n","code":804,"description":"Overcast clouds"},"ghi":45.7,"dhi":32.25,"timestamp_local":"2022-07-06T06:00:00","solar_rad":43.402313,"vis":10,"dni":272.18,"temp":11.5,"slp":1024,"clouds":95,"ts":1657080000},{"precip_rate":0,"rh":82,"wind_spd":2.8,"timestamp_utc":"2022-07-06T04:15:00","snow_rate":0,"app_temp":11.7,"pres":1013.98474,"azimuth":61.2,"dewpt":8.7,"uv":0.7,"elev_angle":6.78,"wind_dir":264,"weather":{"icon":"c04d","code":804,"description":"Overcast clouds"},"ghi":77,"dhi":39,"timestamp_local":"2022-07-06T06:15:00","solar_rad":71.12811,"vis":10,"dni":337.13,"temp":11.7,"slp":1024,"clouds":88,"ts":1657080900},{"precip_rate":0,"rh":82,"wind_spd":2.8,"timestamp_utc":"2022-07-06T04:30:00","snow_rate":0,"app_temp":11.8,"pres":1013.9912,"azimuth":64.01,"dewpt":8.9,"uv":0.8,"elev_angle":8.84,"wind_dir":267,"weather":{"icon":"c04d","code":804,"description":"Overcast clouds"},"ghi":108.3,"dhi":45.74,"timestamp_local":"2022-07-06T06:30:00","solar_rad":58.659283,"vis":10,"dni":402.07,"temp":11.8,"slp":1024,"clouds":82,"ts":1657081800},{"precip_rate":0,"rh":82,"wind_spd":2.8,"timestamp_utc":"2022-07-06T04:45:00","snow_rate":0,"app_temp":12,"pres":1013.9977,"azimuth":66.83,"dewpt":9.1,"uv":0.9,"elev_angle":10.9,"wind_dir":270,"weather":{"icon":"c04d","code":804,"description":"Overcast clouds"},"ghi":139.6,"dhi":52.49,"timestamp_local":"2022-07-06T06:45:00","solar_rad":90.18098,"vis":10,"dni":467.02,"temp":12,"slp":1024,"clouds":76,"ts":1657082700},{"precip_rate":0,"rh":82,"wind_spd":2.8,"timestamp_utc":"2022-07-06T05:00:00","snow_rate":0,"app_temp":12.2,"pres":1014.00415,"azimuth":69.64,"dewpt":9.2,"uv":1,"elev_angle":12.96,"wind_dir":272,"weather":{"icon":"c03d","code":803,"description":"Broken clouds"},"ghi":171,"dhi":59.23,"timestamp_local":"2022-07-06T07:00:00","solar_rad":127.41615,"vis":10,"dni":531.96,"temp":12.2,"slp":1024,"clouds":69,"ts":1657083600},{"precip_rate":0,"rh":80,"wind_spd":2.9,"timestamp_utc":"2022-07-06T05:15:00","snow_rate":0,"app_temp":12.6,"pres":1014.2645,"azimuth":72.43,"dewpt":9.2,"uv":1.1,"elev_angle":15.18,"wind_dir":276,"weather":{"icon":"c03d","code":803,"description":"Broken clouds"},"ghi":208.8,"dhi":63.92,"timestamp_local":"2022-07-06T07:15:00","solar_rad":171.80826,"vis":10,"dni":567.6,"temp":12.6,"slp":1024.25,"clouds":62,"ts":1657084500},{"precip_rate":0,"rh":79,"wind_spd":3,"timestamp_utc":"2022-07-06T05:30:00","snow_rate":0,"app_temp":12.9,"pres":1014.52496,"azimuth":75.22,"dewpt":9.4,"uv":1.3,"elev_angle":17.39,"wind_dir":280,"weather":{"icon":"c03d","code":803,"description":"Broken clouds"},"ghi":246.6,"dhi":68.61,"timestamp_local":"2022-07-06T07:30:00","solar_rad":219.28668,"vis":10,"dni":603.24,"temp":12.9,"slp":1024.5,"clouds":54,"ts":1657085400},{"precip_rate":0,"rh":78,"wind_spd":3.1,"timestamp_utc":"2022-07-06T05:45:00","snow_rate":0,"app_temp":13.3,"pres":1014.7854,"azimuth":78,"dewpt":9.6,"uv":1.5,"elev_angle":19.61,"wind_dir":284,"weather":{"icon":"c03d","code":803,"description":"Broken clouds"},"ghi":284.4,"dhi":73.29,"timestamp_local":"2022-07-06T07:45:00","solar_rad":266.13797,"vis":10,"dni":638.87,"temp":13.3,"slp":1024.75,"clouds":46,"ts":1657086300},{"precip_rate":0,"rh":76,"wind_spd":3.2,"timestamp_utc":"2022-07-06T06:00:00","snow_rate":0,"app_temp":13.7,"pres":1015.0458,"azimuth":80.79,"dewpt":9.6,"uv":1.7,"elev_angle":21.82,"wind_dir":288,"weather":{"icon":"c02d","code":802,"description":"Scattered clouds"},"ghi":322.2,"dhi":77.98,"timestamp_local":"2022-07-06T08:00:00","solar_rad":310.39713,"vis":10,"dni":674.51,"temp":13.7,"slp":1025,"clouds":39,"ts":1657087200},{"precip_rate":0,"rh":75,"wind_spd":3.3,"timestamp_utc":"2022-07-06T06:15:00","snow_rate":0,"app_temp":14.1,"pres":1015.0585,"azimuth":83.7,"dewpt":9.7,"uv":1.8,"elev_angle":24.11,"wind_dir":292,"weather":{"icon":"c03d","code":803,"description":"Broken clouds"},"ghi":361.4,"dhi":81.48,"timestamp_local":"2022-07-06T08:15:00","solar_rad":345.70737,"vis":10,"dni":696.9,"temp":14.1,"slp":1025,"clouds":41,"ts":1657088100},{"precip_rate":0,"rh":74,"wind_spd":3.4,"timestamp_utc":"2022-07-06T06:30:00","snow_rate":0,"app_temp":14.4,"pres":1015.07117,"azimuth":86.6,"dewpt":9.9,"uv":1.9,"elev_angle":26.4,"wind_dir":295,"weather":{"icon":"c03d","code":803,"description":"Broken clouds"},"ghi":400.6,"dhi":84.99,"timestamp_local":"2022-07-06T08:30:00","solar_rad":378.4847,"vis":10,"dni":719.29,"temp":14.4,"slp":1025,"clouds":44,"ts":1657089000},{"precip_rate":0,"rh":72,"wind_spd":3.5,"timestamp_utc":"2022-07-06T06:45:00","snow_rate":0,"app_temp":14.8,"pres":1015.0839,"azimuth":89.51,"dewpt":9.8,"uv":2.1,"elev_angle":28.68,"wind_dir":298,"weather":{"icon":"c03d","code":803,"description":"Broken clouds"},"ghi":439.8,"dhi":88.49,"timestamp_local":"2022-07-06T08:45:00","solar_rad":411.55936,"vis":10,"dni":741.67,"temp":14.8,"slp":1025,"clouds":46,"ts":1657089900},{"precip_rate":0,"rh":71,"wind_spd":3.6,"timestamp_utc":"2022-07-06T07:00:00","snow_rate":0,"app_temp":15.2,"pres":1015.0966,"azimuth":92.41,"dewpt":10,"uv":2.2,"elev_angle":30.97,"wind_dir":302,"weather":{"icon":"c03d","code":803,"description":"Broken clouds"},"ghi":478.9,"dhi":91.99,"timestamp_local":"2022-07-06T09:00:00","solar_rad":443.3608,"vis":10,"dni":764.06,"temp":15.2,"slp":1025,"clouds":48,"ts":1657090800},{"precip_rate":0,"rh":69,"wind_spd":3.5,"timestamp_utc":"2022-07-06T07:15:00","snow_rate":0,"app_temp":15.5,"pres":1015.1061,"azimuth":95.64,"dewpt":9.8,"uv":2.2,"elev_angle":33.23,"wind_dir":302,"weather":{"icon":"c03d","code":803,"description":"Broken clouds"},"ghi":515.6,"dhi":94.62,"timestamp_local":"2022-07-06T09:15:00","solar_rad":450.97586,"vis":10,"dni":778.86,"temp":15.5,"slp":1025,"clouds":56,"ts":1657091700},{"precip_rate":0,"rh":67,"wind_spd":3.4,"timestamp_utc":"2022-07-06T07:30:00","snow_rate":0,"app_temp":15.8,"pres":1015.1155,"azimuth":98.86,"dewpt":9.6,"uv":2.2,"elev_angle":35.5,"wind_dir":301,"weather":{"icon":"c03d","code":803,"description":"Broken clouds"},"ghi":552.2,"dhi":97.25,"timestamp_local":"2022-07-06T09:30:00","solar_rad":443.219,"vis":10,"dni":793.66,"temp":15.8,"slp":1025,"clouds":64,"ts":1657092600},{"precip_rate":0,"rh":65,"wind_spd":3.3,"timestamp_utc":"2022-07-06T07:45:00","snow_rate":0,"app_temp":16,"pres":1015.12494,"azimuth":102.09,"dewpt":9.5,"uv":2.1,"elev_angle":37.76,"wind_dir":300,"weather":{"icon":"c04d","code":804,"description":"Overcast clouds"},"ghi":588.8,"dhi":99.87,"timestamp_local":"2022-07-06T09:45:00","solar_rad":407.03592,"vis":10,"dni":808.46,"temp":16,"slp":1025,"clouds":73,"ts":1657093500},{"precip_rate":0,"rh":63,"wind_spd":3.2,"timestamp_utc":"2022-07-06T08:00:00","snow_rate":0,"app_temp":16.3,"pres":1015.1344,"azimuth":105.31,"dewpt":9.3,"uv":2.1,"elev_angle":40.02,"wind_dir":300,"weather":{"icon":"c04d","code":804,"description":"Overcast clouds"},"ghi":625.4,"dhi":102.5,"timestamp_local":"2022-07-06T10:00:00","solar_rad":350.4527,"vis":10,"dni":823.26,"temp":16.3,"slp":1025,"clouds":81,"ts":1657094400},{"precip_rate":0,"rh":62,"wind_spd":3.3,"timestamp_utc":"2022-07-06T08:15:00","snow_rate":0,"app_temp":16.4,"pres":1015.1376,"azimuth":109.16,"dewpt":9.1,"uv":2,"elev_angle":42.13,"wind_dir":300,"weather":{"icon":"c04d","code":804,"description":"Overcast clouds"},"ghi":656.2,"dhi":104.39,"timestamp_local":"2022-07-06T10:15:00","solar_rad":302.55017,"vis":10,"dni":833.02,"temp":16.4,"slp":1025,"clouds":86,"ts":1657095300},{"precip_rate":0,"rh":61,"wind_spd":3.4,"timestamp_utc":"2022-07-06T08:30:00","snow_rate":0,"app_temp":16.5,"pres":1015.1407,"azimuth":113,"dewpt":9,"uv":2.1,"elev_angle":44.24,"wind_dir":299,"weather":{"icon":"c04d","code":804,"description":"Overcast clouds"},"ghi":687,"dhi":106.29,"timestamp_local":"2022-07-06T10:30:00","solar_rad":254.86069,"vis":10,"dni":842.77,"temp":16.5,"slp":1025,"clouds":90,"ts":1657096200},{"precip_rate":0,"rh":60,"wind_spd":3.5,"timestamp_utc":"2022-07-06T08:45:00","snow_rate":0,"app_temp":16.6,"pres":1015.1438,"azimuth":116.85,"dewpt":8.8,"uv":2,"elev_angle":46.35,"wind_dir":298,"weather":{"icon":"c04d","code":804,"description":"Overcast clouds"},"ghi":717.7,"dhi":108.18,"timestamp_local":"2022-07-06T10:45:00","solar_rad":175.14258,"vis":10,"dni":852.53,"temp":16.6,"slp":1025,"clouds":95,"ts":1657097100},{"precip_rate":0,"rh":59,"wind_spd":3.6,"timestamp_utc":"2022-07-06T09:00:00","snow_rate":0,"app_temp":16.7,"pres":1015.147,"azimuth":120.69,"dewpt":8.7,"uv":1.9,"elev_angle":48.46,"wind_dir":298,"weather":{"icon":"c04d","code":804,"description":"Overcast clouds"},"ghi":748.5,"dhi":110.07,"timestamp_local":"2022-07-06T11:00:00","solar_rad":184.92,"vis":10,"dni":862.28,"temp":16.7,"slp":1025,"clouds":100,"ts":1657098000},{"precip_rate":0,"rh":57,"wind_spd":3.5,"timestamp_utc":"2022-07-06T09:15:00","snow_rate":0,"app_temp":16.8,"pres":1015.1501,"azimuth":125.57,"dewpt":8.2,"uv":2,"elev_angle":50.21,"wind_dir":297,"weather":{"icon":"c04d","code":804,"description":"Overcast clouds"},"ghi":770.8,"dhi":111.31,"timestamp_local":"2022-07-06T11:15:00","solar_rad":188.39,"vis":10,"dni":868.28,"temp":16.8,"slp":1025,"clouds":100,"ts":1657098900},{"precip_rate":0,"rh":56,"wind_spd":3.4,"timestamp_utc":"2022-07-06T09:30:00","snow_rate":0,"app_temp":16.9,"pres":1015.1532,"azimuth":130.45,"dewpt":8,"uv":2.1,"elev_angle":51.96,"wind_dir":296,"weather":{"icon":"c04d","code":804,"description":"Overcast clouds"},"ghi":793,"dhi":112.55,"timestamp_local":"2022-07-06T11:30:00","solar_rad":191.85,"vis":10,"dni":874.28,"temp":16.9,"slp":1025,"clouds":100,"ts":1657099800},{"precip_rate":0,"rh":54,"wind_spd":3.3,"timestamp_utc":"2022-07-06T09:45:00","snow_rate":0,"app_temp":16.9,"pres":1015.1563,"azimuth":135.32,"dewpt":7.6,"uv":2.2,"elev_angle":53.71,"wind_dir":295,"weather":{"icon":"c04d","code":804,"description":"Overcast clouds"},"ghi":815.3,"dhi":113.78,"timestamp_local":"2022-07-06T11:45:00","solar_rad":195.31,"vis":10,"dni":880.27,"temp":16.9,"slp":1025,"clouds":100,"ts":1657100700},{"precip_rate":0,"rh":52,"wind_spd":3.2,"timestamp_utc":"2022-07-06T10:00:00","snow_rate":0,"app_temp":17,"pres":1015.1594,"azimuth":140.2,"dewpt":7.1,"uv":2.4,"elev_angle":55.46,"wind_dir":294,"weather":{"icon":"c04d","code":804,"description":"Overcast clouds"},"ghi":837.5,"dhi":115.02,"timestamp_local":"2022-07-06T12:00:00","solar_rad":198.77,"vis":10,"dni":886.27,"temp":17,"slp":1025,"clouds":100,"ts":1657101600},{"precip_rate":0,"rh":51,"wind_spd":3.2,"timestamp_utc":"2022-07-06T10:15:00","snow_rate":0,"app_temp":17.3,"pres":1015.16876,"azimuth":146.39,"dewpt":7.1,"uv":2.4,"elev_angle":56.52,"wind_dir":294,"weather":{"icon":"c04d","code":804,"description":"Overcast clouds"},"ghi":849.4,"dhi":115.64,"timestamp_local":"2022-07-06T12:15:00","solar_rad":200.58,"vis":10,"dni":889.18,"temp":17.3,"slp":1025,"clouds":100,"ts":1657102500},{"precip_rate":0,"rh":50,"wind_spd":3.2,"timestamp_utc":"2022-07-06T10:30:00","snow_rate":0,"app_temp":17.6,"pres":1015.1781,"azimuth":152.58,"dewpt":7,"uv":2.5,"elev_angle":57.59,"wind_dir":293,"weather":{"icon":"c04d","code":804,"description":"Overcast clouds"},"ghi":861.3,"dhi":116.27,"timestamp_local":"2022-07-06T12:30:00","solar_rad":202.4,"vis":10,"dni":892.09,"temp":17.6,"slp":1025,"clouds":100,"ts":1657103400},{"precip_rate":0,"rh":49,"wind_spd":3.2,"timestamp_utc":"2022-07-06T10:45:00","snow_rate":0,"app_temp":17.8,"pres":1015.18744,"azimuth":158.76,"dewpt":7,"uv":2.5,"elev_angle":58.65,"wind_dir":292,"weather":{"icon":"c04d","code":804,"description":"Overcast clouds"},"ghi":873.2,"dhi":116.89,"timestamp_local":"2022-07-06T12:45:00","solar_rad":204.21,"vis":10,"dni":895,"temp":17.8,"slp":1025,"clouds":100,"ts":1657104300},{"precip_rate":0,"rh":48,"wind_spd":3.2,"timestamp_utc":"2022-07-06T11:00:00","snow_rate":0,"app_temp":18.1,"pres":1015.1968,"azimuth":164.95,"dewpt":6.9,"uv":2.6,"elev_angle":59.71,"wind_dir":292,"weather":{"icon":"c04d","code":804,"description":"Overcast clouds"},"ghi":885,"dhi":117.51,"timestamp_local":"2022-07-06T13:00:00","solar_rad":206.01,"vis":10,"dni":897.91,"temp":18.1,"slp":1025,"clouds":100,"ts":1657105200},{"precip_rate":0,"rh":48,"wind_spd":3.2,"timestamp_utc":"2022-07-06T11:15:00","snow_rate":0,"app_temp":18.2,"pres":1014.9523,"azimuth":171.88,"dewpt":7,"uv":2.6,"elev_angle":59.76,"wind_dir":290,"weather":{"icon":"c04d","code":804,"description":"Overcast clouds"},"ghi":885.5,"dhi":117.54,"timestamp_local":"2022-07-06T13:15:00","solar_rad":206.09,"vis":10,"dni":898.03,"temp":18.2,"slp":1024.75,"clouds":100,"ts":1657106100},{"precip_rate":0,"rh":47,"wind_spd":3.2,"timestamp_utc":"2022-07-06T11:30:00","snow_rate":0,"app_temp":18.3,"pres":1014.70776,"azimuth":178.81,"dewpt":6.8,"uv":2.6,"elev_angle":59.8,"wind_dir":289,"weather":{"icon":"c04d","code":804,"description":"Overcast clouds"},"ghi":886,"dhi":117.56,"timestamp_local":"2022-07-06T13:30:00","solar_rad":206.16,"vis":10,"dni":898.15,"temp":18.3,"slp":1024.5,"clouds":100,"ts":1657107000},{"precip_rate":0,"rh":46,"wind_spd":3.2,"timestamp_utc":"2022-07-06T11:45:00","snow_rate":0,"app_temp":17.5,"pres":1014.4632,"azimuth":185.74,"dewpt":6.6,"uv":2.6,"elev_angle":59.85,"wind_dir":288,"weather":{"icon":"c04d","code":804,"description":"Overcast clouds"},"ghi":886.5,"dhi":117.59,"timestamp_local":"2022-07-06T13:45:00","solar_rad":206.24,"vis":10,"dni":898.26,"temp":18.4,"slp":1024.25,"clouds":100,"ts":1657107900},{"precip_rate":0,"rh":46,"wind_spd":3.2,"timestamp_utc":"2022-07-06T12:00:00","snow_rate":0,"app_temp":17.6,"pres":1014.2187,"azimuth":192.67,"dewpt":6.7,"uv":2.6,"elev_angle":59.89,"wind_dir":286,"weather":{"icon":"c04d","code":804,"description":"Overcast clouds"},"ghi":887,"dhi":117.61,"timestamp_local":"2022-07-06T14:00:00","solar_rad":206.31,"vis":10,"dni":898.38,"temp":18.5,"slp":1024,"clouds":100,"ts":1657108800},{"precip_rate":0,"rh":45,"wind_spd":3.1,"timestamp_utc":"2022-07-06T12:15:00","snow_rate":0,"app_temp":17.8,"pres":1014.22485,"azimuth":198.96,"dewpt":6.5,"uv":2.6,"elev_angle":58.91,"wind_dir":284,"weather":{"icon":"c04d","code":804,"description":"Overcast clouds"},"ghi":876.1,"dhi":117.04,"timestamp_local":"2022-07-06T14:15:00","solar_rad":204.65,"vis":10,"dni":895.72,"temp":18.7,"slp":1024,"clouds":100,"ts":1657109700},{"precip_rate":0,"rh":44,"wind_spd":3,"timestamp_utc":"2022-07-06T12:30:00","snow_rate":0,"app_temp":18,"pres":1014.231,"azimuth":205.25,"dewpt":6.4,"uv":2.5,"elev_angle":57.92,"wind_dir":282,"weather":{"icon":"c04d","code":804,"description":"Overcast clouds"},"ghi":865.2,"dhi":116.47,"timestamp_local":"2022-07-06T14:30:00","solar_rad":202.98999,"vis":10,"dni":893.05,"temp":18.9,"slp":1024,"clouds":100,"ts":1657110600},{"precip_rate":0,"rh":44,"wind_spd":2.9,"timestamp_utc":"2022-07-06T12:45:00","snow_rate":0,"app_temp":18.2,"pres":1014.2372,"azimuth":211.54,"dewpt":6.6,"uv":2.4,"elev_angle":56.94,"wind_dir":280,"weather":{"icon":"c04d","code":804,"description":"Overcast clouds"},"ghi":854.2,"dhi":115.9,"timestamp_local":"2022-07-06T14:45:00","solar_rad":201.31999,"vis":10,"dni":890.39,"temp":19.1,"slp":1024,"clouds":100,"ts":1657111500},{"precip_rate":0,"rh":43,"wind_spd":2.8,"timestamp_utc":"2022-07-06T13:00:00","snow_rate":0,"app_temp":18.4,"pres":1014.24335,"azimuth":217.83,"dewpt":6.4,"uv":2.4,"elev_angle":55.95,"wind_dir":278,"weather":{"icon":"c04d","code":804,"description":"Overcast clouds"},"ghi":843.3,"dhi":115.33,"timestamp_local":"2022-07-06T15:00:00","solar_rad":199.66,"vis":10,"dni":887.72,"temp":19.3,"slp":1024,"clouds":100,"ts":1657112400},{"precip_rate":0,"rh":42,"wind_spd":2.9,"timestamp_utc":"2022-07-06T13:15:00","snow_rate":0,"app_temp":18.6,"pres":1014.24945,"azimuth":222.82,"dewpt":6.2,"uv":2.3,"elev_angle":54.25,"wind_dir":278,"weather":{"icon":"c04d","code":804,"description":"Overcast clouds"},"ghi":821.9,"dhi":114.15,"timestamp_local":"2022-07-06T15:15:00","solar_rad":196.34,"vis":10,"dni":882.01,"temp":19.5,"slp":1024,"clouds":100,"ts":1657113300},{"precip_rate":0,"rh":42,"wind_spd":3,"timestamp_utc":"2022-07-06T13:30:00","snow_rate":0,"app_temp":18.8,"pres":1014.2556,"azimuth":227.8,"dewpt":6.4,"uv":2.2,"elev_angle":52.54,"wind_dir":278,"weather":{"icon":"c04d","code":804,"description":"Overcast clouds"},"ghi":800.4,"dhi":112.96,"timestamp_local":"2022-07-06T15:30:00","solar_rad":193,"vis":10,"dni":876.29,"temp":19.6,"slp":1024,"clouds":100,"ts":1657114200},{"precip_rate":0,"rh":42,"wind_spd":3.1,"timestamp_utc":"2022-07-06T13:45:00","snow_rate":0,"app_temp":19,"pres":1014.2617,"azimuth":232.79,"dewpt":6.6,"uv":2.1,"elev_angle":50.84,"wind_dir":278,"weather":{"icon":"c04d","code":804,"description":"Overcast clouds"},"ghi":779,"dhi":111.78,"timestamp_local":"2022-07-06T15:45:00","solar_rad":189.68001,"vis":10,"dni":870.58,"temp":19.8,"slp":1024,"clouds":100,"ts":1657115100},{"precip_rate":0,"rh":41,"wind_spd":3.2,"timestamp_utc":"2022-07-06T14:00:00","snow_rate":0,"app_temp":19.1,"pres":1014.2678,"azimuth":237.77,"dewpt":6.4,"uv":2,"elev_angle":49.13,"wind_dir":278,"weather":{"icon":"c04d","code":804,"description":"Overcast clouds"},"ghi":757.6,"dhi":110.59,"timestamp_local":"2022-07-06T16:00:00","solar_rad":186.35,"vis":10,"dni":864.86,"temp":20,"slp":1024,"clouds":100,"ts":1657116000},{"precip_rate":0,"rh":41,"wind_spd":3.3,"timestamp_utc":"2022-07-06T14:15:00","snow_rate":0,"app_temp":19.1,"pres":1014.0202,"azimuth":241.69,"dewpt":6.4,"uv":1.8,"elev_angle":47.04,"wind_dir":278,"weather":{"icon":"c04d","code":804,"description":"Overcast clouds"},"ghi":727.4,"dhi":108.76,"timestamp_local":"2022-07-06T16:15:00","solar_rad":181.5,"vis":10,"dni":855.46,"temp":20,"slp":1023.75,"clouds":100,"ts":1657116900},{"precip_rate":0,"rh":42,"wind_spd":3.4,"timestamp_utc":"2022-07-06T14:30:00","snow_rate":0,"app_temp":19.2,"pres":1013.7726,"azimuth":245.61,"dewpt":6.7,"uv":1.7,"elev_angle":44.95,"wind_dir":278,"weather":{"icon":"c04d","code":804,"description":"Overcast clouds"},"ghi":697.3,"dhi":106.92,"timestamp_local":"2022-07-06T16:30:00","solar_rad":176.65001,"vis":10,"dni":846.06,"temp":20,"slp":1023.5,"clouds":100,"ts":1657117800},{"precip_rate":0,"rh":42,"wind_spd":3.5,"timestamp_utc":"2022-07-06T14:45:00","snow_rate":0,"app_temp":19.2,"pres":1013.52496,"azimuth":249.52,"dewpt":6.7,"uv":1.6,"elev_angle":42.86,"wind_dir":278,"weather":{"icon":"c04d","code":804,"description":"Overcast clouds"},"ghi":667.1,"dhi":105.09,"timestamp_local":"2022-07-06T16:45:00","solar_rad":171.8,"vis":10,"dni":836.66,"temp":20,"slp":1023.25,"clouds":100,"ts":1657118700},{"precip_rate":0,"rh":42,"wind_spd":3.6,"timestamp_utc":"2022-07-06T15:00:00","snow_rate":0,"app_temp":19.2,"pres":1013.27734,"azimuth":253.44,"dewpt":6.7,"uv":1.5,"elev_angle":40.77,"wind_dir":278,"weather":{"icon":"c04d","code":804,"description":"Overcast clouds"},"ghi":637,"dhi":103.25,"timestamp_local":"2022-07-06T17:00:00","solar_rad":166.95,"vis":10,"dni":827.26,"temp":20,"slp":1023,"clouds":100,"ts":1657119600},{"precip_rate":0,"rh":42,"wind_spd":3.6,"timestamp_utc":"2022-07-06T15:15:00","snow_rate":0,"app_temp":19,"pres":1013.2743,"azimuth":256.71,"dewpt":6.6,"uv":1.4,"elev_angle":38.51,"wind_dir":278,"weather":{"icon":"c04d","code":804,"description":"Overcast clouds"},"ghi":600.7,"dhi":100.69,"timestamp_local":"2022-07-06T17:15:00","solar_rad":160.76,"vis":10,"dni":812.95,"temp":19.9,"slp":1023,"clouds":100,"ts":1657120500},{"precip_rate":0,"rh":43,"wind_spd":3.6,"timestamp_utc":"2022-07-06T15:30:00","snow_rate":0,"app_temp":19,"pres":1013.27124,"azimuth":259.97,"dewpt":6.9,"uv":1.3,"elev_angle":36.26,"wind_dir":277,"weather":{"icon":"c04d","code":804,"description":"Overcast clouds"},"ghi":564.4,"dhi":98.13,"timestamp_local":"2022-07-06T17:30:00","solar_rad":154.56999,"vis":10,"dni":798.65,"temp":19.8,"slp":1023,"clouds":100,"ts":1657121400},{"precip_rate":0.5,"rh":44,"wind_spd":3.6,"timestamp_utc":"2022-07-06T15:45:00","snow_rate":0,"app_temp":18.9,"pres":1013.2682,"azimuth":263.24,"dewpt":7.1,"uv":1.2,"elev_angle":34,"wind_dir":276,"weather":{"icon":"c04d","code":804,"description":"Overcast clouds"},"ghi":528.2,"dhi":95.56,"timestamp_local":"2022-07-06T17:45:00","solar_rad":148.38,"vis":10,"dni":784.34,"temp":19.7,"slp":1023,"clouds":100,"ts":1657122300},{"precip_rate":1,"rh":44,"wind_spd":3.6,"timestamp_utc":"2022-07-06T16:00:00","snow_rate":0,"app_temp":18.8,"pres":1013.26514,"azimuth":266.5,"dewpt":7,"uv":1.1,"elev_angle":31.74,"wind_dir":276,"weather":{"icon":"r01d","code":500,"description":"Light rain"},"ghi":491.9,"dhi":93,"timestamp_local":"2022-07-06T18:00:00","solar_rad":142.19,"vis":10,"dni":770.03,"temp":19.6,"slp":1023,"clouds":100,"ts":1657123200},{"precip_rate":0.5,"rh":45,"wind_spd":3.6,"timestamp_utc":"2022-07-06T16:15:00","snow_rate":0,"app_temp":18.7,"pres":1013.01447,"azimuth":269.42,"dewpt":7.3,"uv":1,"elev_angle":29.45,"wind_dir":276,"weather":{"icon":"c04d","code":804,"description":"Overcast clouds"},"ghi":452.8,"dhi":89.58,"timestamp_local":"2022-07-06T18:15:00","solar_rad":134.86,"vis":10,"dni":748.42,"temp":19.5,"slp":1022.75,"clouds":100,"ts":1657124100},{"precip_rate":0,"rh":46,"wind_spd":3.6,"timestamp_utc":"2022-07-06T16:30:00","snow_rate":0,"app_temp":18.7,"pres":1012.7638,"azimuth":272.34,"dewpt":7.5,"uv":0.9,"elev_angle":27.16,"wind_dir":275,"weather":{"icon":"c04d","code":804,"description":"Overcast clouds"},"ghi":413.6,"dhi":86.15,"timestamp_local":"2022-07-06T18:30:00","solar_rad":127.51,"vis":10,"dni":726.8,"temp":19.4,"slp":1022.5,"clouds":100,"ts":1657125000},{"precip_rate":0,"rh":46,"wind_spd":3.6,"timestamp_utc":"2022-07-06T16:45:00","snow_rate":0,"app_temp":18.6,"pres":1012.51306,"azimuth":275.26,"dewpt":7.5,"uv":0.8,"elev_angle":24.87,"wind_dir":274,"weather":{"icon":"c04d","code":804,"description":"Overcast clouds"},"ghi":374.5,"dhi":82.73,"timestamp_local":"2022-07-06T18:45:00","solar_rad":120.18,"vis":10,"dni":705.19,"temp":19.4,"slp":1022.25,"clouds":100,"ts":1657125900},{"precip_rate":0,"rh":47,"wind_spd":3.6,"timestamp_utc":"2022-07-06T17:00:00","snow_rate":0,"app_temp":18.5,"pres":1012.2624,"azimuth":278.18,"dewpt":7.7,"uv":0.8,"elev_angle":22.58,"wind_dir":274,"weather":{"icon":"c04d","code":804,"description":"Overcast clouds"},"ghi":335.3,"dhi":79.3,"timestamp_local":"2022-07-06T19:00:00","solar_rad":112.83,"vis":10,"dni":683.57,"temp":19.3,"slp":1022,"clouds":100,"ts":1657126800},{"precip_rate":0.25,"rh":48,"wind_spd":3.7,"timestamp_utc":"2022-07-06T17:15:00","snow_rate":0,"app_temp":18.3,"pres":1012.2562,"azimuth":280.97,"dewpt":7.8,"uv":0.7,"elev_angle":20.35,"wind_dir":276,"weather":{"icon":"c04d","code":804,"description":"Overcast clouds"},"ghi":297.2,"dhi":74.73,"timestamp_local":"2022-07-06T19:15:00","solar_rad":104.45,"vis":10,"dni":649.37,"temp":19.1,"slp":1022,"clouds":100,"ts":1657127700},{"precip_rate":0.5,"rh":50,"wind_spd":3.8,"timestamp_utc":"2022-07-06T17:30:00","snow_rate":0,"app_temp":18.2,"pres":1012.2501,"azimuth":283.77,"dewpt":8.3,"uv":0.7,"elev_angle":18.13,"wind_dir":277,"weather":{"icon":"c04d","code":804,"description":"Overcast clouds"},"ghi":259.1,"dhi":70.16,"timestamp_local":"2022-07-06T19:30:00","solar_rad":96.07,"vis":10,"dni":615.16,"temp":18.9,"slp":1022,"clouds":100,"ts":1657128600},{"precip_rate":0.25,"rh":51,"wind_spd":3.9,"timestamp_utc":"2022-07-06T17:45:00","snow_rate":0,"app_temp":18,"pres":1012.24396,"azimuth":286.56,"dewpt":8.4,"uv":0.6,"elev_angle":15.9,"wind_dir":278,"weather":{"icon":"c04d","code":804,"description":"Overcast clouds"},"ghi":220.9,"dhi":65.58,"timestamp_local":"2022-07-06T19:45:00","solar_rad":87.67,"vis":10,"dni":580.96,"temp":18.7,"slp":1022,"clouds":100,"ts":1657129500},{"precip_rate":0,"rh":52,"wind_spd":4,"timestamp_utc":"2022-07-06T18:00:00","snow_rate":0,"app_temp":17.8,"pres":1012.2378,"azimuth":289.35,"dewpt":8.5,"uv":0.6,"elev_angle":13.67,"wind_dir":280,"weather":{"icon":"c04d","code":804,"description":"Overcast clouds"},"ghi":182.8,"dhi":61.01,"timestamp_local":"2022-07-06T20:00:00","solar_rad":79.29,"vis":10,"dni":546.75,"temp":18.5,"slp":1022,"clouds":100,"ts":1657130400},{"precip_rate":0.25,"rh":53,"wind_spd":3.8,"timestamp_utc":"2022-07-06T18:15:00","snow_rate":0,"app_temp":17.7,"pres":1012.23474,"azimuth":292.16,"dewpt":8.7,"uv":0.6,"elev_angle":11.59,"wind_dir":278,"weather":{"icon":"c04d","code":804,"description":"Overcast clouds"},"ghi":150.6,"dhi":54.49,"timestamp_local":"2022-07-06T20:15:00","solar_rad":69.55,"vis":10,"dni":485.29,"temp":18.4,"slp":1022,"clouds":100,"ts":1657131300},{"precip_rate":0.5,"rh":54,"wind_spd":3.6,"timestamp_utc":"2022-07-06T18:30:00","snow_rate":0,"app_temp":18.3,"pres":1012.2316,"azimuth":294.97,"dewpt":8.8,"uv":0.6,"elev_angle":9.51,"wind_dir":277,"weather":{"icon":"c04d","code":804,"description":"Overcast clouds"},"ghi":118.4,"dhi":47.98,"timestamp_local":"2022-07-06T20:30:00","solar_rad":59.82,"vis":10,"dni":423.84,"temp":18.3,"slp":1022,"clouds":100,"ts":1657132200},{"precip_rate":0.25,"rh":54,"wind_spd":3.4,"timestamp_utc":"2022-07-06T18:45:00","snow_rate":0,"app_temp":18.2,"pres":1012.2285,"azimuth":297.77,"dewpt":8.7,"uv":0.6,"elev_angle":7.43,"wind_dir":276,"weather":{"icon":"c04d","code":804,"description":"Overcast clouds"},"ghi":86.2,"dhi":41.46,"timestamp_local":"2022-07-06T20:45:00","solar_rad":50.079998,"vis":10,"dni":362.38,"temp":18.2,"slp":1022,"clouds":100,"ts":1657133100},{"precip_rate":0.5,"rh":55,"wind_spd":3.2,"timestamp_utc":"2022-07-06T19:00:00","snow_rate":0,"app_temp":18.1,"pres":1012.22546,"azimuth":300.58,"dewpt":8.9,"uv":0.5,"elev_angle":5.35,"wind_dir":274,"weather":{"icon":"c04d","code":804,"description":"Overcast clouds"},"ghi":54.1,"dhi":34.94,"timestamp_local":"2022-07-06T21:00:00","solar_rad":40.35,"vis":10,"dni":300.92,"temp":18.1,"slp":1022,"clouds":100,"ts":1657134000},{"precip_rate":0.5,"rh":57,"wind_spd":3.1,"timestamp_utc":"2022-07-06T19:15:00","snow_rate":0,"app_temp":17.8,"pres":1012.2162,"azimuth":303.51,"dewpt":9.2,"uv":0.5,"elev_angle":3.51,"wind_dir":269,"weather":{"icon":"c04n","code":804,"description":"Overcast clouds"},"ghi":40.5,"dhi":26.21,"timestamp_local":"2022-07-06T21:15:00","solar_rad":30.26,"vis":10,"dni":225.69,"temp":17.8,"slp":1022,"clouds":100,"ts":1657134900},{"precip_rate":0.5,"rh":59,"wind_spd":3,"timestamp_utc":"2022-07-06T19:30:00","snow_rate":0,"app_temp":17.6,"pres":1012.20685,"azimuth":306.45,"dewpt":9.5,"uv":0.5,"elev_angle":1.66,"wind_dir":264,"weather":{"icon":"c04n","code":804,"description":"Overcast clouds"},"ghi":27,"dhi":17.47,"timestamp_local":"2022-07-06T21:30:00","solar_rad":20.17,"vis":10,"dni":150.46,"temp":17.6,"slp":1022,"clouds":100,"ts":1657135800},{"precip_rate":0.25,"rh":61,"wind_spd":2.9,"timestamp_utc":"2022-07-06T19:45:00","snow_rate":0,"app_temp":17.3,"pres":1012.1975,"azimuth":309.38,"dewpt":9.7,"uv":0,"elev_angle":-0.19,"wind_dir":259,"weather":{"icon":"c04n","code":804,"description":"Overcast clouds"},"ghi":13.5,"dhi":8.74,"timestamp_local":"2022-07-06T21:45:00","solar_rad":10.09,"vis":10,"dni":75.23,"temp":17.3,"slp":1022,"clouds":100,"ts":1657136700},{"precip_rate":1.5,"rh":63,"wind_spd":2.8,"timestamp_utc":"2022-07-06T20:00:00","snow_rate":0,"app_temp":17,"pres":1012.18823,"azimuth":312.31,"dewpt":9.9,"uv":0,"elev_angle":-2.03,"wind_dir":254,"weather":{"icon":"r01n","code":500,"description":"Light rain"},"ghi":0,"dhi":0,"timestamp_local":"2022-07-06T22:00:00","solar_rad":0,"vis":10,"dni":0,"temp":17,"slp":1022,"clouds":100,"ts":1657137600},{"precip_rate":1.25,"rh":65,"wind_spd":2.8,"timestamp_utc":"2022-07-06T20:15:00","snow_rate":0,"app_temp":16.9,"pres":1011.9375,"azimuth":315.43,"dewpt":10.3,"uv":0,"elev_angle":-3.55,"wind_dir":250,"weather":{"icon":"r01n","code":500,"description":"Light rain"},"ghi":0,"dhi":0,"timestamp_local":"2022-07-06T22:15:00","solar_rad":0,"vis":10,"dni":0,"temp":16.9,"slp":1021.75,"clouds":100,"ts":1657138500},{"precip_rate":1,"rh":66,"wind_spd":2.8,"timestamp_utc":"2022-07-06T20:30:00","snow_rate":0,"app_temp":16.9,"pres":1011.6868,"azimuth":318.56,"dewpt":10.5,"uv":0,"elev_angle":-5.07,"wind_dir":247,"weather":{"icon":"r01n","code":500,"description":"Light rain"},"ghi":0,"dhi":0,"timestamp_local":"2022-07-06T22:30:00","solar_rad":0,"vis":10,"dni":0,"temp":16.9,"slp":1021.5,"clouds":99,"ts":1657139400},{"precip_rate":0.75,"rh":68,"wind_spd":2.8,"timestamp_utc":"2022-07-06T20:45:00","snow_rate":0,"app_temp":16.8,"pres":1011.43616,"azimuth":321.68,"dewpt":10.8,"uv":0,"elev_angle":-6.59,"wind_dir":244,"weather":{"icon":"r01n","code":500,"description":"Light rain"},"ghi":0,"dhi":0,"timestamp_local":"2022-07-06T22:45:00","solar_rad":0,"vis":10,"dni":0,"temp":16.8,"slp":1021.25,"clouds":98,"ts":1657140300},{"precip_rate":0.5,"rh":70,"wind_spd":2.8,"timestamp_utc":"2022-07-06T21:00:00","snow_rate":0,"app_temp":16.7,"pres":1011.1854,"azimuth":324.8,"dewpt":11.2,"uv":0,"elev_angle":-8.11,"wind_dir":240,"weather":{"icon":"c04n","code":804,"description":"Overcast clouds"},"ghi":0,"dhi":0,"timestamp_local":"2022-07-06T23:00:00","solar_rad":0,"vis":10,"dni":0,"temp":16.7,"slp":1021,"clouds":98,"ts":1657141200},{"precip_rate":0.625,"rh":73,"wind_spd":2.9,"timestamp_utc":"2022-07-06T21:15:00","snow_rate":0,"app_temp":16.3,"pres":1011.17285,"azimuth":328.14,"dewpt":11.5,"uv":0,"elev_angle":-9.21,"wind_dir":238,"weather":{"icon":"r01n","code":500,"description":"Light rain"},"ghi":0,"dhi":0,"timestamp_local":"2022-07-06T23:15:00","solar_rad":0,"vis":10,"dni":0,"temp":16.3,"slp":1021,"clouds":98,"ts":1657142100},{"precip_rate":0.75,"rh":76,"wind_spd":3,"timestamp_utc":"2022-07-06T21:30:00","snow_rate":0,"app_temp":16,"pres":1011.16034,"azimuth":331.48,"dewpt":11.7,"uv":0,"elev_angle":-10.31,"wind_dir":235,"weather":{"icon":"r01n","code":500,"description":"Light rain"},"ghi":0,"dhi":0,"timestamp_local":"2022-07-06T23:30:00","solar_rad":0,"vis":10,"dni":0,"temp":16,"slp":1021,"clouds":99,"ts":1657143000},{"precip_rate":0.875,"rh":79,"wind_spd":3.1,"timestamp_utc":"2022-07-06T21:45:00","snow_rate":0,"app_temp":15.6,"pres":1011.1478,"azimuth":334.81,"dewpt":11.9,"uv":0,"elev_angle":-11.4,"wind_dir":232,"weather":{"icon":"r01n","code":500,"description":"Light rain"},"ghi":0,"dhi":0,"timestamp_local":"2022-07-06T23:45:00","solar_rad":0,"vis":10,"dni":0,"temp":15.6,"slp":1021,"clouds":100,"ts":1657143900},{"precip_rate":1,"rh":82,"wind_spd":3.2,"timestamp_utc":"2022-07-06T22:00:00","snow_rate":0,"app_temp":15.2,"pres":1011.13525,"azimuth":338.15,"dewpt":12.1,"uv":0,"elev_angle":-12.5,"wind_dir":230,"weather":{"icon":"r01n","code":500,"description":"Light rain"},"ghi":0,"dhi":0,"timestamp_local":"2022-07-07T00:00:00","solar_rad":0,"vis":10,"dni":0,"temp":15.2,"slp":1021,"clouds":100,"ts":1657144800},{"precip_rate":0.875,"rh":83,"wind_spd":3.2,"timestamp_utc":"2022-07-06T22:15:00","snow_rate":0,"app_temp":15.2,"pres":1011.13525,"azimuth":341.66,"dewpt":12.3,"uv":0,"elev_angle":-13.09,"wind_dir":233,"weather":{"icon":"r01n","code":500,"description":"Light rain"},"ghi":0,"dhi":0,"timestamp_local":"2022-07-07T00:15:00","solar_rad":0,"vis":10,"dni":0,"temp":15.2,"slp":1021,"clouds":100,"ts":1657145700},{"precip_rate":0.75,"rh":84,"wind_spd":3.2,"timestamp_utc":"2022-07-06T22:30:00","snow_rate":0,"app_temp":15.2,"pres":1011.13525,"azimuth":345.17,"dewpt":12.5,"uv":0,"elev_angle":-13.68,"wind_dir":236,"weather":{"icon":"r01n","code":500,"description":"Light rain"},"ghi":0,"dhi":0,"timestamp_local":"2022-07-07T00:30:00","solar_rad":0,"vis":10,"dni":0,"temp":15.2,"slp":1021,"clouds":100,"ts":1657146600},{"precip_rate":0.625,"rh":84,"wind_spd":3.2,"timestamp_utc":"2022-07-06T22:45:00","snow_rate":0,"app_temp":15.2,"pres":1011.13525,"azimuth":348.68,"dewpt":12.5,"uv":0,"elev_angle":-14.26,"wind_dir":239,"weather":{"icon":"r01n","code":500,"description":"Light rain"},"ghi":0,"dhi":0,"timestamp_local":"2022-07-07T00:45:00","solar_rad":0,"vis":10,"dni":0,"temp":15.2,"slp":1021,"clouds":100,"ts":1657147500},{"precip_rate":0.5,"rh":85,"wind_spd":3.2,"timestamp_utc":"2022-07-06T23:00:00","snow_rate":0,"app_temp":15.2,"pres":1011.13525,"azimuth":352.19,"dewpt":12.7,"uv":0,"elev_angle":-14.85,"wind_dir":242,"weather":{"icon":"c04n","code":804,"description":"Overcast clouds"},"ghi":0,"dhi":0,"timestamp_local":"2022-07-07T01:00:00","solar_rad":0,"vis":10,"dni":0,"temp":15.2,"slp":1021,"clouds":100,"ts":1657148400},{"precip_rate":0.5,"rh":86,"wind_spd":3.3,"timestamp_utc":"2022-07-06T23:15:00","snow_rate":0,"app_temp":15.2,"pres":1010.8877,"azimuth":265.77,"dewpt":12.9,"uv":0,"elev_angle":-14.88,"wind_dir":241,"weather":{"icon":"c04n","code":804,"description":"Overcast clouds"},"ghi":0,"dhi":0,"timestamp_local":"2022-07-07T01:15:00","solar_rad":0,"vis":10,"dni":0,"temp":15.2,"slp":1020.75,"clouds":100,"ts":1657149300},{"precip_rate":0.5,"rh":86,"wind_spd":3.4,"timestamp_utc":"2022-07-06T23:30:00","snow_rate":0,"app_temp":15.2,"pres":1010.6401,"azimuth":179.36,"dewpt":12.9,"uv":0,"elev_angle":-14.91,"wind_dir":240,"weather":{"icon":"c04n","code":804,"description":"Overcast clouds"},"ghi":0,"dhi":0,"timestamp_local":"2022-07-07T01:30:00","solar_rad":0,"vis":10,"dni":0,"temp":15.2,"slp":1020.5,"clouds":100,"ts":1657150200},{"precip_rate":0.5,"rh":86,"wind_spd":3.5,"timestamp_utc":"2022-07-06T23:45:00","snow_rate":0,"app_temp":15.2,"pres":1010.39246,"azimuth":92.94,"dewpt":12.9,"uv":0,"elev_angle":-14.93,"wind_dir":239,"weather":{"icon":"c04n","code":804,"description":"Overcast clouds"},"ghi":0,"dhi":0,"timestamp_local":"2022-07-07T01:45:00","solar_rad":0,"vis":10,"dni":0,"temp":15.2,"slp":1020.25,"clouds":100,"ts":1657151100}],"sources":["103150-99999","imerg","merra2","era5","modis"],"city_id":"2856883"}
