{"timezone":"Europe\/Berlin","state_code":"06","country_code":"DE","lat":52.2833,"lon":8,"city_name":"Osnabr�ck","station_id":"103150-99999","data":[{"precip_rate":2.5,"rh":89,"wind_spd":0.98,"timestamp_utc":"2022-07-23T00:00:00","snow_rate":0,"app_temp":14.4,"pres":1011.7,"azimuth":6.34,"dewpt":12.6,"uv":0,"elev_angle":-17.51,"wind_dir":0,"weather":{"icon":"r01n","code":500,"description":"Light rain"},"ghi":0,"dhi":0,"timestamp_local":"2022-07-23T02:00:00","solar_rad":0,"vis":10,"dni":0,"temp":14.4,"slp":1018,"clouds":100,"ts":1658534400},{"precip_rate":2.75,"rh":90,"wind_spd":0.88,"timestamp_utc":"2022-07-23T00:15:00","snow_rate":0,"app_temp":14.3,"pres":1011.7,"azimuth":9.97,"dewpt":12.6,"uv":0,"elev_angle":-16.97,"wind_dir":88,"weather":{"icon":"r01n","code":500,"description":"Light rain"},"ghi":0,"dhi":0,"timestamp_local":"2022-07-23T02:15:00","solar_rad":0,"vis":10,"dni":0,"temp":14.3,"slp":1018,"clouds":100,"ts":1658535300},{"precip_rate":3,"rh":90,"wind_spd":0.77,"timestamp_utc":"2022-07-23T00:30:00","snow_rate":0,"app_temp":14.3,"pres":1011.7,"azimuth":13.6,"dewpt":12.6,"uv":0,"elev_angle":-16.44,"wind_dir":176,"weather":{"icon":"r01n","code":500,"description":"Light rain"},"ghi":0,"dhi":0,"timestamp_local":"2022-07-23T02:30:00","solar_rad":0,"vis":10,"dni":0,"temp":14.3,"slp":1018,"clouds":100,"ts":1658536200},{"precip_rate":3.25,"rh":90,"wind_spd":0.66,"timestamp_utc":"2022-07-23T00:45:00","snow_rate":0,"app_temp":14.2,"pres":1011.7,"azimuth":17.23,"dewpt":12.6,"uv":0,"elev_angle":-15.9,"wind_dir":265,"weather":{"icon":"r01n","code":500,"description":"Light rain"},"ghi":0,"dhi":0,"timestamp_local":"2022-07-23T02:45:00","solar_rad":0,"vis":10,"dni":0,"temp":14.2,"slp":1018,"clouds":100,"ts":1658537100},{"precip_rate":3.5,"rh":91,"wind_spd":0.56,"timestamp_utc":"2022-07-23T01:00:00","snow_rate":0,"app_temp":14.1,"pres":1011.7,"azimuth":20.86,"dewpt":12.6,"uv":0,"elev_angle":-15.36,"wind_dir":353,"weather":{"icon":"r01n","code":500,"description":"Light rain"},"ghi":0,"dhi":0,"timestamp_local":"2022-07-23T03:00:00","solar_rad":0,"vis":10,"dni":0,"temp":14.1,"slp":1018,"clouds":100,"ts":1658538000},{"precip_rate":2.25,"rh":91,"wind_spd":0.59,"timestamp_utc":"2022-07-23T01:15:00","snow_rate":0,"app_temp":14.1,"pres":1011.7,"azimuth":24.31,"dewpt":12.6,"uv":0,"elev_angle":-14.29,"wind_dir":274,"weather":{"icon":"r01n","code":500,"description":"Light rain"},"ghi":0,"dhi":0,"timestamp_local":"2022-07-23T03:15:00","solar_rad":0,"vis":10,"dni":0,"temp":14.1,"slp":1018,"clouds":98,"ts":1658538900},{"precip_rate":1,"rh":92,"wind_spd":0.61,"timestamp_utc":"2022-07-23T01:30:00","snow_rate":0,"app_temp":14.1,"pres":1011.7,"azimuth":27.76,"dewpt":12.7,"uv":0,"elev_angle":-13.23,"wind_dir":196,"weather":{"icon":"r01n","code":500,"description":"Light rain"},"ghi":0,"dhi":0,"timestamp_local":"2022-07-23T03:30:00","solar_rad":0,"vis":10,"dni":0,"temp":14.1,"slp":1018,"clouds":96,"ts":1658539800},{"precip_rate":0.5,"rh":92,"wind_spd":0.64,"timestamp_utc":"2022-07-23T01:45:00","snow_rate":0,"app_temp":14,"pres":1011.7,"azimuth":31.21,"dewpt":12.7,"uv":0,"elev_angle":-12.16,"wind_dir":118,"weather":{"icon":"c04n","code":804,"description":"Overcast clouds"},"ghi":0,"dhi":0,"timestamp_local":"2022-07-23T03:45:00","solar_rad":0,"vis":10,"dni":0,"temp":14,"slp":1018,"clouds":95,"ts":1658540700},{"precip_rate":0,"rh":92,"wind_spd":0.67,"timestamp_utc":"2022-07-23T02:00:00","snow_rate":0,"app_temp":14,"pres":1011.7,"azimuth":34.66,"dewpt":12.7,"uv":0,"elev_angle":-11.09,"wind_dir":39,"weather":{"icon":"c04n","code":804,"description":"Overcast clouds"},"ghi":0,"dhi":0,"timestamp_local":"2022-07-23T04:00:00","solar_rad":0,"vis":10,"dni":0,"temp":14,"slp":1018,"clouds":93,"ts":1658541600},{"precip_rate":0,"rh":93,"wind_spd":0.66,"timestamp_utc":"2022-07-23T02:15:00","snow_rate":0,"app_temp":13.8,"pres":1011.7,"azimuth":37.88,"dewpt":12.6,"uv":0,"elev_angle":-9.59,"wind_dir":115,"weather":{"icon":"c04n","code":804,"description":"Overcast clouds"},"ghi":0,"dhi":0,"timestamp_local":"2022-07-23T04:15:00","solar_rad":0,"vis":10,"dni":0,"temp":13.8,"slp":1018,"clouds":92,"ts":1658542500},{"precip_rate":0,"rh":94,"wind_spd":0.65,"timestamp_utc":"2022-07-23T02:30:00","snow_rate":0,"app_temp":13.7,"pres":1011.7,"azimuth":41.1,"dewpt":12.5,"uv":0,"elev_angle":-8.08,"wind_dir":192,"weather":{"icon":"c04n","code":804,"description":"Overcast clouds"},"ghi":0,"dhi":0,"timestamp_local":"2022-07-23T04:30:00","solar_rad":0,"vis":10,"dni":0,"temp":13.7,"slp":1018,"clouds":90,"ts":1658543400},{"precip_rate":0,"rh":94,"wind_spd":0.63,"timestamp_utc":"2022-07-23T02:45:00","snow_rate":0,"app_temp":13.5,"pres":1011.7,"azimuth":44.31,"dewpt":12.5,"uv":0,"elev_angle":-6.58,"wind_dir":268,"weather":{"icon":"c04n","code":804,"description":"Overcast clouds"},"ghi":0,"dhi":0,"timestamp_local":"2022-07-23T04:45:00","solar_rad":0,"vis":10,"dni":0,"temp":13.5,"slp":1018,"clouds":88,"ts":1658544300},{"precip_rate":0,"rh":95,"wind_spd":0.62,"timestamp_utc":"2022-07-23T03:00:00","snow_rate":0,"app_temp":13.3,"pres":1011.7,"azimuth":47.53,"dewpt":12.4,"uv":0,"elev_angle":-5.07,"wind_dir":344,"weather":{"icon":"c04n","code":804,"description":"Overcast clouds"},"ghi":0,"dhi":0,"timestamp_local":"2022-07-23T05:00:00","solar_rad":0,"vis":9,"dni":0,"temp":13.3,"slp":1018,"clouds":87,"ts":1658545200},{"precip_rate":0,"rh":95,"wind_spd":0.65,"timestamp_utc":"2022-07-23T03:15:00","snow_rate":0,"app_temp":13.3,"pres":1011.7,"azimuth":50.54,"dewpt":12.4,"uv":0,"elev_angle":-3.23,"wind_dir":342,"weather":{"icon":"c04n","code":804,"description":"Overcast clouds"},"ghi":4.4,"dhi":5.08,"timestamp_local":"2022-07-23T05:15:00","solar_rad":6.797908,"vis":8,"dni":35.22,"temp":13.3,"slp":1018,"clouds":87,"ts":1658546100},{"precip_rate":0,"rh":96,"wind_spd":0.68,"timestamp_utc":"2022-07-23T03:30:00","snow_rate":0,"app_temp":13.2,"pres":1011.7,"azimuth":53.54,"dewpt":12.4,"uv":0,"elev_angle":-1.39,"wind_dir":339,"weather":{"icon":"c04n","code":804,"description":"Overcast clouds"},"ghi":8.7,"dhi":10.17,"timestamp_local":"2022-07-23T05:30:00","solar_rad":13.368875,"vis":8,"dni":70.44,"temp":13.2,"slp":1018,"clouds":88,"ts":1658547000},{"precip_rate":0,"rh":96,"wind_spd":0.7,"timestamp_utc":"2022-07-23T03:45:00","snow_rate":0,"app_temp":13.2,"pres":1011.7,"azimuth":56.55,"dewpt":12.4,"uv":0.7,"elev_angle":0.46,"wind_dir":336,"weather":{"icon":"c04n","code":804,"description":"Overcast clouds"},"ghi":13.1,"dhi":15.25,"timestamp_local":"2022-07-23T05:45:00","solar_rad":20.069422,"vis":7,"dni":105.65,"temp":13.2,"slp":1018,"clouds":88,"ts":1658547900},{"precip_rate":0,"rh":96,"wind_spd":0.73,"timestamp_utc":"2022-07-23T04:00:00","snow_rate":0,"app_temp":13.1,"pres":1011.7,"azimuth":59.55,"dewpt":12.4,"uv":0.7,"elev_angle":2.3,"wind_dir":334,"weather":{"icon":"c04n","code":804,"description":"Overcast clouds"},"ghi":17.5,"dhi":20.33,"timestamp_local":"2022-07-23T06:00:00","solar_rad":26.771282,"vis":8,"dni":140.87,"temp":13.1,"slp":1018,"clouds":88,"ts":1658548800},{"precip_rate":0,"rh":96,"wind_spd":0.78,"timestamp_utc":"2022-07-23T04:15:00","snow_rate":0,"app_temp":13.2,"pres":1011.7,"azimuth":62.41,"dewpt":12.5,"uv":0.7,"elev_angle":4.38,"wind_dir":332,"weather":{"icon":"c04n","code":804,"description":"Overcast clouds"},"ghi":46.4,"dhi":28.5,"timestamp_local":"2022-07-23T06:15:00","solar_rad":47.896675,"vis":9,"dni":225.19,"temp":13.2,"slp":1018,"clouds":86,"ts":1658549700},{"precip_rate":0,"rh":96,"wind_spd":0.82,"timestamp_utc":"2022-07-23T04:30:00","snow_rate":0,"app_temp":13.3,"pres":1011.7,"azimuth":65.28,"dewpt":12.5,"uv":0.8,"elev_angle":6.47,"wind_dir":330,"weather":{"icon":"c04d","code":804,"description":"Overcast clouds"},"ghi":75.3,"dhi":36.68,"timestamp_local":"2022-07-23T06:30:00","solar_rad":36.622913,"vis":10,"dni":309.51,"temp":13.3,"slp":1018,"clouds":83,"ts":1658550600},{"precip_rate":0,"rh":95,"wind_spd":0.87,"timestamp_utc":"2022-07-23T04:45:00","snow_rate":0,"app_temp":13.5,"pres":1011.7,"azimuth":68.14,"dewpt":12.6,"uv":0.8,"elev_angle":8.55,"wind_dir":327,"weather":{"icon":"c04d","code":804,"description":"Overcast clouds"},"ghi":104.2,"dhi":44.85,"timestamp_local":"2022-07-23T06:45:00","solar_rad":56.54503,"vis":10,"dni":393.82,"temp":13.5,"slp":1018,"clouds":80,"ts":1658551500},{"precip_rate":0,"rh":95,"wind_spd":0.91,"timestamp_utc":"2022-07-23T05:00:00","snow_rate":0,"app_temp":13.6,"pres":1011.7,"azimuth":71,"dewpt":12.7,"uv":0.8,"elev_angle":10.63,"wind_dir":325,"weather":{"icon":"c04d","code":804,"description":"Overcast clouds"},"ghi":133.2,"dhi":53.02,"timestamp_local":"2022-07-23T07:00:00","solar_rad":76.87582,"vis":10,"dni":478.14,"temp":13.6,"slp":1018,"clouds":78,"ts":1658552400},{"precip_rate":0,"rh":94,"wind_spd":0.97,"timestamp_utc":"2022-07-23T05:15:00","snow_rate":0,"app_temp":13.8,"pres":1011.7,"azimuth":73.83,"dewpt":12.7,"uv":1,"elev_angle":12.86,"wind_dir":326,"weather":{"icon":"c03d","code":803,"description":"Broken clouds"},"ghi":170.7,"dhi":58.24,"timestamp_local":"2022-07-23T07:15:00","solar_rad":120.99092,"vis":10,"dni":520.11,"temp":13.8,"slp":1018,"clouds":69,"ts":1658553300},{"precip_rate":0,"rh":92,"wind_spd":1.03,"timestamp_utc":"2022-07-23T05:30:00","snow_rate":0,"app_temp":14.1,"pres":1011.7,"azimuth":76.66,"dewpt":12.8,"uv":1.2,"elev_angle":15.09,"wind_dir":326,"weather":{"icon":"c03d","code":803,"description":"Broken clouds"},"ghi":208.2,"dhi":63.46,"timestamp_local":"2022-07-23T07:30:00","solar_rad":167.68921,"vis":10,"dni":562.09,"temp":14.1,"slp":1018,"clouds":60,"ts":1658554200},{"precip_rate":0,"rh":90,"wind_spd":1.09,"timestamp_utc":"2022-07-23T05:45:00","snow_rate":0,"app_temp":14.3,"pres":1011.7,"azimuth":79.49,"dewpt":12.8,"uv":1.4,"elev_angle":17.31,"wind_dir":327,"weather":{"icon":"c03d","code":803,"description":"Broken clouds"},"ghi":245.8,"dhi":68.67,"timestamp_local":"2022-07-23T07:45:00","solar_rad":216.02922,"vis":10,"dni":604.06,"temp":14.3,"slp":1018,"clouds":50,"ts":1658555100},{"precip_rate":0,"rh":89,"wind_spd":1.15,"timestamp_utc":"2022-07-23T06:00:00","snow_rate":0,"app_temp":14.6,"pres":1011.7,"azimuth":82.32,"dewpt":12.8,"uv":1.6,"elev_angle":19.54,"wind_dir":328,"weather":{"icon":"c03d","code":803,"description":"Broken clouds"},"ghi":283.3,"dhi":73.89,"timestamp_local":"2022-07-23T08:00:00","solar_rad":260.79892,"vis":10,"dni":646.03,"temp":14.6,"slp":1018,"clouds":41,"ts":1658556000},{"precip_rate":0,"rh":87,"wind_spd":1.3,"timestamp_utc":"2022-07-23T06:15:00","snow_rate":0,"app_temp":14.9,"pres":1011.975,"azimuth":85.26,"dewpt":12.7,"uv":1.7,"elev_angle":21.83,"wind_dir":326,"weather":{"icon":"c02d","code":802,"description":"Scattered clouds"},"ghi":322.8,"dhi":77.68,"timestamp_local":"2022-07-23T08:15:00","solar_rad":298.34262,"vis":10,"dni":671.18,"temp":14.9,"slp":1018.25,"clouds":40,"ts":1658556900},{"precip_rate":0,"rh":85,"wind_spd":1.45,"timestamp_utc":"2022-07-23T06:30:00","snow_rate":0,"app_temp":15.2,"pres":1012.25,"azimuth":88.21,"dewpt":12.7,"uv":1.9,"elev_angle":24.12,"wind_dir":324,"weather":{"icon":"c02d","code":802,"description":"Scattered clouds"},"ghi":362.3,"dhi":81.47,"timestamp_local":"2022-07-23T08:30:00","solar_rad":334.91528,"vis":10,"dni":696.33,"temp":15.2,"slp":1018.5,"clouds":40,"ts":1658557800},{"precip_rate":0,"rh":83,"wind_spd":1.59,"timestamp_utc":"2022-07-23T06:45:00","snow_rate":0,"app_temp":15.5,"pres":1012.525,"azimuth":91.15,"dewpt":12.6,"uv":2,"elev_angle":26.41,"wind_dir":322,"weather":{"icon":"c02d","code":802,"description":"Scattered clouds"},"ghi":401.8,"dhi":85.25,"timestamp_local":"2022-07-23T08:45:00","solar_rad":371.50992,"vis":10,"dni":721.47,"temp":15.5,"slp":1018.75,"clouds":40,"ts":1658558700},{"precip_rate":0,"rh":81,"wind_spd":1.74,"timestamp_utc":"2022-07-23T07:00:00","snow_rate":0,"app_temp":15.8,"pres":1012.8,"azimuth":94.09,"dewpt":12.5,"uv":2.2,"elev_angle":28.7,"wind_dir":320,"weather":{"icon":"c02d","code":802,"description":"Scattered clouds"},"ghi":441.3,"dhi":89.04,"timestamp_local":"2022-07-23T09:00:00","solar_rad":409.58234,"vis":10,"dni":746.62,"temp":15.8,"slp":1019,"clouds":39,"ts":1658559600},{"precip_rate":0,"rh":79,"wind_spd":1.87,"timestamp_utc":"2022-07-23T07:15:00","snow_rate":0,"app_temp":16,"pres":1012.8,"azimuth":97.34,"dewpt":12.3,"uv":2.4,"elev_angle":30.95,"wind_dir":318,"weather":{"icon":"c02d","code":802,"description":"Scattered clouds"},"ghi":478.5,"dhi":91.84,"timestamp_local":"2022-07-23T09:15:00","solar_rad":442.74893,"vis":10,"dni":762.85,"temp":16,"slp":1019,"clouds":40,"ts":1658560500},{"precip_rate":0,"rh":76,"wind_spd":2,"timestamp_utc":"2022-07-23T07:30:00","snow_rate":0,"app_temp":16.2,"pres":1012.8,"azimuth":100.59,"dewpt":12.1,"uv":2.6,"elev_angle":33.2,"wind_dir":316,"weather":{"icon":"c03d","code":803,"description":"Broken clouds"},"ghi":515.8,"dhi":94.64,"timestamp_local":"2022-07-23T09:30:00","solar_rad":474.01746,"vis":10,"dni":779.08,"temp":16.2,"slp":1019,"clouds":42,"ts":1658561400},{"precip_rate":0,"rh":74,"wind_spd":2.13,"timestamp_utc":"2022-07-23T07:45:00","snow_rate":0,"app_temp":16.4,"pres":1012.8,"azimuth":103.83,"dewpt":11.8,"uv":2.8,"elev_angle":35.45,"wind_dir":313,"weather":{"icon":"c03d","code":803,"description":"Broken clouds"},"ghi":553,"dhi":97.44,"timestamp_local":"2022-07-23T09:45:00","solar_rad":506.30432,"vis":10,"dni":795.31,"temp":16.4,"slp":1019,"clouds":43,"ts":1658562300},{"precip_rate":0,"rh":72,"wind_spd":2.26,"timestamp_utc":"2022-07-23T08:00:00","snow_rate":0,"app_temp":16.6,"pres":1012.8,"azimuth":107.08,"dewpt":11.6,"uv":3,"elev_angle":37.7,"wind_dir":311,"weather":{"icon":"c03d","code":803,"description":"Broken clouds"},"ghi":590.2,"dhi":100.24,"timestamp_local":"2022-07-23T10:00:00","solar_rad":538.21277,"vis":10,"dni":811.54,"temp":16.6,"slp":1019,"clouds":44,"ts":1658563200},{"precip_rate":0,"rh":70,"wind_spd":2.25,"timestamp_utc":"2022-07-23T08:15:00","snow_rate":0,"app_temp":16.9,"pres":1012.8,"azimuth":110.92,"dewpt":11.4,"uv":3.3,"elev_angle":39.78,"wind_dir":309,"weather":{"icon":"c03d","code":803,"description":"Broken clouds"},"ghi":621.6,"dhi":102.25,"timestamp_local":"2022-07-23T10:15:00","solar_rad":569.662,"vis":10,"dni":822.1,"temp":16.9,"slp":1019,"clouds":43,"ts":1658564100},{"precip_rate":0,"rh":68,"wind_spd":2.24,"timestamp_utc":"2022-07-23T08:30:00","snow_rate":0,"app_temp":17.2,"pres":1012.8,"azimuth":114.75,"dewpt":11.3,"uv":3.5,"elev_angle":41.87,"wind_dir":308,"weather":{"icon":"c03d","code":803,"description":"Broken clouds"},"ghi":653,"dhi":104.26,"timestamp_local":"2022-07-23T10:30:00","solar_rad":601.26306,"vis":10,"dni":832.67,"temp":17.2,"slp":1019,"clouds":42,"ts":1658565000},{"precip_rate":0,"rh":66,"wind_spd":2.23,"timestamp_utc":"2022-07-23T08:45:00","snow_rate":0,"app_temp":17.4,"pres":1012.8,"azimuth":118.59,"dewpt":11.1,"uv":3.8,"elev_angle":43.95,"wind_dir":306,"weather":{"icon":"c03d","code":803,"description":"Broken clouds"},"ghi":684.5,"dhi":106.26,"timestamp_local":"2022-07-23T10:45:00","solar_rad":630.5571,"vis":10,"dni":843.23,"temp":17.4,"slp":1019,"clouds":42,"ts":1658565900},{"precip_rate":0,"rh":64,"wind_spd":2.22,"timestamp_utc":"2022-07-23T09:00:00","snow_rate":0,"app_temp":17.7,"pres":1012.8,"azimuth":122.42,"dewpt":10.9,"uv":4.1,"elev_angle":46.03,"wind_dir":304,"weather":{"icon":"c03d","code":803,"description":"Broken clouds"},"ghi":715.9,"dhi":108.27,"timestamp_local":"2022-07-23T11:00:00","solar_rad":662.4567,"vis":10,"dni":853.79,"temp":17.7,"slp":1019,"clouds":41,"ts":1658566800},{"precip_rate":0,"rh":63,"wind_spd":2.39,"timestamp_utc":"2022-07-23T09:15:00","snow_rate":0,"app_temp":17.9,"pres":1012.8,"azimuth":127.19,"dewpt":10.8,"uv":4.2,"elev_angle":47.74,"wind_dir":304,"weather":{"icon":"c03d","code":803,"description":"Broken clouds"},"ghi":738.8,"dhi":109.58,"timestamp_local":"2022-07-23T11:15:00","solar_rad":675.02704,"vis":10,"dni":860.26,"temp":17.9,"slp":1019,"clouds":44,"ts":1658567700},{"precip_rate":0,"rh":62,"wind_spd":2.56,"timestamp_utc":"2022-07-23T09:30:00","snow_rate":0,"app_temp":18.1,"pres":1012.8,"azimuth":131.96,"dewpt":10.6,"uv":4.3,"elev_angle":49.45,"wind_dir":304,"weather":{"icon":"c03d","code":803,"description":"Broken clouds"},"ghi":761.6,"dhi":110.89,"timestamp_local":"2022-07-23T11:30:00","solar_rad":681.479,"vis":10,"dni":866.72,"temp":18.1,"slp":1019,"clouds":48,"ts":1658568600},{"precip_rate":0,"rh":60,"wind_spd":2.72,"timestamp_utc":"2022-07-23T09:45:00","snow_rate":0,"app_temp":18.3,"pres":1012.8,"azimuth":136.73,"dewpt":10.4,"uv":4.3,"elev_angle":51.15,"wind_dir":304,"weather":{"icon":"c03d","code":803,"description":"Broken clouds"},"ghi":784.5,"dhi":112.2,"timestamp_local":"2022-07-23T11:45:00","solar_rad":684.26056,"vis":10,"dni":873.19,"temp":18.3,"slp":1019,"clouds":52,"ts":1658569500},{"precip_rate":0,"rh":59,"wind_spd":2.89,"timestamp_utc":"2022-07-23T10:00:00","snow_rate":0,"app_temp":17.9,"pres":1012.8,"azimuth":141.5,"dewpt":10.3,"uv":4.4,"elev_angle":52.86,"wind_dir":304,"weather":{"icon":"c03d","code":803,"description":"Broken clouds"},"ghi":807.4,"dhi":113.51,"timestamp_local":"2022-07-23T12:00:00","solar_rad":687.82574,"vis":10,"dni":879.65,"temp":18.5,"slp":1019,"clouds":55,"ts":1658570400},{"precip_rate":0,"rh":58,"wind_spd":2.93,"timestamp_utc":"2022-07-23T10:15:00","snow_rate":0,"app_temp":18.1,"pres":1012.8,"azimuth":147.4,"dewpt":10.2,"uv":4.7,"elev_angle":53.89,"wind_dir":304,"weather":{"icon":"c03d","code":803,"description":"Broken clouds"},"ghi":819.8,"dhi":114.18,"timestamp_local":"2022-07-23T12:15:00","solar_rad":715.2952,"vis":10,"dni":882.81,"temp":18.7,"slp":1019,"clouds":52,"ts":1658571300},{"precip_rate":0,"rh":56,"wind_spd":2.97,"timestamp_utc":"2022-07-23T10:30:00","snow_rate":0,"app_temp":18.3,"pres":1012.8,"azimuth":153.3,"dewpt":10.1,"uv":5,"elev_angle":54.93,"wind_dir":304,"weather":{"icon":"c03d","code":803,"description":"Broken clouds"},"ghi":832.1,"dhi":114.84,"timestamp_local":"2022-07-23T12:30:00","solar_rad":770.3498,"vis":10,"dni":885.97,"temp":18.9,"slp":1019,"clouds":48,"ts":1658572200},{"precip_rate":0,"rh":55,"wind_spd":3.02,"timestamp_utc":"2022-07-23T10:45:00","snow_rate":0,"app_temp":18.5,"pres":1012.8,"azimuth":159.2,"dewpt":10,"uv":5.4,"elev_angle":55.96,"wind_dir":304,"weather":{"icon":"c03d","code":803,"description":"Broken clouds"},"ghi":844.5,"dhi":115.51,"timestamp_local":"2022-07-23T12:45:00","solar_rad":797.879,"vis":10,"dni":889.13,"temp":19.1,"slp":1019,"clouds":44,"ts":1658573100},{"precip_rate":0,"rh":54,"wind_spd":3.06,"timestamp_utc":"2022-07-23T11:00:00","snow_rate":0,"app_temp":18.7,"pres":1012.8,"azimuth":165.1,"dewpt":9.9,"uv":5.7,"elev_angle":56.99,"wind_dir":304,"weather":{"icon":"c03d","code":803,"description":"Broken clouds"},"ghi":856.9,"dhi":116.17,"timestamp_local":"2022-07-23T13:00:00","solar_rad":819.6919,"vis":10,"dni":892.29,"temp":19.3,"slp":1019,"clouds":41,"ts":1658574000},{"precip_rate":0,"rh":54,"wind_spd":3.05,"timestamp_utc":"2022-07-23T11:15:00","snow_rate":0,"app_temp":18.9,"pres":1012.825,"azimuth":171.63,"dewpt":10.1,"uv":5.7,"elev_angle":57.06,"wind_dir":304,"weather":{"icon":"c03d","code":803,"description":"Broken clouds"},"ghi":857.7,"dhi":116.21,"timestamp_local":"2022-07-23T13:15:00","solar_rad":820.45715,"vis":10,"dni":892.49,"temp":19.5,"slp":1019,"clouds":41,"ts":1658574900},{"precip_rate":0,"rh":54,"wind_spd":3.03,"timestamp_utc":"2022-07-23T11:30:00","snow_rate":0,"app_temp":19.2,"pres":1012.85,"azimuth":178.17,"dewpt":10.3,"uv":5.7,"elev_angle":57.14,"wind_dir":303,"weather":{"icon":"c03d","code":803,"description":"Broken clouds"},"ghi":858.5,"dhi":116.26,"timestamp_local":"2022-07-23T13:30:00","solar_rad":821.2224,"vis":10,"dni":892.7,"temp":19.8,"slp":1019,"clouds":41,"ts":1658575800},{"precip_rate":0,"rh":54,"wind_spd":3.02,"timestamp_utc":"2022-07-23T11:45:00","snow_rate":0,"app_temp":19.4,"pres":1012.875,"azimuth":184.7,"dewpt":10.6,"uv":5.7,"elev_angle":57.21,"wind_dir":302,"weather":{"icon":"c03d","code":803,"description":"Broken clouds"},"ghi":859.3,"dhi":116.3,"timestamp_local":"2022-07-23T13:45:00","solar_rad":796.0381,"vis":10,"dni":892.9,"temp":20,"slp":1019,"clouds":41,"ts":1658576700},{"precip_rate":0,"rh":54,"wind_spd":3.01,"timestamp_utc":"2022-07-23T12:00:00","snow_rate":0,"app_temp":19.7,"pres":1012.9,"azimuth":191.23,"dewpt":10.8,"uv":5.7,"elev_angle":57.28,"wind_dir":302,"weather":{"icon":"c03d","code":803,"description":"Broken clouds"},"ghi":860.1,"dhi":116.34,"timestamp_local":"2022-07-23T14:00:00","solar_rad":796.4286,"vis":10,"dni":893.1,"temp":20.2,"slp":1019,"clouds":41,"ts":1658577600},{"precip_rate":0,"rh":53,"wind_spd":3.07,"timestamp_utc":"2022-07-23T12:15:00","snow_rate":0,"app_temp":19.9,"pres":1012.9,"azimuth":197.27,"dewpt":10.7,"uv":5.2,"elev_angle":56.37,"wind_dir":303,"weather":{"icon":"c03d","code":803,"description":"Broken clouds"},"ghi":849.3,"dhi":115.76,"timestamp_local":"2022-07-23T14:15:00","solar_rad":760.4938,"vis":10,"dni":890.36,"temp":20.4,"slp":1019,"clouds":48,"ts":1658578500},{"precip_rate":0,"rh":52,"wind_spd":3.13,"timestamp_utc":"2022-07-23T12:30:00","snow_rate":0,"app_temp":20,"pres":1012.9,"azimuth":203.31,"dewpt":10.7,"uv":4.7,"elev_angle":55.45,"wind_dir":304,"weather":{"icon":"c03d","code":803,"description":"Broken clouds"},"ghi":838.5,"dhi":115.19,"timestamp_local":"2022-07-23T14:30:00","solar_rad":708.1714,"vis":10,"dni":887.63,"temp":20.6,"slp":1019,"clouds":56,"ts":1658579400},{"precip_rate":0,"rh":52,"wind_spd":3.2,"timestamp_utc":"2022-07-23T12:45:00","snow_rate":0,"app_temp":20.2,"pres":1012.9,"azimuth":209.35,"dewpt":10.6,"uv":4.2,"elev_angle":54.54,"wind_dir":304,"weather":{"icon":"c03d","code":803,"description":"Broken clouds"},"ghi":827.7,"dhi":114.61,"timestamp_local":"2022-07-23T14:45:00","solar_rad":647.6951,"vis":10,"dni":884.89,"temp":20.7,"slp":1019,"clouds":63,"ts":1658580300},{"precip_rate":0,"rh":51,"wind_spd":3.26,"timestamp_utc":"2022-07-23T13:00:00","snow_rate":0,"app_temp":20.4,"pres":1012.9,"azimuth":215.39,"dewpt":10.5,"uv":3.7,"elev_angle":53.62,"wind_dir":305,"weather":{"icon":"c03d","code":803,"description":"Broken clouds"},"ghi":816.9,"dhi":114.03,"timestamp_local":"2022-07-23T15:00:00","solar_rad":573.6356,"vis":10,"dni":882.15,"temp":20.9,"slp":1019,"clouds":70,"ts":1658581200},{"precip_rate":0,"rh":50,"wind_spd":3.28,"timestamp_utc":"2022-07-23T13:15:00","snow_rate":0,"app_temp":20.5,"pres":1012.9,"azimuth":220.31,"dewpt":10.5,"uv":3.5,"elev_angle":51.99,"wind_dir":305,"weather":{"icon":"c04d","code":804,"description":"Overcast clouds"},"ghi":795.4,"dhi":112.81,"timestamp_local":"2022-07-23T15:15:00","solar_rad":571.98804,"vis":10,"dni":876.17,"temp":21.1,"slp":1019,"clouds":71,"ts":1658582100},{"precip_rate":0,"rh":50,"wind_spd":3.31,"timestamp_utc":"2022-07-23T13:30:00","snow_rate":0,"app_temp":20.7,"pres":1012.9,"azimuth":225.24,"dewpt":10.4,"uv":3.3,"elev_angle":50.35,"wind_dir":304,"weather":{"icon":"c04d","code":804,"description":"Overcast clouds"},"ghi":773.8,"dhi":111.59,"timestamp_local":"2022-07-23T15:30:00","solar_rad":522.5296,"vis":10,"dni":870.2,"temp":21.3,"slp":1019,"clouds":72,"ts":1658583000},{"precip_rate":0,"rh":50,"wind_spd":3.34,"timestamp_utc":"2022-07-23T13:45:00","snow_rate":0,"app_temp":20.9,"pres":1012.9,"azimuth":230.16,"dewpt":10.4,"uv":3.1,"elev_angle":48.72,"wind_dir":304,"weather":{"icon":"c04d","code":804,"description":"Overcast clouds"},"ghi":752.3,"dhi":110.37,"timestamp_local":"2022-07-23T15:45:00","solar_rad":486.13934,"vis":10,"dni":864.22,"temp":21.4,"slp":1019,"clouds":74,"ts":1658583900},{"precip_rate":0,"rh":49,"wind_spd":3.37,"timestamp_utc":"2022-07-23T14:00:00","snow_rate":0,"app_temp":21.1,"pres":1012.9,"azimuth":235.08,"dewpt":10.4,"uv":2.9,"elev_angle":47.08,"wind_dir":304,"weather":{"icon":"c04d","code":804,"description":"Overcast clouds"},"ghi":730.8,"dhi":109.15,"timestamp_local":"2022-07-23T16:00:00","solar_rad":461.43088,"vis":10,"dni":858.24,"temp":21.6,"slp":1019,"clouds":75,"ts":1658584800},{"precip_rate":0,"rh":50,"wind_spd":3.28,"timestamp_utc":"2022-07-23T14:15:00","snow_rate":0,"app_temp":21.2,"pres":1012.9,"azimuth":239.02,"dewpt":10.6,"uv":2.8,"elev_angle":45.04,"wind_dir":305,"weather":{"icon":"c04d","code":804,"description":"Overcast clouds"},"ghi":700.3,"dhi":107.24,"timestamp_local":"2022-07-23T16:15:00","solar_rad":462.48608,"vis":10,"dni":848.31,"temp":21.6,"slp":1019,"clouds":73,"ts":1658585700},{"precip_rate":0,"rh":50,"wind_spd":3.2,"timestamp_utc":"2022-07-23T14:30:00","snow_rate":0,"app_temp":21.2,"pres":1012.9,"azimuth":242.97,"dewpt":10.8,"uv":2.6,"elev_angle":42.99,"wind_dir":306,"weather":{"icon":"c04d","code":804,"description":"Overcast clouds"},"ghi":669.9,"dhi":105.34,"timestamp_local":"2022-07-23T16:30:00","solar_rad":460.98663,"vis":10,"dni":838.37,"temp":21.7,"slp":1019,"clouds":71,"ts":1658586600},{"precip_rate":0,"rh":50,"wind_spd":3.11,"timestamp_utc":"2022-07-23T14:45:00","snow_rate":0,"app_temp":21.3,"pres":1012.9,"azimuth":246.91,"dewpt":11.1,"uv":2.5,"elev_angle":40.95,"wind_dir":306,"weather":{"icon":"c03d","code":803,"description":"Broken clouds"},"ghi":639.5,"dhi":103.43,"timestamp_local":"2022-07-23T16:45:00","solar_rad":456.63785,"vis":10,"dni":828.44,"temp":21.8,"slp":1019,"clouds":69,"ts":1658587500},{"precip_rate":0,"rh":51,"wind_spd":3.03,"timestamp_utc":"2022-07-23T15:00:00","snow_rate":0,"app_temp":21.4,"pres":1012.9,"azimuth":250.85,"dewpt":11.3,"uv":2.4,"elev_angle":38.9,"wind_dir":307,"weather":{"icon":"c03d","code":803,"description":"Broken clouds"},"ghi":609.1,"dhi":101.52,"timestamp_local":"2022-07-23T17:00:00","solar_rad":449.26953,"vis":10,"dni":818.5,"temp":21.8,"slp":1019,"clouds":67,"ts":1658588400},{"precip_rate":0,"rh":51,"wind_spd":2.99,"timestamp_utc":"2022-07-23T15:15:00","snow_rate":0,"app_temp":21.4,"pres":1012.9,"azimuth":254.16,"dewpt":11.3,"uv":2.1,"elev_angle":36.66,"wind_dir":307,"weather":{"icon":"c03d","code":803,"description":"Broken clouds"},"ghi":572.4,"dhi":98.83,"timestamp_local":"2022-07-23T17:15:00","solar_rad":401.00073,"vis":10,"dni":803.17,"temp":21.8,"slp":1019,"clouds":70,"ts":1658589300},{"precip_rate":0,"rh":52,"wind_spd":2.95,"timestamp_utc":"2022-07-23T15:30:00","snow_rate":0,"app_temp":21.4,"pres":1012.9,"azimuth":257.48,"dewpt":11.3,"uv":1.9,"elev_angle":34.42,"wind_dir":306,"weather":{"icon":"c04d","code":804,"description":"Overcast clouds"},"ghi":535.8,"dhi":96.15,"timestamp_local":"2022-07-23T17:30:00","solar_rad":353.03317,"vis":10,"dni":787.84,"temp":21.8,"slp":1019,"clouds":73,"ts":1658590200},{"precip_rate":0,"rh":52,"wind_spd":2.91,"timestamp_utc":"2022-07-23T15:45:00","snow_rate":0,"app_temp":21.4,"pres":1012.9,"azimuth":260.79,"dewpt":11.4,"uv":1.6,"elev_angle":32.18,"wind_dir":306,"weather":{"icon":"c04d","code":804,"description":"Overcast clouds"},"ghi":499.2,"dhi":93.46,"timestamp_local":"2022-07-23T17:45:00","solar_rad":306.3031,"vis":10,"dni":772.5,"temp":21.8,"slp":1019,"clouds":76,"ts":1658591100},{"precip_rate":0,"rh":52,"wind_spd":2.87,"timestamp_utc":"2022-07-23T16:00:00","snow_rate":0,"app_temp":21.4,"pres":1012.9,"azimuth":264.1,"dewpt":11.4,"uv":1.4,"elev_angle":29.94,"wind_dir":306,"weather":{"icon":"c04d","code":804,"description":"Overcast clouds"},"ghi":462.5,"dhi":90.77,"timestamp_local":"2022-07-23T18:00:00","solar_rad":260.7504,"vis":10,"dni":757.17,"temp":21.8,"slp":1019,"clouds":79,"ts":1658592000},{"precip_rate":0,"rh":53,"wind_spd":2.82,"timestamp_utc":"2022-07-23T16:15:00","snow_rate":0,"app_temp":21.3,"pres":1012.9243,"azimuth":267.07,"dewpt":11.5,"uv":1.4,"elev_angle":27.65,"wind_dir":308,"weather":{"icon":"c04d","code":804,"description":"Overcast clouds"},"ghi":423,"dhi":87.13,"timestamp_local":"2022-07-23T18:15:00","solar_rad":265.96036,"vis":10,"dni":733.5,"temp":21.7,"slp":1018.926,"clouds":75,"ts":1658592900},{"precip_rate":0,"rh":54,"wind_spd":2.78,"timestamp_utc":"2022-07-23T16:30:00","snow_rate":0,"app_temp":21.2,"pres":1012.9486,"azimuth":270.04,"dewpt":11.7,"uv":1.4,"elev_angle":25.36,"wind_dir":310,"weather":{"icon":"c03d","code":803,"description":"Broken clouds"},"ghi":383.5,"dhi":83.49,"timestamp_local":"2022-07-23T18:30:00","solar_rad":268.09958,"vis":10,"dni":709.83,"temp":21.6,"slp":1018.8521,"clouds":70,"ts":1658593800},{"precip_rate":0,"rh":54,"wind_spd":2.73,"timestamp_utc":"2022-07-23T16:45:00","snow_rate":0,"app_temp":21.1,"pres":1012.9729,"azimuth":273,"dewpt":11.8,"uv":1.3,"elev_angle":23.06,"wind_dir":313,"weather":{"icon":"c03d","code":803,"description":"Broken clouds"},"ghi":344.1,"dhi":79.85,"timestamp_local":"2022-07-23T18:45:00","solar_rad":257.3224,"vis":10,"dni":686.16,"temp":21.5,"slp":1018.7782,"clouds":66,"ts":1658594700},{"precip_rate":0,"rh":55,"wind_spd":2.68,"timestamp_utc":"2022-07-23T17:00:00","snow_rate":0,"app_temp":21,"pres":1012.9972,"azimuth":275.97,"dewpt":11.9,"uv":1.3,"elev_angle":20.77,"wind_dir":315,"weather":{"icon":"c03d","code":803,"description":"Broken clouds"},"ghi":304.6,"dhi":76.21,"timestamp_local":"2022-07-23T19:00:00","solar_rad":240.4393,"vis":10,"dni":662.49,"temp":21.4,"slp":1018.7042,"clouds":62,"ts":1658595600},{"precip_rate":0,"rh":55,"wind_spd":2.48,"timestamp_utc":"2022-07-23T17:15:00","snow_rate":0,"app_temp":21.1,"pres":1012.9729,"azimuth":278.81,"dewpt":11.9,"uv":1.3,"elev_angle":18.52,"wind_dir":316,"weather":{"icon":"c03d","code":803,"description":"Broken clouds"},"ghi":266.4,"dhi":71.22,"timestamp_local":"2022-07-23T19:15:00","solar_rad":219.82124,"vis":10,"dni":623.51,"temp":21.5,"slp":1018.7782,"clouds":58,"ts":1658596500},{"precip_rate":0,"rh":54,"wind_spd":2.27,"timestamp_utc":"2022-07-23T17:30:00","snow_rate":0,"app_temp":21.2,"pres":1012.9486,"azimuth":281.64,"dewpt":11.9,"uv":1.3,"elev_angle":16.28,"wind_dir":317,"weather":{"icon":"c03d","code":803,"description":"Broken clouds"},"ghi":228.2,"dhi":66.23,"timestamp_local":"2022-07-23T19:30:00","solar_rad":193.73042,"vis":10,"dni":584.54,"temp":21.6,"slp":1018.8521,"clouds":55,"ts":1658597400},{"precip_rate":0,"rh":54,"wind_spd":2.07,"timestamp_utc":"2022-07-23T17:45:00","snow_rate":0,"app_temp":21.3,"pres":1012.9243,"azimuth":284.48,"dewpt":11.9,"uv":1.2,"elev_angle":14.03,"wind_dir":318,"weather":{"icon":"c03d","code":803,"description":"Broken clouds"},"ghi":190.1,"dhi":61.23,"timestamp_local":"2022-07-23T19:45:00","solar_rad":165.24843,"vis":10,"dni":545.56,"temp":21.6,"slp":1018.926,"clouds":52,"ts":1658598300},{"precip_rate":0,"rh":54,"wind_spd":1.87,"timestamp_utc":"2022-07-23T18:00:00","snow_rate":0,"app_temp":21.3,"pres":1012.9,"azimuth":287.31,"dewpt":11.9,"uv":1.2,"elev_angle":11.78,"wind_dir":319,"weather":{"icon":"c03d","code":803,"description":"Broken clouds"},"ghi":151.9,"dhi":56.24,"timestamp_local":"2022-07-23T20:00:00","solar_rad":135.54558,"vis":10,"dni":506.58,"temp":21.7,"slp":1019,"clouds":48,"ts":1658599200},{"precip_rate":0,"rh":57,"wind_spd":1.64,"timestamp_utc":"2022-07-23T18:15:00","snow_rate":0,"app_temp":21,"pres":1012.9,"azimuth":290.16,"dewpt":12.3,"uv":1.3,"elev_angle":9.67,"wind_dir":322,"weather":{"icon":"c02d","code":802,"description":"Scattered clouds"},"ghi":121.1,"dhi":48.64,"timestamp_local":"2022-07-23T20:15:00","solar_rad":112.487335,"vis":10,"dni":430.36,"temp":21.3,"slp":1019,"clouds":39,"ts":1658600100},{"precip_rate":0,"rh":60,"wind_spd":1.41,"timestamp_utc":"2022-07-23T18:30:00","snow_rate":0,"app_temp":20.6,"pres":1012.9,"azimuth":293.02,"dewpt":12.7,"uv":1.4,"elev_angle":7.56,"wind_dir":325,"weather":{"icon":"c02d","code":802,"description":"Scattered clouds"},"ghi":90.3,"dhi":41.04,"timestamp_local":"2022-07-23T20:30:00","solar_rad":85.743034,"vis":10,"dni":354.15,"temp":20.9,"slp":1019,"clouds":30,"ts":1658601000},{"precip_rate":0,"rh":63,"wind_spd":1.18,"timestamp_utc":"2022-07-23T18:45:00","snow_rate":0,"app_temp":20.3,"pres":1012.9,"azimuth":295.87,"dewpt":13.1,"uv":1.5,"elev_angle":5.45,"wind_dir":328,"weather":{"icon":"c02d","code":801,"description":"Few clouds"},"ghi":59.5,"dhi":33.44,"timestamp_local":"2022-07-23T20:45:00","solar_rad":57.112106,"vis":10,"dni":277.93,"temp":20.5,"slp":1019,"clouds":20,"ts":1658601900},{"precip_rate":0,"rh":66,"wind_spd":0.95,"timestamp_utc":"2022-07-23T19:00:00","snow_rate":0,"app_temp":19.9,"pres":1012.9,"azimuth":298.72,"dewpt":13.5,"uv":1.6,"elev_angle":3.34,"wind_dir":331,"weather":{"icon":"c02n","code":801,"description":"Few clouds"},"ghi":28.7,"dhi":25.84,"timestamp_local":"2022-07-23T21:00:00","solar_rad":27.618563,"vis":10,"dni":201.71,"temp":20.1,"slp":1019,"clouds":11,"ts":1658602800},{"precip_rate":0,"rh":67,"wind_spd":1.02,"timestamp_utc":"2022-07-23T19:15:00","snow_rate":0,"app_temp":19.4,"pres":1013.125,"azimuth":301.7,"dewpt":13.4,"uv":1.7,"elev_angle":1.45,"wind_dir":258,"weather":{"icon":"c02n","code":801,"description":"Few clouds"},"ghi":21.5,"dhi":19.38,"timestamp_local":"2022-07-23T21:15:00","solar_rad":20.70511,"vis":10,"dni":151.28,"temp":19.7,"slp":1019.25,"clouds":8,"ts":1658603700},{"precip_rate":0,"rh":68,"wind_spd":1.1,"timestamp_utc":"2022-07-23T19:30:00","snow_rate":0,"app_temp":19,"pres":1013.35,"azimuth":304.68,"dewpt":13.3,"uv":0,"elev_angle":-0.44,"wind_dir":186,"weather":{"icon":"c02n","code":801,"description":"Few clouds"},"ghi":14.3,"dhi":12.92,"timestamp_local":"2022-07-23T21:30:00","solar_rad":13.778344,"vis":10,"dni":100.86,"temp":19.3,"slp":1019.5,"clouds":6,"ts":1658604600},{"precip_rate":0,"rh":70,"wind_spd":1.18,"timestamp_utc":"2022-07-23T19:45:00","snow_rate":0,"app_temp":18.6,"pres":1013.575,"azimuth":307.66,"dewpt":13.1,"uv":0,"elev_angle":-2.32,"wind_dir":113,"weather":{"icon":"c02n","code":801,"description":"Few clouds"},"ghi":7.2,"dhi":6.46,"timestamp_local":"2022-07-23T21:45:00","solar_rad":6.9368286,"vis":10,"dni":50.43,"temp":18.8,"slp":1019.75,"clouds":3,"ts":1658605500},{"precip_rate":0,"rh":71,"wind_spd":1.26,"timestamp_utc":"2022-07-23T20:00:00","snow_rate":0,"app_temp":18.1,"pres":1013.8,"azimuth":310.64,"dewpt":13,"uv":0,"elev_angle":-4.21,"wind_dir":40,"weather":{"icon":"c01n","code":800,"description":"Clear Sky"},"ghi":0,"dhi":0,"timestamp_local":"2022-07-23T22:00:00","solar_rad":0,"vis":10,"dni":0,"temp":18.4,"slp":1020,"clouds":0,"ts":1658606400},{"precip_rate":0,"rh":73,"wind_spd":1.28,"timestamp_utc":"2022-07-23T20:15:00","snow_rate":0,"app_temp":17.9,"pres":1013.8,"azimuth":313.83,"dewpt":12.9,"uv":0,"elev_angle":-5.78,"wind_dir":46,"weather":{"icon":"c01n","code":800,"description":"Clear Sky"},"ghi":0,"dhi":0,"timestamp_local":"2022-07-23T22:15:00","solar_rad":0,"vis":10,"dni":0,"temp":17.9,"slp":1020,"clouds":0,"ts":1658607300},{"precip_rate":0,"rh":76,"wind_spd":1.31,"timestamp_utc":"2022-07-23T20:30:00","snow_rate":0,"app_temp":17.3,"pres":1013.8,"azimuth":317.01,"dewpt":12.9,"uv":0,"elev_angle":-7.35,"wind_dir":52,"weather":{"icon":"c01n","code":800,"description":"Clear Sky"},"ghi":0,"dhi":0,"timestamp_local":"2022-07-23T22:30:00","solar_rad":0,"vis":10,"dni":0,"temp":17.3,"slp":1020,"clouds":0,"ts":1658608200},{"precip_rate":0,"rh":78,"wind_spd":1.33,"timestamp_utc":"2022-07-23T20:45:00","snow_rate":0,"app_temp":16.8,"pres":1013.8,"azimuth":320.2,"dewpt":12.8,"uv":0,"elev_angle":-8.91,"wind_dir":57,"weather":{"icon":"c01n","code":800,"description":"Clear Sky"},"ghi":0,"dhi":0,"timestamp_local":"2022-07-23T22:45:00","solar_rad":0,"vis":10,"dni":0,"temp":16.8,"slp":1020,"clouds":0,"ts":1658609100},{"precip_rate":0,"rh":80,"wind_spd":1.35,"timestamp_utc":"2022-07-23T21:00:00","snow_rate":0,"app_temp":16.3,"pres":1013.8,"azimuth":323.38,"dewpt":12.8,"uv":0,"elev_angle":-10.48,"wind_dir":63,"weather":{"icon":"c01n","code":800,"description":"Clear Sky"},"ghi":0,"dhi":0,"timestamp_local":"2022-07-23T23:00:00","solar_rad":0,"vis":10,"dni":0,"temp":16.3,"slp":1020,"clouds":0,"ts":1658610000},{"precip_rate":0,"rh":81,"wind_spd":1.34,"timestamp_utc":"2022-07-23T21:15:00","snow_rate":0,"app_temp":16.1,"pres":1013.8,"azimuth":326.8,"dewpt":12.7,"uv":0,"elev_angle":-11.62,"wind_dir":70,"weather":{"icon":"c01n","code":800,"description":"Clear Sky"},"ghi":0,"dhi":0,"timestamp_local":"2022-07-23T23:15:00","solar_rad":0,"vis":10,"dni":0,"temp":16.1,"slp":1020,"clouds":0,"ts":1658610900},{"precip_rate":0,"rh":82,"wind_spd":1.33,"timestamp_utc":"2022-07-23T21:30:00","snow_rate":0,"app_temp":15.8,"pres":1013.8,"azimuth":330.23,"dewpt":12.7,"uv":0,"elev_angle":-12.77,"wind_dir":77,"weather":{"icon":"c01n","code":800,"description":"Clear Sky"},"ghi":0,"dhi":0,"timestamp_local":"2022-07-23T23:30:00","solar_rad":0,"vis":16,"dni":0,"temp":15.8,"slp":1020,"clouds":0,"ts":1658611800},{"precip_rate":0,"rh":82,"wind_spd":1.31,"timestamp_utc":"2022-07-23T21:45:00","snow_rate":0,"app_temp":15.6,"pres":1013.8,"azimuth":333.65,"dewpt":12.6,"uv":0,"elev_angle":-13.91,"wind_dir":84,"weather":{"icon":"c01n","code":800,"description":"Clear Sky"},"ghi":0,"dhi":0,"timestamp_local":"2022-07-23T23:45:00","solar_rad":0,"vis":16,"dni":0,"temp":15.6,"slp":1020,"clouds":0,"ts":1658612700},{"precip_rate":0,"rh":83,"wind_spd":1.3,"timestamp_utc":"2022-07-23T22:00:00","snow_rate":0,"app_temp":15.4,"pres":1013.8,"azimuth":337.07,"dewpt":12.5,"uv":0,"elev_angle":-15.05,"wind_dir":91,"weather":{"icon":"c01n","code":800,"description":"Clear Sky"},"ghi":0,"dhi":0,"timestamp_local":"2022-07-24T00:00:00","solar_rad":0,"vis":16,"dni":0,"temp":15.4,"slp":1020,"clouds":0,"ts":1658613600},{"precip_rate":0,"rh":83,"wind_spd":1.32,"timestamp_utc":"2022-07-23T22:15:00","snow_rate":0,"app_temp":15.3,"pres":1013.775,"azimuth":340.69,"dewpt":12.4,"uv":0,"elev_angle":-15.67,"wind_dir":96,"weather":{"icon":"c01n","code":800,"description":"Clear Sky"},"ghi":0,"dhi":0,"timestamp_local":"2022-07-24T00:15:00","solar_rad":0,"vis":16,"dni":0,"temp":15.3,"slp":1020,"clouds":0,"ts":1658614500},{"precip_rate":0,"rh":84,"wind_spd":1.34,"timestamp_utc":"2022-07-23T22:30:00","snow_rate":0,"app_temp":15.2,"pres":1013.75,"azimuth":344.31,"dewpt":12.3,"uv":0,"elev_angle":-16.3,"wind_dir":100,"weather":{"icon":"c01n","code":800,"description":"Clear Sky"},"ghi":0,"dhi":0,"timestamp_local":"2022-07-24T00:30:00","solar_rad":0,"vis":16,"dni":0,"temp":15.2,"slp":1020,"clouds":0,"ts":1658615400},{"precip_rate":0,"rh":84,"wind_spd":1.37,"timestamp_utc":"2022-07-23T22:45:00","snow_rate":0,"app_temp":15,"pres":1013.725,"azimuth":347.92,"dewpt":12.3,"uv":0,"elev_angle":-16.92,"wind_dir":105,"weather":{"icon":"c01n","code":800,"description":"Clear Sky"},"ghi":0,"dhi":0,"timestamp_local":"2022-07-24T00:45:00","solar_rad":0,"vis":16,"dni":0,"temp":15,"slp":1020,"clouds":0,"ts":1658616300},{"precip_rate":0,"rh":84,"wind_spd":1.39,"timestamp_utc":"2022-07-23T23:00:00","snow_rate":0,"app_temp":14.9,"pres":1013.7,"azimuth":351.54,"dewpt":12.2,"uv":0,"elev_angle":-17.54,"wind_dir":110,"weather":{"icon":"c01n","code":800,"description":"Clear Sky"},"ghi":0,"dhi":0,"timestamp_local":"2022-07-24T01:00:00","solar_rad":0,"vis":16,"dni":0,"temp":14.9,"slp":1020,"clouds":0,"ts":1658617200},{"precip_rate":0,"rh":85,"wind_spd":1.4,"timestamp_utc":"2022-07-23T23:15:00","snow_rate":0,"app_temp":14.7,"pres":1013.725,"azimuth":265.24,"dewpt":12.2,"uv":0,"elev_angle":-17.59,"wind_dir":112,"weather":{"icon":"c02n","code":801,"description":"Few clouds"},"ghi":0,"dhi":0,"timestamp_local":"2022-07-24T01:15:00","solar_rad":0,"vis":16,"dni":0,"temp":14.7,"slp":1020,"clouds":3,"ts":1658618100},{"precip_rate":0,"rh":86,"wind_spd":1.41,"timestamp_utc":"2022-07-23T23:30:00","snow_rate":0,"app_temp":14.5,"pres":1013.75,"azimuth":178.95,"dewpt":12.3,"uv":0,"elev_angle":-17.63,"wind_dir":114,"weather":{"icon":"c02n","code":801,"description":"Few clouds"},"ghi":0,"dhi":0,"timestamp_local":"2022-07-24T01:30:00","solar_rad":0,"vis":16,"dni":0,"temp":14.5,"slp":1020,"clouds":6,"ts":1658619000},{"precip_rate":0,"rh":87,"wind_spd":1.42,"timestamp_utc":"2022-07-23T23:45:00","snow_rate":0,"app_temp":14.4,"pres":1013.775,"azimuth":92.65,"dewpt":12.3,"uv":0,"elev_angle":-17.68,"wind_dir":116,"weather":{"icon":"c02n","code":801,"description":"Few clouds"},"ghi":0,"dhi":0,"timestamp_local":"2022-07-24T01:45:00","solar_rad":0,"vis":16,"dni":0,"temp":14.4,"slp":1020,"clouds":9,"ts":1658619900}],"sources":["103150-99999","imerg","merra2","era5","modis"],"city_id":"2856883"}
