{"timezone":"Europe\/Berlin","state_code":"06","country_code":"DE","lat":52.2833,"lon":8,"city_name":"Osnabr�ck","station_id":"103150-99999","data":[{"precip_rate":0,"rh":73,"wind_spd":1.2,"timestamp_utc":"2022-07-03T00:00:00","snow_rate":0,"app_temp":16.7,"pres":1007.2239,"azimuth":6.66,"dewpt":11.8,"uv":0,"elev_angle":-14.57,"wind_dir":350,"weather":{"icon":"c03n","code":803,"description":"Broken clouds"},"ghi":0,"dhi":0,"timestamp_local":"2022-07-03T02:00:00","solar_rad":0,"vis":10,"dni":0,"temp":16.7,"slp":1017,"clouds":60,"ts":1656806400},{"precip_rate":0,"rh":72,"wind_spd":1.2,"timestamp_utc":"2022-07-03T00:15:00","snow_rate":0,"app_temp":16.8,"pres":1007.227,"azimuth":10.17,"dewpt":11.7,"uv":0,"elev_angle":-14.03,"wind_dir":336,"weather":{"icon":"c03n","code":803,"description":"Broken clouds"},"ghi":0,"dhi":0,"timestamp_local":"2022-07-03T02:15:00","solar_rad":0,"vis":10,"dni":0,"temp":16.8,"slp":1017,"clouds":66,"ts":1656807300},{"precip_rate":0,"rh":72,"wind_spd":1.2,"timestamp_utc":"2022-07-03T00:30:00","snow_rate":0,"app_temp":16.9,"pres":1007.2301,"azimuth":13.67,"dewpt":11.8,"uv":0,"elev_angle":-13.49,"wind_dir":322,"weather":{"icon":"c04n","code":804,"description":"Overcast clouds"},"ghi":0,"dhi":0,"timestamp_local":"2022-07-03T02:30:00","solar_rad":0,"vis":10,"dni":0,"temp":16.9,"slp":1017,"clouds":72,"ts":1656808200},{"precip_rate":0,"rh":71,"wind_spd":1.2,"timestamp_utc":"2022-07-03T00:45:00","snow_rate":0,"app_temp":16.9,"pres":1007.23315,"azimuth":17.18,"dewpt":11.6,"uv":0,"elev_angle":-12.94,"wind_dir":308,"weather":{"icon":"c04n","code":804,"description":"Overcast clouds"},"ghi":0,"dhi":0,"timestamp_local":"2022-07-03T02:45:00","solar_rad":0,"vis":10,"dni":0,"temp":16.9,"slp":1017,"clouds":77,"ts":1656809100},{"precip_rate":0,"rh":70,"wind_spd":1.2,"timestamp_utc":"2022-07-03T01:00:00","snow_rate":0,"app_temp":17,"pres":1007.23627,"azimuth":20.68,"dewpt":11.5,"uv":0,"elev_angle":-12.4,"wind_dir":294,"weather":{"icon":"c04n","code":804,"description":"Overcast clouds"},"ghi":0,"dhi":0,"timestamp_local":"2022-07-03T03:00:00","solar_rad":0,"vis":10,"dni":0,"temp":17,"slp":1017,"clouds":83,"ts":1656810000},{"precip_rate":0,"rh":72,"wind_spd":1.1,"timestamp_utc":"2022-07-03T01:15:00","snow_rate":0,"app_temp":16.7,"pres":1007.2269,"azimuth":24.02,"dewpt":11.7,"uv":0,"elev_angle":-11.35,"wind_dir":282,"weather":{"icon":"c04n","code":804,"description":"Overcast clouds"},"ghi":0,"dhi":0,"timestamp_local":"2022-07-03T03:15:00","solar_rad":0,"vis":10,"dni":0,"temp":16.7,"slp":1017,"clouds":79,"ts":1656810900},{"precip_rate":0,"rh":74,"wind_spd":1,"timestamp_utc":"2022-07-03T01:30:00","snow_rate":0,"app_temp":16.4,"pres":1007.2176,"azimuth":27.37,"dewpt":11.8,"uv":0,"elev_angle":-10.29,"wind_dir":271,"weather":{"icon":"c04n","code":804,"description":"Overcast clouds"},"ghi":0,"dhi":0,"timestamp_local":"2022-07-03T03:30:00","solar_rad":0,"vis":10,"dni":0,"temp":16.4,"slp":1017,"clouds":74,"ts":1656811800},{"precip_rate":0,"rh":77,"wind_spd":0.9,"timestamp_utc":"2022-07-03T01:45:00","snow_rate":0,"app_temp":16.2,"pres":1007.20825,"azimuth":30.71,"dewpt":12.1,"uv":0,"elev_angle":-9.24,"wind_dir":260,"weather":{"icon":"c03n","code":803,"description":"Broken clouds"},"ghi":0,"dhi":0,"timestamp_local":"2022-07-03T03:45:00","solar_rad":0,"vis":10,"dni":0,"temp":16.2,"slp":1017,"clouds":70,"ts":1656812700},{"precip_rate":0,"rh":79,"wind_spd":0.8,"timestamp_utc":"2022-07-03T02:00:00","snow_rate":0,"app_temp":15.9,"pres":1007.1989,"azimuth":34.05,"dewpt":12.3,"uv":0,"elev_angle":-8.18,"wind_dir":248,"weather":{"icon":"c03n","code":803,"description":"Broken clouds"},"ghi":0,"dhi":0,"timestamp_local":"2022-07-03T04:00:00","solar_rad":0,"vis":10,"dni":0,"temp":15.9,"slp":1017,"clouds":66,"ts":1656813600},{"precip_rate":0,"rh":80,"wind_spd":0.9,"timestamp_utc":"2022-07-03T02:15:00","snow_rate":0,"app_temp":15.7,"pres":1006.94507,"azimuth":37.18,"dewpt":12.3,"uv":0,"elev_angle":-6.7,"wind_dir":239,"weather":{"icon":"c03n","code":803,"description":"Broken clouds"},"ghi":0,"dhi":0,"timestamp_local":"2022-07-03T04:15:00","solar_rad":0,"vis":10,"dni":0,"temp":15.7,"slp":1016.75,"clouds":60,"ts":1656814500},{"precip_rate":0,"rh":82,"wind_spd":1,"timestamp_utc":"2022-07-03T02:30:00","snow_rate":0,"app_temp":15.5,"pres":1006.6913,"azimuth":40.31,"dewpt":12.5,"uv":0,"elev_angle":-5.22,"wind_dir":230,"weather":{"icon":"c03n","code":803,"description":"Broken clouds"},"ghi":0,"dhi":0,"timestamp_local":"2022-07-03T04:30:00","solar_rad":0,"vis":10,"dni":0,"temp":15.5,"slp":1016.5,"clouds":53,"ts":1656815400},{"precip_rate":0,"rh":84,"wind_spd":1.1,"timestamp_utc":"2022-07-03T02:45:00","snow_rate":0,"app_temp":15.4,"pres":1006.43744,"azimuth":43.44,"dewpt":12.7,"uv":0,"elev_angle":-3.73,"wind_dir":221,"weather":{"icon":"c03n","code":803,"description":"Broken clouds"},"ghi":0,"dhi":0,"timestamp_local":"2022-07-03T04:45:00","solar_rad":0,"vis":10,"dni":0,"temp":15.4,"slp":1016.25,"clouds":46,"ts":1656816300},{"precip_rate":0,"rh":85,"wind_spd":1.2,"timestamp_utc":"2022-07-03T03:00:00","snow_rate":0,"app_temp":15.2,"pres":1006.1836,"azimuth":46.57,"dewpt":12.7,"uv":0,"elev_angle":-2.25,"wind_dir":212,"weather":{"icon":"c02n","code":802,"description":"Scattered clouds"},"ghi":0,"dhi":0,"timestamp_local":"2022-07-03T05:00:00","solar_rad":0,"vis":10,"dni":0,"temp":15.2,"slp":1016,"clouds":40,"ts":1656817200},{"precip_rate":0,"rh":85,"wind_spd":1.2,"timestamp_utc":"2022-07-03T03:15:00","snow_rate":0,"app_temp":14.9,"pres":1006.17413,"azimuth":49.51,"dewpt":12.4,"uv":0,"elev_angle":-0.43,"wind_dir":209,"weather":{"icon":"c03n","code":803,"description":"Broken clouds"},"ghi":12.4,"dhi":8.39,"timestamp_local":"2022-07-03T05:15:00","solar_rad":11.168893,"vis":10,"dni":71.5,"temp":14.9,"slp":1016,"clouds":46,"ts":1656818100},{"precip_rate":0,"rh":86,"wind_spd":1.2,"timestamp_utc":"2022-07-03T03:30:00","snow_rate":0,"app_temp":14.7,"pres":1006.1647,"azimuth":52.45,"dewpt":12.3,"uv":1.1,"elev_angle":1.39,"wind_dir":206,"weather":{"icon":"c03n","code":803,"description":"Broken clouds"},"ghi":24.8,"dhi":16.77,"timestamp_local":"2022-07-03T05:30:00","solar_rad":21.672905,"vis":10,"dni":143,"temp":14.7,"slp":1016,"clouds":51,"ts":1656819000},{"precip_rate":0,"rh":86,"wind_spd":1.2,"timestamp_utc":"2022-07-03T03:45:00","snow_rate":0,"app_temp":14.4,"pres":1006.1553,"azimuth":55.38,"dewpt":12.1,"uv":1.1,"elev_angle":3.2,"wind_dir":203,"weather":{"icon":"c03n","code":803,"description":"Broken clouds"},"ghi":37.2,"dhi":25.16,"timestamp_local":"2022-07-03T05:45:00","solar_rad":31.260838,"vis":10,"dni":214.5,"temp":14.4,"slp":1016,"clouds":56,"ts":1656819900},{"precip_rate":0,"rh":86,"wind_spd":1.2,"timestamp_utc":"2022-07-03T04:00:00","snow_rate":0,"app_temp":14.1,"pres":1006.1458,"azimuth":58.32,"dewpt":11.8,"uv":1,"elev_angle":5.02,"wind_dir":200,"weather":{"icon":"c03n","code":803,"description":"Broken clouds"},"ghi":49.6,"dhi":33.54,"timestamp_local":"2022-07-03T06:00:00","solar_rad":39.13878,"vis":10,"dni":286,"temp":14.1,"slp":1016,"clouds":62,"ts":1656820800},{"precip_rate":0,"rh":82,"wind_spd":1.4,"timestamp_utc":"2022-07-03T04:15:00","snow_rate":0,"app_temp":14.8,"pres":1006.41846,"azimuth":61.13,"dewpt":11.8,"uv":0.9,"elev_angle":7.08,"wind_dir":209,"weather":{"icon":"c03d","code":803,"description":"Broken clouds"},"ghi":81.1,"dhi":40.15,"timestamp_local":"2022-07-03T06:15:00","solar_rad":58.703262,"vis":10,"dni":349.04,"temp":14.8,"slp":1016.25,"clouds":68,"ts":1656821700},{"precip_rate":0,"rh":78,"wind_spd":1.6,"timestamp_utc":"2022-07-03T04:30:00","snow_rate":0,"app_temp":15.6,"pres":1006.69104,"azimuth":63.94,"dewpt":11.7,"uv":0.9,"elev_angle":9.14,"wind_dir":218,"weather":{"icon":"c04d","code":804,"description":"Overcast clouds"},"ghi":112.7,"dhi":46.76,"timestamp_local":"2022-07-03T06:30:00","solar_rad":72.49494,"vis":10,"dni":412.09,"temp":15.6,"slp":1016.5,"clouds":74,"ts":1656822600},{"precip_rate":0,"rh":74,"wind_spd":1.8,"timestamp_utc":"2022-07-03T04:45:00","snow_rate":0,"app_temp":16.3,"pres":1006.9636,"azimuth":66.75,"dewpt":11.6,"uv":0.8,"elev_angle":11.19,"wind_dir":227,"weather":{"icon":"c04d","code":804,"description":"Overcast clouds"},"ghi":144.3,"dhi":53.36,"timestamp_local":"2022-07-03T06:45:00","solar_rad":81.24922,"vis":10,"dni":475.13,"temp":16.3,"slp":1016.75,"clouds":79,"ts":1656823500},{"precip_rate":0,"rh":70,"wind_spd":2,"timestamp_utc":"2022-07-03T05:00:00","snow_rate":0,"app_temp":17,"pres":1007.23627,"azimuth":69.56,"dewpt":11.5,"uv":0.8,"elev_angle":13.25,"wind_dir":236,"weather":{"icon":"c04d","code":804,"description":"Overcast clouds"},"ghi":175.8,"dhi":59.97,"timestamp_local":"2022-07-03T07:00:00","solar_rad":78.99189,"vis":10,"dni":538.17,"temp":17,"slp":1017,"clouds":85,"ts":1656824400},{"precip_rate":0,"rh":66,"wind_spd":2.1,"timestamp_utc":"2022-07-03T05:15:00","snow_rate":0,"app_temp":17.6,"pres":1007.2547,"azimuth":72.34,"dewpt":11.2,"uv":0.9,"elev_angle":15.47,"wind_dir":240,"weather":{"icon":"c04d","code":804,"description":"Overcast clouds"},"ghi":213.7,"dhi":64.6,"timestamp_local":"2022-07-03T07:15:00","solar_rad":127.78028,"vis":10,"dni":573.13,"temp":17.6,"slp":1017,"clouds":77,"ts":1656825300},{"precip_rate":0,"rh":63,"wind_spd":2.2,"timestamp_utc":"2022-07-03T05:30:00","snow_rate":0,"app_temp":18.1,"pres":1007.2732,"azimuth":75.13,"dewpt":11,"uv":1.1,"elev_angle":17.68,"wind_dir":245,"weather":{"icon":"c03d","code":803,"description":"Broken clouds"},"ghi":251.6,"dhi":69.23,"timestamp_local":"2022-07-03T07:30:00","solar_rad":179.52623,"vis":10,"dni":608.1,"temp":18.1,"slp":1017,"clouds":69,"ts":1656826200},{"precip_rate":0,"rh":60,"wind_spd":2.3,"timestamp_utc":"2022-07-03T05:45:00","snow_rate":0,"app_temp":18.2,"pres":1007.2916,"azimuth":77.91,"dewpt":10.8,"uv":1.3,"elev_angle":19.9,"wind_dir":250,"weather":{"icon":"c03d","code":803,"description":"Broken clouds"},"ghi":289.4,"dhi":73.86,"timestamp_local":"2022-07-03T07:45:00","solar_rad":231.87529,"vis":10,"dni":643.06,"temp":18.7,"slp":1017,"clouds":61,"ts":1656827100},{"precip_rate":0,"rh":56,"wind_spd":2.4,"timestamp_utc":"2022-07-03T06:00:00","snow_rate":0,"app_temp":18.7,"pres":1007.31006,"azimuth":80.69,"dewpt":10.3,"uv":1.5,"elev_angle":22.11,"wind_dir":254,"weather":{"icon":"c03d","code":803,"description":"Broken clouds"},"ghi":327.3,"dhi":78.49,"timestamp_local":"2022-07-03T08:00:00","solar_rad":283.43552,"vis":10,"dni":678.02,"temp":19.3,"slp":1017,"clouds":53,"ts":1656828000},{"precip_rate":0,"rh":55,"wind_spd":2.5,"timestamp_utc":"2022-07-03T06:15:00","snow_rate":0,"app_temp":19.2,"pres":1007.3252,"azimuth":83.59,"dewpt":10.5,"uv":1.8,"elev_angle":24.4,"wind_dir":258,"weather":{"icon":"c03d","code":803,"description":"Broken clouds"},"ghi":366.4,"dhi":81.96,"timestamp_local":"2022-07-03T08:15:00","solar_rad":335.05334,"vis":10,"dni":700.09,"temp":19.8,"slp":1017,"clouds":44,"ts":1656828900},{"precip_rate":0,"rh":54,"wind_spd":2.6,"timestamp_utc":"2022-07-03T06:30:00","snow_rate":0,"app_temp":19.7,"pres":1007.34033,"azimuth":86.5,"dewpt":10.6,"uv":2.2,"elev_angle":26.69,"wind_dir":261,"weather":{"icon":"c02d","code":802,"description":"Scattered clouds"},"ghi":405.5,"dhi":85.43,"timestamp_local":"2022-07-03T08:30:00","solar_rad":383.77252,"vis":10,"dni":722.17,"temp":20.2,"slp":1017,"clouds":34,"ts":1656829800},{"precip_rate":0,"rh":53,"wind_spd":2.7,"timestamp_utc":"2022-07-03T06:45:00","snow_rate":0,"app_temp":20.2,"pres":1007.3555,"azimuth":89.4,"dewpt":10.7,"uv":2.5,"elev_angle":28.97,"wind_dir":264,"weather":{"icon":"c02d","code":802,"description":"Scattered clouds"},"ghi":444.7,"dhi":88.9,"timestamp_local":"2022-07-03T08:45:00","solar_rad":427.38724,"vis":10,"dni":744.24,"temp":20.6,"slp":1017,"clouds":25,"ts":1656830700},{"precip_rate":0,"rh":52,"wind_spd":2.8,"timestamp_utc":"2022-07-03T07:00:00","snow_rate":0,"app_temp":20.6,"pres":1007.37067,"azimuth":92.3,"dewpt":10.9,"uv":3,"elev_angle":31.26,"wind_dir":268,"weather":{"icon":"c02d","code":801,"description":"Few clouds"},"ghi":483.8,"dhi":92.37,"timestamp_local":"2022-07-03T09:00:00","solar_rad":467.9008,"vis":10,"dni":766.31,"temp":21.1,"slp":1017,"clouds":16,"ts":1656831600},{"precip_rate":0,"rh":51,"wind_spd":2.8,"timestamp_utc":"2022-07-03T07:15:00","snow_rate":0,"app_temp":21,"pres":1007.3827,"azimuth":95.52,"dewpt":10.9,"uv":3.3,"elev_angle":33.53,"wind_dir":269,"weather":{"icon":"c02d","code":801,"description":"Few clouds"},"ghi":520.4,"dhi":94.98,"timestamp_local":"2022-07-03T09:15:00","solar_rad":503.82776,"vis":10,"dni":780.94,"temp":21.5,"slp":1017,"clouds":12,"ts":1656832500},{"precip_rate":0,"rh":50,"wind_spd":2.8,"timestamp_utc":"2022-07-03T07:30:00","snow_rate":0,"app_temp":21.4,"pres":1007.39465,"azimuth":98.75,"dewpt":11,"uv":3.7,"elev_angle":35.79,"wind_dir":270,"weather":{"icon":"c02d","code":801,"description":"Few clouds"},"ghi":556.9,"dhi":97.58,"timestamp_local":"2022-07-03T09:30:00","solar_rad":539.3555,"vis":10,"dni":795.57,"temp":21.9,"slp":1017,"clouds":9,"ts":1656833400},{"precip_rate":0,"rh":49,"wind_spd":2.8,"timestamp_utc":"2022-07-03T07:45:00","snow_rate":0,"app_temp":21.8,"pres":1007.4066,"azimuth":101.97,"dewpt":11,"uv":4.2,"elev_angle":38.06,"wind_dir":271,"weather":{"icon":"c02d","code":801,"description":"Few clouds"},"ghi":593.4,"dhi":100.19,"timestamp_local":"2022-07-03T09:45:00","solar_rad":574.78094,"vis":10,"dni":810.19,"temp":22.2,"slp":1017,"clouds":6,"ts":1656834300},{"precip_rate":0,"rh":48,"wind_spd":2.8,"timestamp_utc":"2022-07-03T08:00:00","snow_rate":0,"app_temp":22.2,"pres":1007.41864,"azimuth":105.19,"dewpt":11,"uv":4.7,"elev_angle":40.32,"wind_dir":272,"weather":{"icon":"c02d","code":801,"description":"Few clouds"},"ghi":630,"dhi":102.79,"timestamp_local":"2022-07-03T10:00:00","solar_rad":610.2423,"vis":10,"dni":824.82,"temp":22.6,"slp":1017,"clouds":2,"ts":1656835200},{"precip_rate":0,"rh":47,"wind_spd":2.7,"timestamp_utc":"2022-07-03T08:15:00","snow_rate":0,"app_temp":22.4,"pres":1007.42755,"azimuth":109.04,"dewpt":11,"uv":4.9,"elev_angle":42.43,"wind_dir":268,"weather":{"icon":"c02d","code":801,"description":"Few clouds"},"ghi":660.6,"dhi":104.67,"timestamp_local":"2022-07-03T10:15:00","solar_rad":639.974,"vis":10,"dni":834.47,"temp":22.9,"slp":1017,"clouds":4,"ts":1656836100},{"precip_rate":0,"rh":46,"wind_spd":2.6,"timestamp_utc":"2022-07-03T08:30:00","snow_rate":0,"app_temp":22.7,"pres":1007.43646,"azimuth":112.9,"dewpt":10.9,"uv":5.3,"elev_angle":44.54,"wind_dir":264,"weather":{"icon":"c02d","code":801,"description":"Few clouds"},"ghi":691.3,"dhi":106.55,"timestamp_local":"2022-07-03T10:30:00","solar_rad":669.8183,"vis":10,"dni":844.13,"temp":23.2,"slp":1017,"clouds":5,"ts":1656837000},{"precip_rate":0,"rh":45,"wind_spd":2.5,"timestamp_utc":"2022-07-03T08:45:00","snow_rate":0,"app_temp":23,"pres":1007.4454,"azimuth":116.75,"dewpt":10.8,"uv":5.6,"elev_angle":46.65,"wind_dir":260,"weather":{"icon":"c02d","code":801,"description":"Few clouds"},"ghi":721.9,"dhi":108.43,"timestamp_local":"2022-07-03T10:45:00","solar_rad":699.5772,"vis":10,"dni":853.78,"temp":23.4,"slp":1017,"clouds":6,"ts":1656837900},{"precip_rate":0,"rh":44,"wind_spd":2.4,"timestamp_utc":"2022-07-03T09:00:00","snow_rate":0,"app_temp":23.3,"pres":1007.4543,"azimuth":120.6,"dewpt":10.7,"uv":5.9,"elev_angle":48.76,"wind_dir":256,"weather":{"icon":"c02d","code":801,"description":"Few clouds"},"ghi":752.6,"dhi":110.31,"timestamp_local":"2022-07-03T11:00:00","solar_rad":729.39667,"vis":10,"dni":863.43,"temp":23.7,"slp":1017,"clouds":8,"ts":1656838800},{"precip_rate":0,"rh":44,"wind_spd":2.2,"timestamp_utc":"2022-07-03T09:15:00","snow_rate":0,"app_temp":23.3,"pres":1007.4543,"azimuth":125.5,"dewpt":10.7,"uv":5.7,"elev_angle":50.51,"wind_dir":260,"weather":{"icon":"c02d","code":802,"description":"Scattered clouds"},"ghi":774.7,"dhi":111.54,"timestamp_local":"2022-07-03T11:15:00","solar_rad":747.4865,"vis":10,"dni":869.36,"temp":23.7,"slp":1017,"clouds":21,"ts":1656839700},{"precip_rate":0,"rh":44,"wind_spd":2,"timestamp_utc":"2022-07-03T09:30:00","snow_rate":0,"app_temp":23.3,"pres":1007.4543,"azimuth":130.39,"dewpt":10.7,"uv":5.3,"elev_angle":52.26,"wind_dir":265,"weather":{"icon":"c02d","code":802,"description":"Scattered clouds"},"ghi":796.9,"dhi":112.76,"timestamp_local":"2022-07-03T11:30:00","solar_rad":754.15515,"vis":10,"dni":875.3,"temp":23.7,"slp":1017,"clouds":34,"ts":1656840600},{"precip_rate":0,"rh":44,"wind_spd":1.8,"timestamp_utc":"2022-07-03T09:45:00","snow_rate":0,"app_temp":23.3,"pres":1007.4543,"azimuth":135.29,"dewpt":10.7,"uv":4.9,"elev_angle":54.01,"wind_dir":270,"weather":{"icon":"c03d","code":803,"description":"Broken clouds"},"ghi":819,"dhi":113.99,"timestamp_local":"2022-07-03T11:45:00","solar_rad":737.3074,"vis":10,"dni":881.23,"temp":23.7,"slp":1017,"clouds":47,"ts":1656841500},{"precip_rate":0,"rh":44,"wind_spd":1.6,"timestamp_utc":"2022-07-03T10:00:00","snow_rate":0,"app_temp":23.3,"pres":1007.4543,"azimuth":140.18,"dewpt":10.7,"uv":4.5,"elev_angle":55.76,"wind_dir":274,"weather":{"icon":"c03d","code":803,"description":"Broken clouds"},"ghi":841.1,"dhi":115.21,"timestamp_local":"2022-07-03T12:00:00","solar_rad":682.01715,"vis":10,"dni":887.16,"temp":23.7,"slp":1017,"clouds":60,"ts":1656842400},{"precip_rate":0,"rh":44,"wind_spd":1.9,"timestamp_utc":"2022-07-03T10:15:00","snow_rate":0,"app_temp":23.5,"pres":1007.4602,"azimuth":146.41,"dewpt":10.9,"uv":4.7,"elev_angle":56.82,"wind_dir":272,"weather":{"icon":"c03d","code":803,"description":"Broken clouds"},"ghi":852.9,"dhi":115.83,"timestamp_local":"2022-07-03T12:15:00","solar_rad":698.82355,"vis":10,"dni":890.03,"temp":23.9,"slp":1017,"clouds":59,"ts":1656843300},{"precip_rate":0,"rh":44,"wind_spd":2.2,"timestamp_utc":"2022-07-03T10:30:00","snow_rate":0,"app_temp":23.7,"pres":1007.46606,"azimuth":152.64,"dewpt":11,"uv":4.8,"elev_angle":57.89,"wind_dir":269,"weather":{"icon":"c03d","code":803,"description":"Broken clouds"},"ghi":864.7,"dhi":116.44,"timestamp_local":"2022-07-03T12:30:00","solar_rad":715.52435,"vis":10,"dni":892.9,"temp":24.1,"slp":1017,"clouds":58,"ts":1656844200},{"precip_rate":0,"rh":43,"wind_spd":2.5,"timestamp_utc":"2022-07-03T10:45:00","snow_rate":0,"app_temp":23.8,"pres":1007.472,"azimuth":158.86,"dewpt":10.9,"uv":5,"elev_angle":58.95,"wind_dir":266,"weather":{"icon":"c03d","code":803,"description":"Broken clouds"},"ghi":876.4,"dhi":117.06,"timestamp_local":"2022-07-03T12:45:00","solar_rad":725.55414,"vis":10,"dni":895.76,"temp":24.2,"slp":1017,"clouds":58,"ts":1656845100},{"precip_rate":0,"rh":43,"wind_spd":2.8,"timestamp_utc":"2022-07-03T11:00:00","snow_rate":0,"app_temp":24,"pres":1007.4779,"azimuth":165.09,"dewpt":11,"uv":5.1,"elev_angle":60.01,"wind_dir":264,"weather":{"icon":"c03d","code":803,"description":"Broken clouds"},"ghi":888.2,"dhi":117.67,"timestamp_local":"2022-07-03T13:00:00","solar_rad":742.2437,"vis":10,"dni":898.63,"temp":24.4,"slp":1017,"clouds":57,"ts":1656846000},{"precip_rate":0,"rh":43,"wind_spd":3.2,"timestamp_utc":"2022-07-03T11:15:00","snow_rate":0,"app_temp":24.1,"pres":1007.48083,"azimuth":172.07,"dewpt":11.1,"uv":5,"elev_angle":60.05,"wind_dir":262,"weather":{"icon":"c03d","code":803,"description":"Broken clouds"},"ghi":888.6,"dhi":117.69,"timestamp_local":"2022-07-03T13:15:00","solar_rad":719.8796,"vis":10,"dni":898.73,"temp":24.5,"slp":1017,"clouds":60,"ts":1656846900},{"precip_rate":0,"rh":42,"wind_spd":3.6,"timestamp_utc":"2022-07-03T11:30:00","snow_rate":0,"app_temp":24.2,"pres":1007.48376,"azimuth":179.04,"dewpt":10.8,"uv":4.9,"elev_angle":60.09,"wind_dir":260,"weather":{"icon":"c03d","code":803,"description":"Broken clouds"},"ghi":889,"dhi":117.71,"timestamp_local":"2022-07-03T13:30:00","solar_rad":704.07825,"vis":10,"dni":898.82,"temp":24.6,"slp":1017,"clouds":62,"ts":1656847800},{"precip_rate":0,"rh":42,"wind_spd":4,"timestamp_utc":"2022-07-03T11:45:00","snow_rate":0,"app_temp":24.3,"pres":1007.48676,"azimuth":186.02,"dewpt":10.9,"uv":4.7,"elev_angle":60.12,"wind_dir":258,"weather":{"icon":"c03d","code":803,"description":"Broken clouds"},"ghi":889.4,"dhi":117.73,"timestamp_local":"2022-07-03T13:45:00","solar_rad":686.2741,"vis":10,"dni":898.92,"temp":24.7,"slp":1017,"clouds":64,"ts":1656848700},{"precip_rate":0,"rh":42,"wind_spd":4.4,"timestamp_utc":"2022-07-03T12:00:00","snow_rate":0,"app_temp":24.4,"pres":1007.4897,"azimuth":192.99,"dewpt":11,"uv":4.6,"elev_angle":60.16,"wind_dir":256,"weather":{"icon":"c03d","code":803,"description":"Broken clouds"},"ghi":889.8,"dhi":117.75,"timestamp_local":"2022-07-03T14:00:00","solar_rad":656.82513,"vis":10,"dni":899.01,"temp":24.8,"slp":1017,"clouds":67,"ts":1656849600},{"precip_rate":0,"rh":42,"wind_spd":4.4,"timestamp_utc":"2022-07-03T12:15:00","snow_rate":0,"app_temp":24.5,"pres":1007.4926,"azimuth":199.3,"dewpt":11.1,"uv":4.8,"elev_angle":59.16,"wind_dir":256,"weather":{"icon":"c03d","code":803,"description":"Broken clouds"},"ghi":878.8,"dhi":117.18,"timestamp_local":"2022-07-03T14:15:00","solar_rad":695.52295,"vis":10,"dni":896.34,"temp":24.9,"slp":1017,"clouds":62,"ts":1656850500},{"precip_rate":0,"rh":42,"wind_spd":4.4,"timestamp_utc":"2022-07-03T12:30:00","snow_rate":0,"app_temp":24.7,"pres":1007.4956,"azimuth":205.62,"dewpt":11.2,"uv":5,"elev_angle":58.16,"wind_dir":256,"weather":{"icon":"c03d","code":803,"description":"Broken clouds"},"ghi":867.8,"dhi":116.61,"timestamp_local":"2022-07-03T14:30:00","solar_rad":731.63275,"vis":10,"dni":893.66,"temp":25,"slp":1017,"clouds":56,"ts":1656851400},{"precip_rate":0,"rh":41,"wind_spd":4.4,"timestamp_utc":"2022-07-03T12:45:00","snow_rate":0,"app_temp":24.7,"pres":1007.49854,"azimuth":211.93,"dewpt":10.9,"uv":5.1,"elev_angle":57.16,"wind_dir":256,"weather":{"icon":"c03d","code":803,"description":"Broken clouds"},"ghi":856.8,"dhi":116.03,"timestamp_local":"2022-07-03T14:45:00","solar_rad":752.1008,"vis":10,"dni":890.99,"temp":25.1,"slp":1017,"clouds":51,"ts":1656852300},{"precip_rate":0,"rh":41,"wind_spd":4.4,"timestamp_utc":"2022-07-03T13:00:00","snow_rate":0,"app_temp":24.8,"pres":1007.50146,"azimuth":218.24,"dewpt":11,"uv":5.3,"elev_angle":56.16,"wind_dir":256,"weather":{"icon":"c03d","code":803,"description":"Broken clouds"},"ghi":845.8,"dhi":115.46,"timestamp_local":"2022-07-03T15:00:00","solar_rad":765.1161,"vis":10,"dni":888.31,"temp":25.2,"slp":1017,"clouds":46,"ts":1656853200},{"precip_rate":0,"rh":42,"wind_spd":4.5,"timestamp_utc":"2022-07-03T13:15:00","snow_rate":0,"app_temp":24.8,"pres":1007.49854,"azimuth":223.22,"dewpt":11.3,"uv":5.5,"elev_angle":54.45,"wind_dir":256,"weather":{"icon":"c02d","code":802,"description":"Scattered clouds"},"ghi":824.3,"dhi":114.28,"timestamp_local":"2022-07-03T15:15:00","solar_rad":772.87555,"vis":10,"dni":882.6,"temp":25.1,"slp":1017,"clouds":37,"ts":1656854100},{"precip_rate":0,"rh":42,"wind_spd":4.6,"timestamp_utc":"2022-07-03T13:30:00","snow_rate":0,"app_temp":24.7,"pres":1007.4956,"azimuth":228.21,"dewpt":11.2,"uv":5.7,"elev_angle":52.73,"wind_dir":257,"weather":{"icon":"c02d","code":802,"description":"Scattered clouds"},"ghi":802.8,"dhi":113.09,"timestamp_local":"2022-07-03T15:30:00","solar_rad":767.921,"vis":10,"dni":876.9,"temp":25,"slp":1017,"clouds":28,"ts":1656855000},{"precip_rate":0,"rh":42,"wind_spd":4.7,"timestamp_utc":"2022-07-03T13:45:00","snow_rate":0,"app_temp":24.5,"pres":1007.4926,"azimuth":233.19,"dewpt":11.1,"uv":5.8,"elev_angle":51.02,"wind_dir":258,"weather":{"icon":"c02d","code":801,"description":"Few clouds"},"ghi":781.3,"dhi":111.91,"timestamp_local":"2022-07-03T15:45:00","solar_rad":754.29266,"vis":10,"dni":871.19,"temp":24.9,"slp":1017,"clouds":19,"ts":1656855900},{"precip_rate":0,"rh":43,"wind_spd":4.8,"timestamp_utc":"2022-07-03T14:00:00","snow_rate":0,"app_temp":24.5,"pres":1007.4897,"azimuth":238.17,"dewpt":11.4,"uv":5.9,"elev_angle":49.3,"wind_dir":258,"weather":{"icon":"c02d","code":801,"description":"Few clouds"},"ghi":759.8,"dhi":110.72,"timestamp_local":"2022-07-03T16:00:00","solar_rad":735.25104,"vis":10,"dni":865.48,"temp":24.8,"slp":1017,"clouds":10,"ts":1656856800},{"precip_rate":0,"rh":43,"wind_spd":4.9,"timestamp_utc":"2022-07-03T14:15:00","snow_rate":0,"app_temp":24.5,"pres":1007.4897,"azimuth":242.08,"dewpt":11.4,"uv":5.4,"elev_angle":47.21,"wind_dir":259,"weather":{"icon":"c02d","code":801,"description":"Few clouds"},"ghi":729.7,"dhi":108.89,"timestamp_local":"2022-07-03T16:15:00","solar_rad":705.5643,"vis":10,"dni":856.11,"temp":24.8,"slp":1017,"clouds":14,"ts":1656857700},{"precip_rate":0,"rh":44,"wind_spd":5,"timestamp_utc":"2022-07-03T14:30:00","snow_rate":0,"app_temp":24.5,"pres":1007.4897,"azimuth":245.99,"dewpt":11.7,"uv":4.9,"elev_angle":45.11,"wind_dir":260,"weather":{"icon":"c02d","code":801,"description":"Few clouds"},"ghi":699.5,"dhi":107.06,"timestamp_local":"2022-07-03T16:30:00","solar_rad":674.7811,"vis":10,"dni":846.74,"temp":24.8,"slp":1017,"clouds":18,"ts":1656858600},{"precip_rate":0,"rh":44,"wind_spd":5.1,"timestamp_utc":"2022-07-03T14:45:00","snow_rate":0,"app_temp":24.5,"pres":1007.4897,"azimuth":249.9,"dewpt":11.7,"uv":4.4,"elev_angle":43.02,"wind_dir":261,"weather":{"icon":"c02d","code":802,"description":"Scattered clouds"},"ghi":669.4,"dhi":105.22,"timestamp_local":"2022-07-03T16:45:00","solar_rad":644.52563,"vis":10,"dni":837.37,"temp":24.8,"slp":1017,"clouds":21,"ts":1656859500},{"precip_rate":0,"rh":44,"wind_spd":5.2,"timestamp_utc":"2022-07-03T15:00:00","snow_rate":0,"app_temp":24.5,"pres":1007.4897,"azimuth":253.81,"dewpt":11.7,"uv":4,"elev_angle":40.92,"wind_dir":262,"weather":{"icon":"c02d","code":802,"description":"Scattered clouds"},"ghi":639.2,"dhi":103.39,"timestamp_local":"2022-07-03T17:00:00","solar_rad":613.139,"vis":10,"dni":828,"temp":24.8,"slp":1017,"clouds":25,"ts":1656860400},{"precip_rate":0,"rh":45,"wind_spd":5.1,"timestamp_utc":"2022-07-03T15:15:00","snow_rate":0,"app_temp":24.2,"pres":1007.48083,"azimuth":257.07,"dewpt":11.8,"uv":3.6,"elev_angle":38.66,"wind_dir":264,"weather":{"icon":"c02d","code":802,"description":"Scattered clouds"},"ghi":602.9,"dhi":100.84,"timestamp_local":"2022-07-03T17:15:00","solar_rad":574.99475,"vis":10,"dni":813.76,"temp":24.5,"slp":1017,"clouds":29,"ts":1656861300},{"precip_rate":0,"rh":46,"wind_spd":5,"timestamp_utc":"2022-07-03T15:30:00","snow_rate":0,"app_temp":23.9,"pres":1007.472,"azimuth":260.32,"dewpt":11.9,"uv":3.2,"elev_angle":36.4,"wind_dir":267,"weather":{"icon":"c02d","code":802,"description":"Scattered clouds"},"ghi":566.7,"dhi":98.29,"timestamp_local":"2022-07-03T17:30:00","solar_rad":537.34515,"vis":10,"dni":799.53,"temp":24.3,"slp":1017,"clouds":32,"ts":1656862200},{"precip_rate":0,"rh":48,"wind_spd":4.9,"timestamp_utc":"2022-07-03T15:45:00","snow_rate":0,"app_temp":23.7,"pres":1007.46313,"azimuth":263.58,"dewpt":12.3,"uv":2.8,"elev_angle":34.14,"wind_dir":270,"weather":{"icon":"c02d","code":802,"description":"Scattered clouds"},"ghi":530.4,"dhi":95.73,"timestamp_local":"2022-07-03T17:45:00","solar_rad":497.56982,"vis":10,"dni":785.29,"temp":24,"slp":1017,"clouds":36,"ts":1656863100},{"precip_rate":0,"rh":49,"wind_spd":4.8,"timestamp_utc":"2022-07-03T16:00:00","snow_rate":0,"app_temp":23.4,"pres":1007.4543,"azimuth":266.83,"dewpt":12.4,"uv":2.5,"elev_angle":31.88,"wind_dir":272,"weather":{"icon":"c02d","code":802,"description":"Scattered clouds"},"ghi":494.2,"dhi":93.18,"timestamp_local":"2022-07-03T18:00:00","solar_rad":457.59326,"vis":10,"dni":771.05,"temp":23.7,"slp":1017,"clouds":40,"ts":1656864000},{"precip_rate":0.125,"rh":50,"wind_spd":4.8,"timestamp_utc":"2022-07-03T16:15:00","snow_rate":0,"app_temp":23.1,"pres":1007.4454,"azimuth":269.75,"dewpt":12.4,"uv":2.3,"elev_angle":29.59,"wind_dir":276,"weather":{"icon":"c02d","code":802,"description":"Scattered clouds"},"ghi":455.1,"dhi":89.77,"timestamp_local":"2022-07-03T18:15:00","solar_rad":421.3256,"vis":10,"dni":749.59,"temp":23.4,"slp":1017,"clouds":40,"ts":1656864900},{"precip_rate":0.25,"rh":50,"wind_spd":4.8,"timestamp_utc":"2022-07-03T16:30:00","snow_rate":0,"app_temp":22.8,"pres":1007.43646,"azimuth":272.66,"dewpt":12.2,"uv":2.1,"elev_angle":27.3,"wind_dir":281,"weather":{"icon":"c02d","code":802,"description":"Scattered clouds"},"ghi":416,"dhi":86.36,"timestamp_local":"2022-07-03T18:30:00","solar_rad":385.35547,"vis":10,"dni":728.12,"temp":23.2,"slp":1017,"clouds":40,"ts":1656865800},{"precip_rate":0.375,"rh":51,"wind_spd":4.8,"timestamp_utc":"2022-07-03T16:45:00","snow_rate":0,"app_temp":22.5,"pres":1007.42755,"azimuth":275.58,"dewpt":12.2,"uv":1.9,"elev_angle":25.01,"wind_dir":286,"weather":{"icon":"c03d","code":803,"description":"Broken clouds"},"ghi":376.9,"dhi":82.95,"timestamp_local":"2022-07-03T18:45:00","solar_rad":347.77133,"vis":10,"dni":706.66,"temp":22.9,"slp":1017,"clouds":41,"ts":1656866700},{"precip_rate":0.5,"rh":52,"wind_spd":4.8,"timestamp_utc":"2022-07-03T17:00:00","snow_rate":0,"app_temp":22.3,"pres":1007.41864,"azimuth":278.49,"dewpt":12.3,"uv":1.8,"elev_angle":22.72,"wind_dir":290,"weather":{"icon":"c03d","code":803,"description":"Broken clouds"},"ghi":337.8,"dhi":79.54,"timestamp_local":"2022-07-03T19:00:00","solar_rad":311.65598,"vis":10,"dni":685.19,"temp":22.6,"slp":1017,"clouds":41,"ts":1656867600},{"precip_rate":0.375,"rh":52,"wind_spd":4.8,"timestamp_utc":"2022-07-03T17:15:00","snow_rate":0,"app_temp":22.1,"pres":1007.6603,"azimuth":281.28,"dewpt":12.1,"uv":1.7,"elev_angle":20.5,"wind_dir":294,"weather":{"icon":"c02d","code":802,"description":"Scattered clouds"},"ghi":299.7,"dhi":75,"timestamp_local":"2022-07-03T19:15:00","solar_rad":279.57196,"vis":10,"dni":651.35,"temp":22.4,"slp":1017.25,"clouds":38,"ts":1656868500},{"precip_rate":0.25,"rh":53,"wind_spd":4.8,"timestamp_utc":"2022-07-03T17:30:00","snow_rate":0,"app_temp":21.9,"pres":1007.902,"azimuth":284.06,"dewpt":12.2,"uv":1.6,"elev_angle":18.27,"wind_dir":299,"weather":{"icon":"c02d","code":802,"description":"Scattered clouds"},"ghi":261.5,"dhi":70.46,"timestamp_local":"2022-07-03T19:30:00","solar_rad":246.62175,"vis":10,"dni":617.5,"temp":22.3,"slp":1017.5,"clouds":34,"ts":1656869400},{"precip_rate":0.125,"rh":54,"wind_spd":4.8,"timestamp_utc":"2022-07-03T17:45:00","snow_rate":0,"app_temp":21.7,"pres":1008.1436,"azimuth":286.85,"dewpt":12.3,"uv":1.6,"elev_angle":16.05,"wind_dir":304,"weather":{"icon":"c02d","code":802,"description":"Scattered clouds"},"ghi":223.4,"dhi":65.92,"timestamp_local":"2022-07-03T19:45:00","solar_rad":212.00925,"vis":10,"dni":583.66,"temp":22.1,"slp":1017.75,"clouds":31,"ts":1656870300},{"precip_rate":0,"rh":54,"wind_spd":4.8,"timestamp_utc":"2022-07-03T18:00:00","snow_rate":0,"app_temp":21.6,"pres":1008.38525,"azimuth":289.63,"dewpt":12.2,"uv":1.6,"elev_angle":13.82,"wind_dir":308,"weather":{"icon":"c02d","code":802,"description":"Scattered clouds"},"ghi":185.3,"dhi":61.38,"timestamp_local":"2022-07-03T20:00:00","solar_rad":176.82678,"vis":10,"dni":549.81,"temp":21.9,"slp":1018,"clouds":28,"ts":1656871200},{"precip_rate":0.125,"rh":56,"wind_spd":4.6,"timestamp_utc":"2022-07-03T18:15:00","snow_rate":0,"app_temp":21.1,"pres":1008.3702,"azimuth":292.44,"dewpt":12.3,"uv":1.5,"elev_angle":11.75,"wind_dir":310,"weather":{"icon":"c02d","code":802,"description":"Scattered clouds"},"ghi":153.1,"dhi":54.95,"timestamp_local":"2022-07-03T20:15:00","solar_rad":146.461,"vis":10,"dni":489.44,"temp":21.4,"slp":1018,"clouds":26,"ts":1656872100},{"precip_rate":0.25,"rh":58,"wind_spd":4.4,"timestamp_utc":"2022-07-03T18:30:00","snow_rate":0,"app_temp":20.6,"pres":1008.3551,"azimuth":295.24,"dewpt":12.4,"uv":1.5,"elev_angle":9.68,"wind_dir":313,"weather":{"icon":"c02d","code":802,"description":"Scattered clouds"},"ghi":120.9,"dhi":48.51,"timestamp_local":"2022-07-03T20:30:00","solar_rad":115.89445,"vis":10,"dni":429.08,"temp":20.9,"slp":1018,"clouds":24,"ts":1656873000},{"precip_rate":0.375,"rh":59,"wind_spd":4.2,"timestamp_utc":"2022-07-03T18:45:00","snow_rate":0,"app_temp":20.1,"pres":1008.33997,"azimuth":298.05,"dewpt":12.2,"uv":1.5,"elev_angle":7.6,"wind_dir":316,"weather":{"icon":"c02d","code":802,"description":"Scattered clouds"},"ghi":88.6,"dhi":42.08,"timestamp_local":"2022-07-03T20:45:00","solar_rad":85.19275,"vis":10,"dni":368.71,"temp":20.5,"slp":1018,"clouds":21,"ts":1656873900},{"precip_rate":0.5,"rh":61,"wind_spd":4,"timestamp_utc":"2022-07-03T19:00:00","snow_rate":0,"app_temp":19.6,"pres":1008.3249,"azimuth":300.85,"dewpt":12.3,"uv":1.5,"elev_angle":5.53,"wind_dir":318,"weather":{"icon":"c02d","code":801,"description":"Few clouds"},"ghi":56.4,"dhi":35.64,"timestamp_local":"2022-07-03T21:00:00","solar_rad":54.293972,"vis":10,"dni":308.34,"temp":20,"slp":1018,"clouds":19,"ts":1656874800},{"precip_rate":0.375,"rh":62,"wind_spd":3.6,"timestamp_utc":"2022-07-03T19:15:00","snow_rate":0,"app_temp":19.3,"pres":1008.3127,"azimuth":303.78,"dewpt":12.1,"uv":1.5,"elev_angle":3.69,"wind_dir":316,"weather":{"icon":"c02n","code":801,"description":"Few clouds"},"ghi":42.3,"dhi":26.73,"timestamp_local":"2022-07-03T21:15:00","solar_rad":40.751854,"vis":10,"dni":231.26,"temp":19.6,"slp":1018,"clouds":18,"ts":1656875700},{"precip_rate":0.25,"rh":63,"wind_spd":3.2,"timestamp_utc":"2022-07-03T19:30:00","snow_rate":0,"app_temp":18.9,"pres":1008.3004,"azimuth":306.7,"dewpt":12,"uv":1.5,"elev_angle":1.85,"wind_dir":315,"weather":{"icon":"c02n","code":801,"description":"Few clouds"},"ghi":28.2,"dhi":17.82,"timestamp_local":"2022-07-03T21:30:00","solar_rad":27.187191,"vis":10,"dni":154.17,"temp":19.3,"slp":1018,"clouds":17,"ts":1656876600},{"precip_rate":0.125,"rh":64,"wind_spd":2.8,"timestamp_utc":"2022-07-03T19:45:00","snow_rate":0,"app_temp":18.5,"pres":1008.2882,"azimuth":309.63,"dewpt":11.9,"uv":1.6,"elev_angle":0.01,"wind_dir":314,"weather":{"icon":"c02n","code":801,"description":"Few clouds"},"ghi":14.1,"dhi":8.91,"timestamp_local":"2022-07-03T21:45:00","solar_rad":13.6024885,"vis":10,"dni":77.09,"temp":18.9,"slp":1018,"clouds":16,"ts":1656877500},{"precip_rate":0,"rh":65,"wind_spd":2.4,"timestamp_utc":"2022-07-03T20:00:00","snow_rate":0,"app_temp":18.1,"pres":1008.276,"azimuth":312.55,"dewpt":11.8,"uv":0,"elev_angle":-1.83,"wind_dir":312,"weather":{"icon":"c02n","code":801,"description":"Few clouds"},"ghi":0,"dhi":0,"timestamp_local":"2022-07-03T22:00:00","solar_rad":0,"vis":10,"dni":0,"temp":18.5,"slp":1018,"clouds":15,"ts":1656878400},{"precip_rate":0,"rh":66,"wind_spd":2.3,"timestamp_utc":"2022-07-03T20:15:00","snow_rate":0,"app_temp":18.1,"pres":1008.5112,"azimuth":315.67,"dewpt":11.7,"uv":0,"elev_angle":-3.34,"wind_dir":307,"weather":{"icon":"c02n","code":801,"description":"Few clouds"},"ghi":0,"dhi":0,"timestamp_local":"2022-07-03T22:15:00","solar_rad":0,"vis":10,"dni":0,"temp":18.1,"slp":1018.25,"clouds":13,"ts":1656879300},{"precip_rate":0,"rh":68,"wind_spd":2.2,"timestamp_utc":"2022-07-03T20:30:00","snow_rate":0,"app_temp":17.8,"pres":1008.7465,"azimuth":318.79,"dewpt":11.8,"uv":0,"elev_angle":-4.86,"wind_dir":302,"weather":{"icon":"c02n","code":801,"description":"Few clouds"},"ghi":0,"dhi":0,"timestamp_local":"2022-07-03T22:30:00","solar_rad":0,"vis":10,"dni":0,"temp":17.8,"slp":1018.5,"clouds":10,"ts":1656880200},{"precip_rate":0,"rh":69,"wind_spd":2.1,"timestamp_utc":"2022-07-03T20:45:00","snow_rate":0,"app_temp":17.4,"pres":1008.9818,"azimuth":321.9,"dewpt":11.6,"uv":0,"elev_angle":-6.37,"wind_dir":297,"weather":{"icon":"c02n","code":801,"description":"Few clouds"},"ghi":0,"dhi":0,"timestamp_local":"2022-07-03T22:45:00","solar_rad":0,"vis":10,"dni":0,"temp":17.4,"slp":1018.75,"clouds":8,"ts":1656881100},{"precip_rate":0,"rh":70,"wind_spd":2,"timestamp_utc":"2022-07-03T21:00:00","snow_rate":0,"app_temp":17,"pres":1009.21704,"azimuth":325.02,"dewpt":11.5,"uv":0,"elev_angle":-7.88,"wind_dir":292,"weather":{"icon":"c02n","code":801,"description":"Few clouds"},"ghi":0,"dhi":0,"timestamp_local":"2022-07-03T23:00:00","solar_rad":0,"vis":10,"dni":0,"temp":17,"slp":1019,"clouds":6,"ts":1656882000},{"precip_rate":0,"rh":72,"wind_spd":1.9,"timestamp_utc":"2022-07-03T21:15:00","snow_rate":0,"app_temp":16.6,"pres":1009.2014,"azimuth":328.35,"dewpt":11.5,"uv":0,"elev_angle":-8.97,"wind_dir":297,"weather":{"icon":"c02n","code":801,"description":"Few clouds"},"ghi":0,"dhi":0,"timestamp_local":"2022-07-03T23:15:00","solar_rad":0,"vis":10,"dni":0,"temp":16.6,"slp":1019,"clouds":8,"ts":1656882900},{"precip_rate":0,"rh":74,"wind_spd":1.8,"timestamp_utc":"2022-07-03T21:30:00","snow_rate":0,"app_temp":16.1,"pres":1009.1858,"azimuth":331.68,"dewpt":11.5,"uv":0,"elev_angle":-10.06,"wind_dir":302,"weather":{"icon":"c02n","code":801,"description":"Few clouds"},"ghi":0,"dhi":0,"timestamp_local":"2022-07-03T23:30:00","solar_rad":0,"vis":10,"dni":0,"temp":16.1,"slp":1019,"clouds":9,"ts":1656883800},{"precip_rate":0,"rh":75,"wind_spd":1.7,"timestamp_utc":"2022-07-03T21:45:00","snow_rate":0,"app_temp":15.7,"pres":1009.1702,"azimuth":335.01,"dewpt":11.2,"uv":0,"elev_angle":-11.15,"wind_dir":307,"weather":{"icon":"c02n","code":801,"description":"Few clouds"},"ghi":0,"dhi":0,"timestamp_local":"2022-07-03T23:45:00","solar_rad":0,"vis":10,"dni":0,"temp":15.7,"slp":1019,"clouds":10,"ts":1656884700},{"precip_rate":0,"rh":77,"wind_spd":1.6,"timestamp_utc":"2022-07-03T22:00:00","snow_rate":0,"app_temp":15.2,"pres":1009.1546,"azimuth":338.34,"dewpt":11.2,"uv":0,"elev_angle":-12.24,"wind_dir":312,"weather":{"icon":"c02n","code":801,"description":"Few clouds"},"ghi":0,"dhi":0,"timestamp_local":"2022-07-04T00:00:00","solar_rad":0,"vis":10,"dni":0,"temp":15.2,"slp":1019,"clouds":12,"ts":1656885600},{"precip_rate":0,"rh":78,"wind_spd":1.6,"timestamp_utc":"2022-07-03T22:15:00","snow_rate":0,"app_temp":14.9,"pres":1009.3927,"azimuth":341.84,"dewpt":11.1,"uv":0,"elev_angle":-12.82,"wind_dir":306,"weather":{"icon":"c02n","code":801,"description":"Few clouds"},"ghi":0,"dhi":0,"timestamp_local":"2022-07-04T00:15:00","solar_rad":0,"vis":10,"dni":0,"temp":14.9,"slp":1019.25,"clouds":9,"ts":1656886500},{"precip_rate":0,"rh":78,"wind_spd":1.6,"timestamp_utc":"2022-07-03T22:30:00","snow_rate":0,"app_temp":14.7,"pres":1009.6308,"azimuth":345.34,"dewpt":10.9,"uv":0,"elev_angle":-13.41,"wind_dir":301,"weather":{"icon":"c02n","code":801,"description":"Few clouds"},"ghi":0,"dhi":0,"timestamp_local":"2022-07-04T00:30:00","solar_rad":0,"vis":10,"dni":0,"temp":14.7,"slp":1019.5,"clouds":6,"ts":1656887400},{"precip_rate":0,"rh":79,"wind_spd":1.6,"timestamp_utc":"2022-07-03T22:45:00","snow_rate":0,"app_temp":14.4,"pres":1009.8689,"azimuth":348.84,"dewpt":10.8,"uv":0,"elev_angle":-13.99,"wind_dir":296,"weather":{"icon":"c02n","code":801,"description":"Few clouds"},"ghi":0,"dhi":0,"timestamp_local":"2022-07-04T00:45:00","solar_rad":0,"vis":10,"dni":0,"temp":14.4,"slp":1019.75,"clouds":4,"ts":1656888300},{"precip_rate":0,"rh":80,"wind_spd":1.6,"timestamp_utc":"2022-07-03T23:00:00","snow_rate":0,"app_temp":14.1,"pres":1010.107,"azimuth":352.34,"dewpt":10.7,"uv":0,"elev_angle":-14.57,"wind_dir":290,"weather":{"icon":"c01n","code":800,"description":"Clear Sky"},"ghi":0,"dhi":0,"timestamp_local":"2022-07-04T01:00:00","solar_rad":0,"vis":10,"dni":0,"temp":14.1,"slp":1020,"clouds":1,"ts":1656889200},{"precip_rate":0,"rh":82,"wind_spd":1.5,"timestamp_utc":"2022-07-03T23:15:00","snow_rate":0,"app_temp":13.6,"pres":1010.09106,"azimuth":265.91,"dewpt":10.6,"uv":0,"elev_angle":-14.59,"wind_dir":287,"weather":{"icon":"c01n","code":800,"description":"Clear Sky"},"ghi":0,"dhi":0,"timestamp_local":"2022-07-04T01:15:00","solar_rad":0,"vis":10,"dni":0,"temp":13.6,"slp":1020,"clouds":1,"ts":1656890100},{"precip_rate":0,"rh":84,"wind_spd":1.4,"timestamp_utc":"2022-07-03T23:30:00","snow_rate":0,"app_temp":13.2,"pres":1010.0751,"azimuth":179.48,"dewpt":10.5,"uv":0,"elev_angle":-14.62,"wind_dir":284,"weather":{"icon":"c01n","code":800,"description":"Clear Sky"},"ghi":0,"dhi":0,"timestamp_local":"2022-07-04T01:30:00","solar_rad":0,"vis":10,"dni":0,"temp":13.2,"slp":1020,"clouds":1,"ts":1656891000},{"precip_rate":0,"rh":86,"wind_spd":1.3,"timestamp_utc":"2022-07-03T23:45:00","snow_rate":0,"app_temp":12.7,"pres":1010.05914,"azimuth":93.05,"dewpt":10.4,"uv":0,"elev_angle":-14.64,"wind_dir":281,"weather":{"icon":"c01n","code":800,"description":"Clear Sky"},"ghi":0,"dhi":0,"timestamp_local":"2022-07-04T01:45:00","solar_rad":0,"vis":10,"dni":0,"temp":12.7,"slp":1020,"clouds":1,"ts":1656891900}],"sources":["103150-99999","imerg","merra2","era5","modis"],"city_id":"2856883"}
