{"timezone":"Europe\/Berlin","state_code":"06","country_code":"DE","lat":52.2833,"lon":8,"city_name":"Osnabr�ck","station_id":"103150-99999","data":[{"precip_rate":0.5,"rh":87,"wind_spd":3.6,"timestamp_utc":"2022-07-07T00:00:00","snow_rate":0,"app_temp":15.2,"pres":1010.1449,"azimuth":6.52,"dewpt":13.1,"uv":0,"elev_angle":-14.96,"wind_dir":238,"weather":{"icon":"c04n","code":804,"description":"Overcast clouds"},"ghi":0,"dhi":0,"timestamp_local":"2022-07-07T02:00:00","solar_rad":0,"vis":10,"dni":0,"temp":15.2,"slp":1020,"clouds":100,"ts":1657152000},{"precip_rate":0.5,"rh":88,"wind_spd":3.9,"timestamp_utc":"2022-07-07T00:15:00","snow_rate":0,"app_temp":15.3,"pres":1009.6529,"azimuth":10.04,"dewpt":13.3,"uv":0,"elev_angle":-14.42,"wind_dir":240,"weather":{"icon":"c04n","code":804,"description":"Overcast clouds"},"ghi":0,"dhi":0,"timestamp_local":"2022-07-07T02:15:00","solar_rad":0,"vis":10,"dni":0,"temp":15.3,"slp":1019.5,"clouds":100,"ts":1657152900},{"precip_rate":0.5,"rh":88,"wind_spd":4.2,"timestamp_utc":"2022-07-07T00:30:00","snow_rate":0,"app_temp":15.4,"pres":1009.1609,"azimuth":13.57,"dewpt":13.4,"uv":0,"elev_angle":-13.89,"wind_dir":242,"weather":{"icon":"c04n","code":804,"description":"Overcast clouds"},"ghi":0,"dhi":0,"timestamp_local":"2022-07-07T02:30:00","solar_rad":0,"vis":10,"dni":0,"temp":15.4,"slp":1019,"clouds":100,"ts":1657153800},{"precip_rate":0.5,"rh":88,"wind_spd":4.5,"timestamp_utc":"2022-07-07T00:45:00","snow_rate":0,"app_temp":15.5,"pres":1008.6688,"azimuth":17.09,"dewpt":13.5,"uv":0,"elev_angle":-13.35,"wind_dir":244,"weather":{"icon":"c04n","code":804,"description":"Overcast clouds"},"ghi":0,"dhi":0,"timestamp_local":"2022-07-07T02:45:00","solar_rad":0,"vis":10,"dni":0,"temp":15.5,"slp":1018.5,"clouds":99,"ts":1657154700},{"precip_rate":0.5,"rh":89,"wind_spd":4.8,"timestamp_utc":"2022-07-07T01:00:00","snow_rate":0,"app_temp":15.6,"pres":1008.1768,"azimuth":20.61,"dewpt":13.8,"uv":0,"elev_angle":-12.81,"wind_dir":246,"weather":{"icon":"c04n","code":804,"description":"Overcast clouds"},"ghi":0,"dhi":0,"timestamp_local":"2022-07-07T03:00:00","solar_rad":0,"vis":10,"dni":0,"temp":15.6,"slp":1018,"clouds":99,"ts":1657155600},{"precip_rate":0.375,"rh":90,"wind_spd":4.9,"timestamp_utc":"2022-07-07T01:15:00","snow_rate":0,"app_temp":15.5,"pres":1008.1737,"azimuth":23.97,"dewpt":13.9,"uv":0,"elev_angle":-11.76,"wind_dir":248,"weather":{"icon":"c04n","code":804,"description":"Overcast clouds"},"ghi":0,"dhi":0,"timestamp_local":"2022-07-07T03:15:00","solar_rad":0,"vis":10,"dni":0,"temp":15.5,"slp":1018,"clouds":99,"ts":1657156500},{"precip_rate":0.25,"rh":90,"wind_spd":5,"timestamp_utc":"2022-07-07T01:30:00","snow_rate":0,"app_temp":15.4,"pres":1008.17053,"azimuth":27.33,"dewpt":13.8,"uv":0,"elev_angle":-10.71,"wind_dir":249,"weather":{"icon":"c04n","code":804,"description":"Overcast clouds"},"ghi":0,"dhi":0,"timestamp_local":"2022-07-07T03:30:00","solar_rad":0,"vis":10,"dni":0,"temp":15.4,"slp":1018,"clouds":98,"ts":1657157400},{"precip_rate":0.125,"rh":90,"wind_spd":5.1,"timestamp_utc":"2022-07-07T01:45:00","snow_rate":0,"app_temp":15.3,"pres":1008.16736,"azimuth":30.68,"dewpt":13.7,"uv":0,"elev_angle":-9.65,"wind_dir":250,"weather":{"icon":"c04n","code":804,"description":"Overcast clouds"},"ghi":0,"dhi":0,"timestamp_local":"2022-07-07T03:45:00","solar_rad":0,"vis":10,"dni":0,"temp":15.3,"slp":1018,"clouds":98,"ts":1657158300},{"precip_rate":0,"rh":91,"wind_spd":5.2,"timestamp_utc":"2022-07-07T02:00:00","snow_rate":0,"app_temp":15.2,"pres":1008.16425,"azimuth":34.04,"dewpt":13.7,"uv":0,"elev_angle":-8.6,"wind_dir":252,"weather":{"icon":"c04n","code":804,"description":"Overcast clouds"},"ghi":0,"dhi":0,"timestamp_local":"2022-07-07T04:00:00","solar_rad":0,"vis":10,"dni":0,"temp":15.2,"slp":1018,"clouds":98,"ts":1657159200},{"precip_rate":0.125,"rh":92,"wind_spd":5.2,"timestamp_utc":"2022-07-07T02:15:00","snow_rate":0,"app_temp":15.2,"pres":1007.9166,"azimuth":37.19,"dewpt":13.9,"uv":0,"elev_angle":-7.12,"wind_dir":252,"weather":{"icon":"c04n","code":804,"description":"Overcast clouds"},"ghi":0,"dhi":0,"timestamp_local":"2022-07-07T04:15:00","solar_rad":0,"vis":10,"dni":0,"temp":15.2,"slp":1017.75,"clouds":98,"ts":1657160100},{"precip_rate":0.25,"rh":92,"wind_spd":5.2,"timestamp_utc":"2022-07-07T02:30:00","snow_rate":0,"app_temp":15.2,"pres":1007.66907,"azimuth":40.33,"dewpt":13.9,"uv":0,"elev_angle":-5.63,"wind_dir":252,"weather":{"icon":"c04n","code":804,"description":"Overcast clouds"},"ghi":0,"dhi":0,"timestamp_local":"2022-07-07T04:30:00","solar_rad":0,"vis":10,"dni":0,"temp":15.2,"slp":1017.5,"clouds":98,"ts":1657161000},{"precip_rate":0.375,"rh":92,"wind_spd":5.2,"timestamp_utc":"2022-07-07T02:45:00","snow_rate":0,"app_temp":15.2,"pres":1007.4215,"azimuth":43.48,"dewpt":13.9,"uv":0,"elev_angle":-4.15,"wind_dir":252,"weather":{"icon":"c04n","code":804,"description":"Overcast clouds"},"ghi":0,"dhi":0,"timestamp_local":"2022-07-07T04:45:00","solar_rad":0,"vis":10,"dni":0,"temp":15.2,"slp":1017.25,"clouds":98,"ts":1657161900},{"precip_rate":0.5,"rh":93,"wind_spd":5.2,"timestamp_utc":"2022-07-07T03:00:00","snow_rate":0,"app_temp":15.2,"pres":1007.1739,"azimuth":46.62,"dewpt":14.1,"uv":0,"elev_angle":-2.66,"wind_dir":252,"weather":{"icon":"c04n","code":804,"description":"Overcast clouds"},"ghi":0,"dhi":0,"timestamp_local":"2022-07-07T05:00:00","solar_rad":0,"vis":10,"dni":0,"temp":15.2,"slp":1017,"clouds":98,"ts":1657162800},{"precip_rate":0.75,"rh":93,"wind_spd":5.1,"timestamp_utc":"2022-07-07T03:15:00","snow_rate":0,"app_temp":15.3,"pres":1007.177,"azimuth":49.57,"dewpt":14.2,"uv":0,"elev_angle":-0.84,"wind_dir":252,"weather":{"icon":"r01n","code":500,"description":"Light rain"},"ghi":11.1,"dhi":7.95,"timestamp_local":"2022-07-07T05:15:00","solar_rad":9.183422,"vis":10,"dni":66.76,"temp":15.3,"slp":1017,"clouds":98,"ts":1657163700},{"precip_rate":1,"rh":93,"wind_spd":5,"timestamp_utc":"2022-07-07T03:30:00","snow_rate":0,"app_temp":15.4,"pres":1007.1802,"azimuth":52.52,"dewpt":14.3,"uv":0.6,"elev_angle":0.98,"wind_dir":253,"weather":{"icon":"r01n","code":500,"description":"Light rain"},"ghi":22.1,"dhi":15.89,"timestamp_local":"2022-07-07T05:30:00","solar_rad":18.338385,"vis":10,"dni":133.52,"temp":15.4,"slp":1017,"clouds":98,"ts":1657164600},{"precip_rate":1.25,"rh":93,"wind_spd":4.9,"timestamp_utc":"2022-07-07T03:45:00","snow_rate":0,"app_temp":15.5,"pres":1007.18335,"azimuth":55.46,"dewpt":14.4,"uv":0.6,"elev_angle":2.79,"wind_dir":254,"weather":{"icon":"r01n","code":500,"description":"Light rain"},"ghi":33.2,"dhi":23.84,"timestamp_local":"2022-07-07T05:45:00","solar_rad":23.548899,"vis":10,"dni":200.27,"temp":15.5,"slp":1017,"clouds":99,"ts":1657165500},{"precip_rate":1.5,"rh":93,"wind_spd":4.8,"timestamp_utc":"2022-07-07T04:00:00","snow_rate":0,"app_temp":15.6,"pres":1007.18646,"azimuth":58.41,"dewpt":14.5,"uv":0.6,"elev_angle":4.61,"wind_dir":254,"weather":{"icon":"r01n","code":500,"description":"Light rain"},"ghi":44.2,"dhi":31.78,"timestamp_local":"2022-07-07T06:00:00","solar_rad":30.579018,"vis":9,"dni":267.03,"temp":15.6,"slp":1017,"clouds":99,"ts":1657166400},{"precip_rate":1.25,"rh":93,"wind_spd":4.8,"timestamp_utc":"2022-07-07T04:15:00","snow_rate":0,"app_temp":15.6,"pres":1007.18646,"azimuth":61.23,"dewpt":14.5,"uv":0.6,"elev_angle":6.67,"wind_dir":257,"weather":{"icon":"r01d","code":500,"description":"Light rain"},"ghi":75.5,"dhi":38.57,"timestamp_local":"2022-07-07T06:15:00","solar_rad":40.049423,"vis":8,"dni":332.7,"temp":15.6,"slp":1017,"clouds":99,"ts":1657167300},{"precip_rate":1,"rh":93,"wind_spd":4.8,"timestamp_utc":"2022-07-07T04:30:00","snow_rate":0,"app_temp":15.6,"pres":1007.18646,"azimuth":64.05,"dewpt":14.5,"uv":0.6,"elev_angle":8.73,"wind_dir":260,"weather":{"icon":"r01d","code":500,"description":"Light rain"},"ghi":106.7,"dhi":45.37,"timestamp_local":"2022-07-07T06:30:00","solar_rad":51.170147,"vis":6,"dni":398.36,"temp":15.6,"slp":1017,"clouds":100,"ts":1657168200},{"precip_rate":0.75,"rh":93,"wind_spd":4.8,"timestamp_utc":"2022-07-07T04:45:00","snow_rate":0,"app_temp":15.6,"pres":1007.18646,"azimuth":66.86,"dewpt":14.5,"uv":0.6,"elev_angle":10.79,"wind_dir":263,"weather":{"icon":"r01d","code":500,"description":"Light rain"},"ghi":138,"dhi":52.16,"timestamp_local":"2022-07-07T06:45:00","solar_rad":59.748463,"vis":4,"dni":464.03,"temp":15.6,"slp":1017,"clouds":100,"ts":1657169100},{"precip_rate":0.5,"rh":93,"wind_spd":4.8,"timestamp_utc":"2022-07-07T05:00:00","snow_rate":0,"app_temp":15.6,"pres":1007.18646,"azimuth":69.68,"dewpt":14.5,"uv":0.6,"elev_angle":12.85,"wind_dir":266,"weather":{"icon":"c04d","code":804,"description":"Overcast clouds"},"ghi":169.2,"dhi":58.95,"timestamp_local":"2022-07-07T07:00:00","solar_rad":68.32078,"vis":6,"dni":529.69,"temp":15.6,"slp":1017,"clouds":100,"ts":1657170000},{"precip_rate":0.625,"rh":92,"wind_spd":5,"timestamp_utc":"2022-07-07T05:15:00","snow_rate":0,"app_temp":15.6,"pres":1007.18646,"azimuth":72.47,"dewpt":14.3,"uv":0.6,"elev_angle":15.07,"wind_dir":268,"weather":{"icon":"r01d","code":500,"description":"Light rain"},"ghi":207,"dhi":63.66,"timestamp_local":"2022-07-07T07:15:00","solar_rad":75.33507,"vis":7,"dni":565.58,"temp":15.6,"slp":1017,"clouds":100,"ts":1657170900},{"precip_rate":0.75,"rh":92,"wind_spd":5.2,"timestamp_utc":"2022-07-07T05:30:00","snow_rate":0,"app_temp":15.6,"pres":1007.18646,"azimuth":75.26,"dewpt":14.3,"uv":0.6,"elev_angle":17.28,"wind_dir":270,"weather":{"icon":"r01d","code":500,"description":"Light rain"},"ghi":244.8,"dhi":68.37,"timestamp_local":"2022-07-07T07:30:00","solar_rad":82.26819,"vis":6,"dni":601.47,"temp":15.6,"slp":1017,"clouds":100,"ts":1657171800},{"precip_rate":0.875,"rh":92,"wind_spd":5.4,"timestamp_utc":"2022-07-07T05:45:00","snow_rate":0,"app_temp":15.6,"pres":1007.18646,"azimuth":78.05,"dewpt":14.3,"uv":0.7,"elev_angle":19.5,"wind_dir":272,"weather":{"icon":"r01d","code":500,"description":"Light rain"},"ghi":282.6,"dhi":73.08,"timestamp_local":"2022-07-07T07:45:00","solar_rad":89.2013,"vis":4,"dni":637.35,"temp":15.6,"slp":1017,"clouds":100,"ts":1657172700},{"precip_rate":1,"rh":91,"wind_spd":5.6,"timestamp_utc":"2022-07-07T06:00:00","snow_rate":0,"app_temp":15.6,"pres":1007.18646,"azimuth":80.84,"dewpt":14.1,"uv":0.7,"elev_angle":21.71,"wind_dir":274,"weather":{"icon":"r01d","code":500,"description":"Light rain"},"ghi":320.4,"dhi":77.79,"timestamp_local":"2022-07-07T08:00:00","solar_rad":96.28329,"vis":7,"dni":673.24,"temp":15.6,"slp":1017,"clouds":100,"ts":1657173600},{"precip_rate":0.875,"rh":90,"wind_spd":5.6,"timestamp_utc":"2022-07-07T06:15:00","snow_rate":0,"app_temp":15.6,"pres":1007.18646,"azimuth":83.75,"dewpt":14,"uv":0.8,"elev_angle":24,"wind_dir":279,"weather":{"icon":"r01d","code":500,"description":"Light rain"},"ghi":359.6,"dhi":81.31,"timestamp_local":"2022-07-07T08:15:00","solar_rad":102.3103,"vis":10,"dni":695.74,"temp":15.6,"slp":1017,"clouds":100,"ts":1657174500},{"precip_rate":0.75,"rh":90,"wind_spd":5.6,"timestamp_utc":"2022-07-07T06:30:00","snow_rate":0,"app_temp":15.6,"pres":1007.18646,"azimuth":86.65,"dewpt":14,"uv":0.9,"elev_angle":26.29,"wind_dir":284,"weather":{"icon":"r01d","code":500,"description":"Light rain"},"ghi":398.8,"dhi":84.82,"timestamp_local":"2022-07-07T08:30:00","solar_rad":108.17857,"vis":10,"dni":718.25,"temp":15.6,"slp":1017,"clouds":100,"ts":1657175400},{"precip_rate":0.625,"rh":90,"wind_spd":5.6,"timestamp_utc":"2022-07-07T06:45:00","snow_rate":0,"app_temp":15.6,"pres":1007.18646,"azimuth":89.56,"dewpt":14,"uv":0.9,"elev_angle":28.57,"wind_dir":289,"weather":{"icon":"r01d","code":500,"description":"Light rain"},"ghi":438,"dhi":88.34,"timestamp_local":"2022-07-07T08:45:00","solar_rad":114.056725,"vis":10,"dni":740.75,"temp":15.6,"slp":1017,"clouds":100,"ts":1657176300},{"precip_rate":0.5,"rh":89,"wind_spd":5.6,"timestamp_utc":"2022-07-07T07:00:00","snow_rate":0,"app_temp":15.6,"pres":1007.18646,"azimuth":92.46,"dewpt":13.8,"uv":1,"elev_angle":30.86,"wind_dir":294,"weather":{"icon":"c04d","code":804,"description":"Overcast clouds"},"ghi":477.2,"dhi":91.85,"timestamp_local":"2022-07-07T09:00:00","solar_rad":120.14328,"vis":10,"dni":763.25,"temp":15.6,"slp":1017,"clouds":100,"ts":1657177200},{"precip_rate":0.375,"rh":89,"wind_spd":5.5,"timestamp_utc":"2022-07-07T07:15:00","snow_rate":0,"app_temp":15.6,"pres":1007.4341,"azimuth":95.69,"dewpt":13.8,"uv":1.1,"elev_angle":33.12,"wind_dir":296,"weather":{"icon":"c04d","code":804,"description":"Overcast clouds"},"ghi":513.8,"dhi":94.49,"timestamp_local":"2022-07-07T09:15:00","solar_rad":125.00947,"vis":10,"dni":778.11,"temp":15.6,"slp":1017.25,"clouds":100,"ts":1657178100},{"precip_rate":0.25,"rh":89,"wind_spd":5.4,"timestamp_utc":"2022-07-07T07:30:00","snow_rate":0,"app_temp":15.6,"pres":1007.68164,"azimuth":98.91,"dewpt":13.8,"uv":1.2,"elev_angle":35.39,"wind_dir":299,"weather":{"icon":"c04d","code":804,"description":"Overcast clouds"},"ghi":550.5,"dhi":97.12,"timestamp_local":"2022-07-07T09:30:00","solar_rad":129.87196,"vis":10,"dni":792.98,"temp":15.6,"slp":1017.5,"clouds":100,"ts":1657179000},{"precip_rate":0.125,"rh":89,"wind_spd":5.3,"timestamp_utc":"2022-07-07T07:45:00","snow_rate":0,"app_temp":15.6,"pres":1007.9292,"azimuth":102.14,"dewpt":13.8,"uv":1.3,"elev_angle":37.65,"wind_dir":302,"weather":{"icon":"c04d","code":804,"description":"Overcast clouds"},"ghi":587.2,"dhi":99.76,"timestamp_local":"2022-07-07T09:45:00","solar_rad":134.74432,"vis":10,"dni":807.84,"temp":15.6,"slp":1017.75,"clouds":100,"ts":1657179900},{"precip_rate":0,"rh":89,"wind_spd":5.2,"timestamp_utc":"2022-07-07T08:00:00","snow_rate":0,"app_temp":15.6,"pres":1008.1768,"azimuth":105.36,"dewpt":13.8,"uv":1.4,"elev_angle":39.91,"wind_dir":304,"weather":{"icon":"c04d","code":804,"description":"Overcast clouds"},"ghi":623.8,"dhi":102.39,"timestamp_local":"2022-07-07T10:00:00","solar_rad":139.60065,"vis":10,"dni":822.7,"temp":15.6,"slp":1018,"clouds":100,"ts":1657180800},{"precip_rate":0,"rh":86,"wind_spd":5.2,"timestamp_utc":"2022-07-07T08:15:00","snow_rate":0,"app_temp":15.9,"pres":1008.4338,"azimuth":109.21,"dewpt":13.5,"uv":1.6,"elev_angle":42.02,"wind_dir":305,"weather":{"icon":"c04d","code":804,"description":"Overcast clouds"},"ghi":654.6,"dhi":104.29,"timestamp_local":"2022-07-07T10:15:00","solar_rad":143.83902,"vis":10,"dni":832.49,"temp":15.9,"slp":1018.25,"clouds":100,"ts":1657181700},{"precip_rate":0,"rh":84,"wind_spd":5.2,"timestamp_utc":"2022-07-07T08:30:00","snow_rate":0,"app_temp":16.2,"pres":1008.69073,"azimuth":113.05,"dewpt":13.4,"uv":1.7,"elev_angle":44.13,"wind_dir":306,"weather":{"icon":"c04d","code":804,"description":"Overcast clouds"},"ghi":685.4,"dhi":106.19,"timestamp_local":"2022-07-07T10:30:00","solar_rad":147.82343,"vis":10,"dni":842.29,"temp":16.2,"slp":1018.5,"clouds":100,"ts":1657182600},{"precip_rate":0,"rh":82,"wind_spd":5.2,"timestamp_utc":"2022-07-07T08:45:00","snow_rate":0,"app_temp":16.4,"pres":1008.9477,"azimuth":116.9,"dewpt":13.3,"uv":1.8,"elev_angle":46.24,"wind_dir":307,"weather":{"icon":"c04d","code":804,"description":"Overcast clouds"},"ghi":716.2,"dhi":108.09,"timestamp_local":"2022-07-07T10:45:00","solar_rad":151.83891,"vis":10,"dni":852.08,"temp":16.4,"slp":1018.75,"clouds":100,"ts":1657183500},{"precip_rate":0,"rh":79,"wind_spd":5.2,"timestamp_utc":"2022-07-07T09:00:00","snow_rate":0,"app_temp":16.7,"pres":1009.20465,"azimuth":120.74,"dewpt":13,"uv":1.9,"elev_angle":48.35,"wind_dir":308,"weather":{"icon":"c04d","code":804,"description":"Overcast clouds"},"ghi":747,"dhi":109.99,"timestamp_local":"2022-07-07T11:00:00","solar_rad":156.24782,"vis":10,"dni":861.87,"temp":16.7,"slp":1019,"clouds":100,"ts":1657184400},{"precip_rate":0,"rh":78,"wind_spd":5.1,"timestamp_utc":"2022-07-07T09:15:00","snow_rate":0,"app_temp":16.9,"pres":1009.45844,"azimuth":125.61,"dewpt":13,"uv":2,"elev_angle":50.1,"wind_dir":308,"weather":{"icon":"c04d","code":804,"description":"Overcast clouds"},"ghi":769.3,"dhi":111.23,"timestamp_local":"2022-07-07T11:15:00","solar_rad":158.95697,"vis":10,"dni":867.89,"temp":16.9,"slp":1019.25,"clouds":100,"ts":1657185300},{"precip_rate":0,"rh":77,"wind_spd":5,"timestamp_utc":"2022-07-07T09:30:00","snow_rate":0,"app_temp":17.1,"pres":1009.7123,"azimuth":130.48,"dewpt":13,"uv":2.1,"elev_angle":51.85,"wind_dir":308,"weather":{"icon":"c04d","code":804,"description":"Overcast clouds"},"ghi":791.6,"dhi":112.47,"timestamp_local":"2022-07-07T11:30:00","solar_rad":161.67465,"vis":10,"dni":873.91,"temp":17.1,"slp":1019.5,"clouds":100,"ts":1657186200},{"precip_rate":0,"rh":76,"wind_spd":4.9,"timestamp_utc":"2022-07-07T09:45:00","snow_rate":0,"app_temp":17.2,"pres":1009.96606,"azimuth":135.35,"dewpt":13,"uv":2.3,"elev_angle":53.59,"wind_dir":308,"weather":{"icon":"c04d","code":804,"description":"Overcast clouds"},"ghi":813.9,"dhi":113.71,"timestamp_local":"2022-07-07T11:45:00","solar_rad":189.00926,"vis":10,"dni":879.93,"temp":17.2,"slp":1019.75,"clouds":99,"ts":1657187100},{"precip_rate":0,"rh":75,"wind_spd":4.8,"timestamp_utc":"2022-07-07T10:00:00","snow_rate":0,"app_temp":17.4,"pres":1010.21985,"azimuth":140.22,"dewpt":12.9,"uv":2.4,"elev_angle":55.34,"wind_dir":308,"weather":{"icon":"c04d","code":804,"description":"Overcast clouds"},"ghi":836.2,"dhi":114.95,"timestamp_local":"2022-07-07T12:00:00","solar_rad":192.4198,"vis":10,"dni":885.95,"temp":17.4,"slp":1020,"clouds":99,"ts":1657188000},{"precip_rate":0,"rh":74,"wind_spd":5.1,"timestamp_utc":"2022-07-07T10:15:00","snow_rate":0,"app_temp":17.5,"pres":1010.22296,"azimuth":146.4,"dewpt":12.8,"uv":2.8,"elev_angle":56.4,"wind_dir":310,"weather":{"icon":"c04d","code":804,"description":"Overcast clouds"},"ghi":848.1,"dhi":115.58,"timestamp_local":"2022-07-07T12:15:00","solar_rad":242.97382,"vis":10,"dni":888.88,"temp":17.5,"slp":1020,"clouds":92,"ts":1657188900},{"precip_rate":0,"rh":74,"wind_spd":5.4,"timestamp_utc":"2022-07-07T10:30:00","snow_rate":0,"app_temp":17.6,"pres":1010.2261,"azimuth":152.57,"dewpt":12.9,"uv":3.4,"elev_angle":57.47,"wind_dir":312,"weather":{"icon":"c04d","code":804,"description":"Overcast clouds"},"ghi":860,"dhi":116.2,"timestamp_local":"2022-07-07T12:30:00","solar_rad":401.28296,"vis":9,"dni":891.8,"temp":17.6,"slp":1020,"clouds":84,"ts":1657189800},{"precip_rate":0,"rh":74,"wind_spd":5.7,"timestamp_utc":"2022-07-07T10:45:00","snow_rate":0,"app_temp":17.7,"pres":1010.2291,"azimuth":158.75,"dewpt":13,"uv":3.8,"elev_angle":58.53,"wind_dir":314,"weather":{"icon":"c04d","code":804,"description":"Overcast clouds"},"ghi":872,"dhi":116.83,"timestamp_local":"2022-07-07T12:45:00","solar_rad":517.7911,"vis":8,"dni":894.73,"temp":17.7,"slp":1020,"clouds":77,"ts":1657190700},{"precip_rate":0,"rh":73,"wind_spd":6,"timestamp_utc":"2022-07-07T11:00:00","snow_rate":0,"app_temp":17.8,"pres":1010.23224,"azimuth":164.92,"dewpt":12.9,"uv":4.3,"elev_angle":59.59,"wind_dir":316,"weather":{"icon":"c03d","code":803,"description":"Broken clouds"},"ghi":883.9,"dhi":117.45,"timestamp_local":"2022-07-07T13:00:00","solar_rad":615.6433,"vis":9,"dni":897.65,"temp":17.8,"slp":1020,"clouds":70,"ts":1657191600},{"precip_rate":0,"rh":74,"wind_spd":6.1,"timestamp_utc":"2022-07-07T11:15:00","snow_rate":0,"app_temp":17.8,"pres":1010.47986,"azimuth":171.83,"dewpt":13.1,"uv":4.1,"elev_angle":59.64,"wind_dir":316,"weather":{"icon":"c04d","code":804,"description":"Overcast clouds"},"ghi":884.4,"dhi":117.48,"timestamp_local":"2022-07-07T13:15:00","solar_rad":552.9767,"vis":10,"dni":897.78,"temp":17.8,"slp":1020.25,"clouds":75,"ts":1657192500},{"precip_rate":0,"rh":74,"wind_spd":6.2,"timestamp_utc":"2022-07-07T11:30:00","snow_rate":0,"app_temp":17.8,"pres":1010.7274,"azimuth":178.74,"dewpt":13.1,"uv":3.8,"elev_angle":59.69,"wind_dir":317,"weather":{"icon":"c04d","code":804,"description":"Overcast clouds"},"ghi":884.9,"dhi":117.51,"timestamp_local":"2022-07-07T13:30:00","solar_rad":479.81042,"vis":10,"dni":897.9,"temp":17.8,"slp":1020.5,"clouds":80,"ts":1657193400},{"precip_rate":0,"rh":74,"wind_spd":6.3,"timestamp_utc":"2022-07-07T11:45:00","snow_rate":0,"app_temp":17.8,"pres":1010.97504,"azimuth":185.65,"dewpt":13.1,"uv":3.5,"elev_angle":59.74,"wind_dir":318,"weather":{"icon":"c04d","code":804,"description":"Overcast clouds"},"ghi":885.4,"dhi":117.53,"timestamp_local":"2022-07-07T13:45:00","solar_rad":412.74994,"vis":10,"dni":898.03,"temp":17.8,"slp":1020.75,"clouds":84,"ts":1657194300},{"precip_rate":0,"rh":75,"wind_spd":6.4,"timestamp_utc":"2022-07-07T12:00:00","snow_rate":0,"app_temp":17.8,"pres":1011.22266,"azimuth":192.56,"dewpt":13.3,"uv":3.3,"elev_angle":59.79,"wind_dir":318,"weather":{"icon":"c04d","code":804,"description":"Overcast clouds"},"ghi":886,"dhi":117.56,"timestamp_local":"2022-07-07T14:00:00","solar_rad":316.8385,"vis":10,"dni":898.15,"temp":17.8,"slp":1021,"clouds":89,"ts":1657195200},{"precip_rate":0,"rh":74,"wind_spd":6.4,"timestamp_utc":"2022-07-07T12:15:00","snow_rate":0,"app_temp":17.8,"pres":1011.22266,"azimuth":198.84,"dewpt":13.1,"uv":3.5,"elev_angle":58.81,"wind_dir":320,"weather":{"icon":"c04d","code":804,"description":"Overcast clouds"},"ghi":875.1,"dhi":116.99,"timestamp_local":"2022-07-07T14:15:00","solar_rad":407.94836,"vis":10,"dni":895.49,"temp":17.8,"slp":1021,"clouds":84,"ts":1657196100},{"precip_rate":0,"rh":74,"wind_spd":6.4,"timestamp_utc":"2022-07-07T12:30:00","snow_rate":0,"app_temp":17.8,"pres":1011.22266,"azimuth":205.13,"dewpt":13.1,"uv":3.6,"elev_angle":57.83,"wind_dir":321,"weather":{"icon":"c04d","code":804,"description":"Overcast clouds"},"ghi":864.2,"dhi":116.42,"timestamp_local":"2022-07-07T14:30:00","solar_rad":468.58646,"vis":10,"dni":892.83,"temp":17.8,"slp":1021,"clouds":80,"ts":1657197000},{"precip_rate":0,"rh":74,"wind_spd":6.4,"timestamp_utc":"2022-07-07T12:45:00","snow_rate":0,"app_temp":17.8,"pres":1011.22266,"azimuth":211.41,"dewpt":13.1,"uv":3.7,"elev_angle":56.84,"wind_dir":322,"weather":{"icon":"c04d","code":804,"description":"Overcast clouds"},"ghi":853.3,"dhi":115.85,"timestamp_local":"2022-07-07T14:45:00","solar_rad":520.22955,"vis":10,"dni":890.16,"temp":17.8,"slp":1021,"clouds":76,"ts":1657197900},{"precip_rate":0,"rh":73,"wind_spd":6.4,"timestamp_utc":"2022-07-07T13:00:00","snow_rate":0,"app_temp":17.8,"pres":1011.22266,"azimuth":217.69,"dewpt":12.9,"uv":3.9,"elev_angle":55.86,"wind_dir":324,"weather":{"icon":"c04d","code":804,"description":"Overcast clouds"},"ghi":842.4,"dhi":115.28,"timestamp_local":"2022-07-07T15:00:00","solar_rad":575.5977,"vis":10,"dni":887.5,"temp":17.8,"slp":1021,"clouds":71,"ts":1657198800},{"precip_rate":0,"rh":72,"wind_spd":6.5,"timestamp_utc":"2022-07-07T13:15:00","snow_rate":0,"app_temp":17.8,"pres":1011.4703,"azimuth":222.68,"dewpt":12.7,"uv":3.5,"elev_angle":54.16,"wind_dir":324,"weather":{"icon":"c04d","code":804,"description":"Overcast clouds"},"ghi":820.9,"dhi":114.1,"timestamp_local":"2022-07-07T15:15:00","solar_rad":501.2823,"vis":10,"dni":881.78,"temp":17.8,"slp":1021.25,"clouds":76,"ts":1657199700},{"precip_rate":0,"rh":72,"wind_spd":6.6,"timestamp_utc":"2022-07-07T13:30:00","snow_rate":0,"app_temp":17.8,"pres":1011.7179,"azimuth":227.66,"dewpt":12.7,"uv":3,"elev_angle":52.46,"wind_dir":324,"weather":{"icon":"c04d","code":804,"description":"Overcast clouds"},"ghi":799.5,"dhi":112.91,"timestamp_local":"2022-07-07T15:30:00","solar_rad":404.7797,"vis":10,"dni":876.06,"temp":17.8,"slp":1021.5,"clouds":82,"ts":1657200600},{"precip_rate":0,"rh":71,"wind_spd":6.7,"timestamp_utc":"2022-07-07T13:45:00","snow_rate":0,"app_temp":17.8,"pres":1011.96545,"azimuth":232.65,"dewpt":12.5,"uv":2.7,"elev_angle":50.76,"wind_dir":324,"weather":{"icon":"c04d","code":804,"description":"Overcast clouds"},"ghi":778.1,"dhi":111.73,"timestamp_local":"2022-07-07T15:45:00","solar_rad":314.8218,"vis":10,"dni":870.33,"temp":17.8,"slp":1021.75,"clouds":87,"ts":1657201500},{"precip_rate":0,"rh":70,"wind_spd":6.8,"timestamp_utc":"2022-07-07T14:00:00","snow_rate":0,"app_temp":17.8,"pres":1012.2131,"azimuth":237.63,"dewpt":12.3,"uv":2.3,"elev_angle":49.06,"wind_dir":324,"weather":{"icon":"c04d","code":804,"description":"Overcast clouds"},"ghi":756.6,"dhi":110.54,"timestamp_local":"2022-07-07T16:00:00","solar_rad":217.75357,"vis":10,"dni":864.61,"temp":17.8,"slp":1022,"clouds":92,"ts":1657202400},{"precip_rate":0,"rh":70,"wind_spd":6.7,"timestamp_utc":"2022-07-07T14:15:00","snow_rate":0,"app_temp":17.6,"pres":1012.45447,"azimuth":241.55,"dewpt":12.1,"uv":2.1,"elev_angle":46.97,"wind_dir":324,"weather":{"icon":"c04d","code":804,"description":"Overcast clouds"},"ghi":726.5,"dhi":108.7,"timestamp_local":"2022-07-07T16:15:00","solar_rad":172.03217,"vis":10,"dni":855.2,"temp":17.6,"slp":1022.25,"clouds":94,"ts":1657203300},{"precip_rate":0,"rh":69,"wind_spd":6.6,"timestamp_utc":"2022-07-07T14:30:00","snow_rate":0,"app_temp":17.4,"pres":1012.69586,"azimuth":245.47,"dewpt":11.7,"uv":1.9,"elev_angle":44.89,"wind_dir":324,"weather":{"icon":"c04d","code":804,"description":"Overcast clouds"},"ghi":696.3,"dhi":106.87,"timestamp_local":"2022-07-07T16:30:00","solar_rad":146.89566,"vis":10,"dni":845.79,"temp":17.4,"slp":1022.5,"clouds":95,"ts":1657204200},{"precip_rate":0,"rh":68,"wind_spd":6.5,"timestamp_utc":"2022-07-07T14:45:00","snow_rate":0,"app_temp":17.2,"pres":1012.93726,"azimuth":249.39,"dewpt":11.2,"uv":1.7,"elev_angle":42.8,"wind_dir":324,"weather":{"icon":"c04d","code":804,"description":"Overcast clouds"},"ghi":666.2,"dhi":105.03,"timestamp_local":"2022-07-07T16:45:00","solar_rad":122.87172,"vis":10,"dni":836.37,"temp":17.2,"slp":1022.75,"clouds":96,"ts":1657205100},{"precip_rate":0,"rh":68,"wind_spd":6.4,"timestamp_utc":"2022-07-07T15:00:00","snow_rate":0,"app_temp":17,"pres":1013.17865,"azimuth":253.31,"dewpt":11.1,"uv":1.6,"elev_angle":40.71,"wind_dir":324,"weather":{"icon":"c04d","code":804,"description":"Overcast clouds"},"ghi":636.1,"dhi":103.19,"timestamp_local":"2022-07-07T17:00:00","solar_rad":183.47438,"vis":10,"dni":826.96,"temp":17,"slp":1023,"clouds":98,"ts":1657206000},{"precip_rate":0,"rh":67,"wind_spd":6.4,"timestamp_utc":"2022-07-07T15:15:00","snow_rate":0,"app_temp":16.8,"pres":1013.42,"azimuth":256.58,"dewpt":10.7,"uv":1.4,"elev_angle":38.45,"wind_dir":324,"weather":{"icon":"c04d","code":804,"description":"Overcast clouds"},"ghi":599.8,"dhi":100.63,"timestamp_local":"2022-07-07T17:15:00","solar_rad":176.8024,"vis":10,"dni":812.62,"temp":16.8,"slp":1023.25,"clouds":98,"ts":1657206900},{"precip_rate":0,"rh":66,"wind_spd":6.4,"timestamp_utc":"2022-07-07T15:30:00","snow_rate":0,"app_temp":16.6,"pres":1013.6614,"azimuth":259.85,"dewpt":10.3,"uv":1.3,"elev_angle":36.2,"wind_dir":323,"weather":{"icon":"c04d","code":804,"description":"Overcast clouds"},"ghi":563.5,"dhi":98.06,"timestamp_local":"2022-07-07T17:30:00","solar_rad":153.42441,"vis":10,"dni":798.29,"temp":16.6,"slp":1023.5,"clouds":99,"ts":1657207800},{"precip_rate":0,"rh":66,"wind_spd":6.4,"timestamp_utc":"2022-07-07T15:45:00","snow_rate":0,"app_temp":16.5,"pres":1013.9027,"azimuth":263.11,"dewpt":10.1,"uv":1.2,"elev_angle":33.94,"wind_dir":322,"weather":{"icon":"c04d","code":804,"description":"Overcast clouds"},"ghi":527.2,"dhi":95.5,"timestamp_local":"2022-07-07T17:45:00","solar_rad":148.22,"vis":10,"dni":783.95,"temp":16.5,"slp":1023.75,"clouds":100,"ts":1657208700},{"precip_rate":0,"rh":65,"wind_spd":6.4,"timestamp_utc":"2022-07-07T16:00:00","snow_rate":0,"app_temp":16.3,"pres":1014.14404,"azimuth":266.38,"dewpt":9.7,"uv":1.1,"elev_angle":31.68,"wind_dir":322,"weather":{"icon":"c04d","code":804,"description":"Overcast clouds"},"ghi":490.9,"dhi":92.93,"timestamp_local":"2022-07-07T18:00:00","solar_rad":142.02,"vis":10,"dni":769.61,"temp":16.3,"slp":1024,"clouds":100,"ts":1657209600},{"precip_rate":0,"rh":64,"wind_spd":6.3,"timestamp_utc":"2022-07-07T16:15:00","snow_rate":0,"app_temp":16.3,"pres":1014.14404,"azimuth":269.31,"dewpt":9.5,"uv":1,"elev_angle":29.39,"wind_dir":321,"weather":{"icon":"c04d","code":804,"description":"Overcast clouds"},"ghi":451.8,"dhi":89.5,"timestamp_local":"2022-07-07T18:15:00","solar_rad":134.68,"vis":10,"dni":747.93,"temp":16.3,"slp":1024,"clouds":100,"ts":1657210500},{"precip_rate":0,"rh":64,"wind_spd":6.2,"timestamp_utc":"2022-07-07T16:30:00","snow_rate":0,"app_temp":16.3,"pres":1014.14404,"azimuth":272.23,"dewpt":9.5,"uv":0.9,"elev_angle":27.1,"wind_dir":320,"weather":{"icon":"c04d","code":804,"description":"Overcast clouds"},"ghi":412.6,"dhi":86.07,"timestamp_local":"2022-07-07T18:30:00","solar_rad":127.33,"vis":10,"dni":726.26,"temp":16.3,"slp":1024,"clouds":100,"ts":1657211400},{"precip_rate":0,"rh":63,"wind_spd":6.1,"timestamp_utc":"2022-07-07T16:45:00","snow_rate":0,"app_temp":16.3,"pres":1014.14404,"azimuth":275.16,"dewpt":9.3,"uv":0.8,"elev_angle":24.81,"wind_dir":319,"weather":{"icon":"c04d","code":804,"description":"Overcast clouds"},"ghi":373.5,"dhi":82.63,"timestamp_local":"2022-07-07T18:45:00","solar_rad":119.979996,"vis":10,"dni":704.58,"temp":16.3,"slp":1024,"clouds":100,"ts":1657212300},{"precip_rate":0,"rh":62,"wind_spd":6,"timestamp_utc":"2022-07-07T17:00:00","snow_rate":0,"app_temp":16.3,"pres":1014.14404,"azimuth":278.08,"dewpt":9,"uv":0.8,"elev_angle":22.52,"wind_dir":318,"weather":{"icon":"c04d","code":804,"description":"Overcast clouds"},"ghi":334.3,"dhi":79.2,"timestamp_local":"2022-07-07T19:00:00","solar_rad":112.63,"vis":10,"dni":682.9,"temp":16.3,"slp":1024,"clouds":100,"ts":1657213200},{"precip_rate":0,"rh":62,"wind_spd":6,"timestamp_utc":"2022-07-07T17:15:00","snow_rate":0,"app_temp":16.2,"pres":1014.3885,"azimuth":280.87,"dewpt":8.9,"uv":0.7,"elev_angle":20.29,"wind_dir":318,"weather":{"icon":"c04d","code":804,"description":"Overcast clouds"},"ghi":296.2,"dhi":74.61,"timestamp_local":"2022-07-07T19:15:00","solar_rad":113.18546,"vis":10,"dni":648.55,"temp":16.2,"slp":1024.25,"clouds":99,"ts":1657214100},{"precip_rate":0,"rh":62,"wind_spd":6,"timestamp_utc":"2022-07-07T17:30:00","snow_rate":0,"app_temp":16.1,"pres":1014.63293,"azimuth":283.67,"dewpt":8.8,"uv":0.7,"elev_angle":18.07,"wind_dir":319,"weather":{"icon":"c04d","code":804,"description":"Overcast clouds"},"ghi":258,"dhi":70.03,"timestamp_local":"2022-07-07T19:30:00","solar_rad":111.24418,"vis":10,"dni":614.2,"temp":16.1,"slp":1024.5,"clouds":98,"ts":1657215000},{"precip_rate":0,"rh":63,"wind_spd":6,"timestamp_utc":"2022-07-07T17:45:00","snow_rate":0,"app_temp":16,"pres":1014.8774,"azimuth":286.46,"dewpt":9,"uv":0.7,"elev_angle":15.84,"wind_dir":320,"weather":{"icon":"c04d","code":804,"description":"Overcast clouds"},"ghi":219.9,"dhi":65.44,"timestamp_local":"2022-07-07T19:45:00","solar_rad":113.07783,"vis":10,"dni":579.84,"temp":16,"slp":1024.75,"clouds":96,"ts":1657215900},{"precip_rate":0,"rh":63,"wind_spd":6,"timestamp_utc":"2022-07-07T18:00:00","snow_rate":0,"app_temp":15.9,"pres":1015.1218,"azimuth":289.25,"dewpt":8.9,"uv":0.7,"elev_angle":13.61,"wind_dir":320,"weather":{"icon":"c04d","code":804,"description":"Overcast clouds"},"ghi":181.7,"dhi":60.85,"timestamp_local":"2022-07-07T20:00:00","solar_rad":105.19082,"vis":10,"dni":545.49,"temp":15.9,"slp":1025,"clouds":95,"ts":1657216800},{"precip_rate":0,"rh":64,"wind_spd":5.8,"timestamp_utc":"2022-07-07T18:15:00","snow_rate":0,"app_temp":15.8,"pres":1015.11865,"azimuth":292.06,"dewpt":9,"uv":0.7,"elev_angle":11.53,"wind_dir":320,"weather":{"icon":"c04d","code":804,"description":"Overcast clouds"},"ghi":149.6,"dhi":54.3,"timestamp_local":"2022-07-07T20:15:00","solar_rad":59.005856,"vis":10,"dni":483.59,"temp":15.8,"slp":1025,"clouds":89,"ts":1657217700},{"precip_rate":0,"rh":64,"wind_spd":5.6,"timestamp_utc":"2022-07-07T18:30:00","snow_rate":0,"app_temp":15.8,"pres":1015.11554,"azimuth":294.87,"dewpt":9,"uv":0.8,"elev_angle":9.45,"wind_dir":319,"weather":{"icon":"c04d","code":804,"description":"Overcast clouds"},"ghi":117.4,"dhi":47.75,"timestamp_local":"2022-07-07T20:30:00","solar_rad":61.324116,"vis":10,"dni":421.69,"temp":15.8,"slp":1025,"clouds":83,"ts":1657218600},{"precip_rate":0,"rh":65,"wind_spd":5.4,"timestamp_utc":"2022-07-07T18:45:00","snow_rate":0,"app_temp":15.7,"pres":1015.1124,"azimuth":297.68,"dewpt":9.1,"uv":0.8,"elev_angle":7.36,"wind_dir":318,"weather":{"icon":"c04d","code":804,"description":"Overcast clouds"},"ghi":85.3,"dhi":41.2,"timestamp_local":"2022-07-07T20:45:00","solar_rad":53.73106,"vis":10,"dni":359.78,"temp":15.7,"slp":1025,"clouds":77,"ts":1657219500},{"precip_rate":0,"rh":66,"wind_spd":5.2,"timestamp_utc":"2022-07-07T19:00:00","snow_rate":0,"app_temp":15.6,"pres":1015.10925,"azimuth":300.49,"dewpt":9.3,"uv":0.9,"elev_angle":5.28,"wind_dir":318,"weather":{"icon":"c04d","code":804,"description":"Overcast clouds"},"ghi":53.1,"dhi":34.65,"timestamp_local":"2022-07-07T21:00:00","solar_rad":38.18527,"vis":10,"dni":297.88,"temp":15.6,"slp":1025,"clouds":71,"ts":1657220400},{"precip_rate":0,"rh":66,"wind_spd":5.1,"timestamp_utc":"2022-07-07T19:15:00","snow_rate":0,"app_temp":15.5,"pres":1015.3537,"azimuth":303.42,"dewpt":9.2,"uv":1,"elev_angle":3.43,"wind_dir":318,"weather":{"icon":"c03n","code":803,"description":"Broken clouds"},"ghi":39.8,"dhi":25.99,"timestamp_local":"2022-07-07T21:15:00","solar_rad":31.078825,"vis":10,"dni":223.41,"temp":15.5,"slp":1025.25,"clouds":66,"ts":1657221300},{"precip_rate":0,"rh":67,"wind_spd":5,"timestamp_utc":"2022-07-07T19:30:00","snow_rate":0,"app_temp":15.4,"pres":1015.59814,"azimuth":306.36,"dewpt":9.3,"uv":1,"elev_angle":1.59,"wind_dir":317,"weather":{"icon":"c03n","code":803,"description":"Broken clouds"},"ghi":26.6,"dhi":17.33,"timestamp_local":"2022-07-07T21:30:00","solar_rad":22.384604,"vis":10,"dni":148.94,"temp":15.4,"slp":1025.5,"clouds":60,"ts":1657222200},{"precip_rate":0,"rh":68,"wind_spd":4.9,"timestamp_utc":"2022-07-07T19:45:00","snow_rate":0,"app_temp":15.3,"pres":1015.8425,"azimuth":309.29,"dewpt":9.4,"uv":0,"elev_angle":-0.26,"wind_dir":316,"weather":{"icon":"c03n","code":803,"description":"Broken clouds"},"ghi":13.3,"dhi":8.66,"timestamp_local":"2022-07-07T21:45:00","solar_rad":11.826898,"vis":10,"dni":74.47,"temp":15.3,"slp":1025.75,"clouds":54,"ts":1657223100},{"precip_rate":0,"rh":68,"wind_spd":4.8,"timestamp_utc":"2022-07-07T20:00:00","snow_rate":0,"app_temp":15.2,"pres":1016.087,"azimuth":312.22,"dewpt":9.3,"uv":0,"elev_angle":-2.11,"wind_dir":316,"weather":{"icon":"c03n","code":803,"description":"Broken clouds"},"ghi":0,"dhi":0,"timestamp_local":"2022-07-07T22:00:00","solar_rad":0,"vis":10,"dni":0,"temp":15.2,"slp":1026,"clouds":49,"ts":1657224000},{"precip_rate":0,"rh":68,"wind_spd":4.7,"timestamp_utc":"2022-07-07T20:15:00","snow_rate":0,"app_temp":15.1,"pres":1016.33136,"azimuth":315.35,"dewpt":9.2,"uv":0,"elev_angle":-3.63,"wind_dir":315,"weather":{"icon":"c03n","code":803,"description":"Broken clouds"},"ghi":0,"dhi":0,"timestamp_local":"2022-07-07T22:15:00","solar_rad":0,"vis":10,"dni":0,"temp":15.1,"slp":1026.25,"clouds":47,"ts":1657224900},{"precip_rate":0,"rh":68,"wind_spd":4.6,"timestamp_utc":"2022-07-07T20:30:00","snow_rate":0,"app_temp":15,"pres":1016.5758,"azimuth":318.47,"dewpt":9.1,"uv":0,"elev_angle":-5.16,"wind_dir":314,"weather":{"icon":"c03n","code":803,"description":"Broken clouds"},"ghi":0,"dhi":0,"timestamp_local":"2022-07-07T22:30:00","solar_rad":0,"vis":10,"dni":0,"temp":15,"slp":1026.5,"clouds":46,"ts":1657225800},{"precip_rate":0,"rh":69,"wind_spd":4.5,"timestamp_utc":"2022-07-07T20:45:00","snow_rate":0,"app_temp":14.9,"pres":1016.8202,"azimuth":321.6,"dewpt":9.3,"uv":0,"elev_angle":-6.68,"wind_dir":313,"weather":{"icon":"c03n","code":803,"description":"Broken clouds"},"ghi":0,"dhi":0,"timestamp_local":"2022-07-07T22:45:00","solar_rad":0,"vis":10,"dni":0,"temp":14.9,"slp":1026.75,"clouds":44,"ts":1657226700},{"precip_rate":0,"rh":69,"wind_spd":4.4,"timestamp_utc":"2022-07-07T21:00:00","snow_rate":0,"app_temp":14.8,"pres":1017.0646,"azimuth":324.72,"dewpt":9.2,"uv":0,"elev_angle":-8.2,"wind_dir":312,"weather":{"icon":"c03n","code":803,"description":"Broken clouds"},"ghi":0,"dhi":0,"timestamp_local":"2022-07-07T23:00:00","solar_rad":0,"vis":10,"dni":0,"temp":14.8,"slp":1027,"clouds":42,"ts":1657227600},{"precip_rate":0,"rh":70,"wind_spd":4.4,"timestamp_utc":"2022-07-07T21:15:00","snow_rate":0,"app_temp":14.7,"pres":1017.30896,"azimuth":328.06,"dewpt":9.3,"uv":0,"elev_angle":-9.3,"wind_dir":312,"weather":{"icon":"c03n","code":803,"description":"Broken clouds"},"ghi":0,"dhi":0,"timestamp_local":"2022-07-07T23:15:00","solar_rad":0,"vis":10,"dni":0,"temp":14.7,"slp":1027.25,"clouds":48,"ts":1657228500},{"precip_rate":0,"rh":71,"wind_spd":4.4,"timestamp_utc":"2022-07-07T21:30:00","snow_rate":0,"app_temp":14.6,"pres":1017.55334,"azimuth":331.4,"dewpt":9.4,"uv":0,"elev_angle":-10.4,"wind_dir":312,"weather":{"icon":"c03n","code":803,"description":"Broken clouds"},"ghi":0,"dhi":0,"timestamp_local":"2022-07-07T23:30:00","solar_rad":0,"vis":10,"dni":0,"temp":14.6,"slp":1027.5,"clouds":54,"ts":1657229400},{"precip_rate":0,"rh":72,"wind_spd":4.4,"timestamp_utc":"2022-07-07T21:45:00","snow_rate":0,"app_temp":14.5,"pres":1017.7978,"azimuth":334.74,"dewpt":9.5,"uv":0,"elev_angle":-11.49,"wind_dir":312,"weather":{"icon":"c03n","code":803,"description":"Broken clouds"},"ghi":0,"dhi":0,"timestamp_local":"2022-07-07T23:45:00","solar_rad":0,"vis":10,"dni":0,"temp":14.5,"slp":1027.75,"clouds":59,"ts":1657230300},{"precip_rate":0,"rh":73,"wind_spd":4.4,"timestamp_utc":"2022-07-07T22:00:00","snow_rate":0,"app_temp":14.4,"pres":1018.0422,"azimuth":338.08,"dewpt":9.6,"uv":0,"elev_angle":-12.59,"wind_dir":312,"weather":{"icon":"c03n","code":803,"description":"Broken clouds"},"ghi":0,"dhi":0,"timestamp_local":"2022-07-08T00:00:00","solar_rad":0,"vis":10,"dni":0,"temp":14.4,"slp":1028,"clouds":65,"ts":1657231200},{"precip_rate":0,"rh":74,"wind_spd":4.3,"timestamp_utc":"2022-07-07T22:15:00","snow_rate":0,"app_temp":14.3,"pres":1018.039,"azimuth":341.6,"dewpt":9.8,"uv":0,"elev_angle":-13.18,"wind_dir":312,"weather":{"icon":"c04n","code":804,"description":"Overcast clouds"},"ghi":0,"dhi":0,"timestamp_local":"2022-07-08T00:15:00","solar_rad":0,"vis":10,"dni":0,"temp":14.3,"slp":1028,"clouds":72,"ts":1657232100},{"precip_rate":0,"rh":74,"wind_spd":4.2,"timestamp_utc":"2022-07-07T22:30:00","snow_rate":0,"app_temp":14.3,"pres":1018.03577,"azimuth":345.11,"dewpt":9.7,"uv":0,"elev_angle":-13.78,"wind_dir":313,"weather":{"icon":"c04n","code":804,"description":"Overcast clouds"},"ghi":0,"dhi":0,"timestamp_local":"2022-07-08T00:30:00","solar_rad":0,"vis":10,"dni":0,"temp":14.3,"slp":1028,"clouds":78,"ts":1657233000},{"precip_rate":0,"rh":74,"wind_spd":4.1,"timestamp_utc":"2022-07-07T22:45:00","snow_rate":0,"app_temp":14.2,"pres":1018.0326,"azimuth":348.63,"dewpt":9.6,"uv":0,"elev_angle":-14.37,"wind_dir":314,"weather":{"icon":"c04n","code":804,"description":"Overcast clouds"},"ghi":0,"dhi":0,"timestamp_local":"2022-07-08T00:45:00","solar_rad":0,"vis":10,"dni":0,"temp":14.2,"slp":1028,"clouds":85,"ts":1657233900},{"precip_rate":0,"rh":75,"wind_spd":4,"timestamp_utc":"2022-07-07T23:00:00","snow_rate":0,"app_temp":14.1,"pres":1018.0294,"azimuth":352.14,"dewpt":9.7,"uv":0,"elev_angle":-14.96,"wind_dir":314,"weather":{"icon":"c04n","code":804,"description":"Overcast clouds"},"ghi":0,"dhi":0,"timestamp_local":"2022-07-08T01:00:00","solar_rad":0,"vis":10,"dni":0,"temp":14.1,"slp":1028,"clouds":92,"ts":1657234800},{"precip_rate":0,"rh":75,"wind_spd":4,"timestamp_utc":"2022-07-07T23:15:00","snow_rate":0,"app_temp":14.1,"pres":1018.277,"azimuth":265.73,"dewpt":9.7,"uv":0,"elev_angle":-14.99,"wind_dir":314,"weather":{"icon":"c04n","code":804,"description":"Overcast clouds"},"ghi":0,"dhi":0,"timestamp_local":"2022-07-08T01:15:00","solar_rad":0,"vis":10,"dni":0,"temp":14.1,"slp":1028.25,"clouds":88,"ts":1657235700},{"precip_rate":0,"rh":75,"wind_spd":4,"timestamp_utc":"2022-07-07T23:30:00","snow_rate":0,"app_temp":14.1,"pres":1018.52454,"azimuth":179.32,"dewpt":9.7,"uv":0,"elev_angle":-15.02,"wind_dir":313,"weather":{"icon":"c04n","code":804,"description":"Overcast clouds"},"ghi":0,"dhi":0,"timestamp_local":"2022-07-08T01:30:00","solar_rad":0,"vis":10,"dni":0,"temp":14.1,"slp":1028.5,"clouds":85,"ts":1657236600},{"precip_rate":0,"rh":75,"wind_spd":4,"timestamp_utc":"2022-07-07T23:45:00","snow_rate":0,"app_temp":14.1,"pres":1018.77216,"azimuth":92.9,"dewpt":9.7,"uv":0,"elev_angle":-15.04,"wind_dir":312,"weather":{"icon":"c04n","code":804,"description":"Overcast clouds"},"ghi":0,"dhi":0,"timestamp_local":"2022-07-08T01:45:00","solar_rad":0,"vis":10,"dni":0,"temp":14.1,"slp":1028.75,"clouds":82,"ts":1657237500}],"sources":["103150-99999","imerg","merra2","era5","modis"],"city_id":"2856883"}
