{"timezone":"Europe\/Berlin","state_code":"06","country_code":"DE","lat":52.2833,"lon":8,"city_name":"Osnabr�ck","station_id":"103150-99999","data":[{"precip_rate":0,"rh":49,"wind_spd":4,"timestamp_utc":"2022-06-24T00:00:00","snow_rate":0,"app_temp":21.8,"pres":997.50104,"azimuth":7.05,"dewpt":11,"uv":0,"elev_angle":-14.07,"wind_dir":122,"weather":{"icon":"c02n","code":802,"description":"Scattered clouds"},"ghi":0,"dhi":0,"timestamp_local":"2022-06-24T02:00:00","solar_rad":0,"vis":10,"dni":0,"temp":22.2,"slp":1007,"clouds":26,"ts":1656028800},{"precip_rate":0,"rh":49,"wind_spd":4,"timestamp_utc":"2022-06-24T00:15:00","snow_rate":0,"app_temp":21.6,"pres":997.4951,"azimuth":10.53,"dewpt":10.8,"uv":0,"elev_angle":-13.52,"wind_dir":122,"weather":{"icon":"c02n","code":802,"description":"Scattered clouds"},"ghi":0,"dhi":0,"timestamp_local":"2022-06-24T02:15:00","solar_rad":0,"vis":10,"dni":0,"temp":22,"slp":1007,"clouds":26,"ts":1656029700},{"precip_rate":0,"rh":49,"wind_spd":4,"timestamp_utc":"2022-06-24T00:30:00","snow_rate":0,"app_temp":21.4,"pres":997.48914,"azimuth":14.02,"dewpt":10.7,"uv":0,"elev_angle":-12.96,"wind_dir":122,"weather":{"icon":"c02n","code":802,"description":"Scattered clouds"},"ghi":0,"dhi":0,"timestamp_local":"2022-06-24T02:30:00","solar_rad":0,"vis":10,"dni":0,"temp":21.9,"slp":1007,"clouds":25,"ts":1656030600},{"precip_rate":0,"rh":49,"wind_spd":4,"timestamp_utc":"2022-06-24T00:45:00","snow_rate":0,"app_temp":21.2,"pres":997.4832,"azimuth":17.5,"dewpt":10.5,"uv":0,"elev_angle":-12.41,"wind_dir":122,"weather":{"icon":"c02n","code":802,"description":"Scattered clouds"},"ghi":0,"dhi":0,"timestamp_local":"2022-06-24T02:45:00","solar_rad":0,"vis":10,"dni":0,"temp":21.7,"slp":1007,"clouds":24,"ts":1656031500},{"precip_rate":0,"rh":49,"wind_spd":4,"timestamp_utc":"2022-06-24T01:00:00","snow_rate":0,"app_temp":21,"pres":997.4773,"azimuth":20.98,"dewpt":10.3,"uv":0,"elev_angle":-11.85,"wind_dir":122,"weather":{"icon":"c02n","code":802,"description":"Scattered clouds"},"ghi":0,"dhi":0,"timestamp_local":"2022-06-24T03:00:00","solar_rad":0,"vis":10,"dni":0,"temp":21.5,"slp":1007,"clouds":24,"ts":1656032400},{"precip_rate":0,"rh":49,"wind_spd":3.9,"timestamp_utc":"2022-06-24T01:15:00","snow_rate":0,"app_temp":21,"pres":997.4773,"azimuth":24.3,"dewpt":10.3,"uv":0,"elev_angle":-10.79,"wind_dir":126,"weather":{"icon":"c02n","code":802,"description":"Scattered clouds"},"ghi":0,"dhi":0,"timestamp_local":"2022-06-24T03:15:00","solar_rad":0,"vis":10,"dni":0,"temp":21.5,"slp":1007,"clouds":27,"ts":1656033300},{"precip_rate":0,"rh":48,"wind_spd":3.8,"timestamp_utc":"2022-06-24T01:30:00","snow_rate":0,"app_temp":21,"pres":997.4773,"azimuth":27.62,"dewpt":10,"uv":0,"elev_angle":-9.72,"wind_dir":130,"weather":{"icon":"c02n","code":802,"description":"Scattered clouds"},"ghi":0,"dhi":0,"timestamp_local":"2022-06-24T03:30:00","solar_rad":0,"vis":10,"dni":0,"temp":21.5,"slp":1007,"clouds":30,"ts":1656034200},{"precip_rate":0,"rh":48,"wind_spd":3.7,"timestamp_utc":"2022-06-24T01:45:00","snow_rate":0,"app_temp":21,"pres":997.4773,"azimuth":30.94,"dewpt":10,"uv":0,"elev_angle":-8.66,"wind_dir":134,"weather":{"icon":"c02n","code":802,"description":"Scattered clouds"},"ghi":0,"dhi":0,"timestamp_local":"2022-06-24T03:45:00","solar_rad":0,"vis":10,"dni":0,"temp":21.5,"slp":1007,"clouds":34,"ts":1656035100},{"precip_rate":0,"rh":48,"wind_spd":3.6,"timestamp_utc":"2022-06-24T02:00:00","snow_rate":0,"app_temp":21,"pres":997.4773,"azimuth":34.26,"dewpt":10,"uv":0,"elev_angle":-7.59,"wind_dir":138,"weather":{"icon":"c02n","code":802,"description":"Scattered clouds"},"ghi":0,"dhi":0,"timestamp_local":"2022-06-24T04:00:00","solar_rad":0,"vis":10,"dni":0,"temp":21.5,"slp":1007,"clouds":37,"ts":1656036000},{"precip_rate":0,"rh":48,"wind_spd":3.6,"timestamp_utc":"2022-06-24T02:15:00","snow_rate":0,"app_temp":20.7,"pres":997.2237,"azimuth":37.37,"dewpt":9.9,"uv":0,"elev_angle":-6.1,"wind_dir":142,"weather":{"icon":"c03n","code":803,"description":"Broken clouds"},"ghi":0,"dhi":0,"timestamp_local":"2022-06-24T04:15:00","solar_rad":0,"vis":10,"dni":0,"temp":21.3,"slp":1006.75,"clouds":42,"ts":1656036900},{"precip_rate":0,"rh":49,"wind_spd":3.6,"timestamp_utc":"2022-06-24T02:30:00","snow_rate":0,"app_temp":20.5,"pres":996.9701,"azimuth":40.49,"dewpt":10,"uv":0,"elev_angle":-4.61,"wind_dir":146,"weather":{"icon":"c03n","code":803,"description":"Broken clouds"},"ghi":0,"dhi":0,"timestamp_local":"2022-06-24T04:30:00","solar_rad":0,"vis":10,"dni":0,"temp":21.1,"slp":1006.5,"clouds":46,"ts":1656037800},{"precip_rate":0,"rh":50,"wind_spd":3.6,"timestamp_utc":"2022-06-24T02:45:00","snow_rate":0,"app_temp":20.4,"pres":996.7165,"azimuth":43.6,"dewpt":10.1,"uv":0,"elev_angle":-3.12,"wind_dir":150,"weather":{"icon":"c03n","code":803,"description":"Broken clouds"},"ghi":0,"dhi":0,"timestamp_local":"2022-06-24T04:45:00","solar_rad":0,"vis":10,"dni":0,"temp":20.9,"slp":1006.25,"clouds":50,"ts":1656038700},{"precip_rate":0,"rh":50,"wind_spd":3.6,"timestamp_utc":"2022-06-24T03:00:00","snow_rate":0,"app_temp":20.1,"pres":996.4629,"azimuth":46.71,"dewpt":9.9,"uv":0,"elev_angle":-1.63,"wind_dir":154,"weather":{"icon":"c03n","code":803,"description":"Broken clouds"},"ghi":0,"dhi":0,"timestamp_local":"2022-06-24T05:00:00","solar_rad":0,"vis":10,"dni":0,"temp":20.7,"slp":1006,"clouds":55,"ts":1656039600},{"precip_rate":0,"rh":50,"wind_spd":3.5,"timestamp_utc":"2022-06-24T03:15:00","snow_rate":0,"app_temp":20.2,"pres":996.4659,"azimuth":49.63,"dewpt":10,"uv":1.1,"elev_angle":0.19,"wind_dir":157,"weather":{"icon":"c03n","code":803,"description":"Broken clouds"},"ghi":14.5,"dhi":9.04,"timestamp_local":"2022-06-24T05:15:00","solar_rad":12.7906,"vis":10,"dni":78.4,"temp":20.8,"slp":1006,"clouds":55,"ts":1656040500},{"precip_rate":0,"rh":49,"wind_spd":3.4,"timestamp_utc":"2022-06-24T03:30:00","snow_rate":0,"app_temp":20.3,"pres":996.4689,"azimuth":52.55,"dewpt":9.8,"uv":1.1,"elev_angle":2.01,"wind_dir":160,"weather":{"icon":"c03n","code":803,"description":"Broken clouds"},"ghi":29,"dhi":18.07,"timestamp_local":"2022-06-24T05:30:00","solar_rad":25.365206,"vis":10,"dni":156.81,"temp":20.9,"slp":1006,"clouds":56,"ts":1656041400},{"precip_rate":0,"rh":48,"wind_spd":3.3,"timestamp_utc":"2022-06-24T03:45:00","snow_rate":0,"app_temp":20.4,"pres":996.4718,"azimuth":55.47,"dewpt":9.6,"uv":1.1,"elev_angle":3.83,"wind_dir":163,"weather":{"icon":"c03n","code":803,"description":"Broken clouds"},"ghi":43.5,"dhi":27.11,"timestamp_local":"2022-06-24T05:45:00","solar_rad":38.04781,"vis":10,"dni":235.21,"temp":21,"slp":1006,"clouds":56,"ts":1656042300},{"precip_rate":0,"rh":48,"wind_spd":3.2,"timestamp_utc":"2022-06-24T04:00:00","snow_rate":0,"app_temp":20.5,"pres":996.4748,"azimuth":58.39,"dewpt":9.7,"uv":1.1,"elev_angle":5.65,"wind_dir":166,"weather":{"icon":"c03d","code":803,"description":"Broken clouds"},"ghi":58.1,"dhi":36.14,"timestamp_local":"2022-06-24T06:00:00","solar_rad":50.81788,"vis":10,"dni":313.61,"temp":21.1,"slp":1006,"clouds":56,"ts":1656043200},{"precip_rate":0,"rh":48,"wind_spd":3.3,"timestamp_utc":"2022-06-24T04:15:00","snow_rate":0,"app_temp":20.7,"pres":996.4807,"azimuth":61.19,"dewpt":9.9,"uv":1.1,"elev_angle":7.71,"wind_dir":171,"weather":{"icon":"c03d","code":803,"description":"Broken clouds"},"ghi":90.2,"dhi":42.5,"timestamp_local":"2022-06-24T06:15:00","solar_rad":80.20949,"vis":10,"dni":373.04,"temp":21.3,"slp":1006,"clouds":54,"ts":1656044100},{"precip_rate":0,"rh":49,"wind_spd":3.4,"timestamp_utc":"2022-06-24T04:30:00","snow_rate":0,"app_temp":21,"pres":996.4867,"azimuth":63.99,"dewpt":10.3,"uv":1.2,"elev_angle":9.77,"wind_dir":176,"weather":{"icon":"c03d","code":803,"description":"Broken clouds"},"ghi":122.3,"dhi":48.85,"timestamp_local":"2022-06-24T06:30:00","solar_rad":106.71627,"vis":10,"dni":432.47,"temp":21.5,"slp":1006,"clouds":52,"ts":1656045000},{"precip_rate":0,"rh":50,"wind_spd":3.5,"timestamp_utc":"2022-06-24T04:45:00","snow_rate":0,"app_temp":21.2,"pres":996.4927,"azimuth":66.78,"dewpt":10.8,"uv":1.2,"elev_angle":11.83,"wind_dir":181,"weather":{"icon":"c03d","code":803,"description":"Broken clouds"},"ghi":154.4,"dhi":55.21,"timestamp_local":"2022-06-24T06:45:00","solar_rad":136.45308,"vis":10,"dni":491.89,"temp":21.7,"slp":1006,"clouds":50,"ts":1656045900},{"precip_rate":0,"rh":50,"wind_spd":3.6,"timestamp_utc":"2022-06-24T05:00:00","snow_rate":0,"app_temp":21.5,"pres":996.4986,"azimuth":69.58,"dewpt":11,"uv":1.3,"elev_angle":13.89,"wind_dir":186,"weather":{"icon":"c03d","code":803,"description":"Broken clouds"},"ghi":186.5,"dhi":61.56,"timestamp_local":"2022-06-24T07:00:00","solar_rad":166.81383,"vis":10,"dni":551.32,"temp":21.9,"slp":1006,"clouds":48,"ts":1656046800},{"precip_rate":0,"rh":52,"wind_spd":3.7,"timestamp_utc":"2022-06-24T05:15:00","snow_rate":0,"app_temp":21.7,"pres":996.5045,"azimuth":72.36,"dewpt":11.8,"uv":1.2,"elev_angle":16.11,"wind_dir":186,"weather":{"icon":"c03d","code":803,"description":"Broken clouds"},"ghi":224.5,"dhi":66.08,"timestamp_local":"2022-06-24T07:15:00","solar_rad":185.40137,"vis":10,"dni":584.95,"temp":22.1,"slp":1006,"clouds":58,"ts":1656047700},{"precip_rate":0,"rh":53,"wind_spd":3.8,"timestamp_utc":"2022-06-24T05:30:00","snow_rate":0,"app_temp":21.9,"pres":996.51044,"azimuth":75.14,"dewpt":12.2,"uv":1.1,"elev_angle":18.32,"wind_dir":187,"weather":{"icon":"c03d","code":803,"description":"Broken clouds"},"ghi":262.4,"dhi":70.6,"timestamp_local":"2022-06-24T07:30:00","solar_rad":189.85844,"vis":10,"dni":618.57,"temp":22.3,"slp":1006,"clouds":68,"ts":1656048600},{"precip_rate":0,"rh":54,"wind_spd":3.9,"timestamp_utc":"2022-06-24T05:45:00","snow_rate":0,"app_temp":22.1,"pres":996.51636,"azimuth":77.91,"dewpt":12.7,"uv":1.1,"elev_angle":20.54,"wind_dir":188,"weather":{"icon":"c04d","code":804,"description":"Overcast clouds"},"ghi":300.4,"dhi":75.11,"timestamp_local":"2022-06-24T07:45:00","solar_rad":178.73459,"vis":10,"dni":652.2,"temp":22.4,"slp":1006,"clouds":77,"ts":1656049500},{"precip_rate":0,"rh":56,"wind_spd":4,"timestamp_utc":"2022-06-24T06:00:00","snow_rate":0,"app_temp":22.4,"pres":996.5223,"azimuth":80.69,"dewpt":13.4,"uv":1,"elev_angle":22.75,"wind_dir":188,"weather":{"icon":"c04d","code":804,"description":"Overcast clouds"},"ghi":338.4,"dhi":79.63,"timestamp_local":"2022-06-24T08:00:00","solar_rad":136.33179,"vis":9,"dni":685.82,"temp":22.6,"slp":1006,"clouds":87,"ts":1656050400},{"precip_rate":0.75,"rh":58,"wind_spd":4.1,"timestamp_utc":"2022-06-24T06:15:00","snow_rate":0,"app_temp":22.5,"pres":996.5252,"azimuth":83.59,"dewpt":14,"uv":1.1,"elev_angle":25.04,"wind_dir":192,"weather":{"icon":"r01d","code":500,"description":"Light rain"},"ghi":377.5,"dhi":83.03,"timestamp_local":"2022-06-24T08:15:00","solar_rad":159.66254,"vis":8,"dni":707.25,"temp":22.7,"slp":1006,"clouds":86,"ts":1656051300},{"precip_rate":1.5,"rh":60,"wind_spd":4.2,"timestamp_utc":"2022-06-24T06:30:00","snow_rate":0,"app_temp":22.7,"pres":996.5282,"azimuth":86.49,"dewpt":14.6,"uv":1.2,"elev_angle":27.32,"wind_dir":195,"weather":{"icon":"r01d","code":500,"description":"Light rain"},"ghi":416.5,"dhi":86.44,"timestamp_local":"2022-06-24T08:30:00","solar_rad":186.28879,"vis":9,"dni":728.67,"temp":22.8,"slp":1006,"clouds":84,"ts":1656052200},{"precip_rate":0.5,"rh":63,"wind_spd":4.3,"timestamp_utc":"2022-06-24T06:45:00","snow_rate":0,"app_temp":22.9,"pres":996.5311,"azimuth":89.38,"dewpt":15.5,"uv":1.4,"elev_angle":29.61,"wind_dir":198,"weather":{"icon":"c04d","code":804,"description":"Overcast clouds"},"ghi":455.6,"dhi":89.84,"timestamp_local":"2022-06-24T08:45:00","solar_rad":227.68361,"vis":10,"dni":750.1,"temp":22.9,"slp":1006,"clouds":82,"ts":1656053100},{"precip_rate":1,"rh":65,"wind_spd":4.4,"timestamp_utc":"2022-06-24T07:00:00","snow_rate":0,"app_temp":23.1,"pres":996.53406,"azimuth":92.28,"dewpt":16.1,"uv":1.5,"elev_angle":31.89,"wind_dir":202,"weather":{"icon":"r01d","code":500,"description":"Light rain"},"ghi":494.7,"dhi":93.24,"timestamp_local":"2022-06-24T09:00:00","solar_rad":255.70485,"vis":10,"dni":771.52,"temp":23,"slp":1006,"clouds":81,"ts":1656054000},{"precip_rate":1,"rh":67,"wind_spd":4.5,"timestamp_utc":"2022-06-24T07:15:00","snow_rate":0,"app_temp":22.9,"pres":996.7758,"azimuth":95.51,"dewpt":16.4,"uv":1.6,"elev_angle":34.16,"wind_dir":206,"weather":{"icon":"r01d","code":500,"description":"Light rain"},"ghi":531,"dhi":95.8,"timestamp_local":"2022-06-24T09:15:00","solar_rad":253.85027,"vis":9,"dni":785.78,"temp":22.8,"slp":1006.25,"clouds":83,"ts":1656054900},{"precip_rate":1,"rh":70,"wind_spd":4.6,"timestamp_utc":"2022-06-24T07:30:00","snow_rate":0,"app_temp":22.7,"pres":997.0176,"azimuth":98.74,"dewpt":16.9,"uv":1.7,"elev_angle":36.42,"wind_dir":211,"weather":{"icon":"r01d","code":500,"description":"Light rain"},"ghi":567.4,"dhi":98.36,"timestamp_local":"2022-06-24T09:30:00","solar_rad":247.58035,"vis":9,"dni":800.04,"temp":22.6,"slp":1006.5,"clouds":85,"ts":1656055800},{"precip_rate":2.75,"rh":72,"wind_spd":4.7,"timestamp_utc":"2022-06-24T07:45:00","snow_rate":0,"app_temp":22.6,"pres":997.2593,"azimuth":101.97,"dewpt":17.1,"uv":1.8,"elev_angle":38.69,"wind_dir":216,"weather":{"icon":"r01d","code":500,"description":"Light rain"},"ghi":603.7,"dhi":100.91,"timestamp_local":"2022-06-24T09:45:00","solar_rad":223.36032,"vis":8,"dni":814.3,"temp":22.4,"slp":1006.75,"clouds":87,"ts":1656056700},{"precip_rate":4.5,"rh":74,"wind_spd":4.8,"timestamp_utc":"2022-06-24T08:00:00","snow_rate":0,"app_temp":22.4,"pres":997.50104,"azimuth":105.2,"dewpt":17.3,"uv":1.9,"elev_angle":40.95,"wind_dir":220,"weather":{"icon":"r02d","code":501,"description":"Moderate rain"},"ghi":640,"dhi":103.47,"timestamp_local":"2022-06-24T10:00:00","solar_rad":198.92957,"vis":9,"dni":828.56,"temp":22.2,"slp":1007,"clouds":89,"ts":1656057600},{"precip_rate":2.75,"rh":74,"wind_spd":4.6,"timestamp_utc":"2022-06-24T08:15:00","snow_rate":0,"app_temp":22.5,"pres":997.25635,"azimuth":109.07,"dewpt":17.4,"uv":2,"elev_angle":43.06,"wind_dir":221,"weather":{"icon":"r01d","code":500,"description":"Light rain"},"ghi":670.4,"dhi":105.32,"timestamp_local":"2022-06-24T10:15:00","solar_rad":218.0966,"vis":10,"dni":837.98,"temp":22.3,"slp":1006.75,"clouds":89,"ts":1656058500},{"precip_rate":1,"rh":75,"wind_spd":4.4,"timestamp_utc":"2022-06-24T08:30:00","snow_rate":0,"app_temp":22.7,"pres":997.01166,"azimuth":112.95,"dewpt":17.8,"uv":2.2,"elev_angle":45.18,"wind_dir":222,"weather":{"icon":"r01d","code":500,"description":"Light rain"},"ghi":700.8,"dhi":107.16,"timestamp_local":"2022-06-24T10:30:00","solar_rad":258.4705,"vis":10,"dni":847.4,"temp":22.4,"slp":1006.5,"clouds":88,"ts":1656059400},{"precip_rate":0.75,"rh":76,"wind_spd":4.2,"timestamp_utc":"2022-06-24T08:45:00","snow_rate":0,"app_temp":22.8,"pres":996.76697,"azimuth":116.82,"dewpt":18.1,"uv":2.4,"elev_angle":47.29,"wind_dir":223,"weather":{"icon":"r01d","code":500,"description":"Light rain"},"ghi":731.2,"dhi":109.01,"timestamp_local":"2022-06-24T10:45:00","solar_rad":268.9986,"vis":10,"dni":856.82,"temp":22.5,"slp":1006.25,"clouds":88,"ts":1656060300},{"precip_rate":0.5,"rh":76,"wind_spd":4,"timestamp_utc":"2022-06-24T09:00:00","snow_rate":0,"app_temp":22.9,"pres":996.5223,"azimuth":120.69,"dewpt":18.2,"uv":2.5,"elev_angle":49.4,"wind_dir":224,"weather":{"icon":"c04d","code":804,"description":"Overcast clouds"},"ghi":761.5,"dhi":110.85,"timestamp_local":"2022-06-24T11:00:00","solar_rad":279.92365,"vis":10,"dni":866.24,"temp":22.6,"slp":1006,"clouds":88,"ts":1656061200},{"precip_rate":0.25,"rh":78,"wind_spd":3.7,"timestamp_utc":"2022-06-24T09:15:00","snow_rate":0,"app_temp":22,"pres":996.4954,"azimuth":125.64,"dewpt":17.8,"uv":2.6,"elev_angle":51.15,"wind_dir":216,"weather":{"icon":"c04d","code":804,"description":"Overcast clouds"},"ghi":783.3,"dhi":112.05,"timestamp_local":"2022-06-24T11:15:00","solar_rad":252.5646,"vis":10,"dni":872.02,"temp":21.8,"slp":1006,"clouds":90,"ts":1656062100},{"precip_rate":1.75,"rh":80,"wind_spd":3.4,"timestamp_utc":"2022-06-24T09:30:00","snow_rate":0,"app_temp":21.2,"pres":996.46857,"azimuth":130.59,"dewpt":17.4,"uv":2.5,"elev_angle":52.89,"wind_dir":209,"weather":{"icon":"r01d","code":500,"description":"Light rain"},"ghi":805.1,"dhi":113.25,"timestamp_local":"2022-06-24T11:30:00","solar_rad":190.86703,"vis":10,"dni":877.8,"temp":20.9,"slp":1006,"clouds":93,"ts":1656063000},{"precip_rate":2.125,"rh":81,"wind_spd":3.1,"timestamp_utc":"2022-06-24T09:45:00","snow_rate":0,"app_temp":20.3,"pres":996.4417,"azimuth":135.53,"dewpt":16.8,"uv":2.5,"elev_angle":54.64,"wind_dir":202,"weather":{"icon":"r01d","code":500,"description":"Light rain"},"ghi":826.9,"dhi":114.45,"timestamp_local":"2022-06-24T11:45:00","solar_rad":129.18127,"vis":10,"dni":883.57,"temp":20.1,"slp":1006,"clouds":96,"ts":1656063900},{"precip_rate":2.5,"rh":83,"wind_spd":2.8,"timestamp_utc":"2022-06-24T10:00:00","snow_rate":0,"app_temp":19.5,"pres":996.41486,"azimuth":140.48,"dewpt":16.3,"uv":2.5,"elev_angle":56.38,"wind_dir":194,"weather":{"icon":"r01d","code":500,"description":"Light rain"},"ghi":848.7,"dhi":115.65,"timestamp_local":"2022-06-24T12:00:00","solar_rad":182.75716,"vis":10,"dni":889.35,"temp":19.3,"slp":1006,"clouds":98,"ts":1656064800},{"precip_rate":2.625,"rh":84,"wind_spd":2.9,"timestamp_utc":"2022-06-24T10:15:00","snow_rate":0,"app_temp":19.5,"pres":996.41486,"azimuth":146.8,"dewpt":16.5,"uv":2.6,"elev_angle":57.43,"wind_dir":190,"weather":{"icon":"r01d","code":500,"description":"Light rain"},"ghi":860.1,"dhi":116.24,"timestamp_local":"2022-06-24T12:15:00","solar_rad":182.56793,"vis":10,"dni":892.11,"temp":19.3,"slp":1006,"clouds":98,"ts":1656065700},{"precip_rate":2.75,"rh":84,"wind_spd":3,"timestamp_utc":"2022-06-24T10:30:00","snow_rate":0,"app_temp":19.5,"pres":996.41486,"azimuth":153.12,"dewpt":16.5,"uv":2.6,"elev_angle":58.47,"wind_dir":185,"weather":{"icon":"r01d","code":500,"description":"Light rain"},"ghi":871.5,"dhi":116.84,"timestamp_local":"2022-06-24T12:30:00","solar_rad":157.12935,"vis":10,"dni":894.87,"temp":19.3,"slp":1006,"clouds":99,"ts":1656066600},{"precip_rate":2.875,"rh":84,"wind_spd":3.1,"timestamp_utc":"2022-06-24T10:45:00","snow_rate":0,"app_temp":19.5,"pres":996.41486,"azimuth":159.43,"dewpt":16.5,"uv":2.6,"elev_angle":59.52,"wind_dir":180,"weather":{"icon":"r01d","code":500,"description":"Light rain"},"ghi":882.9,"dhi":117.43,"timestamp_local":"2022-06-24T12:45:00","solar_rad":130.3566,"vis":10,"dni":897.63,"temp":19.3,"slp":1006,"clouds":100,"ts":1656067500},{"precip_rate":3,"rh":85,"wind_spd":3.2,"timestamp_utc":"2022-06-24T11:00:00","snow_rate":0,"app_temp":19.5,"pres":996.41486,"azimuth":165.75,"dewpt":16.7,"uv":2.7,"elev_angle":60.56,"wind_dir":176,"weather":{"icon":"r01d","code":500,"description":"Light rain"},"ghi":894.3,"dhi":118.02,"timestamp_local":"2022-06-24T13:00:00","solar_rad":129.41699,"vis":10,"dni":900.39,"temp":19.3,"slp":1006,"clouds":100,"ts":1656068400},{"precip_rate":2.625,"rh":86,"wind_spd":3,"timestamp_utc":"2022-06-24T11:15:00","snow_rate":0,"app_temp":19.5,"pres":996.41486,"azimuth":172.81,"dewpt":16.9,"uv":2.7,"elev_angle":60.57,"wind_dir":184,"weather":{"icon":"r01d","code":500,"description":"Light rain"},"ghi":894.4,"dhi":118.02,"timestamp_local":"2022-06-24T13:15:00","solar_rad":133.34663,"vis":10,"dni":900.4,"temp":19.3,"slp":1006,"clouds":100,"ts":1656069300},{"precip_rate":2.25,"rh":86,"wind_spd":2.8,"timestamp_utc":"2022-06-24T11:30:00","snow_rate":0,"app_temp":19.5,"pres":996.41486,"azimuth":179.86,"dewpt":16.9,"uv":2.7,"elev_angle":60.58,"wind_dir":191,"weather":{"icon":"r01d","code":500,"description":"Light rain"},"ghi":894.4,"dhi":118.03,"timestamp_local":"2022-06-24T13:30:00","solar_rad":137.77998,"vis":10,"dni":900.42,"temp":19.3,"slp":1006,"clouds":100,"ts":1656070200},{"precip_rate":1.875,"rh":86,"wind_spd":2.6,"timestamp_utc":"2022-06-24T11:45:00","snow_rate":0,"app_temp":19.5,"pres":996.41486,"azimuth":186.92,"dewpt":16.9,"uv":2.7,"elev_angle":60.58,"wind_dir":198,"weather":{"icon":"r01d","code":500,"description":"Light rain"},"ghi":894.5,"dhi":118.03,"timestamp_local":"2022-06-24T13:45:00","solar_rad":142.21149,"vis":10,"dni":900.43,"temp":19.3,"slp":1006,"clouds":100,"ts":1656071100},{"precip_rate":1.5,"rh":87,"wind_spd":2.4,"timestamp_utc":"2022-06-24T12:00:00","snow_rate":0,"app_temp":19.6,"pres":996.41486,"azimuth":193.97,"dewpt":17.1,"uv":2.7,"elev_angle":60.59,"wind_dir":206,"weather":{"icon":"r01d","code":500,"description":"Light rain"},"ghi":894.6,"dhi":118.03,"timestamp_local":"2022-06-24T14:00:00","solar_rad":146.14133,"vis":10,"dni":900.44,"temp":19.3,"slp":1006,"clouds":100,"ts":1656072000},{"precip_rate":1.25,"rh":86,"wind_spd":2.7,"timestamp_utc":"2022-06-24T12:15:00","snow_rate":0,"app_temp":19.8,"pres":996.4239,"azimuth":200.3,"dewpt":17.2,"uv":2.6,"elev_angle":59.55,"wind_dir":218,"weather":{"icon":"r01d","code":500,"description":"Light rain"},"ghi":883.3,"dhi":117.44,"timestamp_local":"2022-06-24T14:15:00","solar_rad":147.77242,"vis":10,"dni":897.71,"temp":19.6,"slp":1006,"clouds":100,"ts":1656072900},{"precip_rate":1,"rh":85,"wind_spd":3,"timestamp_utc":"2022-06-24T12:30:00","snow_rate":0,"app_temp":20.1,"pres":996.43286,"azimuth":206.63,"dewpt":17.3,"uv":2.5,"elev_angle":58.52,"wind_dir":229,"weather":{"icon":"r01d","code":500,"description":"Light rain"},"ghi":872,"dhi":116.86,"timestamp_local":"2022-06-24T14:30:00","solar_rad":161.07976,"vis":10,"dni":894.98,"temp":19.8,"slp":1006,"clouds":100,"ts":1656073800},{"precip_rate":0.75,"rh":84,"wind_spd":3.3,"timestamp_utc":"2022-06-24T12:45:00","snow_rate":0,"app_temp":20.4,"pres":996.4419,"azimuth":212.96,"dewpt":17.3,"uv":2.5,"elev_angle":57.48,"wind_dir":240,"weather":{"icon":"r01d","code":500,"description":"Light rain"},"ghi":860.7,"dhi":116.27,"timestamp_local":"2022-06-24T14:45:00","solar_rad":159.70818,"vis":10,"dni":892.24,"temp":20.1,"slp":1006,"clouds":100,"ts":1656074700},{"precip_rate":0.5,"rh":83,"wind_spd":3.6,"timestamp_utc":"2022-06-24T13:00:00","snow_rate":0,"app_temp":20.7,"pres":996.4509,"azimuth":219.29,"dewpt":17.4,"uv":2.4,"elev_angle":56.44,"wind_dir":252,"weather":{"icon":"c04d","code":804,"description":"Overcast clouds"},"ghi":849.4,"dhi":115.68,"timestamp_local":"2022-06-24T15:00:00","solar_rad":158.34756,"vis":10,"dni":889.51,"temp":20.4,"slp":1006,"clouds":100,"ts":1656075600},{"precip_rate":0.375,"rh":82,"wind_spd":3.4,"timestamp_utc":"2022-06-24T13:15:00","snow_rate":0,"app_temp":20.8,"pres":996.7045,"azimuth":224.25,"dewpt":17.4,"uv":2.3,"elev_angle":54.7,"wind_dir":260,"weather":{"icon":"c04d","code":804,"description":"Overcast clouds"},"ghi":827.7,"dhi":114.49,"timestamp_local":"2022-06-24T15:15:00","solar_rad":156.11,"vis":10,"dni":883.77,"temp":20.6,"slp":1006.25,"clouds":100,"ts":1656076500},{"precip_rate":0.25,"rh":82,"wind_spd":3.2,"timestamp_utc":"2022-06-24T13:30:00","snow_rate":0,"app_temp":21,"pres":996.9581,"azimuth":229.21,"dewpt":17.6,"uv":2.2,"elev_angle":52.96,"wind_dir":269,"weather":{"icon":"c04d","code":804,"description":"Overcast clouds"},"ghi":806,"dhi":113.3,"timestamp_local":"2022-06-24T15:30:00","solar_rad":153.3809,"vis":10,"dni":878.02,"temp":20.8,"slp":1006.5,"clouds":100,"ts":1656077400},{"precip_rate":0.25,"rh":82,"wind_spd":3,"timestamp_utc":"2022-06-24T13:45:00","snow_rate":0,"app_temp":21.2,"pres":997.21173,"azimuth":234.17,"dewpt":17.7,"uv":2.1,"elev_angle":51.22,"wind_dir":278,"weather":{"icon":"c04d","code":804,"description":"Overcast clouds"},"ghi":784.3,"dhi":112.1,"timestamp_local":"2022-06-24T15:45:00","solar_rad":174.37294,"vis":10,"dni":872.28,"temp":20.9,"slp":1006.75,"clouds":99,"ts":1656078300},{"precip_rate":0.5,"rh":81,"wind_spd":2.8,"timestamp_utc":"2022-06-24T14:00:00","snow_rate":0,"app_temp":21.4,"pres":997.46533,"azimuth":239.13,"dewpt":17.7,"uv":2,"elev_angle":49.48,"wind_dir":286,"weather":{"icon":"c04d","code":804,"description":"Overcast clouds"},"ghi":762.6,"dhi":110.91,"timestamp_local":"2022-06-24T16:00:00","solar_rad":171.5022,"vis":10,"dni":866.53,"temp":21.1,"slp":1007,"clouds":99,"ts":1656079200},{"precip_rate":0.25,"rh":80,"wind_spd":2.7,"timestamp_utc":"2022-06-24T14:15:00","snow_rate":0,"app_temp":21.7,"pres":997.47424,"azimuth":243.01,"dewpt":17.8,"uv":1.9,"elev_angle":47.37,"wind_dir":286,"weather":{"icon":"c04d","code":804,"description":"Overcast clouds"},"ghi":732.2,"dhi":109.07,"timestamp_local":"2022-06-24T16:15:00","solar_rad":188.66806,"vis":10,"dni":857.15,"temp":21.4,"slp":1007,"clouds":98,"ts":1656080100},{"precip_rate":0,"rh":78,"wind_spd":2.6,"timestamp_utc":"2022-06-24T14:30:00","snow_rate":0,"app_temp":21.9,"pres":997.48315,"azimuth":246.89,"dewpt":17.6,"uv":1.8,"elev_angle":45.26,"wind_dir":287,"weather":{"icon":"c04d","code":804,"description":"Overcast clouds"},"ghi":701.9,"dhi":107.24,"timestamp_local":"2022-06-24T16:30:00","solar_rad":183.82346,"vis":10,"dni":847.77,"temp":21.7,"slp":1007,"clouds":98,"ts":1656081000},{"precip_rate":0,"rh":77,"wind_spd":2.5,"timestamp_utc":"2022-06-24T14:45:00","snow_rate":0,"app_temp":22.2,"pres":997.4921,"azimuth":250.77,"dewpt":17.7,"uv":1.7,"elev_angle":43.15,"wind_dir":288,"weather":{"icon":"c04d","code":804,"description":"Overcast clouds"},"ghi":671.6,"dhi":105.4,"timestamp_local":"2022-06-24T16:45:00","solar_rad":178.51843,"vis":10,"dni":838.39,"temp":21.9,"slp":1007,"clouds":98,"ts":1656081900},{"precip_rate":0,"rh":76,"wind_spd":2.4,"timestamp_utc":"2022-06-24T15:00:00","snow_rate":0,"app_temp":22.5,"pres":997.50104,"azimuth":254.65,"dewpt":17.8,"uv":1.6,"elev_angle":41.04,"wind_dir":288,"weather":{"icon":"c04d","code":804,"description":"Overcast clouds"},"ghi":641.3,"dhi":103.56,"timestamp_local":"2022-06-24T17:00:00","solar_rad":191.69646,"vis":10,"dni":829.01,"temp":22.2,"slp":1007,"clouds":97,"ts":1656082800},{"precip_rate":0,"rh":75,"wind_spd":2.4,"timestamp_utc":"2022-06-24T15:15:00","snow_rate":0,"app_temp":22.7,"pres":997.50696,"azimuth":257.89,"dewpt":17.8,"uv":1.6,"elev_angle":38.78,"wind_dir":291,"weather":{"icon":"c04d","code":804,"description":"Overcast clouds"},"ghi":605,"dhi":101.01,"timestamp_local":"2022-06-24T17:15:00","solar_rad":150.26059,"vis":10,"dni":814.8,"temp":22.4,"slp":1007,"clouds":93,"ts":1656083700},{"precip_rate":0,"rh":74,"wind_spd":2.4,"timestamp_utc":"2022-06-24T15:30:00","snow_rate":0,"app_temp":22.8,"pres":997.5128,"azimuth":261.12,"dewpt":17.7,"uv":1.6,"elev_angle":36.51,"wind_dir":294,"weather":{"icon":"c04d","code":804,"description":"Overcast clouds"},"ghi":568.7,"dhi":98.46,"timestamp_local":"2022-06-24T17:30:00","solar_rad":183.47952,"vis":10,"dni":800.6,"temp":22.6,"slp":1007,"clouds":90,"ts":1656084600},{"precip_rate":0,"rh":72,"wind_spd":2.4,"timestamp_utc":"2022-06-24T15:45:00","snow_rate":0,"app_temp":23,"pres":997.51874,"azimuth":264.36,"dewpt":17.5,"uv":1.5,"elev_angle":34.25,"wind_dir":297,"weather":{"icon":"c04d","code":804,"description":"Overcast clouds"},"ghi":532.4,"dhi":95.9,"timestamp_local":"2022-06-24T17:45:00","solar_rad":220.13007,"vis":10,"dni":786.39,"temp":22.8,"slp":1007,"clouds":86,"ts":1656085500},{"precip_rate":0,"rh":71,"wind_spd":2.4,"timestamp_utc":"2022-06-24T16:00:00","snow_rate":0,"app_temp":23.2,"pres":997.52466,"azimuth":267.59,"dewpt":17.5,"uv":1.5,"elev_angle":31.98,"wind_dir":300,"weather":{"icon":"c04d","code":804,"description":"Overcast clouds"},"ghi":496.1,"dhi":93.35,"timestamp_local":"2022-06-24T18:00:00","solar_rad":245.1462,"vis":10,"dni":772.18,"temp":23,"slp":1007,"clouds":82,"ts":1656086400},{"precip_rate":0,"rh":70,"wind_spd":2.2,"timestamp_utc":"2022-06-24T16:15:00","snow_rate":0,"app_temp":23.2,"pres":997.52466,"azimuth":270.49,"dewpt":17.2,"uv":1.6,"elev_angle":29.69,"wind_dir":300,"weather":{"icon":"c04d","code":804,"description":"Overcast clouds"},"ghi":457.1,"dhi":89.96,"timestamp_local":"2022-06-24T18:15:00","solar_rad":294.59003,"vis":10,"dni":750.84,"temp":23,"slp":1007,"clouds":73,"ts":1656087300},{"precip_rate":0,"rh":70,"wind_spd":2,"timestamp_utc":"2022-06-24T16:30:00","snow_rate":0,"app_temp":23.2,"pres":997.52466,"azimuth":273.39,"dewpt":17.2,"uv":1.6,"elev_angle":27.41,"wind_dir":299,"weather":{"icon":"c03d","code":803,"description":"Broken clouds"},"ghi":418,"dhi":86.56,"timestamp_local":"2022-06-24T18:30:00","solar_rad":315.9331,"vis":10,"dni":729.49,"temp":23,"slp":1007,"clouds":64,"ts":1656088200},{"precip_rate":0,"rh":70,"wind_spd":1.8,"timestamp_utc":"2022-06-24T16:45:00","snow_rate":0,"app_temp":23.2,"pres":997.52466,"azimuth":276.29,"dewpt":17.2,"uv":1.6,"elev_angle":25.12,"wind_dir":298,"weather":{"icon":"c03d","code":803,"description":"Broken clouds"},"ghi":378.9,"dhi":83.17,"timestamp_local":"2022-06-24T18:45:00","solar_rad":316.491,"vis":10,"dni":708.15,"temp":23,"slp":1007,"clouds":55,"ts":1656089100},{"precip_rate":0,"rh":69,"wind_spd":1.6,"timestamp_utc":"2022-06-24T17:00:00","snow_rate":0,"app_temp":23.2,"pres":997.52466,"azimuth":279.19,"dewpt":17,"uv":1.7,"elev_angle":22.83,"wind_dir":298,"weather":{"icon":"c03d","code":803,"description":"Broken clouds"},"ghi":339.9,"dhi":79.77,"timestamp_local":"2022-06-24T19:00:00","solar_rad":302.38696,"vis":10,"dni":686.8,"temp":23,"slp":1007,"clouds":46,"ts":1656090000},{"precip_rate":0.125,"rh":70,"wind_spd":1.5,"timestamp_utc":"2022-06-24T17:15:00","snow_rate":0,"app_temp":23,"pres":997.51874,"azimuth":281.97,"dewpt":17,"uv":1.5,"elev_angle":20.61,"wind_dir":288,"weather":{"icon":"c03d","code":803,"description":"Broken clouds"},"ghi":301.8,"dhi":75.27,"timestamp_local":"2022-06-24T19:15:00","solar_rad":262.1032,"vis":10,"dni":653.32,"temp":22.8,"slp":1007,"clouds":50,"ts":1656090900},{"precip_rate":0.25,"rh":70,"wind_spd":1.4,"timestamp_utc":"2022-06-24T17:30:00","snow_rate":0,"app_temp":22.7,"pres":997.5128,"azimuth":284.74,"dewpt":16.9,"uv":1.4,"elev_angle":18.4,"wind_dir":277,"weather":{"icon":"c03d","code":803,"description":"Broken clouds"},"ghi":263.8,"dhi":70.76,"timestamp_local":"2022-06-24T19:30:00","solar_rad":224.31636,"vis":10,"dni":619.84,"temp":22.6,"slp":1007,"clouds":53,"ts":1656091800},{"precip_rate":0.375,"rh":70,"wind_spd":1.3,"timestamp_utc":"2022-06-24T17:45:00","snow_rate":0,"app_temp":22.5,"pres":997.50696,"azimuth":287.52,"dewpt":16.7,"uv":1.2,"elev_angle":16.18,"wind_dir":266,"weather":{"icon":"c03d","code":803,"description":"Broken clouds"},"ghi":225.8,"dhi":66.26,"timestamp_local":"2022-06-24T19:45:00","solar_rad":187.29308,"vis":10,"dni":586.35,"temp":22.4,"slp":1007,"clouds":56,"ts":1656092700},{"precip_rate":0.5,"rh":71,"wind_spd":1.2,"timestamp_utc":"2022-06-24T18:00:00","snow_rate":0,"app_temp":22.3,"pres":997.50104,"azimuth":290.29,"dewpt":16.7,"uv":1.1,"elev_angle":13.96,"wind_dir":256,"weather":{"icon":"c03d","code":803,"description":"Broken clouds"},"ghi":187.8,"dhi":61.75,"timestamp_local":"2022-06-24T20:00:00","solar_rad":149.53017,"vis":10,"dni":552.87,"temp":22.2,"slp":1007,"clouds":60,"ts":1656093600},{"precip_rate":0.375,"rh":73,"wind_spd":1.3,"timestamp_utc":"2022-06-24T18:15:00","snow_rate":0,"app_temp":22,"pres":997.73676,"azimuth":293.09,"dewpt":16.8,"uv":1,"elev_angle":11.9,"wind_dir":250,"weather":{"icon":"c03d","code":803,"description":"Broken clouds"},"ghi":155.6,"dhi":55.42,"timestamp_local":"2022-06-24T20:15:00","solar_rad":110.772156,"vis":10,"dni":493.77,"temp":21.8,"slp":1007.25,"clouds":68,"ts":1656094500},{"precip_rate":0.25,"rh":74,"wind_spd":1.4,"timestamp_utc":"2022-06-24T18:30:00","snow_rate":0,"app_temp":21.6,"pres":997.9725,"azimuth":295.89,"dewpt":16.6,"uv":0.9,"elev_angle":9.84,"wind_dir":243,"weather":{"icon":"c04d","code":804,"description":"Overcast clouds"},"ghi":123.4,"dhi":49.08,"timestamp_local":"2022-06-24T20:30:00","solar_rad":76.065056,"vis":10,"dni":434.66,"temp":21.4,"slp":1007.5,"clouds":75,"ts":1656095400},{"precip_rate":0.125,"rh":76,"wind_spd":1.5,"timestamp_utc":"2022-06-24T18:45:00","snow_rate":0,"app_temp":21.2,"pres":998.2082,"azimuth":298.68,"dewpt":16.7,"uv":0.8,"elev_angle":7.77,"wind_dir":236,"weather":{"icon":"c04d","code":804,"description":"Overcast clouds"},"ghi":91.2,"dhi":42.75,"timestamp_local":"2022-06-24T20:45:00","solar_rad":45.2591,"vis":10,"dni":375.56,"temp":21.1,"slp":1007.75,"clouds":82,"ts":1656096300},{"precip_rate":0,"rh":78,"wind_spd":1.6,"timestamp_utc":"2022-06-24T19:00:00","snow_rate":0,"app_temp":20.9,"pres":998.4439,"azimuth":301.48,"dewpt":16.7,"uv":0.7,"elev_angle":5.71,"wind_dir":230,"weather":{"icon":"c04d","code":804,"description":"Overcast clouds"},"ghi":59,"dhi":36.41,"timestamp_local":"2022-06-24T21:00:00","solar_rad":55.057774,"vis":10,"dni":316.45,"temp":20.7,"slp":1008,"clouds":90,"ts":1656097200},{"precip_rate":0,"rh":80,"wind_spd":1.5,"timestamp_utc":"2022-06-24T19:15:00","snow_rate":0,"app_temp":20.5,"pres":998.4319,"azimuth":304.4,"dewpt":16.8,"uv":0.7,"elev_angle":3.89,"wind_dir":224,"weather":{"icon":"c04n","code":804,"description":"Overcast clouds"},"ghi":44.2,"dhi":27.31,"timestamp_local":"2022-06-24T21:15:00","solar_rad":46.17913,"vis":10,"dni":237.34,"temp":20.4,"slp":1008,"clouds":85,"ts":1656098100},{"precip_rate":0,"rh":82,"wind_spd":1.4,"timestamp_utc":"2022-06-24T19:30:00","snow_rate":0,"app_temp":20.2,"pres":998.41986,"azimuth":307.32,"dewpt":16.8,"uv":0.8,"elev_angle":2.07,"wind_dir":217,"weather":{"icon":"c04n","code":804,"description":"Overcast clouds"},"ghi":29.5,"dhi":18.21,"timestamp_local":"2022-06-24T21:30:00","solar_rad":33.64359,"vis":10,"dni":158.23,"temp":20,"slp":1008,"clouds":80,"ts":1656099000},{"precip_rate":0,"rh":85,"wind_spd":1.3,"timestamp_utc":"2022-06-24T19:45:00","snow_rate":0,"app_temp":19.9,"pres":998.40784,"azimuth":310.24,"dewpt":17.1,"uv":0.9,"elev_angle":0.24,"wind_dir":210,"weather":{"icon":"c04n","code":804,"description":"Overcast clouds"},"ghi":14.7,"dhi":9.1,"timestamp_local":"2022-06-24T21:45:00","solar_rad":9.26188,"vis":10,"dni":79.11,"temp":19.6,"slp":1008,"clouds":74,"ts":1656099900},{"precip_rate":0,"rh":87,"wind_spd":1.2,"timestamp_utc":"2022-06-24T20:00:00","snow_rate":0,"app_temp":19.6,"pres":998.3958,"azimuth":313.16,"dewpt":17.1,"uv":0,"elev_angle":-1.58,"wind_dir":204,"weather":{"icon":"c03n","code":803,"description":"Broken clouds"},"ghi":0,"dhi":0,"timestamp_local":"2022-06-24T22:00:00","solar_rad":0,"vis":10,"dni":0,"temp":19.3,"slp":1008,"clouds":69,"ts":1656100800},{"precip_rate":0,"rh":88,"wind_spd":1.4,"timestamp_utc":"2022-06-24T20:15:00","snow_rate":0,"app_temp":19.4,"pres":998.6373,"azimuth":316.27,"dewpt":17.1,"uv":0,"elev_angle":-3.08,"wind_dir":202,"weather":{"icon":"c03n","code":803,"description":"Broken clouds"},"ghi":0,"dhi":0,"timestamp_local":"2022-06-24T22:15:00","solar_rad":0,"vis":10,"dni":0,"temp":19.1,"slp":1008.25,"clouds":62,"ts":1656101700},{"precip_rate":0,"rh":88,"wind_spd":1.6,"timestamp_utc":"2022-06-24T20:30:00","snow_rate":0,"app_temp":19.1,"pres":998.8789,"azimuth":319.38,"dewpt":16.9,"uv":0,"elev_angle":-4.57,"wind_dir":200,"weather":{"icon":"c03n","code":803,"description":"Broken clouds"},"ghi":0,"dhi":0,"timestamp_local":"2022-06-24T22:30:00","solar_rad":0,"vis":10,"dni":0,"temp":18.9,"slp":1008.5,"clouds":54,"ts":1656102600},{"precip_rate":0,"rh":88,"wind_spd":1.8,"timestamp_utc":"2022-06-24T20:45:00","snow_rate":0,"app_temp":18.9,"pres":999.1205,"azimuth":322.49,"dewpt":16.7,"uv":0,"elev_angle":-6.07,"wind_dir":198,"weather":{"icon":"c03n","code":803,"description":"Broken clouds"},"ghi":0,"dhi":0,"timestamp_local":"2022-06-24T22:45:00","solar_rad":0,"vis":10,"dni":0,"temp":18.7,"slp":1008.75,"clouds":46,"ts":1656103500},{"precip_rate":0,"rh":89,"wind_spd":2,"timestamp_utc":"2022-06-24T21:00:00","snow_rate":0,"app_temp":18.7,"pres":999.362,"azimuth":325.6,"dewpt":16.7,"uv":0,"elev_angle":-7.56,"wind_dir":196,"weather":{"icon":"c02n","code":802,"description":"Scattered clouds"},"ghi":0,"dhi":0,"timestamp_local":"2022-06-24T23:00:00","solar_rad":0,"vis":10,"dni":0,"temp":18.5,"slp":1009,"clouds":39,"ts":1656104400},{"precip_rate":0,"rh":89,"wind_spd":2,"timestamp_utc":"2022-06-24T21:15:00","snow_rate":0,"app_temp":18.6,"pres":999.35895,"azimuth":328.92,"dewpt":16.6,"uv":0,"elev_angle":-8.63,"wind_dir":190,"weather":{"icon":"c03n","code":803,"description":"Broken clouds"},"ghi":0,"dhi":0,"timestamp_local":"2022-06-24T23:15:00","solar_rad":0,"vis":10,"dni":0,"temp":18.4,"slp":1009,"clouds":54,"ts":1656105300},{"precip_rate":0,"rh":89,"wind_spd":2,"timestamp_utc":"2022-06-24T21:30:00","snow_rate":0,"app_temp":18.3,"pres":999.3559,"azimuth":332.24,"dewpt":16.5,"uv":0,"elev_angle":-9.7,"wind_dir":184,"weather":{"icon":"c03n","code":803,"description":"Broken clouds"},"ghi":0,"dhi":0,"timestamp_local":"2022-06-24T23:30:00","solar_rad":0,"vis":10,"dni":0,"temp":18.3,"slp":1009,"clouds":68,"ts":1656106200},{"precip_rate":0,"rh":89,"wind_spd":2,"timestamp_utc":"2022-06-24T21:45:00","snow_rate":0,"app_temp":18.2,"pres":999.35284,"azimuth":335.56,"dewpt":16.4,"uv":0,"elev_angle":-10.76,"wind_dir":178,"weather":{"icon":"c04n","code":804,"description":"Overcast clouds"},"ghi":0,"dhi":0,"timestamp_local":"2022-06-24T23:45:00","solar_rad":0,"vis":10,"dni":0,"temp":18.2,"slp":1009,"clouds":83,"ts":1656107100},{"precip_rate":0,"rh":89,"wind_spd":2,"timestamp_utc":"2022-06-24T22:00:00","snow_rate":0,"app_temp":18.1,"pres":999.3498,"azimuth":338.88,"dewpt":16.3,"uv":0,"elev_angle":-11.83,"wind_dir":172,"weather":{"icon":"c04n","code":804,"description":"Overcast clouds"},"ghi":0,"dhi":0,"timestamp_local":"2022-06-25T00:00:00","solar_rad":0,"vis":10,"dni":0,"temp":18.1,"slp":1009,"clouds":98,"ts":1656108000},{"precip_rate":0,"rh":89,"wind_spd":2,"timestamp_utc":"2022-06-24T22:15:00","snow_rate":0,"app_temp":18.1,"pres":999.5974,"azimuth":342.36,"dewpt":16.3,"uv":0,"elev_angle":-12.39,"wind_dir":172,"weather":{"icon":"c04n","code":804,"description":"Overcast clouds"},"ghi":0,"dhi":0,"timestamp_local":"2022-06-25T00:15:00","solar_rad":0,"vis":10,"dni":0,"temp":18.1,"slp":1009.25,"clouds":98,"ts":1656108900},{"precip_rate":0,"rh":89,"wind_spd":2,"timestamp_utc":"2022-06-24T22:30:00","snow_rate":0,"app_temp":18.1,"pres":999.845,"azimuth":345.85,"dewpt":16.3,"uv":0,"elev_angle":-12.96,"wind_dir":173,"weather":{"icon":"c04n","code":804,"description":"Overcast clouds"},"ghi":0,"dhi":0,"timestamp_local":"2022-06-25T00:30:00","solar_rad":0,"vis":10,"dni":0,"temp":18.1,"slp":1009.5,"clouds":98,"ts":1656109800},{"precip_rate":0,"rh":89,"wind_spd":2,"timestamp_utc":"2022-06-24T22:45:00","snow_rate":0,"app_temp":18.1,"pres":1000.0926,"azimuth":349.33,"dewpt":16.3,"uv":0,"elev_angle":-13.52,"wind_dir":174,"weather":{"icon":"c04n","code":804,"description":"Overcast clouds"},"ghi":0,"dhi":0,"timestamp_local":"2022-06-25T00:45:00","solar_rad":0,"vis":10,"dni":0,"temp":18.1,"slp":1009.75,"clouds":99,"ts":1656110700},{"precip_rate":0,"rh":89,"wind_spd":2,"timestamp_utc":"2022-06-24T23:00:00","snow_rate":0,"app_temp":18.1,"pres":1000.3402,"azimuth":352.81,"dewpt":16.3,"uv":0,"elev_angle":-14.08,"wind_dir":174,"weather":{"icon":"c04n","code":804,"description":"Overcast clouds"},"ghi":0,"dhi":0,"timestamp_local":"2022-06-25T01:00:00","solar_rad":0,"vis":10,"dni":0,"temp":18.1,"slp":1010,"clouds":99,"ts":1656111600},{"precip_rate":0,"rh":90,"wind_spd":2.1,"timestamp_utc":"2022-06-24T23:15:00","snow_rate":0,"app_temp":17.9,"pres":1000.3341,"azimuth":266.36,"dewpt":16.3,"uv":0,"elev_angle":-14.09,"wind_dir":184,"weather":{"icon":"c04n","code":804,"description":"Overcast clouds"},"ghi":0,"dhi":0,"timestamp_local":"2022-06-25T01:15:00","solar_rad":0,"vis":10,"dni":0,"temp":17.9,"slp":1010,"clouds":98,"ts":1656112500},{"precip_rate":0,"rh":90,"wind_spd":2.2,"timestamp_utc":"2022-06-24T23:30:00","snow_rate":0,"app_temp":17.8,"pres":1000.328,"azimuth":179.91,"dewpt":16.1,"uv":0,"elev_angle":-14.09,"wind_dir":194,"weather":{"icon":"c04n","code":804,"description":"Overcast clouds"},"ghi":0,"dhi":0,"timestamp_local":"2022-06-25T01:30:00","solar_rad":0,"vis":10,"dni":0,"temp":17.8,"slp":1010,"clouds":96,"ts":1656113400},{"precip_rate":0,"rh":90,"wind_spd":2.3,"timestamp_utc":"2022-06-24T23:45:00","snow_rate":0,"app_temp":17.6,"pres":1000.32184,"azimuth":93.45,"dewpt":15.9,"uv":0,"elev_angle":-14.1,"wind_dir":204,"weather":{"icon":"c04n","code":804,"description":"Overcast clouds"},"ghi":0,"dhi":0,"timestamp_local":"2022-06-25T01:45:00","solar_rad":0,"vis":10,"dni":0,"temp":17.6,"slp":1010,"clouds":95,"ts":1656114300}],"sources":["103150-99999","imerg","merra2","era5","modis"],"city_id":"2856883"}
