{"timezone":"Europe\/Berlin","state_code":"06","country_code":"DE","lat":52.2833,"lon":8,"city_name":"Osnabr�ck","station_id":"103150-99999","data":[{"precip_rate":0,"rh":88,"wind_spd":1.2,"timestamp_utc":"2022-06-13T00:00:00","snow_rate":0,"app_temp":10.7,"pres":1009.9915,"azimuth":7.62,"dewpt":8.8,"uv":0,"elev_angle":-14.21,"wind_dir":290,"weather":{"icon":"c03n","code":803,"description":"Broken clouds"},"ghi":0,"dhi":0,"timestamp_local":"2022-06-13T02:00:00","solar_rad":0,"vis":10,"dni":0,"temp":10.7,"slp":1020,"clouds":51,"ts":1655078400},{"precip_rate":0,"rh":89,"wind_spd":1.3,"timestamp_utc":"2022-06-13T00:15:00","snow_rate":0,"app_temp":10.6,"pres":1009.9883,"azimuth":11.11,"dewpt":8.9,"uv":0,"elev_angle":-13.63,"wind_dir":284,"weather":{"icon":"c03n","code":803,"description":"Broken clouds"},"ghi":0,"dhi":0,"timestamp_local":"2022-06-13T02:15:00","solar_rad":0,"vis":10,"dni":0,"temp":10.6,"slp":1020,"clouds":52,"ts":1655079300},{"precip_rate":0,"rh":90,"wind_spd":1.4,"timestamp_utc":"2022-06-13T00:30:00","snow_rate":0,"app_temp":10.5,"pres":1009.985,"azimuth":14.59,"dewpt":9,"uv":0,"elev_angle":-13.05,"wind_dir":278,"weather":{"icon":"c03n","code":803,"description":"Broken clouds"},"ghi":0,"dhi":0,"timestamp_local":"2022-06-13T02:30:00","solar_rad":0,"vis":10,"dni":0,"temp":10.5,"slp":1020,"clouds":52,"ts":1655080200},{"precip_rate":0,"rh":90,"wind_spd":1.5,"timestamp_utc":"2022-06-13T00:45:00","snow_rate":0,"app_temp":10.5,"pres":1009.98175,"azimuth":18.08,"dewpt":8.9,"uv":0,"elev_angle":-12.47,"wind_dir":272,"weather":{"icon":"c03n","code":803,"description":"Broken clouds"},"ghi":0,"dhi":0,"timestamp_local":"2022-06-13T02:45:00","solar_rad":0,"vis":10,"dni":0,"temp":10.5,"slp":1020,"clouds":53,"ts":1655081100},{"precip_rate":0,"rh":91,"wind_spd":1.6,"timestamp_utc":"2022-06-13T01:00:00","snow_rate":0,"app_temp":10.4,"pres":1009.9785,"azimuth":21.56,"dewpt":9,"uv":0,"elev_angle":-11.89,"wind_dir":266,"weather":{"icon":"c03n","code":803,"description":"Broken clouds"},"ghi":0,"dhi":0,"timestamp_local":"2022-06-13T03:00:00","solar_rad":0,"vis":10,"dni":0,"temp":10.4,"slp":1020,"clouds":54,"ts":1655082000},{"precip_rate":0,"rh":90,"wind_spd":1.6,"timestamp_utc":"2022-06-13T01:15:00","snow_rate":0,"app_temp":10.7,"pres":1009.7407,"azimuth":24.88,"dewpt":9.1,"uv":0,"elev_angle":-10.81,"wind_dir":263,"weather":{"icon":"c03n","code":803,"description":"Broken clouds"},"ghi":0,"dhi":0,"timestamp_local":"2022-06-13T03:15:00","solar_rad":0,"vis":10,"dni":0,"temp":10.7,"slp":1019.75,"clouds":52,"ts":1655082900},{"precip_rate":0,"rh":90,"wind_spd":1.6,"timestamp_utc":"2022-06-13T01:30:00","snow_rate":0,"app_temp":10.9,"pres":1009.50287,"azimuth":28.2,"dewpt":9.4,"uv":0,"elev_angle":-9.72,"wind_dir":260,"weather":{"icon":"c03n","code":803,"description":"Broken clouds"},"ghi":0,"dhi":0,"timestamp_local":"2022-06-13T03:30:00","solar_rad":0,"vis":10,"dni":0,"temp":10.9,"slp":1019.5,"clouds":50,"ts":1655083800},{"precip_rate":0,"rh":89,"wind_spd":1.6,"timestamp_utc":"2022-06-13T01:45:00","snow_rate":0,"app_temp":11.2,"pres":1009.265,"azimuth":31.51,"dewpt":9.5,"uv":0,"elev_angle":-8.64,"wind_dir":257,"weather":{"icon":"c03n","code":803,"description":"Broken clouds"},"ghi":0,"dhi":0,"timestamp_local":"2022-06-13T03:45:00","solar_rad":0,"vis":10,"dni":0,"temp":11.2,"slp":1019.25,"clouds":48,"ts":1655084700},{"precip_rate":0,"rh":88,"wind_spd":1.6,"timestamp_utc":"2022-06-13T02:00:00","snow_rate":0,"app_temp":11.5,"pres":1009.0272,"azimuth":34.83,"dewpt":9.6,"uv":0,"elev_angle":-7.55,"wind_dir":254,"weather":{"icon":"c03n","code":803,"description":"Broken clouds"},"ghi":0,"dhi":0,"timestamp_local":"2022-06-13T04:00:00","solar_rad":0,"vis":10,"dni":0,"temp":11.5,"slp":1019,"clouds":46,"ts":1655085600},{"precip_rate":0,"rh":88,"wind_spd":1.6,"timestamp_utc":"2022-06-13T02:15:00","snow_rate":0,"app_temp":11.6,"pres":1009.278,"azimuth":37.94,"dewpt":9.7,"uv":0,"elev_angle":-6.04,"wind_dir":251,"weather":{"icon":"c03n","code":803,"description":"Broken clouds"},"ghi":0,"dhi":0,"timestamp_local":"2022-06-13T04:15:00","solar_rad":0,"vis":10,"dni":0,"temp":11.6,"slp":1019.25,"clouds":59,"ts":1655086500},{"precip_rate":0,"rh":88,"wind_spd":1.6,"timestamp_utc":"2022-06-13T02:30:00","snow_rate":0,"app_temp":11.7,"pres":1009.5288,"azimuth":41.05,"dewpt":9.8,"uv":0,"elev_angle":-4.54,"wind_dir":248,"weather":{"icon":"c04n","code":804,"description":"Overcast clouds"},"ghi":0,"dhi":0,"timestamp_local":"2022-06-13T04:30:00","solar_rad":0,"vis":10,"dni":0,"temp":11.7,"slp":1019.5,"clouds":72,"ts":1655087400},{"precip_rate":0,"rh":88,"wind_spd":1.6,"timestamp_utc":"2022-06-13T02:45:00","snow_rate":0,"app_temp":11.8,"pres":1009.77954,"azimuth":44.15,"dewpt":9.9,"uv":0,"elev_angle":-3.03,"wind_dir":245,"weather":{"icon":"c04n","code":804,"description":"Overcast clouds"},"ghi":0,"dhi":0,"timestamp_local":"2022-06-13T04:45:00","solar_rad":0,"vis":10,"dni":0,"temp":11.8,"slp":1019.75,"clouds":85,"ts":1655088300},{"precip_rate":0,"rh":88,"wind_spd":1.6,"timestamp_utc":"2022-06-13T03:00:00","snow_rate":0,"app_temp":11.9,"pres":1010.03033,"azimuth":47.26,"dewpt":10,"uv":0,"elev_angle":-1.52,"wind_dir":242,"weather":{"icon":"c04n","code":804,"description":"Overcast clouds"},"ghi":0,"dhi":0,"timestamp_local":"2022-06-13T05:00:00","solar_rad":0,"vis":10,"dni":0,"temp":11.9,"slp":1020,"clouds":98,"ts":1655089200},{"precip_rate":0,"rh":88,"wind_spd":1.7,"timestamp_utc":"2022-06-13T03:15:00","snow_rate":0,"app_temp":11.9,"pres":1010.03033,"azimuth":50.18,"dewpt":10,"uv":0.7,"elev_angle":0.31,"wind_dir":242,"weather":{"icon":"c04n","code":804,"description":"Overcast clouds"},"ghi":15.1,"dhi":9.22,"timestamp_local":"2022-06-13T05:15:00","solar_rad":16.258884,"vis":10,"dni":80.27,"temp":11.9,"slp":1020,"clouds":84,"ts":1655090100},{"precip_rate":0,"rh":88,"wind_spd":1.8,"timestamp_utc":"2022-06-13T03:30:00","snow_rate":0,"app_temp":11.9,"pres":1010.03033,"azimuth":53.1,"dewpt":10,"uv":0.9,"elev_angle":2.15,"wind_dir":243,"weather":{"icon":"c03n","code":803,"description":"Broken clouds"},"ghi":30.2,"dhi":18.44,"timestamp_local":"2022-06-13T05:30:00","solar_rad":21.204689,"vis":10,"dni":160.55,"temp":11.9,"slp":1020,"clouds":70,"ts":1655091000},{"precip_rate":0,"rh":88,"wind_spd":1.9,"timestamp_utc":"2022-06-13T03:45:00","snow_rate":0,"app_temp":11.9,"pres":1010.03033,"azimuth":56.02,"dewpt":10,"uv":1.1,"elev_angle":3.98,"wind_dir":244,"weather":{"icon":"c03n","code":803,"description":"Broken clouds"},"ghi":45.3,"dhi":27.65,"timestamp_local":"2022-06-13T05:45:00","solar_rad":37.901848,"vis":10,"dni":240.82,"temp":11.9,"slp":1020,"clouds":57,"ts":1655091900},{"precip_rate":0,"rh":88,"wind_spd":2,"timestamp_utc":"2022-06-13T04:00:00","snow_rate":0,"app_temp":11.9,"pres":1010.03033,"azimuth":58.94,"dewpt":10,"uv":1.2,"elev_angle":5.81,"wind_dir":244,"weather":{"icon":"c03d","code":803,"description":"Broken clouds"},"ghi":60.5,"dhi":36.87,"timestamp_local":"2022-06-13T06:00:00","solar_rad":55.583935,"vis":10,"dni":321.09,"temp":11.9,"slp":1020,"clouds":43,"ts":1655092800},{"precip_rate":0,"rh":87,"wind_spd":2.2,"timestamp_utc":"2022-06-13T04:15:00","snow_rate":0,"app_temp":12.1,"pres":1010.03674,"azimuth":61.74,"dewpt":10,"uv":1.2,"elev_angle":7.88,"wind_dir":246,"weather":{"icon":"c03d","code":803,"description":"Broken clouds"},"ghi":92.9,"dhi":43.19,"timestamp_local":"2022-06-13T06:15:00","solar_rad":84.96772,"vis":10,"dni":379.89,"temp":12.1,"slp":1020,"clouds":44,"ts":1655093700},{"precip_rate":0,"rh":86,"wind_spd":2.4,"timestamp_utc":"2022-06-13T04:30:00","snow_rate":0,"app_temp":12.3,"pres":1010.0432,"azimuth":64.54,"dewpt":10,"uv":1.3,"elev_angle":9.95,"wind_dir":248,"weather":{"icon":"c03d","code":803,"description":"Broken clouds"},"ghi":125.3,"dhi":49.52,"timestamp_local":"2022-06-13T06:30:00","solar_rad":114.055374,"vis":10,"dni":438.7,"temp":12.3,"slp":1020,"clouds":45,"ts":1655094600},{"precip_rate":0,"rh":85,"wind_spd":2.6,"timestamp_utc":"2022-06-13T04:45:00","snow_rate":0,"app_temp":12.4,"pres":1010.0496,"azimuth":67.33,"dewpt":10,"uv":1.3,"elev_angle":12.02,"wind_dir":250,"weather":{"icon":"c03d","code":803,"description":"Broken clouds"},"ghi":157.8,"dhi":55.84,"timestamp_local":"2022-06-13T06:45:00","solar_rad":142.91406,"vis":10,"dni":497.5,"temp":12.4,"slp":1020,"clouds":46,"ts":1655095500},{"precip_rate":0,"rh":84,"wind_spd":2.8,"timestamp_utc":"2022-06-13T05:00:00","snow_rate":0,"app_temp":12.6,"pres":1010.056,"azimuth":70.13,"dewpt":10,"uv":1.3,"elev_angle":14.09,"wind_dir":252,"weather":{"icon":"c03d","code":803,"description":"Broken clouds"},"ghi":190.2,"dhi":62.16,"timestamp_local":"2022-06-13T07:00:00","solar_rad":171.33783,"vis":10,"dni":556.3,"temp":12.6,"slp":1020,"clouds":47,"ts":1655096400},{"precip_rate":0,"rh":83,"wind_spd":3,"timestamp_utc":"2022-06-13T05:15:00","snow_rate":0,"app_temp":12.9,"pres":1010.0656,"azimuth":72.91,"dewpt":10.1,"uv":1.4,"elev_angle":16.31,"wind_dir":256,"weather":{"icon":"c03d","code":803,"description":"Broken clouds"},"ghi":228.4,"dhi":66.66,"timestamp_local":"2022-06-13T07:15:00","solar_rad":205.71661,"vis":10,"dni":589.62,"temp":12.9,"slp":1020,"clouds":47,"ts":1655097300},{"precip_rate":0,"rh":82,"wind_spd":3.2,"timestamp_utc":"2022-06-13T05:30:00","snow_rate":0,"app_temp":13.2,"pres":1010.0752,"azimuth":75.69,"dewpt":10.1,"uv":1.5,"elev_angle":18.54,"wind_dir":259,"weather":{"icon":"c03d","code":803,"description":"Broken clouds"},"ghi":266.6,"dhi":71.16,"timestamp_local":"2022-06-13T07:30:00","solar_rad":240.08542,"vis":10,"dni":622.94,"temp":13.2,"slp":1020,"clouds":47,"ts":1655098200},{"precip_rate":0,"rh":81,"wind_spd":3.4,"timestamp_utc":"2022-06-13T05:45:00","snow_rate":0,"app_temp":13.4,"pres":1010.0847,"azimuth":78.47,"dewpt":10.2,"uv":1.5,"elev_angle":20.76,"wind_dir":262,"weather":{"icon":"c03d","code":803,"description":"Broken clouds"},"ghi":304.8,"dhi":75.65,"timestamp_local":"2022-06-13T07:45:00","solar_rad":274.44473,"vis":10,"dni":656.26,"temp":13.4,"slp":1020,"clouds":47,"ts":1655099100},{"precip_rate":0,"rh":80,"wind_spd":3.6,"timestamp_utc":"2022-06-13T06:00:00","snow_rate":0,"app_temp":13.7,"pres":1010.0943,"azimuth":81.25,"dewpt":10.3,"uv":1.7,"elev_angle":22.98,"wind_dir":266,"weather":{"icon":"c03d","code":803,"description":"Broken clouds"},"ghi":343,"dhi":80.15,"timestamp_local":"2022-06-13T08:00:00","solar_rad":308.7951,"vis":10,"dni":689.58,"temp":13.7,"slp":1020,"clouds":47,"ts":1655100000},{"precip_rate":0.25,"rh":78,"wind_spd":3.6,"timestamp_utc":"2022-06-13T06:15:00","snow_rate":0,"app_temp":14.1,"pres":1010.10693,"azimuth":84.16,"dewpt":10.3,"uv":1.8,"elev_angle":25.27,"wind_dir":267,"weather":{"icon":"c03d","code":803,"description":"Broken clouds"},"ghi":382.1,"dhi":83.54,"timestamp_local":"2022-06-13T08:15:00","solar_rad":345.88654,"vis":10,"dni":710.82,"temp":14.1,"slp":1020,"clouds":46,"ts":1655100900},{"precip_rate":0.5,"rh":76,"wind_spd":3.6,"timestamp_utc":"2022-06-13T06:30:00","snow_rate":0,"app_temp":14.4,"pres":1010.1196,"azimuth":87.07,"dewpt":10.3,"uv":2,"elev_angle":27.56,"wind_dir":268,"weather":{"icon":"c03d","code":803,"description":"Broken clouds"},"ghi":421.2,"dhi":86.92,"timestamp_local":"2022-06-13T08:30:00","solar_rad":385.11548,"vis":10,"dni":732.06,"temp":14.4,"slp":1020,"clouds":44,"ts":1655101800},{"precip_rate":0.75,"rh":75,"wind_spd":3.6,"timestamp_utc":"2022-06-13T06:45:00","snow_rate":0,"app_temp":14.8,"pres":1010.13226,"azimuth":89.98,"dewpt":10.4,"uv":2.2,"elev_angle":29.84,"wind_dir":269,"weather":{"icon":"r01d","code":500,"description":"Light rain"},"ghi":460.3,"dhi":90.31,"timestamp_local":"2022-06-13T08:45:00","solar_rad":422.642,"vis":10,"dni":753.3,"temp":14.8,"slp":1020,"clouds":43,"ts":1655102700},{"precip_rate":1,"rh":73,"wind_spd":3.6,"timestamp_utc":"2022-06-13T07:00:00","snow_rate":0,"app_temp":15.2,"pres":1010.1449,"azimuth":92.89,"dewpt":10.4,"uv":2.5,"elev_angle":32.13,"wind_dir":270,"weather":{"icon":"r01d","code":500,"description":"Light rain"},"ghi":499.5,"dhi":93.69,"timestamp_local":"2022-06-13T09:00:00","solar_rad":460.6612,"vis":10,"dni":774.54,"temp":15.2,"slp":1020,"clouds":42,"ts":1655103600},{"precip_rate":0.75,"rh":71,"wind_spd":3.5,"timestamp_utc":"2022-06-13T07:15:00","snow_rate":0,"app_temp":15.4,"pres":1010.1512,"azimuth":96.14,"dewpt":10.1,"uv":2.7,"elev_angle":34.39,"wind_dir":268,"weather":{"icon":"r01d","code":500,"description":"Light rain"},"ghi":535.7,"dhi":96.23,"timestamp_local":"2022-06-13T09:15:00","solar_rad":496.31174,"vis":10,"dni":788.67,"temp":15.4,"slp":1020,"clouds":41,"ts":1655104500},{"precip_rate":0.5,"rh":70,"wind_spd":3.4,"timestamp_utc":"2022-06-13T07:30:00","snow_rate":0,"app_temp":15.5,"pres":1010.1575,"azimuth":99.39,"dewpt":10.1,"uv":3,"elev_angle":36.66,"wind_dir":266,"weather":{"icon":"c02d","code":802,"description":"Scattered clouds"},"ghi":572,"dhi":98.78,"timestamp_local":"2022-06-13T09:30:00","solar_rad":549.16284,"vis":10,"dni":802.8,"temp":15.5,"slp":1020,"clouds":40,"ts":1655105400},{"precip_rate":0.25,"rh":68,"wind_spd":3.3,"timestamp_utc":"2022-06-13T07:45:00","snow_rate":0,"app_temp":15.7,"pres":1010.16376,"azimuth":102.63,"dewpt":9.8,"uv":3.3,"elev_angle":38.92,"wind_dir":264,"weather":{"icon":"c02d","code":802,"description":"Scattered clouds"},"ghi":608.2,"dhi":101.32,"timestamp_local":"2022-06-13T09:45:00","solar_rad":587.8036,"vis":10,"dni":816.92,"temp":15.7,"slp":1020,"clouds":38,"ts":1655106300},{"precip_rate":0,"rh":66,"wind_spd":3.2,"timestamp_utc":"2022-06-13T08:00:00","snow_rate":0,"app_temp":15.9,"pres":1010.17004,"azimuth":105.88,"dewpt":9.6,"uv":3.6,"elev_angle":41.18,"wind_dir":262,"weather":{"icon":"c02d","code":802,"description":"Scattered clouds"},"ghi":644.5,"dhi":103.86,"timestamp_local":"2022-06-13T10:00:00","solar_rad":624.7598,"vis":10,"dni":831.05,"temp":15.9,"slp":1020,"clouds":37,"ts":1655107200},{"precip_rate":0,"rh":65,"wind_spd":3.3,"timestamp_utc":"2022-06-13T08:15:00","snow_rate":0,"app_temp":15.9,"pres":1010.4176,"azimuth":109.79,"dewpt":9.3,"uv":3.9,"elev_angle":43.28,"wind_dir":264,"weather":{"icon":"c02d","code":802,"description":"Scattered clouds"},"ghi":674.7,"dhi":105.69,"timestamp_local":"2022-06-13T10:15:00","solar_rad":654.03485,"vis":10,"dni":840.36,"temp":15.9,"slp":1020.25,"clouds":37,"ts":1655108100},{"precip_rate":0,"rh":64,"wind_spd":3.4,"timestamp_utc":"2022-06-13T08:30:00","snow_rate":0,"app_temp":15.9,"pres":1010.6652,"azimuth":113.7,"dewpt":9.1,"uv":4.2,"elev_angle":45.38,"wind_dir":265,"weather":{"icon":"c02d","code":802,"description":"Scattered clouds"},"ghi":704.8,"dhi":107.51,"timestamp_local":"2022-06-13T10:30:00","solar_rad":685.13306,"vis":10,"dni":849.67,"temp":15.9,"slp":1020.5,"clouds":36,"ts":1655109000},{"precip_rate":0,"rh":64,"wind_spd":3.5,"timestamp_utc":"2022-06-13T08:45:00","snow_rate":0,"app_temp":15.9,"pres":1010.91284,"azimuth":117.6,"dewpt":9.1,"uv":4.5,"elev_angle":47.48,"wind_dir":266,"weather":{"icon":"c02d","code":802,"description":"Scattered clouds"},"ghi":735,"dhi":109.34,"timestamp_local":"2022-06-13T10:45:00","solar_rad":714.49036,"vis":10,"dni":858.98,"temp":15.9,"slp":1020.75,"clouds":36,"ts":1655109900},{"precip_rate":0,"rh":63,"wind_spd":3.6,"timestamp_utc":"2022-06-13T09:00:00","snow_rate":0,"app_temp":15.9,"pres":1011.1604,"azimuth":121.51,"dewpt":8.9,"uv":4.8,"elev_angle":49.58,"wind_dir":268,"weather":{"icon":"c02d","code":802,"description":"Scattered clouds"},"ghi":765.2,"dhi":111.16,"timestamp_local":"2022-06-13T11:00:00","solar_rad":743.84766,"vis":10,"dni":868.29,"temp":15.9,"slp":1021,"clouds":36,"ts":1655110800},{"precip_rate":0.125,"rh":61,"wind_spd":4,"timestamp_utc":"2022-06-13T09:15:00","snow_rate":0,"app_temp":16,"pres":1011.1635,"azimuth":126.5,"dewpt":8.5,"uv":4.5,"elev_angle":51.3,"wind_dir":272,"weather":{"icon":"c03d","code":803,"description":"Broken clouds"},"ghi":786.6,"dhi":112.34,"timestamp_local":"2022-06-13T11:15:00","solar_rad":723.9872,"vis":10,"dni":873.97,"temp":16,"slp":1021,"clouds":49,"ts":1655111700},{"precip_rate":0.25,"rh":58,"wind_spd":4.4,"timestamp_utc":"2022-06-13T09:30:00","snow_rate":0,"app_temp":16.1,"pres":1011.1666,"azimuth":131.5,"dewpt":7.8,"uv":4.1,"elev_angle":53.03,"wind_dir":276,"weather":{"icon":"c03d","code":803,"description":"Broken clouds"},"ghi":808.1,"dhi":113.52,"timestamp_local":"2022-06-13T11:30:00","solar_rad":664.9342,"vis":10,"dni":879.65,"temp":16.1,"slp":1021,"clouds":62,"ts":1655112600},{"precip_rate":0.375,"rh":56,"wind_spd":4.8,"timestamp_utc":"2022-06-13T09:45:00","snow_rate":0,"app_temp":16.2,"pres":1011.1698,"azimuth":136.49,"dewpt":7.4,"uv":3.7,"elev_angle":54.75,"wind_dir":280,"weather":{"icon":"c04d","code":804,"description":"Overcast clouds"},"ghi":829.6,"dhi":114.7,"timestamp_local":"2022-06-13T11:45:00","solar_rad":561.3751,"vis":10,"dni":885.33,"temp":16.2,"slp":1021,"clouds":74,"ts":1655113500},{"precip_rate":0.5,"rh":54,"wind_spd":5.2,"timestamp_utc":"2022-06-13T10:00:00","snow_rate":0,"app_temp":16.3,"pres":1011.1729,"azimuth":141.48,"dewpt":7,"uv":3.1,"elev_angle":56.47,"wind_dir":284,"weather":{"icon":"c04d","code":804,"description":"Overcast clouds"},"ghi":851.1,"dhi":115.88,"timestamp_local":"2022-06-13T12:00:00","solar_rad":374.02292,"vis":10,"dni":891.01,"temp":16.3,"slp":1021,"clouds":87,"ts":1655114400},{"precip_rate":0.375,"rh":54,"wind_spd":5.2,"timestamp_utc":"2022-06-13T10:15:00","snow_rate":0,"app_temp":16.2,"pres":1011.41736,"azimuth":147.83,"dewpt":6.9,"uv":3.5,"elev_angle":57.48,"wind_dir":286,"weather":{"icon":"c04d","code":804,"description":"Overcast clouds"},"ghi":862.1,"dhi":116.45,"timestamp_local":"2022-06-13T12:15:00","solar_rad":466.94522,"vis":10,"dni":893.67,"temp":16.2,"slp":1021.25,"clouds":82,"ts":1655115300},{"precip_rate":0.25,"rh":55,"wind_spd":5.2,"timestamp_utc":"2022-06-13T10:30:00","snow_rate":0,"app_temp":16.1,"pres":1011.66187,"azimuth":154.18,"dewpt":7.1,"uv":3.9,"elev_angle":58.49,"wind_dir":287,"weather":{"icon":"c04d","code":804,"description":"Overcast clouds"},"ghi":873.1,"dhi":117.03,"timestamp_local":"2022-06-13T12:30:00","solar_rad":564.01874,"vis":10,"dni":896.34,"temp":16.1,"slp":1021.5,"clouds":76,"ts":1655116200},{"precip_rate":0.125,"rh":56,"wind_spd":5.2,"timestamp_utc":"2022-06-13T10:45:00","snow_rate":0,"app_temp":16,"pres":1011.9063,"azimuth":160.53,"dewpt":7.2,"uv":4.3,"elev_angle":59.49,"wind_dir":288,"weather":{"icon":"c03d","code":803,"description":"Broken clouds"},"ghi":884.1,"dhi":117.6,"timestamp_local":"2022-06-13T12:45:00","solar_rad":647.46594,"vis":10,"dni":899,"temp":16,"slp":1021.75,"clouds":70,"ts":1655117100},{"precip_rate":0,"rh":56,"wind_spd":5.2,"timestamp_utc":"2022-06-13T11:00:00","snow_rate":0,"app_temp":15.9,"pres":1012.15076,"azimuth":166.88,"dewpt":7.1,"uv":4.7,"elev_angle":60.5,"wind_dir":290,"weather":{"icon":"c03d","code":803,"description":"Broken clouds"},"ghi":895.1,"dhi":118.17,"timestamp_local":"2022-06-13T13:00:00","solar_rad":708.88293,"vis":10,"dni":901.66,"temp":15.9,"slp":1022,"clouds":65,"ts":1655118000},{"precip_rate":0,"rh":54,"wind_spd":5.2,"timestamp_utc":"2022-06-13T11:15:00","snow_rate":0,"app_temp":16.3,"pres":1011.91565,"azimuth":173.91,"dewpt":7,"uv":5.2,"elev_angle":60.46,"wind_dir":290,"weather":{"icon":"c03d","code":803,"description":"Broken clouds"},"ghi":894.7,"dhi":118.15,"timestamp_local":"2022-06-13T13:15:00","solar_rad":775.60474,"vis":10,"dni":901.57,"temp":16.3,"slp":1021.75,"clouds":57,"ts":1655118900},{"precip_rate":0,"rh":52,"wind_spd":5.2,"timestamp_utc":"2022-06-13T11:30:00","snow_rate":0,"app_temp":16.6,"pres":1011.68054,"azimuth":180.94,"dewpt":6.8,"uv":5.7,"elev_angle":60.43,"wind_dir":291,"weather":{"icon":"c03d","code":803,"description":"Broken clouds"},"ghi":894.3,"dhi":118.13,"timestamp_local":"2022-06-13T13:30:00","solar_rad":827.93396,"vis":10,"dni":901.48,"temp":16.6,"slp":1021.5,"clouds":48,"ts":1655119800},{"precip_rate":0,"rh":50,"wind_spd":5.2,"timestamp_utc":"2022-06-13T11:45:00","snow_rate":0,"app_temp":17,"pres":1011.4454,"azimuth":187.97,"dewpt":6.5,"uv":6.2,"elev_angle":60.39,"wind_dir":292,"weather":{"icon":"c02d","code":802,"description":"Scattered clouds"},"ghi":893.9,"dhi":118.11,"timestamp_local":"2022-06-13T13:45:00","solar_rad":858.21094,"vis":10,"dni":901.38,"temp":17,"slp":1021.25,"clouds":40,"ts":1655120700},{"precip_rate":0,"rh":48,"wind_spd":5.2,"timestamp_utc":"2022-06-13T12:00:00","snow_rate":0,"app_temp":17.4,"pres":1011.21027,"azimuth":195,"dewpt":6.3,"uv":6.7,"elev_angle":60.35,"wind_dir":292,"weather":{"icon":"c02d","code":802,"description":"Scattered clouds"},"ghi":893.5,"dhi":118.09,"timestamp_local":"2022-06-13T14:00:00","solar_rad":876.795,"vis":10,"dni":901.29,"temp":17.4,"slp":1021,"clouds":32,"ts":1655121600},{"precip_rate":0,"rh":48,"wind_spd":5.5,"timestamp_utc":"2022-06-13T12:15:00","snow_rate":0,"app_temp":17.5,"pres":1011.2134,"azimuth":201.27,"dewpt":6.4,"uv":6.2,"elev_angle":59.28,"wind_dir":294,"weather":{"icon":"c02d","code":802,"description":"Scattered clouds"},"ghi":881.8,"dhi":117.48,"timestamp_local":"2022-06-13T14:15:00","solar_rad":854.7916,"vis":10,"dni":898.44,"temp":17.5,"slp":1021,"clouds":37,"ts":1655122500},{"precip_rate":0,"rh":47,"wind_spd":5.8,"timestamp_utc":"2022-06-13T12:30:00","snow_rate":0,"app_temp":17.6,"pres":1011.21643,"azimuth":207.53,"dewpt":6.2,"uv":5.8,"elev_angle":58.22,"wind_dir":295,"weather":{"icon":"c03d","code":803,"description":"Broken clouds"},"ghi":870,"dhi":116.87,"timestamp_local":"2022-06-13T14:30:00","solar_rad":828.9976,"vis":10,"dni":895.59,"temp":17.6,"slp":1021,"clouds":42,"ts":1655123400},{"precip_rate":0,"rh":46,"wind_spd":6.1,"timestamp_utc":"2022-06-13T12:45:00","snow_rate":0,"app_temp":17.7,"pres":1011.21954,"azimuth":213.8,"dewpt":5.9,"uv":5.4,"elev_angle":57.15,"wind_dir":296,"weather":{"icon":"c03d","code":803,"description":"Broken clouds"},"ghi":858.3,"dhi":116.25,"timestamp_local":"2022-06-13T14:45:00","solar_rad":803.18646,"vis":10,"dni":892.73,"temp":17.7,"slp":1021,"clouds":46,"ts":1655124300},{"precip_rate":0,"rh":46,"wind_spd":6.4,"timestamp_utc":"2022-06-13T13:00:00","snow_rate":0,"app_temp":17.8,"pres":1011.22266,"azimuth":220.06,"dewpt":6,"uv":5,"elev_angle":56.08,"wind_dir":298,"weather":{"icon":"c03d","code":803,"description":"Broken clouds"},"ghi":846.5,"dhi":115.64,"timestamp_local":"2022-06-13T15:00:00","solar_rad":769.30164,"vis":10,"dni":889.88,"temp":17.8,"slp":1021,"clouds":51,"ts":1655125200},{"precip_rate":0,"rh":46,"wind_spd":6.3,"timestamp_utc":"2022-06-13T13:15:00","snow_rate":0,"app_temp":17.9,"pres":1011.4734,"azimuth":224.97,"dewpt":6.1,"uv":4.7,"elev_angle":54.32,"wind_dir":300,"weather":{"icon":"c03d","code":803,"description":"Broken clouds"},"ghi":824.4,"dhi":114.42,"timestamp_local":"2022-06-13T15:15:00","solar_rad":744.0859,"vis":10,"dni":883.98,"temp":17.9,"slp":1021.25,"clouds":52,"ts":1655126100},{"precip_rate":0,"rh":46,"wind_spd":6.2,"timestamp_utc":"2022-06-13T13:30:00","snow_rate":0,"app_temp":17.9,"pres":1011.72406,"azimuth":229.88,"dewpt":6.2,"uv":4.5,"elev_angle":52.57,"wind_dir":301,"weather":{"icon":"c03d","code":803,"description":"Broken clouds"},"ghi":802.3,"dhi":113.2,"timestamp_local":"2022-06-13T15:30:00","solar_rad":718.90936,"vis":10,"dni":878.08,"temp":17.9,"slp":1021.5,"clouds":53,"ts":1655127000},{"precip_rate":0,"rh":45,"wind_spd":6.1,"timestamp_utc":"2022-06-13T13:45:00","snow_rate":0,"app_temp":18,"pres":1011.97473,"azimuth":234.78,"dewpt":5.9,"uv":4.2,"elev_angle":50.81,"wind_dir":302,"weather":{"icon":"c03d","code":803,"description":"Broken clouds"},"ghi":780.2,"dhi":111.97,"timestamp_local":"2022-06-13T15:45:00","solar_rad":693.7854,"vis":10,"dni":872.18,"temp":18,"slp":1021.75,"clouds":54,"ts":1655127900},{"precip_rate":0,"rh":45,"wind_spd":6,"timestamp_utc":"2022-06-13T14:00:00","snow_rate":0,"app_temp":18.1,"pres":1012.22546,"azimuth":239.69,"dewpt":6,"uv":3.9,"elev_angle":49.05,"wind_dir":304,"weather":{"icon":"c03d","code":803,"description":"Broken clouds"},"ghi":758,"dhi":110.75,"timestamp_local":"2022-06-13T16:00:00","solar_rad":668.63965,"vis":10,"dni":866.28,"temp":18.1,"slp":1022,"clouds":55,"ts":1655128800},{"precip_rate":0,"rh":45,"wind_spd":5.9,"timestamp_utc":"2022-06-13T14:15:00","snow_rate":0,"app_temp":18.1,"pres":1012.22546,"azimuth":243.54,"dewpt":6,"uv":3.8,"elev_angle":46.94,"wind_dir":305,"weather":{"icon":"c03d","code":803,"description":"Broken clouds"},"ghi":727.4,"dhi":108.88,"timestamp_local":"2022-06-13T16:15:00","solar_rad":656.53577,"vis":10,"dni":856.69,"temp":18.1,"slp":1022,"clouds":52,"ts":1655129700},{"precip_rate":0,"rh":44,"wind_spd":5.8,"timestamp_utc":"2022-06-13T14:30:00","snow_rate":0,"app_temp":18.1,"pres":1012.22546,"azimuth":247.39,"dewpt":5.7,"uv":3.7,"elev_angle":44.82,"wind_dir":306,"weather":{"icon":"c03d","code":803,"description":"Broken clouds"},"ghi":696.7,"dhi":107.01,"timestamp_local":"2022-06-13T16:30:00","solar_rad":644.99786,"vis":10,"dni":847.11,"temp":18.1,"slp":1022,"clouds":48,"ts":1655130600},{"precip_rate":0,"rh":44,"wind_spd":5.7,"timestamp_utc":"2022-06-13T14:45:00","snow_rate":0,"app_temp":18.1,"pres":1012.22546,"azimuth":251.23,"dewpt":5.7,"uv":3.6,"elev_angle":42.71,"wind_dir":307,"weather":{"icon":"c03d","code":803,"description":"Broken clouds"},"ghi":666.1,"dhi":105.14,"timestamp_local":"2022-06-13T16:45:00","solar_rad":629.3277,"vis":10,"dni":837.52,"temp":18.1,"slp":1022,"clouds":44,"ts":1655131500},{"precip_rate":0,"rh":44,"wind_spd":5.6,"timestamp_utc":"2022-06-13T15:00:00","snow_rate":0,"app_temp":18.1,"pres":1012.22546,"azimuth":255.08,"dewpt":5.7,"uv":3.4,"elev_angle":40.59,"wind_dir":308,"weather":{"icon":"c03d","code":803,"description":"Broken clouds"},"ghi":635.4,"dhi":103.27,"timestamp_local":"2022-06-13T17:00:00","solar_rad":607.8098,"vis":10,"dni":827.93,"temp":18.1,"slp":1022,"clouds":41,"ts":1655132400},{"precip_rate":0,"rh":44,"wind_spd":5.4,"timestamp_utc":"2022-06-13T15:15:00","snow_rate":0,"app_temp":18.1,"pres":1012.22546,"azimuth":258.3,"dewpt":5.7,"uv":3.1,"elev_angle":38.32,"wind_dir":308,"weather":{"icon":"c03d","code":803,"description":"Broken clouds"},"ghi":598.9,"dhi":100.68,"timestamp_local":"2022-06-13T17:15:00","solar_rad":565.83746,"vis":10,"dni":813.42,"temp":18.1,"slp":1022,"clouds":44,"ts":1655133300},{"precip_rate":0,"rh":44,"wind_spd":5.2,"timestamp_utc":"2022-06-13T15:30:00","snow_rate":0,"app_temp":18.1,"pres":1012.22546,"azimuth":261.52,"dewpt":5.7,"uv":2.7,"elev_angle":36.06,"wind_dir":309,"weather":{"icon":"c03d","code":803,"description":"Broken clouds"},"ghi":562.3,"dhi":98.09,"timestamp_local":"2022-06-13T17:30:00","solar_rad":526.19336,"vis":10,"dni":798.91,"temp":18.1,"slp":1022,"clouds":46,"ts":1655134200},{"precip_rate":0,"rh":45,"wind_spd":5,"timestamp_utc":"2022-06-13T15:45:00","snow_rate":0,"app_temp":18.1,"pres":1012.22546,"azimuth":264.74,"dewpt":6,"uv":2.4,"elev_angle":33.79,"wind_dir":310,"weather":{"icon":"c03d","code":803,"description":"Broken clouds"},"ghi":525.8,"dhi":95.49,"timestamp_local":"2022-06-13T17:45:00","solar_rad":483.9467,"vis":10,"dni":784.4,"temp":18.1,"slp":1022,"clouds":49,"ts":1655135100},{"precip_rate":0,"rh":45,"wind_spd":4.8,"timestamp_utc":"2022-06-13T16:00:00","snow_rate":0,"app_temp":18.1,"pres":1012.22546,"azimuth":267.96,"dewpt":6,"uv":2.2,"elev_angle":31.52,"wind_dir":310,"weather":{"icon":"c03d","code":803,"description":"Broken clouds"},"ghi":489.2,"dhi":92.9,"timestamp_local":"2022-06-13T18:00:00","solar_rad":441.5415,"vis":10,"dni":769.89,"temp":18.1,"slp":1022,"clouds":52,"ts":1655136000},{"precip_rate":0,"rh":45,"wind_spd":4.7,"timestamp_utc":"2022-06-13T16:15:00","snow_rate":0,"app_temp":18,"pres":1012.22235,"azimuth":270.86,"dewpt":5.9,"uv":1.9,"elev_angle":29.24,"wind_dir":310,"weather":{"icon":"c03d","code":803,"description":"Broken clouds"},"ghi":450,"dhi":89.45,"timestamp_local":"2022-06-13T18:15:00","solar_rad":390.09964,"vis":10,"dni":748.06,"temp":18,"slp":1022,"clouds":57,"ts":1655136900},{"precip_rate":0,"rh":46,"wind_spd":4.6,"timestamp_utc":"2022-06-13T16:30:00","snow_rate":0,"app_temp":17.9,"pres":1012.21924,"azimuth":273.75,"dewpt":6.2,"uv":1.6,"elev_angle":26.95,"wind_dir":311,"weather":{"icon":"c03d","code":803,"description":"Broken clouds"},"ghi":410.9,"dhi":86.01,"timestamp_local":"2022-06-13T18:30:00","solar_rad":338.10352,"vis":10,"dni":726.22,"temp":17.9,"slp":1022,"clouds":62,"ts":1655137800},{"precip_rate":0,"rh":46,"wind_spd":4.5,"timestamp_utc":"2022-06-13T16:45:00","snow_rate":0,"app_temp":17.9,"pres":1012.2162,"azimuth":276.65,"dewpt":6.1,"uv":1.4,"elev_angle":24.67,"wind_dir":312,"weather":{"icon":"c03d","code":803,"description":"Broken clouds"},"ghi":371.7,"dhi":82.56,"timestamp_local":"2022-06-13T18:45:00","solar_rad":285.97858,"vis":10,"dni":704.39,"temp":17.9,"slp":1022,"clouds":67,"ts":1655138700},{"precip_rate":0,"rh":46,"wind_spd":4.4,"timestamp_utc":"2022-06-13T17:00:00","snow_rate":0,"app_temp":17.8,"pres":1012.2131,"azimuth":279.54,"dewpt":6,"uv":1.2,"elev_angle":22.38,"wind_dir":312,"weather":{"icon":"c04d","code":804,"description":"Overcast clouds"},"ghi":332.5,"dhi":79.11,"timestamp_local":"2022-06-13T19:00:00","solar_rad":234.55898,"vis":10,"dni":682.55,"temp":17.8,"slp":1022,"clouds":72,"ts":1655139600},{"precip_rate":0,"rh":47,"wind_spd":4.3,"timestamp_utc":"2022-06-13T17:15:00","snow_rate":0,"app_temp":17.6,"pres":1012.20685,"azimuth":282.32,"dewpt":6.2,"uv":1,"elev_angle":20.17,"wind_dir":314,"weather":{"icon":"c04d","code":804,"description":"Overcast clouds"},"ghi":294.6,"dhi":74.53,"timestamp_local":"2022-06-13T19:15:00","solar_rad":175.63824,"vis":10,"dni":648.14,"temp":17.6,"slp":1022,"clouds":79,"ts":1655140500},{"precip_rate":0,"rh":48,"wind_spd":4.2,"timestamp_utc":"2022-06-13T17:30:00","snow_rate":0,"app_temp":17.4,"pres":1012.2007,"azimuth":285.1,"dewpt":6.3,"uv":0.9,"elev_angle":17.96,"wind_dir":315,"weather":{"icon":"c04d","code":804,"description":"Overcast clouds"},"ghi":256.6,"dhi":69.94,"timestamp_local":"2022-06-13T19:30:00","solar_rad":118.309006,"vis":10,"dni":613.73,"temp":17.4,"slp":1022,"clouds":86,"ts":1655141400},{"precip_rate":0,"rh":48,"wind_spd":4.1,"timestamp_utc":"2022-06-13T17:45:00","snow_rate":0,"app_temp":17.2,"pres":1012.19446,"azimuth":287.87,"dewpt":6.1,"uv":0.7,"elev_angle":15.74,"wind_dir":316,"weather":{"icon":"c04d","code":804,"description":"Overcast clouds"},"ghi":218.7,"dhi":65.36,"timestamp_local":"2022-06-13T19:45:00","solar_rad":130.26814,"vis":10,"dni":579.31,"temp":17.2,"slp":1022,"clouds":93,"ts":1655142300},{"precip_rate":0,"rh":49,"wind_spd":4,"timestamp_utc":"2022-06-13T18:00:00","snow_rate":0,"app_temp":17,"pres":1012.18823,"azimuth":290.65,"dewpt":6.2,"uv":0.6,"elev_angle":13.53,"wind_dir":318,"weather":{"icon":"c04d","code":804,"description":"Overcast clouds"},"ghi":180.7,"dhi":60.77,"timestamp_local":"2022-06-13T20:00:00","solar_rad":78.84,"vis":10,"dni":544.9,"temp":17,"slp":1022,"clouds":100,"ts":1655143200},{"precip_rate":0,"rh":51,"wind_spd":3.9,"timestamp_utc":"2022-06-13T18:15:00","snow_rate":0,"app_temp":16.7,"pres":1012.17883,"azimuth":293.45,"dewpt":6.5,"uv":0.7,"elev_angle":11.47,"wind_dir":320,"weather":{"icon":"c04d","code":804,"description":"Overcast clouds"},"ghi":148.9,"dhi":54.28,"timestamp_local":"2022-06-13T20:15:00","solar_rad":55.238365,"vis":10,"dni":483.51,"temp":16.7,"slp":1022,"clouds":90,"ts":1655144100},{"precip_rate":0,"rh":52,"wind_spd":3.8,"timestamp_utc":"2022-06-13T18:30:00","snow_rate":0,"app_temp":16.4,"pres":1012.1695,"azimuth":296.26,"dewpt":6.6,"uv":0.8,"elev_angle":9.42,"wind_dir":322,"weather":{"icon":"c04d","code":804,"description":"Overcast clouds"},"ghi":117.1,"dhi":47.79,"timestamp_local":"2022-06-13T20:30:00","solar_rad":67.74793,"vis":10,"dni":422.12,"temp":16.4,"slp":1022,"clouds":80,"ts":1655145000},{"precip_rate":0,"rh":54,"wind_spd":3.7,"timestamp_utc":"2022-06-13T18:45:00","snow_rate":0,"app_temp":16.2,"pres":1012.16016,"azimuth":299.06,"dewpt":6.9,"uv":0.9,"elev_angle":7.36,"wind_dir":324,"weather":{"icon":"c04d","code":804,"description":"Overcast clouds"},"ghi":85.3,"dhi":41.29,"timestamp_local":"2022-06-13T20:45:00","solar_rad":61.34093,"vis":10,"dni":360.72,"temp":16.2,"slp":1022,"clouds":71,"ts":1655145900},{"precip_rate":0,"rh":56,"wind_spd":3.6,"timestamp_utc":"2022-06-13T19:00:00","snow_rate":0,"app_temp":15.9,"pres":1012.15076,"azimuth":301.86,"dewpt":7.1,"uv":1,"elev_angle":5.3,"wind_dir":326,"weather":{"icon":"c03d","code":803,"description":"Broken clouds"},"ghi":53.5,"dhi":34.8,"timestamp_local":"2022-06-13T21:00:00","solar_rad":44.531544,"vis":10,"dni":299.33,"temp":15.9,"slp":1022,"clouds":61,"ts":1655146800},{"precip_rate":0,"rh":58,"wind_spd":3.4,"timestamp_utc":"2022-06-13T19:15:00","snow_rate":0,"app_temp":15.4,"pres":1012.38257,"azimuth":304.79,"dewpt":7.2,"uv":1.2,"elev_angle":3.49,"wind_dir":328,"weather":{"icon":"c03n","code":803,"description":"Broken clouds"},"ghi":40.1,"dhi":26.1,"timestamp_local":"2022-06-13T21:15:00","solar_rad":37.124176,"vis":10,"dni":224.5,"temp":15.4,"slp":1022.25,"clouds":48,"ts":1655147700},{"precip_rate":0,"rh":60,"wind_spd":3.2,"timestamp_utc":"2022-06-13T19:30:00","snow_rate":0,"app_temp":15,"pres":1012.6144,"azimuth":307.72,"dewpt":7.3,"uv":1.3,"elev_angle":1.68,"wind_dir":329,"weather":{"icon":"c02n","code":802,"description":"Scattered clouds"},"ghi":26.7,"dhi":17.4,"timestamp_local":"2022-06-13T21:30:00","solar_rad":26.023006,"vis":10,"dni":149.67,"temp":15,"slp":1022.5,"clouds":35,"ts":1655148600},{"precip_rate":0,"rh":62,"wind_spd":3,"timestamp_utc":"2022-06-13T19:45:00","snow_rate":0,"app_temp":14.6,"pres":1012.8461,"azimuth":310.65,"dewpt":7.4,"uv":0,"elev_angle":-0.14,"wind_dir":330,"weather":{"icon":"c02n","code":802,"description":"Scattered clouds"},"ghi":13.4,"dhi":8.7,"timestamp_local":"2022-06-13T21:45:00","solar_rad":13.329922,"vis":10,"dni":74.83,"temp":14.6,"slp":1022.75,"clouds":22,"ts":1655149500},{"precip_rate":0,"rh":64,"wind_spd":2.8,"timestamp_utc":"2022-06-13T20:00:00","snow_rate":0,"app_temp":14.1,"pres":1013.07794,"azimuth":313.58,"dewpt":7.4,"uv":0,"elev_angle":-1.95,"wind_dir":332,"weather":{"icon":"c02n","code":801,"description":"Few clouds"},"ghi":0,"dhi":0,"timestamp_local":"2022-06-13T22:00:00","solar_rad":0,"vis":10,"dni":0,"temp":14.1,"slp":1023,"clouds":9,"ts":1655150400},{"precip_rate":0,"rh":66,"wind_spd":2.6,"timestamp_utc":"2022-06-13T20:15:00","snow_rate":0,"app_temp":13.6,"pres":1013.06195,"azimuth":316.7,"dewpt":7.4,"uv":0,"elev_angle":-3.43,"wind_dir":331,"weather":{"icon":"c02n","code":801,"description":"Few clouds"},"ghi":0,"dhi":0,"timestamp_local":"2022-06-13T22:15:00","solar_rad":0,"vis":10,"dni":0,"temp":13.6,"slp":1023,"clouds":17,"ts":1655151300},{"precip_rate":0,"rh":68,"wind_spd":2.4,"timestamp_utc":"2022-06-13T20:30:00","snow_rate":0,"app_temp":13.2,"pres":1013.0459,"azimuth":319.83,"dewpt":7.4,"uv":0,"elev_angle":-4.91,"wind_dir":330,"weather":{"icon":"c02n","code":802,"description":"Scattered clouds"},"ghi":0,"dhi":0,"timestamp_local":"2022-06-13T22:30:00","solar_rad":0,"vis":10,"dni":0,"temp":13.2,"slp":1023,"clouds":24,"ts":1655152200},{"precip_rate":0,"rh":70,"wind_spd":2.2,"timestamp_utc":"2022-06-13T20:45:00","snow_rate":0,"app_temp":12.7,"pres":1013.0299,"azimuth":322.95,"dewpt":7.4,"uv":0,"elev_angle":-6.39,"wind_dir":329,"weather":{"icon":"c02n","code":802,"description":"Scattered clouds"},"ghi":0,"dhi":0,"timestamp_local":"2022-06-13T22:45:00","solar_rad":0,"vis":10,"dni":0,"temp":12.7,"slp":1023,"clouds":32,"ts":1655153100},{"precip_rate":0,"rh":72,"wind_spd":2,"timestamp_utc":"2022-06-13T21:00:00","snow_rate":0,"app_temp":12.2,"pres":1013.0139,"azimuth":326.07,"dewpt":7.3,"uv":0,"elev_angle":-7.87,"wind_dir":328,"weather":{"icon":"c02n","code":802,"description":"Scattered clouds"},"ghi":0,"dhi":0,"timestamp_local":"2022-06-13T23:00:00","solar_rad":0,"vis":10,"dni":0,"temp":12.2,"slp":1023,"clouds":40,"ts":1655154000},{"precip_rate":0,"rh":74,"wind_spd":1.9,"timestamp_utc":"2022-06-13T21:15:00","snow_rate":0,"app_temp":11.8,"pres":1013.24854,"azimuth":329.4,"dewpt":7.3,"uv":0,"elev_angle":-8.92,"wind_dir":330,"weather":{"icon":"c03n","code":803,"description":"Broken clouds"},"ghi":0,"dhi":0,"timestamp_local":"2022-06-13T23:15:00","solar_rad":0,"vis":10,"dni":0,"temp":11.8,"slp":1023.25,"clouds":43,"ts":1655154900},{"precip_rate":0,"rh":76,"wind_spd":1.8,"timestamp_utc":"2022-06-13T21:30:00","snow_rate":0,"app_temp":11.4,"pres":1013.4831,"azimuth":332.73,"dewpt":7.4,"uv":0,"elev_angle":-9.97,"wind_dir":333,"weather":{"icon":"c03n","code":803,"description":"Broken clouds"},"ghi":0,"dhi":0,"timestamp_local":"2022-06-13T23:30:00","solar_rad":0,"vis":10,"dni":0,"temp":11.4,"slp":1023.5,"clouds":46,"ts":1655155800},{"precip_rate":0,"rh":78,"wind_spd":1.7,"timestamp_utc":"2022-06-13T21:45:00","snow_rate":0,"app_temp":11.1,"pres":1013.71765,"azimuth":336.06,"dewpt":7.4,"uv":0,"elev_angle":-11.02,"wind_dir":336,"weather":{"icon":"c03n","code":803,"description":"Broken clouds"},"ghi":0,"dhi":0,"timestamp_local":"2022-06-13T23:45:00","solar_rad":0,"vis":10,"dni":0,"temp":11.1,"slp":1023.75,"clouds":50,"ts":1655156700},{"precip_rate":0,"rh":80,"wind_spd":1.6,"timestamp_utc":"2022-06-13T22:00:00","snow_rate":0,"app_temp":10.7,"pres":1013.9523,"azimuth":339.39,"dewpt":7.4,"uv":0,"elev_angle":-12.07,"wind_dir":338,"weather":{"icon":"c03n","code":803,"description":"Broken clouds"},"ghi":0,"dhi":0,"timestamp_local":"2022-06-14T00:00:00","solar_rad":0,"vis":10,"dni":0,"temp":10.7,"slp":1024,"clouds":53,"ts":1655157600},{"precip_rate":0,"rh":82,"wind_spd":1.5,"timestamp_utc":"2022-06-13T22:15:00","snow_rate":0,"app_temp":10.3,"pres":1013.9392,"azimuth":342.88,"dewpt":7.4,"uv":0,"elev_angle":-12.61,"wind_dir":334,"weather":{"icon":"c03n","code":803,"description":"Broken clouds"},"ghi":0,"dhi":0,"timestamp_local":"2022-06-14T00:15:00","solar_rad":0,"vis":10,"dni":0,"temp":10.3,"slp":1024,"clouds":64,"ts":1655158500},{"precip_rate":0,"rh":84,"wind_spd":1.4,"timestamp_utc":"2022-06-13T22:30:00","snow_rate":0,"app_temp":10,"pres":1013.9261,"azimuth":346.38,"dewpt":7.4,"uv":0,"elev_angle":-13.16,"wind_dir":331,"weather":{"icon":"c04n","code":804,"description":"Overcast clouds"},"ghi":0,"dhi":0,"timestamp_local":"2022-06-14T00:30:00","solar_rad":0,"vis":10,"dni":0,"temp":10,"slp":1024,"clouds":76,"ts":1655159400},{"precip_rate":0,"rh":86,"wind_spd":1.3,"timestamp_utc":"2022-06-13T22:45:00","snow_rate":0,"app_temp":9.7,"pres":1013.91296,"azimuth":349.87,"dewpt":7.4,"uv":0,"elev_angle":-13.7,"wind_dir":328,"weather":{"icon":"c04n","code":804,"description":"Overcast clouds"},"ghi":0,"dhi":0,"timestamp_local":"2022-06-14T00:45:00","solar_rad":0,"vis":10,"dni":0,"temp":9.7,"slp":1024,"clouds":88,"ts":1655160300},{"precip_rate":0,"rh":88,"wind_spd":1.2,"timestamp_utc":"2022-06-13T23:00:00","snow_rate":0,"app_temp":9.3,"pres":1013.8999,"azimuth":353.36,"dewpt":7.4,"uv":0,"elev_angle":-14.24,"wind_dir":324,"weather":{"icon":"c04n","code":804,"description":"Overcast clouds"},"ghi":0,"dhi":0,"timestamp_local":"2022-06-14T01:00:00","solar_rad":0,"vis":10,"dni":0,"temp":9.3,"slp":1024,"clouds":99,"ts":1655161200},{"precip_rate":0,"rh":88,"wind_spd":1.2,"timestamp_utc":"2022-06-13T23:15:00","snow_rate":0,"app_temp":9.1,"pres":1013.8933,"azimuth":266.91,"dewpt":7.2,"uv":0,"elev_angle":-14.22,"wind_dir":322,"weather":{"icon":"c04n","code":804,"description":"Overcast clouds"},"ghi":0,"dhi":0,"timestamp_local":"2022-06-14T01:15:00","solar_rad":0,"vis":10,"dni":0,"temp":9.1,"slp":1024,"clouds":97,"ts":1655162100},{"precip_rate":0,"rh":89,"wind_spd":1.2,"timestamp_utc":"2022-06-13T23:30:00","snow_rate":0,"app_temp":8.9,"pres":1013.8867,"azimuth":180.46,"dewpt":7.2,"uv":0,"elev_angle":-14.2,"wind_dir":321,"weather":{"icon":"c04n","code":804,"description":"Overcast clouds"},"ghi":0,"dhi":0,"timestamp_local":"2022-06-14T01:30:00","solar_rad":0,"vis":10,"dni":0,"temp":8.9,"slp":1024,"clouds":95,"ts":1655163000},{"precip_rate":0,"rh":90,"wind_spd":1.2,"timestamp_utc":"2022-06-13T23:45:00","snow_rate":0,"app_temp":8.7,"pres":1013.88007,"azimuth":94.01,"dewpt":7.2,"uv":0,"elev_angle":-14.18,"wind_dir":320,"weather":{"icon":"c04n","code":804,"description":"Overcast clouds"},"ghi":0,"dhi":0,"timestamp_local":"2022-06-14T01:45:00","solar_rad":0,"vis":10,"dni":0,"temp":8.7,"slp":1024,"clouds":93,"ts":1655163900}],"sources":["103150-99999","imerg","merra2","era5","modis"],"city_id":"2856883"}
