{"timezone":"Europe\/Berlin","state_code":"06","country_code":"DE","lat":52.2833,"lon":8,"city_name":"Osnabr�ck","station_id":"103150-99999","data":[{"precip_rate":0,"rh":78,"wind_spd":2,"timestamp_utc":"2022-06-01T00:00:00","snow_rate":0,"app_temp":9.6,"pres":1003.0214,"azimuth":8.26,"dewpt":6,"uv":0,"elev_angle":-15.29,"wind_dir":200,"weather":{"icon":"c04n","code":804,"description":"Overcast clouds"},"ghi":0,"dhi":0,"timestamp_local":"2022-06-01T02:00:00","solar_rad":0,"vis":10,"dni":0,"temp":9.6,"slp":1013,"clouds":97,"ts":1654041600},{"precip_rate":0,"rh":78,"wind_spd":2.1,"timestamp_utc":"2022-06-01T00:15:00","snow_rate":0,"app_temp":9.6,"pres":1003.0214,"azimuth":11.79,"dewpt":6,"uv":0,"elev_angle":-14.68,"wind_dir":202,"weather":{"icon":"c04n","code":804,"description":"Overcast clouds"},"ghi":0,"dhi":0,"timestamp_local":"2022-06-01T02:15:00","solar_rad":0,"vis":10,"dni":0,"temp":9.6,"slp":1013,"clouds":97,"ts":1654042500},{"precip_rate":0,"rh":78,"wind_spd":2.2,"timestamp_utc":"2022-06-01T00:30:00","snow_rate":0,"app_temp":9.6,"pres":1003.0214,"azimuth":15.31,"dewpt":6,"uv":0,"elev_angle":-14.08,"wind_dir":205,"weather":{"icon":"c04n","code":804,"description":"Overcast clouds"},"ghi":0,"dhi":0,"timestamp_local":"2022-06-01T02:30:00","solar_rad":0,"vis":10,"dni":0,"temp":9.6,"slp":1013,"clouds":96,"ts":1654043400},{"precip_rate":0,"rh":78,"wind_spd":2.3,"timestamp_utc":"2022-06-01T00:45:00","snow_rate":0,"app_temp":9.6,"pres":1003.0214,"azimuth":18.84,"dewpt":6,"uv":0,"elev_angle":-13.47,"wind_dir":208,"weather":{"icon":"c04n","code":804,"description":"Overcast clouds"},"ghi":0,"dhi":0,"timestamp_local":"2022-06-01T02:45:00","solar_rad":0,"vis":10,"dni":0,"temp":9.6,"slp":1013,"clouds":96,"ts":1654044300},{"precip_rate":0,"rh":78,"wind_spd":2.4,"timestamp_utc":"2022-06-01T01:00:00","snow_rate":0,"app_temp":9.6,"pres":1003.0214,"azimuth":22.36,"dewpt":6,"uv":0,"elev_angle":-12.86,"wind_dir":210,"weather":{"icon":"c04n","code":804,"description":"Overcast clouds"},"ghi":0,"dhi":0,"timestamp_local":"2022-06-01T03:00:00","solar_rad":0,"vis":10,"dni":0,"temp":9.6,"slp":1013,"clouds":96,"ts":1654045200},{"precip_rate":0,"rh":78,"wind_spd":2.5,"timestamp_utc":"2022-06-01T01:15:00","snow_rate":0,"app_temp":9.6,"pres":1003.0214,"azimuth":25.71,"dewpt":6,"uv":0,"elev_angle":-11.75,"wind_dir":214,"weather":{"icon":"c04n","code":804,"description":"Overcast clouds"},"ghi":0,"dhi":0,"timestamp_local":"2022-06-01T03:15:00","solar_rad":0,"vis":10,"dni":0,"temp":9.6,"slp":1013,"clouds":94,"ts":1654046100},{"precip_rate":0,"rh":78,"wind_spd":2.6,"timestamp_utc":"2022-06-01T01:30:00","snow_rate":0,"app_temp":9.6,"pres":1003.0214,"azimuth":29.06,"dewpt":6,"uv":0,"elev_angle":-10.63,"wind_dir":219,"weather":{"icon":"c04n","code":804,"description":"Overcast clouds"},"ghi":0,"dhi":0,"timestamp_local":"2022-06-01T03:30:00","solar_rad":0,"vis":10,"dni":0,"temp":9.6,"slp":1013,"clouds":93,"ts":1654047000},{"precip_rate":0,"rh":78,"wind_spd":2.7,"timestamp_utc":"2022-06-01T01:45:00","snow_rate":0,"app_temp":9.6,"pres":1003.0214,"azimuth":32.4,"dewpt":6,"uv":0,"elev_angle":-9.52,"wind_dir":224,"weather":{"icon":"c04n","code":804,"description":"Overcast clouds"},"ghi":0,"dhi":0,"timestamp_local":"2022-06-01T03:45:00","solar_rad":0,"vis":10,"dni":0,"temp":9.6,"slp":1013,"clouds":92,"ts":1654047900},{"precip_rate":0,"rh":78,"wind_spd":2.8,"timestamp_utc":"2022-06-01T02:00:00","snow_rate":0,"app_temp":9.6,"pres":1003.0214,"azimuth":35.75,"dewpt":6,"uv":0,"elev_angle":-8.4,"wind_dir":228,"weather":{"icon":"c04n","code":804,"description":"Overcast clouds"},"ghi":0,"dhi":0,"timestamp_local":"2022-06-01T04:00:00","solar_rad":0,"vis":10,"dni":0,"temp":9.6,"slp":1013,"clouds":90,"ts":1654048800},{"precip_rate":0.125,"rh":79,"wind_spd":2.9,"timestamp_utc":"2022-06-01T02:15:00","snow_rate":0,"app_temp":9.6,"pres":1003.0214,"azimuth":38.88,"dewpt":6.1,"uv":0,"elev_angle":-6.86,"wind_dir":228,"weather":{"icon":"c04n","code":804,"description":"Overcast clouds"},"ghi":0,"dhi":0,"timestamp_local":"2022-06-01T04:15:00","solar_rad":0,"vis":10,"dni":0,"temp":9.6,"slp":1013,"clouds":92,"ts":1654049700},{"precip_rate":0.25,"rh":80,"wind_spd":3,"timestamp_utc":"2022-06-01T02:30:00","snow_rate":0,"app_temp":9.6,"pres":1003.0214,"azimuth":42.01,"dewpt":6.3,"uv":0,"elev_angle":-5.33,"wind_dir":229,"weather":{"icon":"c04n","code":804,"description":"Overcast clouds"},"ghi":0,"dhi":0,"timestamp_local":"2022-06-01T04:30:00","solar_rad":0,"vis":10,"dni":0,"temp":9.6,"slp":1013,"clouds":94,"ts":1654050600},{"precip_rate":0.375,"rh":81,"wind_spd":3.1,"timestamp_utc":"2022-06-01T02:45:00","snow_rate":0,"app_temp":9.6,"pres":1003.0214,"azimuth":45.14,"dewpt":6.5,"uv":0,"elev_angle":-3.79,"wind_dir":230,"weather":{"icon":"c04n","code":804,"description":"Overcast clouds"},"ghi":0,"dhi":0,"timestamp_local":"2022-06-01T04:45:00","solar_rad":0,"vis":10,"dni":0,"temp":9.6,"slp":1013,"clouds":95,"ts":1654051500},{"precip_rate":0.5,"rh":82,"wind_spd":3.2,"timestamp_utc":"2022-06-01T03:00:00","snow_rate":0,"app_temp":9.6,"pres":1003.0214,"azimuth":48.27,"dewpt":6.7,"uv":0,"elev_angle":-2.25,"wind_dir":230,"weather":{"icon":"c04n","code":804,"description":"Overcast clouds"},"ghi":0,"dhi":0,"timestamp_local":"2022-06-01T05:00:00","solar_rad":0,"vis":10,"dni":0,"temp":9.6,"slp":1013,"clouds":97,"ts":1654052400},{"precip_rate":0.625,"rh":85,"wind_spd":3.2,"timestamp_utc":"2022-06-01T03:15:00","snow_rate":0,"app_temp":9.5,"pres":1003.0182,"azimuth":51.21,"dewpt":7.1,"uv":0,"elev_angle":-0.39,"wind_dir":230,"weather":{"icon":"r01n","code":500,"description":"Light rain"},"ghi":13,"dhi":8.6,"timestamp_local":"2022-06-01T05:15:00","solar_rad":11.416243,"vis":10,"dni":73.75,"temp":9.5,"slp":1013,"clouds":96,"ts":1654053300},{"precip_rate":0.75,"rh":88,"wind_spd":3.2,"timestamp_utc":"2022-06-01T03:30:00","snow_rate":0,"app_temp":9.5,"pres":1003.0149,"azimuth":54.14,"dewpt":7.6,"uv":0.6,"elev_angle":1.47,"wind_dir":229,"weather":{"icon":"r01n","code":500,"description":"Light rain"},"ghi":26,"dhi":17.21,"timestamp_local":"2022-06-01T05:30:00","solar_rad":23.554861,"vis":10,"dni":147.49,"temp":9.5,"slp":1013,"clouds":95,"ts":1654054200},{"precip_rate":0.875,"rh":90,"wind_spd":3.2,"timestamp_utc":"2022-06-01T03:45:00","snow_rate":0,"app_temp":9.4,"pres":1003.0116,"azimuth":57.08,"dewpt":7.8,"uv":0.6,"elev_angle":3.33,"wind_dir":228,"weather":{"icon":"r01n","code":500,"description":"Light rain"},"ghi":39,"dhi":25.81,"timestamp_local":"2022-06-01T05:45:00","solar_rad":36.369198,"vis":10,"dni":221.24,"temp":9.4,"slp":1013,"clouds":94,"ts":1654055100},{"precip_rate":1,"rh":93,"wind_spd":3.2,"timestamp_utc":"2022-06-01T04:00:00","snow_rate":0,"app_temp":9.3,"pres":1003.00836,"azimuth":60.01,"dewpt":8.2,"uv":0.6,"elev_angle":5.19,"wind_dir":228,"weather":{"icon":"r01d","code":500,"description":"Light rain"},"ghi":52.1,"dhi":34.41,"timestamp_local":"2022-06-01T06:00:00","solar_rad":49.872803,"vis":10,"dni":294.98,"temp":9.3,"slp":1013,"clouds":93,"ts":1654056000},{"precip_rate":0.75,"rh":93,"wind_spd":3.1,"timestamp_utc":"2022-06-01T04:15:00","snow_rate":0,"app_temp":9.4,"pres":1003.0116,"azimuth":62.83,"dewpt":8.3,"uv":0.7,"elev_angle":7.28,"wind_dir":228,"weather":{"icon":"r01d","code":500,"description":"Light rain"},"ghi":84.4,"dhi":41.06,"timestamp_local":"2022-06-01T06:15:00","solar_rad":76.27575,"vis":10,"dni":357.96,"temp":9.4,"slp":1013,"clouds":88,"ts":1654056900},{"precip_rate":0.5,"rh":93,"wind_spd":3,"timestamp_utc":"2022-06-01T04:30:00","snow_rate":0,"app_temp":9.5,"pres":1003.0149,"azimuth":65.64,"dewpt":8.4,"uv":0.8,"elev_angle":9.37,"wind_dir":229,"weather":{"icon":"c04d","code":804,"description":"Overcast clouds"},"ghi":116.8,"dhi":47.7,"timestamp_local":"2022-06-01T06:30:00","solar_rad":61.010704,"vis":10,"dni":420.94,"temp":9.5,"slp":1013,"clouds":83,"ts":1654057800},{"precip_rate":0.25,"rh":93,"wind_spd":2.9,"timestamp_utc":"2022-06-01T04:45:00","snow_rate":0,"app_temp":9.5,"pres":1003.0182,"azimuth":68.46,"dewpt":8.5,"uv":0.9,"elev_angle":11.45,"wind_dir":230,"weather":{"icon":"c04d","code":804,"description":"Overcast clouds"},"ghi":149.2,"dhi":54.35,"timestamp_local":"2022-06-01T06:45:00","solar_rad":91.50569,"vis":10,"dni":483.91,"temp":9.5,"slp":1013,"clouds":78,"ts":1654058700},{"precip_rate":0,"rh":93,"wind_spd":2.8,"timestamp_utc":"2022-06-01T05:00:00","snow_rate":0,"app_temp":9.6,"pres":1003.0214,"azimuth":71.27,"dewpt":8.5,"uv":1,"elev_angle":13.54,"wind_dir":230,"weather":{"icon":"c04d","code":804,"description":"Overcast clouds"},"ghi":181.6,"dhi":60.99,"timestamp_local":"2022-06-01T07:00:00","solar_rad":125.53961,"vis":10,"dni":546.89,"temp":9.6,"slp":1013,"clouds":73,"ts":1654059600},{"precip_rate":0,"rh":92,"wind_spd":2.9,"timestamp_utc":"2022-06-01T05:15:00","snow_rate":0,"app_temp":10,"pres":1003.03436,"azimuth":74.07,"dewpt":8.7,"uv":1.1,"elev_angle":15.78,"wind_dir":235,"weather":{"icon":"c03d","code":803,"description":"Broken clouds"},"ghi":220,"dhi":65.62,"timestamp_local":"2022-06-01T07:15:00","solar_rad":174.23108,"vis":10,"dni":581.61,"temp":10,"slp":1013,"clouds":65,"ts":1654060500},{"precip_rate":0,"rh":90,"wind_spd":3,"timestamp_utc":"2022-06-01T05:30:00","snow_rate":0,"app_temp":10.3,"pres":1003.04724,"azimuth":76.87,"dewpt":8.8,"uv":1.3,"elev_angle":18.01,"wind_dir":240,"weather":{"icon":"c03d","code":803,"description":"Broken clouds"},"ghi":258.4,"dhi":70.26,"timestamp_local":"2022-06-01T07:30:00","solar_rad":224.00388,"vis":10,"dni":616.33,"temp":10.3,"slp":1013,"clouds":57,"ts":1654061400},{"precip_rate":0,"rh":89,"wind_spd":3.1,"timestamp_utc":"2022-06-01T05:45:00","snow_rate":0,"app_temp":10.7,"pres":1003.0602,"azimuth":79.67,"dewpt":9,"uv":1.5,"elev_angle":20.25,"wind_dir":245,"weather":{"icon":"c03d","code":803,"description":"Broken clouds"},"ghi":296.8,"dhi":74.89,"timestamp_local":"2022-06-01T07:45:00","solar_rad":273.17493,"vis":10,"dni":651.05,"temp":10.7,"slp":1013,"clouds":49,"ts":1654062300},{"precip_rate":0,"rh":88,"wind_spd":3.2,"timestamp_utc":"2022-06-01T06:00:00","snow_rate":0,"app_temp":11.1,"pres":1003.0731,"azimuth":82.47,"dewpt":9.2,"uv":1.7,"elev_angle":22.48,"wind_dir":250,"weather":{"icon":"c03d","code":803,"description":"Broken clouds"},"ghi":335.2,"dhi":79.52,"timestamp_local":"2022-06-01T08:00:00","solar_rad":320.64502,"vis":10,"dni":685.77,"temp":11.1,"slp":1013,"clouds":41,"ts":1654063200},{"precip_rate":0,"rh":87,"wind_spd":3.1,"timestamp_utc":"2022-06-01T06:15:00","snow_rate":0,"app_temp":11.4,"pres":1003.33026,"azimuth":85.41,"dewpt":9.3,"uv":1.8,"elev_angle":24.77,"wind_dir":249,"weather":{"icon":"c03d","code":803,"description":"Broken clouds"},"ghi":374.6,"dhi":82.98,"timestamp_local":"2022-06-01T08:15:00","solar_rad":353.92004,"vis":10,"dni":707.61,"temp":11.4,"slp":1013.25,"clouds":44,"ts":1654064100},{"precip_rate":0,"rh":86,"wind_spd":3,"timestamp_utc":"2022-06-01T06:30:00","snow_rate":0,"app_temp":11.7,"pres":1003.5874,"azimuth":88.35,"dewpt":9.4,"uv":1.9,"elev_angle":27.06,"wind_dir":248,"weather":{"icon":"c03d","code":803,"description":"Broken clouds"},"ghi":414,"dhi":86.43,"timestamp_local":"2022-06-01T08:30:00","solar_rad":387.41605,"vis":10,"dni":729.45,"temp":11.7,"slp":1013.5,"clouds":46,"ts":1654065000},{"precip_rate":0,"rh":85,"wind_spd":2.9,"timestamp_utc":"2022-06-01T06:45:00","snow_rate":0,"app_temp":11.9,"pres":1003.8446,"azimuth":91.28,"dewpt":9.5,"uv":2.1,"elev_angle":29.35,"wind_dir":247,"weather":{"icon":"c03d","code":803,"description":"Broken clouds"},"ghi":453.3,"dhi":89.89,"timestamp_local":"2022-06-01T08:45:00","solar_rad":419.66058,"vis":10,"dni":751.28,"temp":11.9,"slp":1013.75,"clouds":48,"ts":1654065900},{"precip_rate":0,"rh":84,"wind_spd":2.8,"timestamp_utc":"2022-06-01T07:00:00","snow_rate":0,"app_temp":12.2,"pres":1004.10175,"azimuth":94.22,"dewpt":9.6,"uv":2.2,"elev_angle":31.64,"wind_dir":246,"weather":{"icon":"c03d","code":803,"description":"Broken clouds"},"ghi":492.7,"dhi":93.34,"timestamp_local":"2022-06-01T09:00:00","solar_rad":447.76718,"vis":10,"dni":773.12,"temp":12.2,"slp":1014,"clouds":51,"ts":1654066800},{"precip_rate":0,"rh":82,"wind_spd":2.8,"timestamp_utc":"2022-06-01T07:15:00","snow_rate":0,"app_temp":12.5,"pres":1004.1113,"azimuth":97.5,"dewpt":9.5,"uv":2.4,"elev_angle":33.89,"wind_dir":246,"weather":{"icon":"c03d","code":803,"description":"Broken clouds"},"ghi":529.1,"dhi":95.92,"timestamp_local":"2022-06-01T09:15:00","solar_rad":477.55438,"vis":10,"dni":787.53,"temp":12.5,"slp":1014,"clouds":52,"ts":1654067700},{"precip_rate":0,"rh":81,"wind_spd":2.8,"timestamp_utc":"2022-06-01T07:30:00","snow_rate":0,"app_temp":12.8,"pres":1004.12085,"azimuth":100.79,"dewpt":9.6,"uv":2.5,"elev_angle":36.15,"wind_dir":245,"weather":{"icon":"c03d","code":803,"description":"Broken clouds"},"ghi":565.5,"dhi":98.49,"timestamp_local":"2022-06-01T09:30:00","solar_rad":502.86545,"vis":10,"dni":801.94,"temp":12.8,"slp":1014,"clouds":54,"ts":1654068600},{"precip_rate":0,"rh":80,"wind_spd":2.8,"timestamp_utc":"2022-06-01T07:45:00","snow_rate":0,"app_temp":13,"pres":1004.1304,"azimuth":104.07,"dewpt":9.7,"uv":2.7,"elev_angle":38.4,"wind_dir":244,"weather":{"icon":"c03d","code":803,"description":"Broken clouds"},"ghi":601.9,"dhi":101.07,"timestamp_local":"2022-06-01T09:45:00","solar_rad":530.9422,"vis":10,"dni":816.34,"temp":13,"slp":1014,"clouds":55,"ts":1654069500},{"precip_rate":0,"rh":78,"wind_spd":2.8,"timestamp_utc":"2022-06-01T08:00:00","snow_rate":0,"app_temp":13.3,"pres":1004.13995,"azimuth":107.35,"dewpt":9.5,"uv":2.9,"elev_angle":40.65,"wind_dir":244,"weather":{"icon":"c03d","code":803,"description":"Broken clouds"},"ghi":638.3,"dhi":103.64,"timestamp_local":"2022-06-01T10:00:00","solar_rad":558.29694,"vis":10,"dni":830.75,"temp":13.3,"slp":1014,"clouds":56,"ts":1654070400},{"precip_rate":0,"rh":77,"wind_spd":2.9,"timestamp_utc":"2022-06-01T08:15:00","snow_rate":0,"app_temp":13.5,"pres":1004.14624,"azimuth":111.29,"dewpt":9.6,"uv":3.2,"elev_angle":42.73,"wind_dir":246,"weather":{"icon":"c03d","code":803,"description":"Broken clouds"},"ghi":668.5,"dhi":105.48,"timestamp_local":"2022-06-01T10:15:00","solar_rad":594.4572,"vis":10,"dni":840.19,"temp":13.5,"slp":1014,"clouds":54,"ts":1654071300},{"precip_rate":0,"rh":76,"wind_spd":3,"timestamp_utc":"2022-06-01T08:30:00","snow_rate":0,"app_temp":13.7,"pres":1004.1526,"azimuth":115.24,"dewpt":9.6,"uv":3.6,"elev_angle":44.81,"wind_dir":247,"weather":{"icon":"c03d","code":803,"description":"Broken clouds"},"ghi":698.7,"dhi":107.33,"timestamp_local":"2022-06-01T10:30:00","solar_rad":634.9806,"vis":10,"dni":849.63,"temp":13.7,"slp":1014,"clouds":51,"ts":1654072200},{"precip_rate":0,"rh":76,"wind_spd":3.1,"timestamp_utc":"2022-06-01T08:45:00","snow_rate":0,"app_temp":13.9,"pres":1004.15894,"azimuth":119.18,"dewpt":9.7,"uv":4,"elev_angle":46.88,"wind_dir":248,"weather":{"icon":"c03d","code":803,"description":"Broken clouds"},"ghi":728.8,"dhi":109.17,"timestamp_local":"2022-06-01T10:45:00","solar_rad":674.7157,"vis":10,"dni":859.06,"temp":13.9,"slp":1014,"clouds":48,"ts":1654073100},{"precip_rate":0,"rh":75,"wind_spd":3.2,"timestamp_utc":"2022-06-01T09:00:00","snow_rate":0,"app_temp":14.1,"pres":1004.1652,"azimuth":123.12,"dewpt":9.7,"uv":4.3,"elev_angle":48.96,"wind_dir":250,"weather":{"icon":"c03d","code":803,"description":"Broken clouds"},"ghi":759,"dhi":111.01,"timestamp_local":"2022-06-01T11:00:00","solar_rad":710.26276,"vis":10,"dni":868.5,"temp":14.1,"slp":1014,"clouds":46,"ts":1654074000},{"precip_rate":0,"rh":73,"wind_spd":3.2,"timestamp_utc":"2022-06-01T09:15:00","snow_rate":0,"app_temp":14.3,"pres":1004.1715,"azimuth":128.13,"dewpt":9.5,"uv":4,"elev_angle":50.64,"wind_dir":252,"weather":{"icon":"c03d","code":803,"description":"Broken clouds"},"ghi":780.3,"dhi":112.19,"timestamp_local":"2022-06-01T11:15:00","solar_rad":663.5113,"vis":10,"dni":874.21,"temp":14.3,"slp":1014,"clouds":59,"ts":1654074900},{"precip_rate":0,"rh":70,"wind_spd":3.2,"timestamp_utc":"2022-06-01T09:30:00","snow_rate":0,"app_temp":14.5,"pres":1004.1778,"azimuth":133.13,"dewpt":9.1,"uv":3.5,"elev_angle":52.32,"wind_dir":254,"weather":{"icon":"c04d","code":804,"description":"Overcast clouds"},"ghi":801.6,"dhi":113.37,"timestamp_local":"2022-06-01T11:30:00","solar_rad":565.48114,"vis":10,"dni":879.92,"temp":14.5,"slp":1014,"clouds":72,"ts":1654075800},{"precip_rate":0,"rh":68,"wind_spd":3.2,"timestamp_utc":"2022-06-01T09:45:00","snow_rate":0,"app_temp":14.6,"pres":1004.1841,"azimuth":138.14,"dewpt":8.8,"uv":3,"elev_angle":53.99,"wind_dir":256,"weather":{"icon":"c04d","code":804,"description":"Overcast clouds"},"ghi":823,"dhi":114.55,"timestamp_local":"2022-06-01T11:45:00","solar_rad":396.74774,"vis":10,"dni":885.62,"temp":14.6,"slp":1014,"clouds":85,"ts":1654076700},{"precip_rate":0,"rh":66,"wind_spd":3.2,"timestamp_utc":"2022-06-01T10:00:00","snow_rate":0,"app_temp":14.8,"pres":1004.19037,"azimuth":143.14,"dewpt":8.5,"uv":2.5,"elev_angle":55.67,"wind_dir":258,"weather":{"icon":"c04d","code":804,"description":"Overcast clouds"},"ghi":844.3,"dhi":115.73,"timestamp_local":"2022-06-01T12:00:00","solar_rad":134.8726,"vis":10,"dni":891.33,"temp":14.8,"slp":1014,"clouds":98,"ts":1654077600},{"precip_rate":0,"rh":66,"wind_spd":3,"timestamp_utc":"2022-06-01T10:15:00","snow_rate":0,"app_temp":14.8,"pres":1004.19037,"azimuth":149.41,"dewpt":8.5,"uv":2.9,"elev_angle":56.63,"wind_dir":258,"weather":{"icon":"c04d","code":804,"description":"Overcast clouds"},"ghi":855,"dhi":116.29,"timestamp_local":"2022-06-01T12:15:00","solar_rad":275.4549,"vis":10,"dni":893.95,"temp":14.8,"slp":1014,"clouds":92,"ts":1654078500},{"precip_rate":0,"rh":65,"wind_spd":2.8,"timestamp_utc":"2022-06-01T10:30:00","snow_rate":0,"app_temp":14.8,"pres":1004.19037,"azimuth":155.69,"dewpt":8.3,"uv":3.3,"elev_angle":57.58,"wind_dir":259,"weather":{"icon":"c04d","code":804,"description":"Overcast clouds"},"ghi":865.7,"dhi":116.86,"timestamp_local":"2022-06-01T12:30:00","solar_rad":399.14307,"vis":10,"dni":896.58,"temp":14.8,"slp":1014,"clouds":86,"ts":1654079400},{"precip_rate":1,"rh":64,"wind_spd":2.6,"timestamp_utc":"2022-06-01T10:45:00","snow_rate":0,"app_temp":14.8,"pres":1004.19037,"azimuth":161.96,"dewpt":8.1,"uv":3.7,"elev_angle":58.54,"wind_dir":260,"weather":{"icon":"r01d","code":500,"description":"Light rain"},"ghi":876.4,"dhi":117.42,"timestamp_local":"2022-06-01T12:45:00","solar_rad":507.03918,"vis":10,"dni":899.2,"temp":14.8,"slp":1014,"clouds":80,"ts":1654080300},{"precip_rate":2,"rh":64,"wind_spd":2.4,"timestamp_utc":"2022-06-01T11:00:00","snow_rate":0,"app_temp":14.8,"pres":1004.19037,"azimuth":168.23,"dewpt":8.1,"uv":4.1,"elev_angle":59.49,"wind_dir":260,"weather":{"icon":"r01d","code":500,"description":"Light rain"},"ghi":887.1,"dhi":117.98,"timestamp_local":"2022-06-01T13:00:00","solar_rad":588.48627,"vis":10,"dni":901.82,"temp":14.8,"slp":1014,"clouds":74,"ts":1654081200},{"precip_rate":1,"rh":63,"wind_spd":2.7,"timestamp_utc":"2022-06-01T11:15:00","snow_rate":0,"app_temp":15,"pres":1004.19666,"azimuth":175.08,"dewpt":8,"uv":3.9,"elev_angle":59.41,"wind_dir":262,"weather":{"icon":"r01d","code":500,"description":"Light rain"},"ghi":886.3,"dhi":117.94,"timestamp_local":"2022-06-01T13:15:00","solar_rad":543.5757,"vis":10,"dni":901.62,"temp":15,"slp":1014,"clouds":78,"ts":1654082100},{"precip_rate":0,"rh":62,"wind_spd":3,"timestamp_utc":"2022-06-01T11:30:00","snow_rate":0,"app_temp":15.2,"pres":1004.2029,"azimuth":181.94,"dewpt":8,"uv":3.6,"elev_angle":59.34,"wind_dir":263,"weather":{"icon":"c04d","code":804,"description":"Overcast clouds"},"ghi":885.4,"dhi":117.9,"timestamp_local":"2022-06-01T13:30:00","solar_rad":479.56534,"vis":10,"dni":901.43,"temp":15.2,"slp":1014,"clouds":82,"ts":1654083000},{"precip_rate":0,"rh":62,"wind_spd":3.3,"timestamp_utc":"2022-06-01T11:45:00","snow_rate":0,"app_temp":15.4,"pres":1004.2091,"azimuth":188.79,"dewpt":8.2,"uv":3.4,"elev_angle":59.26,"wind_dir":264,"weather":{"icon":"c04d","code":804,"description":"Overcast clouds"},"ghi":884.6,"dhi":117.85,"timestamp_local":"2022-06-01T13:45:00","solar_rad":407.85715,"vis":10,"dni":901.23,"temp":15.4,"slp":1014,"clouds":86,"ts":1654083900},{"precip_rate":0,"rh":61,"wind_spd":3.6,"timestamp_utc":"2022-06-01T12:00:00","snow_rate":0,"app_temp":15.6,"pres":1004.2154,"azimuth":195.64,"dewpt":8.1,"uv":3.2,"elev_angle":59.18,"wind_dir":266,"weather":{"icon":"c04d","code":804,"description":"Overcast clouds"},"ghi":883.8,"dhi":117.81,"timestamp_local":"2022-06-01T14:00:00","solar_rad":327.8688,"vis":10,"dni":901.03,"temp":15.6,"slp":1014,"clouds":90,"ts":1654084800},{"precip_rate":0,"rh":61,"wind_spd":3.6,"timestamp_utc":"2022-06-01T12:15:00","snow_rate":0,"app_temp":15.6,"pres":1004.463,"azimuth":201.75,"dewpt":8.1,"uv":3.3,"elev_angle":58.1,"wind_dir":267,"weather":{"icon":"c04d","code":804,"description":"Overcast clouds"},"ghi":871.5,"dhi":117.16,"timestamp_local":"2022-06-01T14:15:00","solar_rad":401.81723,"vis":10,"dni":898,"temp":15.6,"slp":1014.25,"clouds":86,"ts":1654085700},{"precip_rate":0,"rh":61,"wind_spd":3.6,"timestamp_utc":"2022-06-01T12:30:00","snow_rate":0,"app_temp":15.6,"pres":1004.7106,"azimuth":207.86,"dewpt":8.1,"uv":3.4,"elev_angle":57.03,"wind_dir":268,"weather":{"icon":"c04d","code":804,"description":"Overcast clouds"},"ghi":859.2,"dhi":116.52,"timestamp_local":"2022-06-01T14:30:00","solar_rad":448.80478,"vis":9,"dni":894.97,"temp":15.6,"slp":1014.5,"clouds":83,"ts":1654086600},{"precip_rate":0.5,"rh":61,"wind_spd":3.6,"timestamp_utc":"2022-06-01T12:45:00","snow_rate":0,"app_temp":15.6,"pres":1004.9581,"azimuth":213.96,"dewpt":8.1,"uv":3.5,"elev_angle":55.95,"wind_dir":269,"weather":{"icon":"c04d","code":804,"description":"Overcast clouds"},"ghi":847,"dhi":115.87,"timestamp_local":"2022-06-01T14:45:00","solar_rad":490.02988,"vis":7,"dni":891.93,"temp":15.6,"slp":1014.75,"clouds":80,"ts":1654087500},{"precip_rate":1,"rh":61,"wind_spd":3.6,"timestamp_utc":"2022-06-01T13:00:00","snow_rate":0,"app_temp":15.6,"pres":1005.20575,"azimuth":220.07,"dewpt":8.1,"uv":3.6,"elev_angle":54.87,"wind_dir":270,"weather":{"icon":"r01d","code":500,"description":"Light rain"},"ghi":834.7,"dhi":115.22,"timestamp_local":"2022-06-01T15:00:00","solar_rad":539.21246,"vis":8,"dni":888.9,"temp":15.6,"slp":1015,"clouds":76,"ts":1654088400},{"precip_rate":1,"rh":63,"wind_spd":3.6,"timestamp_utc":"2022-06-01T13:15:00","snow_rate":0,"app_temp":15,"pres":1005.1869,"azimuth":224.9,"dewpt":8,"uv":3.6,"elev_angle":53.12,"wind_dir":273,"weather":{"icon":"r01d","code":500,"description":"Light rain"},"ghi":812,"dhi":113.95,"timestamp_local":"2022-06-01T15:15:00","solar_rad":583.9254,"vis":9,"dni":882.72,"temp":15,"slp":1015,"clouds":71,"ts":1654089300},{"precip_rate":1,"rh":65,"wind_spd":3.6,"timestamp_utc":"2022-06-01T13:30:00","snow_rate":0,"app_temp":14.5,"pres":1005.16797,"azimuth":229.73,"dewpt":8,"uv":3.7,"elev_angle":51.37,"wind_dir":276,"weather":{"icon":"r01d","code":500,"description":"Light rain"},"ghi":789.3,"dhi":112.68,"timestamp_local":"2022-06-01T15:30:00","solar_rad":616.34467,"vis":10,"dni":876.53,"temp":14.5,"slp":1015,"clouds":66,"ts":1654090200},{"precip_rate":1,"rh":67,"wind_spd":3.6,"timestamp_utc":"2022-06-01T13:45:00","snow_rate":0,"app_temp":13.9,"pres":1005.14905,"azimuth":234.56,"dewpt":7.9,"uv":3.7,"elev_angle":49.61,"wind_dir":279,"weather":{"icon":"r01d","code":500,"description":"Light rain"},"ghi":766.6,"dhi":111.41,"timestamp_local":"2022-06-01T15:45:00","solar_rad":630.78644,"vis":10,"dni":870.35,"temp":13.9,"slp":1015,"clouds":62,"ts":1654091100},{"precip_rate":1,"rh":69,"wind_spd":3.6,"timestamp_utc":"2022-06-01T14:00:00","snow_rate":0,"app_temp":13.3,"pres":1005.1302,"azimuth":239.39,"dewpt":7.7,"uv":3.7,"elev_angle":47.86,"wind_dir":282,"weather":{"icon":"r01d","code":500,"description":"Light rain"},"ghi":743.9,"dhi":110.14,"timestamp_local":"2022-06-01T16:00:00","solar_rad":644.87805,"vis":10,"dni":864.16,"temp":13.3,"slp":1015,"clouds":57,"ts":1654092000},{"precip_rate":1,"rh":70,"wind_spd":3.7,"timestamp_utc":"2022-06-01T14:15:00","snow_rate":0,"app_temp":13.1,"pres":1005.12384,"azimuth":243.22,"dewpt":7.8,"uv":3.6,"elev_angle":45.75,"wind_dir":283,"weather":{"icon":"r01d","code":500,"description":"Light rain"},"ghi":712.7,"dhi":108.2,"timestamp_local":"2022-06-01T16:15:00","solar_rad":633.76166,"vis":10,"dni":854.13,"temp":13.1,"slp":1015,"clouds":54,"ts":1654092900},{"precip_rate":1,"rh":70,"wind_spd":3.8,"timestamp_utc":"2022-06-01T14:30:00","snow_rate":0,"app_temp":13,"pres":1005.1175,"azimuth":247.05,"dewpt":7.6,"uv":3.4,"elev_angle":43.64,"wind_dir":284,"weather":{"icon":"r01d","code":500,"description":"Light rain"},"ghi":681.5,"dhi":106.26,"timestamp_local":"2022-06-01T16:30:00","solar_rad":619.3492,"vis":10,"dni":844.09,"temp":13,"slp":1015,"clouds":51,"ts":1654093800},{"precip_rate":0.5,"rh":71,"wind_spd":3.9,"timestamp_utc":"2022-06-01T14:45:00","snow_rate":0,"app_temp":12.8,"pres":1005.11115,"azimuth":250.87,"dewpt":7.7,"uv":3.3,"elev_angle":41.52,"wind_dir":285,"weather":{"icon":"c03d","code":803,"description":"Broken clouds"},"ghi":650.3,"dhi":104.32,"timestamp_local":"2022-06-01T16:45:00","solar_rad":602.0412,"vis":10,"dni":834.06,"temp":12.8,"slp":1015,"clouds":48,"ts":1654094700},{"precip_rate":0.5,"rh":72,"wind_spd":4,"timestamp_utc":"2022-06-01T15:00:00","snow_rate":0,"app_temp":12.6,"pres":1005.1048,"azimuth":254.7,"dewpt":7.7,"uv":3.2,"elev_angle":39.41,"wind_dir":286,"weather":{"icon":"c03d","code":803,"description":"Broken clouds"},"ghi":619.1,"dhi":102.38,"timestamp_local":"2022-06-01T17:00:00","solar_rad":582.20856,"vis":10,"dni":824.02,"temp":12.6,"slp":1015,"clouds":45,"ts":1654095600},{"precip_rate":0.375,"rh":70,"wind_spd":3.8,"timestamp_utc":"2022-06-01T15:15:00","snow_rate":0,"app_temp":13,"pres":1005.1175,"azimuth":257.92,"dewpt":7.6,"uv":2.8,"elev_angle":37.15,"wind_dir":284,"weather":{"icon":"c03d","code":803,"description":"Broken clouds"},"ghi":582.1,"dhi":99.7,"timestamp_local":"2022-06-01T17:15:00","solar_rad":532.4707,"vis":10,"dni":808.77,"temp":13,"slp":1015,"clouds":50,"ts":1654096500},{"precip_rate":0.25,"rh":68,"wind_spd":3.6,"timestamp_utc":"2022-06-01T15:30:00","snow_rate":0,"app_temp":13.3,"pres":1005.1301,"azimuth":261.14,"dewpt":7.6,"uv":2.4,"elev_angle":34.89,"wind_dir":281,"weather":{"icon":"c03d","code":803,"description":"Broken clouds"},"ghi":545.1,"dhi":97.01,"timestamp_local":"2022-06-01T17:30:00","solar_rad":476.7784,"vis":9,"dni":793.52,"temp":13.3,"slp":1015,"clouds":56,"ts":1654097400},{"precip_rate":0.125,"rh":66,"wind_spd":3.4,"timestamp_utc":"2022-06-01T15:45:00","snow_rate":0,"app_temp":13.7,"pres":1005.1428,"azimuth":264.35,"dewpt":7.5,"uv":2,"elev_angle":32.62,"wind_dir":278,"weather":{"icon":"c03d","code":803,"description":"Broken clouds"},"ghi":508.1,"dhi":94.33,"timestamp_local":"2022-06-01T17:45:00","solar_rad":418.08322,"vis":8,"dni":778.27,"temp":13.7,"slp":1015,"clouds":62,"ts":1654098300},{"precip_rate":0,"rh":64,"wind_spd":3.2,"timestamp_utc":"2022-06-01T16:00:00","snow_rate":0,"app_temp":14.1,"pres":1005.1555,"azimuth":267.57,"dewpt":7.4,"uv":1.7,"elev_angle":30.36,"wind_dir":276,"weather":{"icon":"c03d","code":803,"description":"Broken clouds"},"ghi":471.1,"dhi":91.64,"timestamp_local":"2022-06-01T18:00:00","solar_rad":362.45496,"vis":9,"dni":763.02,"temp":14.1,"slp":1015,"clouds":67,"ts":1654099200},{"precip_rate":0.125,"rh":65,"wind_spd":3.4,"timestamp_utc":"2022-06-01T16:15:00","snow_rate":0,"app_temp":13.9,"pres":1005.3967,"azimuth":270.48,"dewpt":7.4,"uv":1.5,"elev_angle":28.07,"wind_dir":274,"weather":{"icon":"c03d","code":803,"description":"Broken clouds"},"ghi":431.6,"dhi":88.05,"timestamp_local":"2022-06-01T18:15:00","solar_rad":316.08,"vis":10,"dni":739.85,"temp":13.9,"slp":1015.25,"clouds":70,"ts":1654100100},{"precip_rate":0.25,"rh":66,"wind_spd":3.6,"timestamp_utc":"2022-06-01T16:30:00","snow_rate":0,"app_temp":13.7,"pres":1005.638,"azimuth":273.39,"dewpt":7.5,"uv":1.4,"elev_angle":25.79,"wind_dir":272,"weather":{"icon":"c04d","code":804,"description":"Overcast clouds"},"ghi":392.2,"dhi":84.46,"timestamp_local":"2022-06-01T18:30:00","solar_rad":276.67377,"vis":10,"dni":716.68,"temp":13.7,"slp":1015.5,"clouds":72,"ts":1654101000},{"precip_rate":0.375,"rh":68,"wind_spd":3.8,"timestamp_utc":"2022-06-01T16:45:00","snow_rate":0,"app_temp":13.5,"pres":1005.8793,"azimuth":276.29,"dewpt":7.7,"uv":1.2,"elev_angle":23.5,"wind_dir":270,"weather":{"icon":"c04d","code":804,"description":"Overcast clouds"},"ghi":352.7,"dhi":80.86,"timestamp_local":"2022-06-01T18:45:00","solar_rad":233.3407,"vis":10,"dni":693.5,"temp":13.5,"slp":1015.75,"clouds":75,"ts":1654101900},{"precip_rate":0.5,"rh":69,"wind_spd":4,"timestamp_utc":"2022-06-01T17:00:00","snow_rate":0,"app_temp":13.3,"pres":1006.1205,"azimuth":279.2,"dewpt":7.7,"uv":1.1,"elev_angle":21.21,"wind_dir":268,"weather":{"icon":"c04d","code":804,"description":"Overcast clouds"},"ghi":313.3,"dhi":77.27,"timestamp_local":"2022-06-01T19:00:00","solar_rad":192.14969,"vis":10,"dni":670.33,"temp":13.3,"slp":1016,"clouds":78,"ts":1654102800},{"precip_rate":0.375,"rh":70,"wind_spd":3.7,"timestamp_utc":"2022-06-01T17:15:00","snow_rate":0,"app_temp":13.1,"pres":1006.11414,"azimuth":282,"dewpt":7.8,"uv":1,"elev_angle":19,"wind_dir":266,"weather":{"icon":"c04d","code":804,"description":"Overcast clouds"},"ghi":275.4,"dhi":72.44,"timestamp_local":"2022-06-01T19:15:00","solar_rad":159.33203,"vis":10,"dni":633.09,"temp":13.1,"slp":1016,"clouds":80,"ts":1654103700},{"precip_rate":0.25,"rh":70,"wind_spd":3.4,"timestamp_utc":"2022-06-01T17:30:00","snow_rate":0,"app_temp":13,"pres":1006.1078,"azimuth":284.79,"dewpt":7.6,"uv":0.9,"elev_angle":16.79,"wind_dir":264,"weather":{"icon":"c04d","code":804,"description":"Overcast clouds"},"ghi":237.5,"dhi":67.61,"timestamp_local":"2022-06-01T19:30:00","solar_rad":128.63878,"vis":10,"dni":595.84,"temp":13,"slp":1016,"clouds":82,"ts":1654104600},{"precip_rate":0.125,"rh":71,"wind_spd":3.1,"timestamp_utc":"2022-06-01T17:45:00","snow_rate":0,"app_temp":12.8,"pres":1006.1014,"azimuth":287.59,"dewpt":7.7,"uv":0.8,"elev_angle":14.57,"wind_dir":262,"weather":{"icon":"c04d","code":804,"description":"Overcast clouds"},"ghi":199.7,"dhi":62.78,"timestamp_local":"2022-06-01T19:45:00","solar_rad":96.27038,"vis":10,"dni":558.6,"temp":12.8,"slp":1016,"clouds":85,"ts":1654105500},{"precip_rate":0,"rh":72,"wind_spd":2.8,"timestamp_utc":"2022-06-01T18:00:00","snow_rate":0,"app_temp":12.6,"pres":1006.09503,"azimuth":290.38,"dewpt":7.7,"uv":0.8,"elev_angle":12.36,"wind_dir":260,"weather":{"icon":"c04d","code":804,"description":"Overcast clouds"},"ghi":161.8,"dhi":57.95,"timestamp_local":"2022-06-01T20:00:00","solar_rad":71.10435,"vis":10,"dni":521.35,"temp":12.6,"slp":1016,"clouds":87,"ts":1654106400},{"precip_rate":0,"rh":74,"wind_spd":2.6,"timestamp_utc":"2022-06-01T18:15:00","snow_rate":0,"app_temp":12.4,"pres":1006.0886,"azimuth":293.21,"dewpt":7.9,"uv":0.8,"elev_angle":10.3,"wind_dir":258,"weather":{"icon":"c04d","code":804,"description":"Overcast clouds"},"ghi":130.9,"dhi":50.89,"timestamp_local":"2022-06-01T20:15:00","solar_rad":75.73189,"vis":10,"dni":452.04,"temp":12.4,"slp":1016,"clouds":80,"ts":1654107300},{"precip_rate":0,"rh":75,"wind_spd":2.4,"timestamp_utc":"2022-06-01T18:30:00","snow_rate":0,"app_temp":12.3,"pres":1006.0822,"azimuth":296.03,"dewpt":8,"uv":0.9,"elev_angle":8.24,"wind_dir":257,"weather":{"icon":"c04d","code":804,"description":"Overcast clouds"},"ghi":100,"dhi":43.83,"timestamp_local":"2022-06-01T20:30:00","solar_rad":70.54405,"vis":10,"dni":382.74,"temp":12.3,"slp":1016,"clouds":72,"ts":1654108200},{"precip_rate":0,"rh":76,"wind_spd":2.2,"timestamp_utc":"2022-06-01T18:45:00","snow_rate":0,"app_temp":12.1,"pres":1006.0758,"azimuth":298.86,"dewpt":8,"uv":1,"elev_angle":6.18,"wind_dir":256,"weather":{"icon":"c03d","code":803,"description":"Broken clouds"},"ghi":69.1,"dhi":36.77,"timestamp_local":"2022-06-01T20:45:00","solar_rad":54.7244,"vis":10,"dni":313.43,"temp":12.1,"slp":1016,"clouds":65,"ts":1654109100},{"precip_rate":0,"rh":78,"wind_spd":2,"timestamp_utc":"2022-06-01T19:00:00","snow_rate":0,"app_temp":11.9,"pres":1006.0694,"azimuth":301.68,"dewpt":8.2,"uv":1.1,"elev_angle":4.12,"wind_dir":254,"weather":{"icon":"c03n","code":803,"description":"Broken clouds"},"ghi":38.2,"dhi":29.71,"timestamp_local":"2022-06-01T21:00:00","solar_rad":32.805378,"vis":10,"dni":244.12,"temp":11.9,"slp":1016,"clouds":58,"ts":1654110000},{"precip_rate":0,"rh":80,"wind_spd":2.1,"timestamp_utc":"2022-06-01T19:15:00","snow_rate":0,"app_temp":11.5,"pres":1006.3041,"azimuth":304.64,"dewpt":8.2,"uv":1.1,"elev_angle":2.31,"wind_dir":258,"weather":{"icon":"c03n","code":803,"description":"Broken clouds"},"ghi":28.7,"dhi":22.28,"timestamp_local":"2022-06-01T21:15:00","solar_rad":25.904009,"vis":10,"dni":183.09,"temp":11.5,"slp":1016.25,"clouds":52,"ts":1654110900},{"precip_rate":0,"rh":81,"wind_spd":2.2,"timestamp_utc":"2022-06-01T19:30:00","snow_rate":0,"app_temp":11.2,"pres":1006.5387,"azimuth":307.6,"dewpt":8,"uv":1.2,"elev_angle":0.49,"wind_dir":262,"weather":{"icon":"c03n","code":803,"description":"Broken clouds"},"ghi":19.1,"dhi":14.86,"timestamp_local":"2022-06-01T21:30:00","solar_rad":17.873543,"vis":10,"dni":122.06,"temp":11.2,"slp":1016.5,"clouds":46,"ts":1654111800},{"precip_rate":0,"rh":82,"wind_spd":2.3,"timestamp_utc":"2022-06-01T19:45:00","snow_rate":0,"app_temp":10.8,"pres":1006.7733,"azimuth":310.56,"dewpt":7.8,"uv":0,"elev_angle":-1.33,"wind_dir":266,"weather":{"icon":"c02n","code":802,"description":"Scattered clouds"},"ghi":9.6,"dhi":7.43,"timestamp_local":"2022-06-01T21:45:00","solar_rad":9.216719,"vis":10,"dni":61.03,"temp":10.8,"slp":1016.75,"clouds":40,"ts":1654112700},{"precip_rate":0,"rh":84,"wind_spd":2.4,"timestamp_utc":"2022-06-01T20:00:00","snow_rate":0,"app_temp":10.4,"pres":1007.008,"azimuth":313.52,"dewpt":7.8,"uv":0,"elev_angle":-3.14,"wind_dir":270,"weather":{"icon":"c02n","code":802,"description":"Scattered clouds"},"ghi":0,"dhi":0,"timestamp_local":"2022-06-01T22:00:00","solar_rad":0,"vis":10,"dni":0,"temp":10.4,"slp":1017,"clouds":34,"ts":1654113600},{"precip_rate":0,"rh":84,"wind_spd":2.4,"timestamp_utc":"2022-06-01T20:15:00","snow_rate":0,"app_temp":10.4,"pres":1007.25555,"azimuth":316.68,"dewpt":7.8,"uv":0,"elev_angle":-4.62,"wind_dir":273,"weather":{"icon":"c02n","code":802,"description":"Scattered clouds"},"ghi":0,"dhi":0,"timestamp_local":"2022-06-01T22:15:00","solar_rad":0,"vis":10,"dni":0,"temp":10.4,"slp":1017.25,"clouds":31,"ts":1654114500},{"precip_rate":0,"rh":84,"wind_spd":2.4,"timestamp_utc":"2022-06-01T20:30:00","snow_rate":0,"app_temp":10.4,"pres":1007.50305,"azimuth":319.84,"dewpt":7.8,"uv":0,"elev_angle":-6.1,"wind_dir":276,"weather":{"icon":"c02n","code":802,"description":"Scattered clouds"},"ghi":0,"dhi":0,"timestamp_local":"2022-06-01T22:30:00","solar_rad":0,"vis":10,"dni":0,"temp":10.4,"slp":1017.5,"clouds":28,"ts":1654115400},{"precip_rate":0,"rh":84,"wind_spd":2.4,"timestamp_utc":"2022-06-01T20:45:00","snow_rate":0,"app_temp":10.4,"pres":1007.7506,"azimuth":323,"dewpt":7.8,"uv":0,"elev_angle":-7.58,"wind_dir":279,"weather":{"icon":"c02n","code":802,"description":"Scattered clouds"},"ghi":0,"dhi":0,"timestamp_local":"2022-06-01T22:45:00","solar_rad":0,"vis":10,"dni":0,"temp":10.4,"slp":1017.75,"clouds":25,"ts":1654116300},{"precip_rate":0,"rh":84,"wind_spd":2.4,"timestamp_utc":"2022-06-01T21:00:00","snow_rate":0,"app_temp":10.4,"pres":1007.99817,"azimuth":326.16,"dewpt":7.8,"uv":0,"elev_angle":-9.06,"wind_dir":282,"weather":{"icon":"c02n","code":802,"description":"Scattered clouds"},"ghi":0,"dhi":0,"timestamp_local":"2022-06-01T23:00:00","solar_rad":0,"vis":10,"dni":0,"temp":10.4,"slp":1018,"clouds":22,"ts":1654117200},{"precip_rate":0,"rh":87,"wind_spd":2.6,"timestamp_utc":"2022-06-01T21:15:00","snow_rate":0,"app_temp":10.2,"pres":1007.9917,"azimuth":329.54,"dewpt":8.1,"uv":0,"elev_angle":-10.1,"wind_dir":283,"weather":{"icon":"c02n","code":802,"description":"Scattered clouds"},"ghi":0,"dhi":0,"timestamp_local":"2022-06-01T23:15:00","solar_rad":0,"vis":10,"dni":0,"temp":10.2,"slp":1018,"clouds":26,"ts":1654118100},{"precip_rate":0,"rh":90,"wind_spd":2.8,"timestamp_utc":"2022-06-01T21:30:00","snow_rate":0,"app_temp":10,"pres":1007.98517,"azimuth":332.91,"dewpt":8.4,"uv":0,"elev_angle":-11.15,"wind_dir":284,"weather":{"icon":"c02n","code":802,"description":"Scattered clouds"},"ghi":0,"dhi":0,"timestamp_local":"2022-06-01T23:30:00","solar_rad":0,"vis":10,"dni":0,"temp":10,"slp":1018,"clouds":29,"ts":1654119000},{"precip_rate":0,"rh":92,"wind_spd":3,"timestamp_utc":"2022-06-01T21:45:00","snow_rate":0,"app_temp":9.8,"pres":1007.97864,"azimuth":336.29,"dewpt":8.6,"uv":0,"elev_angle":-12.19,"wind_dir":285,"weather":{"icon":"c02n","code":802,"description":"Scattered clouds"},"ghi":0,"dhi":0,"timestamp_local":"2022-06-01T23:45:00","solar_rad":0,"vis":10,"dni":0,"temp":9.8,"slp":1018,"clouds":32,"ts":1654119900},{"precip_rate":0,"rh":95,"wind_spd":3.2,"timestamp_utc":"2022-06-01T22:00:00","snow_rate":0,"app_temp":9.6,"pres":1007.97217,"azimuth":339.66,"dewpt":8.8,"uv":0,"elev_angle":-13.23,"wind_dir":286,"weather":{"icon":"c02n","code":802,"description":"Scattered clouds"},"ghi":0,"dhi":0,"timestamp_local":"2022-06-02T00:00:00","solar_rad":0,"vis":10,"dni":0,"temp":9.6,"slp":1018,"clouds":36,"ts":1654120800},{"precip_rate":0,"rh":96,"wind_spd":3,"timestamp_utc":"2022-06-01T22:15:00","snow_rate":0,"app_temp":9.2,"pres":1008.20654,"azimuth":343.2,"dewpt":8.6,"uv":0,"elev_angle":-13.76,"wind_dir":284,"weather":{"icon":"c02n","code":802,"description":"Scattered clouds"},"ghi":0,"dhi":0,"timestamp_local":"2022-06-02T00:15:00","solar_rad":0,"vis":10,"dni":0,"temp":9.2,"slp":1018.25,"clouds":32,"ts":1654121700},{"precip_rate":0,"rh":96,"wind_spd":2.8,"timestamp_utc":"2022-06-01T22:30:00","snow_rate":0,"app_temp":8.8,"pres":1008.4409,"azimuth":346.74,"dewpt":8.2,"uv":0,"elev_angle":-14.28,"wind_dir":282,"weather":{"icon":"c02n","code":802,"description":"Scattered clouds"},"ghi":0,"dhi":0,"timestamp_local":"2022-06-02T00:30:00","solar_rad":0,"vis":10,"dni":0,"temp":8.8,"slp":1018.5,"clouds":28,"ts":1654122600},{"precip_rate":0,"rh":97,"wind_spd":2.6,"timestamp_utc":"2022-06-01T22:45:00","snow_rate":0,"app_temp":8.5,"pres":1008.67535,"azimuth":350.28,"dewpt":8,"uv":0,"elev_angle":-14.81,"wind_dir":280,"weather":{"icon":"c02n","code":802,"description":"Scattered clouds"},"ghi":0,"dhi":0,"timestamp_local":"2022-06-02T00:45:00","solar_rad":0,"vis":10,"dni":0,"temp":8.5,"slp":1018.75,"clouds":23,"ts":1654123500},{"precip_rate":0,"rh":98,"wind_spd":2.4,"timestamp_utc":"2022-06-01T23:00:00","snow_rate":0,"app_temp":8.1,"pres":1008.9097,"azimuth":353.82,"dewpt":7.8,"uv":0,"elev_angle":-15.33,"wind_dir":278,"weather":{"icon":"c02n","code":801,"description":"Few clouds"},"ghi":0,"dhi":0,"timestamp_local":"2022-06-02T01:00:00","solar_rad":0,"vis":6,"dni":0,"temp":8.1,"slp":1019,"clouds":19,"ts":1654124400},{"precip_rate":0,"rh":98,"wind_spd":2.3,"timestamp_utc":"2022-06-01T23:15:00","snow_rate":0,"app_temp":7.8,"pres":1008.8998,"azimuth":267.42,"dewpt":7.5,"uv":0,"elev_angle":-15.29,"wind_dir":282,"weather":{"icon":"c02n","code":801,"description":"Few clouds"},"ghi":0,"dhi":0,"timestamp_local":"2022-06-02T01:15:00","solar_rad":0,"vis":3,"dni":0,"temp":7.8,"slp":1019,"clouds":18,"ts":1654125300},{"precip_rate":0,"rh":99,"wind_spd":2.2,"timestamp_utc":"2022-06-01T23:30:00","snow_rate":0,"app_temp":7.5,"pres":1008.8899,"azimuth":181.02,"dewpt":7.4,"uv":0,"elev_angle":-15.25,"wind_dir":285,"weather":{"icon":"c02n","code":801,"description":"Few clouds"},"ghi":0,"dhi":0,"timestamp_local":"2022-06-02T01:30:00","solar_rad":0,"vis":3,"dni":0,"temp":7.5,"slp":1019,"clouds":16,"ts":1654126200},{"precip_rate":0,"rh":100,"wind_spd":2.1,"timestamp_utc":"2022-06-01T23:45:00","snow_rate":0,"app_temp":7.3,"pres":1008.87994,"azimuth":94.61,"dewpt":7.3,"uv":0,"elev_angle":-15.21,"wind_dir":288,"weather":{"icon":"c02n","code":801,"description":"Few clouds"},"ghi":0,"dhi":0,"timestamp_local":"2022-06-02T01:45:00","solar_rad":0,"vis":3,"dni":0,"temp":7.3,"slp":1019,"clouds":15,"ts":1654127100}],"sources":["103150-99999","imerg","merra2","era5","modis"],"city_id":"2856883"}
