{"timezone":"Europe\/Berlin","state_code":"06","country_code":"DE","lat":52.2833,"lon":8,"city_name":"Osnabr�ck","station_id":"103150-99999","data":[{"precip_rate":0,"rh":88,"wind_spd":1.2,"timestamp_utc":"2022-07-04T00:00:00","snow_rate":0,"app_temp":12.2,"pres":1010.0432,"azimuth":6.62,"dewpt":10.3,"uv":0,"elev_angle":-14.66,"wind_dir":278,"weather":{"icon":"c01n","code":800,"description":"Clear Sky"},"ghi":0,"dhi":0,"timestamp_local":"2022-07-04T02:00:00","solar_rad":0,"vis":10,"dni":0,"temp":12.2,"slp":1020,"clouds":1,"ts":1656892800},{"precip_rate":0,"rh":89,"wind_spd":1.5,"timestamp_utc":"2022-07-04T00:15:00","snow_rate":0,"app_temp":12.1,"pres":1009.7924,"azimuth":10.13,"dewpt":10.4,"uv":0,"elev_angle":-14.12,"wind_dir":282,"weather":{"icon":"c01n","code":800,"description":"Clear Sky"},"ghi":0,"dhi":0,"timestamp_local":"2022-07-04T02:15:00","solar_rad":0,"vis":10,"dni":0,"temp":12.1,"slp":1019.75,"clouds":1,"ts":1656893700},{"precip_rate":0,"rh":90,"wind_spd":1.8,"timestamp_utc":"2022-07-04T00:30:00","snow_rate":0,"app_temp":12,"pres":1009.5416,"azimuth":13.64,"dewpt":10.5,"uv":0,"elev_angle":-13.58,"wind_dir":285,"weather":{"icon":"c02n","code":801,"description":"Few clouds"},"ghi":0,"dhi":0,"timestamp_local":"2022-07-04T02:30:00","solar_rad":0,"vis":10,"dni":0,"temp":12,"slp":1019.5,"clouds":2,"ts":1656894600},{"precip_rate":0,"rh":90,"wind_spd":2.1,"timestamp_utc":"2022-07-04T00:45:00","snow_rate":0,"app_temp":12,"pres":1009.2909,"azimuth":17.15,"dewpt":10.4,"uv":0,"elev_angle":-13.03,"wind_dir":288,"weather":{"icon":"c02n","code":801,"description":"Few clouds"},"ghi":0,"dhi":0,"timestamp_local":"2022-07-04T02:45:00","solar_rad":0,"vis":10,"dni":0,"temp":12,"slp":1019.25,"clouds":2,"ts":1656895500},{"precip_rate":0,"rh":91,"wind_spd":2.4,"timestamp_utc":"2022-07-04T01:00:00","snow_rate":0,"app_temp":11.9,"pres":1009.0401,"azimuth":20.66,"dewpt":10.5,"uv":0,"elev_angle":-12.49,"wind_dir":292,"weather":{"icon":"c02n","code":801,"description":"Few clouds"},"ghi":0,"dhi":0,"timestamp_local":"2022-07-04T03:00:00","solar_rad":0,"vis":10,"dni":0,"temp":11.9,"slp":1019,"clouds":2,"ts":1656896400},{"precip_rate":0,"rh":91,"wind_spd":2.2,"timestamp_utc":"2022-07-04T01:15:00","snow_rate":0,"app_temp":11.8,"pres":1009.03687,"azimuth":24.01,"dewpt":10.4,"uv":0,"elev_angle":-11.44,"wind_dir":284,"weather":{"icon":"c02n","code":801,"description":"Few clouds"},"ghi":0,"dhi":0,"timestamp_local":"2022-07-04T03:15:00","solar_rad":0,"vis":10,"dni":0,"temp":11.8,"slp":1019,"clouds":2,"ts":1656897300},{"precip_rate":0,"rh":91,"wind_spd":2,"timestamp_utc":"2022-07-04T01:30:00","snow_rate":0,"app_temp":11.7,"pres":1009.0337,"azimuth":27.35,"dewpt":10.3,"uv":0,"elev_angle":-10.39,"wind_dir":277,"weather":{"icon":"c02n","code":801,"description":"Few clouds"},"ghi":0,"dhi":0,"timestamp_local":"2022-07-04T03:30:00","solar_rad":0,"vis":10,"dni":0,"temp":11.7,"slp":1019,"clouds":2,"ts":1656898200},{"precip_rate":0,"rh":91,"wind_spd":1.8,"timestamp_utc":"2022-07-04T01:45:00","snow_rate":0,"app_temp":11.6,"pres":1009.03046,"azimuth":30.7,"dewpt":10.2,"uv":0,"elev_angle":-9.33,"wind_dir":270,"weather":{"icon":"c02n","code":801,"description":"Few clouds"},"ghi":0,"dhi":0,"timestamp_local":"2022-07-04T03:45:00","solar_rad":0,"vis":10,"dni":0,"temp":11.6,"slp":1019,"clouds":2,"ts":1656899100},{"precip_rate":0,"rh":91,"wind_spd":1.6,"timestamp_utc":"2022-07-04T02:00:00","snow_rate":0,"app_temp":11.5,"pres":1009.0272,"azimuth":34.04,"dewpt":10.1,"uv":0,"elev_angle":-8.28,"wind_dir":262,"weather":{"icon":"c02n","code":801,"description":"Few clouds"},"ghi":0,"dhi":0,"timestamp_local":"2022-07-04T04:00:00","solar_rad":0,"vis":10,"dni":0,"temp":11.5,"slp":1019,"clouds":2,"ts":1656900000},{"precip_rate":0,"rh":92,"wind_spd":1.5,"timestamp_utc":"2022-07-04T02:15:00","snow_rate":0,"app_temp":11.4,"pres":1009.27155,"azimuth":37.18,"dewpt":10.1,"uv":0,"elev_angle":-6.8,"wind_dir":252,"weather":{"icon":"c02n","code":801,"description":"Few clouds"},"ghi":0,"dhi":0,"timestamp_local":"2022-07-04T04:15:00","solar_rad":0,"vis":10,"dni":0,"temp":11.4,"slp":1019.25,"clouds":2,"ts":1656900900},{"precip_rate":0,"rh":92,"wind_spd":1.4,"timestamp_utc":"2022-07-04T02:30:00","snow_rate":0,"app_temp":11.3,"pres":1009.51587,"azimuth":40.31,"dewpt":10,"uv":0,"elev_angle":-5.32,"wind_dir":243,"weather":{"icon":"c01n","code":800,"description":"Clear Sky"},"ghi":0,"dhi":0,"timestamp_local":"2022-07-04T04:30:00","solar_rad":0,"vis":10,"dni":0,"temp":11.3,"slp":1019.5,"clouds":1,"ts":1656901800},{"precip_rate":0,"rh":92,"wind_spd":1.3,"timestamp_utc":"2022-07-04T02:45:00","snow_rate":0,"app_temp":11.2,"pres":1009.7602,"azimuth":43.45,"dewpt":9.9,"uv":0,"elev_angle":-3.83,"wind_dir":234,"weather":{"icon":"c01n","code":800,"description":"Clear Sky"},"ghi":0,"dhi":0,"timestamp_local":"2022-07-04T04:45:00","solar_rad":0,"vis":10,"dni":0,"temp":11.2,"slp":1019.75,"clouds":0,"ts":1656902700},{"precip_rate":0,"rh":93,"wind_spd":1.2,"timestamp_utc":"2022-07-04T03:00:00","snow_rate":0,"app_temp":11.1,"pres":1010.0045,"azimuth":46.58,"dewpt":10,"uv":0,"elev_angle":-2.35,"wind_dir":224,"weather":{"icon":"c01n","code":800,"description":"Clear Sky"},"ghi":0,"dhi":0,"timestamp_local":"2022-07-04T05:00:00","solar_rad":0,"vis":10,"dni":0,"temp":11.1,"slp":1020,"clouds":0,"ts":1656903600},{"precip_rate":0,"rh":93,"wind_spd":1.4,"timestamp_utc":"2022-07-04T03:15:00","snow_rate":0,"app_temp":11.2,"pres":1010.00775,"azimuth":49.52,"dewpt":10.1,"uv":0,"elev_angle":-0.53,"wind_dir":230,"weather":{"icon":"c01n","code":800,"description":"Clear Sky"},"ghi":12.1,"dhi":8.28,"timestamp_local":"2022-07-04T05:15:00","solar_rad":11.72992,"vis":10,"dni":70.42,"temp":11.2,"slp":1020,"clouds":0,"ts":1656904500},{"precip_rate":0,"rh":93,"wind_spd":1.6,"timestamp_utc":"2022-07-04T03:30:00","snow_rate":0,"app_temp":11.3,"pres":1010.011,"azimuth":52.46,"dewpt":10.2,"uv":1.8,"elev_angle":1.29,"wind_dir":237,"weather":{"icon":"c01n","code":800,"description":"Clear Sky"},"ghi":24.2,"dhi":16.57,"timestamp_local":"2022-07-04T05:30:00","solar_rad":23.455315,"vis":10,"dni":140.84,"temp":11.3,"slp":1020,"clouds":0,"ts":1656905400},{"precip_rate":0,"rh":93,"wind_spd":1.8,"timestamp_utc":"2022-07-04T03:45:00","snow_rate":0,"app_temp":11.4,"pres":1010.0142,"azimuth":55.4,"dewpt":10.3,"uv":1.8,"elev_angle":3.1,"wind_dir":244,"weather":{"icon":"c01n","code":800,"description":"Clear Sky"},"ghi":36.2,"dhi":24.85,"timestamp_local":"2022-07-04T05:45:00","solar_rad":35.079235,"vis":10,"dni":211.25,"temp":11.4,"slp":1020,"clouds":0,"ts":1656906300},{"precip_rate":0,"rh":93,"wind_spd":2,"timestamp_utc":"2022-07-04T04:00:00","snow_rate":0,"app_temp":11.5,"pres":1010.01746,"azimuth":58.34,"dewpt":10.4,"uv":1.8,"elev_angle":4.92,"wind_dir":250,"weather":{"icon":"c01n","code":800,"description":"Clear Sky"},"ghi":48.3,"dhi":33.13,"timestamp_local":"2022-07-04T06:00:00","solar_rad":46.795467,"vis":10,"dni":281.67,"temp":11.5,"slp":1020,"clouds":0,"ts":1656907200},{"precip_rate":0,"rh":92,"wind_spd":2,"timestamp_utc":"2022-07-04T04:15:00","snow_rate":0,"app_temp":11.9,"pres":1010.0335,"azimuth":61.15,"dewpt":10.7,"uv":1.6,"elev_angle":6.98,"wind_dir":249,"weather":{"icon":"c02d","code":801,"description":"Few clouds"},"ghi":79.8,"dhi":39.78,"timestamp_local":"2022-07-04T06:15:00","solar_rad":77.13125,"vis":10,"dni":345.31,"temp":11.9,"slp":1020,"clouds":16,"ts":1656908100},{"precip_rate":0,"rh":91,"wind_spd":2,"timestamp_utc":"2022-07-04T04:30:00","snow_rate":0,"app_temp":12.4,"pres":1010.04956,"azimuth":63.96,"dewpt":11,"uv":1.4,"elev_angle":9.04,"wind_dir":248,"weather":{"icon":"c02d","code":802,"description":"Scattered clouds"},"ghi":111.3,"dhi":46.43,"timestamp_local":"2022-07-04T06:30:00","solar_rad":105.848305,"vis":10,"dni":408.94,"temp":12.4,"slp":1020,"clouds":31,"ts":1656909000},{"precip_rate":0,"rh":90,"wind_spd":2,"timestamp_utc":"2022-07-04T04:45:00","snow_rate":0,"app_temp":12.8,"pres":1010.06555,"azimuth":66.77,"dewpt":11.3,"uv":1.3,"elev_angle":11.1,"wind_dir":247,"weather":{"icon":"c03d","code":803,"description":"Broken clouds"},"ghi":142.8,"dhi":53.08,"timestamp_local":"2022-07-04T06:45:00","solar_rad":128.95657,"vis":10,"dni":472.58,"temp":12.8,"slp":1020,"clouds":46,"ts":1656909900},{"precip_rate":0,"rh":89,"wind_spd":2,"timestamp_utc":"2022-07-04T05:00:00","snow_rate":0,"app_temp":13.3,"pres":1010.0816,"azimuth":69.58,"dewpt":11.5,"uv":1.1,"elev_angle":13.16,"wind_dir":246,"weather":{"icon":"c03d","code":803,"description":"Broken clouds"},"ghi":174.3,"dhi":59.73,"timestamp_local":"2022-07-04T07:00:00","solar_rad":137.62213,"vis":10,"dni":536.21,"temp":13.3,"slp":1020,"clouds":62,"ts":1656910800},{"precip_rate":0,"rh":87,"wind_spd":2.1,"timestamp_utc":"2022-07-04T05:15:00","snow_rate":0,"app_temp":13.8,"pres":1010.34503,"azimuth":72.37,"dewpt":11.7,"uv":1.1,"elev_angle":15.38,"wind_dir":241,"weather":{"icon":"c03d","code":803,"description":"Broken clouds"},"ghi":212.1,"dhi":64.38,"timestamp_local":"2022-07-04T07:15:00","solar_rad":167.42413,"vis":10,"dni":571.38,"temp":13.8,"slp":1020.25,"clouds":62,"ts":1656911700},{"precip_rate":0,"rh":84,"wind_spd":2.2,"timestamp_utc":"2022-07-04T05:30:00","snow_rate":0,"app_temp":14.3,"pres":1010.6084,"azimuth":75.15,"dewpt":11.6,"uv":1.2,"elev_angle":17.59,"wind_dir":236,"weather":{"icon":"c03d","code":803,"description":"Broken clouds"},"ghi":250,"dhi":69.03,"timestamp_local":"2022-07-04T07:30:00","solar_rad":197.39278,"vis":10,"dni":606.56,"temp":14.3,"slp":1020.5,"clouds":62,"ts":1656912600},{"precip_rate":0,"rh":82,"wind_spd":2.3,"timestamp_utc":"2022-07-04T05:45:00","snow_rate":0,"app_temp":14.7,"pres":1010.8718,"azimuth":77.94,"dewpt":11.7,"uv":1.3,"elev_angle":19.81,"wind_dir":231,"weather":{"icon":"c03d","code":803,"description":"Broken clouds"},"ghi":287.8,"dhi":73.67,"timestamp_local":"2022-07-04T07:45:00","solar_rad":224.34221,"vis":10,"dni":641.73,"temp":14.7,"slp":1020.75,"clouds":63,"ts":1656913500},{"precip_rate":0,"rh":80,"wind_spd":2.4,"timestamp_utc":"2022-07-04T06:00:00","snow_rate":0,"app_temp":15.2,"pres":1011.13525,"azimuth":80.72,"dewpt":11.8,"uv":1.3,"elev_angle":22.02,"wind_dir":226,"weather":{"icon":"c03d","code":803,"description":"Broken clouds"},"ghi":325.7,"dhi":78.32,"timestamp_local":"2022-07-04T08:00:00","solar_rad":253.8404,"vis":10,"dni":676.9,"temp":15.2,"slp":1021,"clouds":63,"ts":1656914400},{"precip_rate":0,"rh":77,"wind_spd":2.5,"timestamp_utc":"2022-07-04T06:15:00","snow_rate":0,"app_temp":15.7,"pres":1010.9033,"azimuth":83.62,"dewpt":11.6,"uv":1.6,"elev_angle":24.31,"wind_dir":227,"weather":{"icon":"c03d","code":803,"description":"Broken clouds"},"ghi":364.8,"dhi":81.8,"timestamp_local":"2022-07-04T08:15:00","solar_rad":314.77234,"vis":10,"dni":699.07,"temp":15.7,"slp":1020.75,"clouds":53,"ts":1656915300},{"precip_rate":0,"rh":74,"wind_spd":2.6,"timestamp_utc":"2022-07-04T06:30:00","snow_rate":0,"app_temp":16.1,"pres":1010.6714,"azimuth":86.53,"dewpt":11.5,"uv":2,"elev_angle":26.59,"wind_dir":228,"weather":{"icon":"c03d","code":803,"description":"Broken clouds"},"ghi":404,"dhi":85.29,"timestamp_local":"2022-07-04T08:30:00","solar_rad":371.7144,"vis":10,"dni":721.25,"temp":16.1,"slp":1020.5,"clouds":42,"ts":1656916200},{"precip_rate":0,"rh":71,"wind_spd":2.7,"timestamp_utc":"2022-07-04T06:45:00","snow_rate":0,"app_temp":16.6,"pres":1010.4394,"azimuth":89.43,"dewpt":11.3,"uv":2.4,"elev_angle":28.88,"wind_dir":229,"weather":{"icon":"c02d","code":802,"description":"Scattered clouds"},"ghi":443.1,"dhi":88.77,"timestamp_local":"2022-07-04T08:45:00","solar_rad":420.49283,"vis":10,"dni":743.42,"temp":16.6,"slp":1020.25,"clouds":32,"ts":1656917100},{"precip_rate":0,"rh":68,"wind_spd":2.8,"timestamp_utc":"2022-07-04T07:00:00","snow_rate":0,"app_temp":17,"pres":1010.20746,"azimuth":92.33,"dewpt":11.1,"uv":2.8,"elev_angle":31.16,"wind_dir":230,"weather":{"icon":"c02d","code":802,"description":"Scattered clouds"},"ghi":482.3,"dhi":92.25,"timestamp_local":"2022-07-04T09:00:00","solar_rad":464.43512,"vis":10,"dni":765.59,"temp":17,"slp":1020,"clouds":22,"ts":1656918000},{"precip_rate":0,"rh":66,"wind_spd":2.9,"timestamp_utc":"2022-07-04T07:15:00","snow_rate":0,"app_temp":17.4,"pres":1010.21985,"azimuth":95.55,"dewpt":11,"uv":3.1,"elev_angle":33.43,"wind_dir":232,"weather":{"icon":"c02d","code":802,"description":"Scattered clouds"},"ghi":518.8,"dhi":94.86,"timestamp_local":"2022-07-04T09:15:00","solar_rad":500.09912,"vis":10,"dni":780.27,"temp":17.4,"slp":1020,"clouds":21,"ts":1656918900},{"precip_rate":0,"rh":64,"wind_spd":3,"timestamp_utc":"2022-07-04T07:30:00","snow_rate":0,"app_temp":17.8,"pres":1010.2322,"azimuth":98.78,"dewpt":10.9,"uv":3.4,"elev_angle":35.69,"wind_dir":234,"weather":{"icon":"c02d","code":801,"description":"Few clouds"},"ghi":555.4,"dhi":97.48,"timestamp_local":"2022-07-04T09:30:00","solar_rad":535.9019,"vis":10,"dni":794.96,"temp":17.8,"slp":1020,"clouds":20,"ts":1656919800},{"precip_rate":0,"rh":61,"wind_spd":3.1,"timestamp_utc":"2022-07-04T07:45:00","snow_rate":0,"app_temp":18.1,"pres":1010.2445,"azimuth":102,"dewpt":10.5,"uv":3.8,"elev_angle":37.96,"wind_dir":236,"weather":{"icon":"c02d","code":801,"description":"Few clouds"},"ghi":592,"dhi":100.09,"timestamp_local":"2022-07-04T09:45:00","solar_rad":572.0415,"vis":10,"dni":809.64,"temp":18.1,"slp":1020,"clouds":19,"ts":1656920700},{"precip_rate":0,"rh":59,"wind_spd":3.2,"timestamp_utc":"2022-07-04T08:00:00","snow_rate":0,"app_temp":17.9,"pres":1010.2569,"azimuth":105.22,"dewpt":10.3,"uv":4.1,"elev_angle":40.22,"wind_dir":238,"weather":{"icon":"c02d","code":801,"description":"Few clouds"},"ghi":628.5,"dhi":102.7,"timestamp_local":"2022-07-04T10:00:00","solar_rad":607.8527,"vis":10,"dni":824.32,"temp":18.5,"slp":1020,"clouds":18,"ts":1656921600},{"precip_rate":0,"rh":57,"wind_spd":3.3,"timestamp_utc":"2022-07-04T08:15:00","snow_rate":0,"app_temp":18.2,"pres":1010.2661,"azimuth":109.07,"dewpt":10.1,"uv":4.4,"elev_angle":42.33,"wind_dir":241,"weather":{"icon":"c02d","code":801,"description":"Few clouds"},"ghi":659.2,"dhi":104.58,"timestamp_local":"2022-07-04T10:15:00","solar_rad":657.1058,"vis":10,"dni":834,"temp":18.8,"slp":1020,"clouds":19,"ts":1656922500},{"precip_rate":0,"rh":55,"wind_spd":3.4,"timestamp_utc":"2022-07-04T08:30:00","snow_rate":0,"app_temp":18.4,"pres":1010.27527,"azimuth":112.92,"dewpt":9.8,"uv":4.7,"elev_angle":44.45,"wind_dir":244,"weather":{"icon":"c02d","code":801,"description":"Few clouds"},"ghi":689.9,"dhi":106.47,"timestamp_local":"2022-07-04T10:30:00","solar_rad":687.29065,"vis":10,"dni":843.69,"temp":19.1,"slp":1020,"clouds":20,"ts":1656923400},{"precip_rate":0,"rh":53,"wind_spd":3.5,"timestamp_utc":"2022-07-04T08:45:00","snow_rate":0,"app_temp":18.7,"pres":1010.2845,"azimuth":116.77,"dewpt":9.5,"uv":5,"elev_angle":46.56,"wind_dir":247,"weather":{"icon":"c02d","code":802,"description":"Scattered clouds"},"ghi":720.6,"dhi":108.35,"timestamp_local":"2022-07-04T10:45:00","solar_rad":716.8315,"vis":10,"dni":853.37,"temp":19.3,"slp":1020,"clouds":22,"ts":1656924300},{"precip_rate":0,"rh":51,"wind_spd":3.6,"timestamp_utc":"2022-07-04T09:00:00","snow_rate":0,"app_temp":18.9,"pres":1010.2937,"azimuth":120.62,"dewpt":9.2,"uv":5.3,"elev_angle":48.67,"wind_dir":250,"weather":{"icon":"c02d","code":802,"description":"Scattered clouds"},"ghi":751.3,"dhi":110.23,"timestamp_local":"2022-07-04T11:00:00","solar_rad":746.72986,"vis":10,"dni":863.05,"temp":19.6,"slp":1020,"clouds":23,"ts":1656925200},{"precip_rate":0,"rh":50,"wind_spd":3.5,"timestamp_utc":"2022-07-04T09:15:00","snow_rate":0,"app_temp":19.3,"pres":1010.30585,"azimuth":125.51,"dewpt":9.2,"uv":5,"elev_angle":50.42,"wind_dir":250,"weather":{"icon":"c02d","code":802,"description":"Scattered clouds"},"ghi":773.5,"dhi":111.46,"timestamp_local":"2022-07-04T11:15:00","solar_rad":751.916,"vis":10,"dni":869.01,"temp":20,"slp":1020,"clouds":36,"ts":1656926100},{"precip_rate":0,"rh":48,"wind_spd":3.4,"timestamp_utc":"2022-07-04T09:30:00","snow_rate":0,"app_temp":19.7,"pres":1010.318,"azimuth":130.4,"dewpt":9,"uv":4.6,"elev_angle":52.17,"wind_dir":250,"weather":{"icon":"c03d","code":803,"description":"Broken clouds"},"ghi":795.6,"dhi":112.69,"timestamp_local":"2022-07-04T11:30:00","solar_rad":732.2708,"vis":10,"dni":874.96,"temp":20.4,"slp":1020,"clouds":49,"ts":1656927000},{"precip_rate":0,"rh":47,"wind_spd":3.3,"timestamp_utc":"2022-07-04T09:45:00","snow_rate":0,"app_temp":20.1,"pres":1010.33014,"azimuth":135.29,"dewpt":9,"uv":4.2,"elev_angle":53.92,"wind_dir":250,"weather":{"icon":"c03d","code":803,"description":"Broken clouds"},"ghi":817.8,"dhi":113.92,"timestamp_local":"2022-07-04T11:45:00","solar_rad":672.9157,"vis":10,"dni":880.92,"temp":20.7,"slp":1020,"clouds":62,"ts":1656927900},{"precip_rate":0,"rh":46,"wind_spd":3.2,"timestamp_utc":"2022-07-04T10:00:00","snow_rate":0,"app_temp":20.5,"pres":1010.3423,"azimuth":140.18,"dewpt":9,"uv":3.7,"elev_angle":55.67,"wind_dir":250,"weather":{"icon":"c04d","code":804,"description":"Overcast clouds"},"ghi":840,"dhi":115.15,"timestamp_local":"2022-07-04T12:00:00","solar_rad":555.7306,"vis":10,"dni":886.87,"temp":21.1,"slp":1020,"clouds":75,"ts":1656928800},{"precip_rate":0,"rh":45,"wind_spd":3.4,"timestamp_utc":"2022-07-04T10:15:00","snow_rate":0,"app_temp":20.7,"pres":1010.3483,"azimuth":146.4,"dewpt":8.9,"uv":3.8,"elev_angle":56.73,"wind_dir":252,"weather":{"icon":"c04d","code":804,"description":"Overcast clouds"},"ghi":851.8,"dhi":115.77,"timestamp_local":"2022-07-04T12:15:00","solar_rad":576.3974,"vis":10,"dni":889.75,"temp":21.3,"slp":1020,"clouds":74,"ts":1656929700},{"precip_rate":0,"rh":44,"wind_spd":3.6,"timestamp_utc":"2022-07-04T10:30:00","snow_rate":0,"app_temp":20.9,"pres":1010.3544,"azimuth":152.61,"dewpt":8.7,"uv":4,"elev_angle":57.79,"wind_dir":254,"weather":{"icon":"c04d","code":804,"description":"Overcast clouds"},"ghi":863.6,"dhi":116.39,"timestamp_local":"2022-07-04T12:30:00","solar_rad":597.00446,"vis":10,"dni":892.64,"temp":21.5,"slp":1020,"clouds":73,"ts":1656930600},{"precip_rate":0,"rh":43,"wind_spd":3.8,"timestamp_utc":"2022-07-04T10:45:00","snow_rate":0,"app_temp":21,"pres":1010.36035,"azimuth":158.83,"dewpt":8.6,"uv":4.2,"elev_angle":58.85,"wind_dir":256,"weather":{"icon":"c04d","code":804,"description":"Overcast clouds"},"ghi":875.4,"dhi":117,"timestamp_local":"2022-07-04T12:45:00","solar_rad":617.54266,"vis":10,"dni":895.52,"temp":21.7,"slp":1020,"clouds":72,"ts":1656931500},{"precip_rate":0,"rh":42,"wind_spd":4,"timestamp_utc":"2022-07-04T11:00:00","snow_rate":0,"app_temp":21.2,"pres":1010.3664,"azimuth":165.04,"dewpt":8.4,"uv":4.3,"elev_angle":59.91,"wind_dir":258,"weather":{"icon":"c04d","code":804,"description":"Overcast clouds"},"ghi":887.2,"dhi":117.62,"timestamp_local":"2022-07-04T13:00:00","solar_rad":638.00323,"vis":10,"dni":898.4,"temp":21.9,"slp":1020,"clouds":71,"ts":1656932400},{"precip_rate":0,"rh":43,"wind_spd":4,"timestamp_utc":"2022-07-04T11:15:00","snow_rate":0,"app_temp":21.3,"pres":1010.1188,"azimuth":172,"dewpt":8.8,"uv":4.3,"elev_angle":59.95,"wind_dir":259,"weather":{"icon":"c04d","code":804,"description":"Overcast clouds"},"ghi":887.6,"dhi":117.64,"timestamp_local":"2022-07-04T13:15:00","solar_rad":626.149,"vis":10,"dni":898.5,"temp":21.9,"slp":1019.75,"clouds":72,"ts":1656933300},{"precip_rate":0,"rh":44,"wind_spd":4,"timestamp_utc":"2022-07-04T11:30:00","snow_rate":0,"app_temp":21.3,"pres":1009.8711,"azimuth":178.96,"dewpt":9.1,"uv":4.1,"elev_angle":60,"wind_dir":260,"weather":{"icon":"c04d","code":804,"description":"Overcast clouds"},"ghi":888,"dhi":117.67,"timestamp_local":"2022-07-04T13:30:00","solar_rad":600.8933,"vis":10,"dni":898.61,"temp":21.9,"slp":1019.5,"clouds":74,"ts":1656934200},{"precip_rate":0,"rh":45,"wind_spd":4,"timestamp_utc":"2022-07-04T11:45:00","snow_rate":0,"app_temp":21.3,"pres":1009.6234,"azimuth":185.92,"dewpt":9.4,"uv":4.1,"elev_angle":60.04,"wind_dir":261,"weather":{"icon":"c04d","code":804,"description":"Overcast clouds"},"ghi":888.5,"dhi":117.69,"timestamp_local":"2022-07-04T13:45:00","solar_rad":587.81744,"vis":10,"dni":898.71,"temp":21.9,"slp":1019.25,"clouds":75,"ts":1656935100},{"precip_rate":0,"rh":46,"wind_spd":4,"timestamp_utc":"2022-07-04T12:00:00","snow_rate":0,"app_temp":21.3,"pres":1009.3758,"azimuth":192.88,"dewpt":9.8,"uv":4,"elev_angle":60.08,"wind_dir":262,"weather":{"icon":"c04d","code":804,"description":"Overcast clouds"},"ghi":888.9,"dhi":117.71,"timestamp_local":"2022-07-04T14:00:00","solar_rad":574.22546,"vis":10,"dni":898.81,"temp":21.9,"slp":1019,"clouds":76,"ts":1656936000},{"precip_rate":0,"rh":46,"wind_spd":4.2,"timestamp_utc":"2022-07-04T12:15:00","snow_rate":0,"app_temp":21.4,"pres":1009.3788,"azimuth":199.19,"dewpt":9.8,"uv":3.9,"elev_angle":59.09,"wind_dir":260,"weather":{"icon":"c04d","code":804,"description":"Overcast clouds"},"ghi":877.9,"dhi":117.14,"timestamp_local":"2022-07-04T14:15:00","solar_rad":567.1195,"vis":10,"dni":896.14,"temp":22,"slp":1019,"clouds":76,"ts":1656936900},{"precip_rate":0,"rh":46,"wind_spd":4.4,"timestamp_utc":"2022-07-04T12:30:00","snow_rate":0,"app_temp":21.5,"pres":1009.38184,"azimuth":205.5,"dewpt":9.9,"uv":3.8,"elev_angle":58.09,"wind_dir":259,"weather":{"icon":"c04d","code":804,"description":"Overcast clouds"},"ghi":867,"dhi":116.57,"timestamp_local":"2022-07-04T14:30:00","solar_rad":546.1293,"vis":10,"dni":893.47,"temp":22.1,"slp":1019,"clouds":77,"ts":1656937800},{"precip_rate":0,"rh":45,"wind_spd":4.6,"timestamp_utc":"2022-07-04T12:45:00","snow_rate":0,"app_temp":21.6,"pres":1009.3848,"azimuth":211.8,"dewpt":9.6,"uv":3.7,"elev_angle":57.1,"wind_dir":258,"weather":{"icon":"c04d","code":804,"description":"Overcast clouds"},"ghi":856,"dhi":115.99,"timestamp_local":"2022-07-04T14:45:00","solar_rad":524.99243,"vis":10,"dni":890.8,"temp":22.1,"slp":1019,"clouds":78,"ts":1656938700},{"precip_rate":0,"rh":45,"wind_spd":4.8,"timestamp_utc":"2022-07-04T13:00:00","snow_rate":0,"app_temp":21.7,"pres":1009.3878,"azimuth":218.11,"dewpt":9.7,"uv":3.6,"elev_angle":56.1,"wind_dir":256,"weather":{"icon":"c04d","code":804,"description":"Overcast clouds"},"ghi":845,"dhi":115.42,"timestamp_local":"2022-07-04T15:00:00","solar_rad":518.24603,"vis":10,"dni":888.13,"temp":22.2,"slp":1019,"clouds":78,"ts":1656939600},{"precip_rate":0,"rh":45,"wind_spd":4.8,"timestamp_utc":"2022-07-04T13:15:00","snow_rate":0,"app_temp":21.7,"pres":1009.3878,"azimuth":223.09,"dewpt":9.7,"uv":3.7,"elev_angle":54.39,"wind_dir":257,"weather":{"icon":"c04d","code":804,"description":"Overcast clouds"},"ghi":823.5,"dhi":114.24,"timestamp_local":"2022-07-04T15:15:00","solar_rad":569.28345,"vis":10,"dni":882.42,"temp":22.2,"slp":1019,"clouds":73,"ts":1656940500},{"precip_rate":0,"rh":46,"wind_spd":4.8,"timestamp_utc":"2022-07-04T13:30:00","snow_rate":0,"app_temp":21.7,"pres":1009.3878,"azimuth":228.08,"dewpt":10,"uv":3.7,"elev_angle":52.68,"wind_dir":258,"weather":{"icon":"c03d","code":803,"description":"Broken clouds"},"ghi":802.1,"dhi":113.05,"timestamp_local":"2022-07-04T15:30:00","solar_rad":607.5634,"vis":10,"dni":876.71,"temp":22.2,"slp":1019,"clouds":68,"ts":1656941400},{"precip_rate":0,"rh":46,"wind_spd":4.8,"timestamp_utc":"2022-07-04T13:45:00","snow_rate":0,"app_temp":21.7,"pres":1009.3878,"azimuth":233.06,"dewpt":10,"uv":3.7,"elev_angle":50.96,"wind_dir":259,"weather":{"icon":"c03d","code":803,"description":"Broken clouds"},"ghi":780.6,"dhi":111.87,"timestamp_local":"2022-07-04T15:45:00","solar_rad":626.5425,"vis":10,"dni":871,"temp":22.2,"slp":1019,"clouds":64,"ts":1656942300},{"precip_rate":0,"rh":46,"wind_spd":4.8,"timestamp_utc":"2022-07-04T14:00:00","snow_rate":0,"app_temp":21.7,"pres":1009.3878,"azimuth":238.04,"dewpt":10,"uv":3.8,"elev_angle":49.25,"wind_dir":260,"weather":{"icon":"c03d","code":803,"description":"Broken clouds"},"ghi":759.2,"dhi":110.68,"timestamp_local":"2022-07-04T16:00:00","solar_rad":645.56934,"vis":10,"dni":865.29,"temp":22.2,"slp":1019,"clouds":59,"ts":1656943200},{"precip_rate":0,"rh":46,"wind_spd":4.8,"timestamp_utc":"2022-07-04T14:15:00","snow_rate":0,"app_temp":21.8,"pres":1009.3908,"azimuth":241.95,"dewpt":10.1,"uv":3.4,"elev_angle":47.16,"wind_dir":262,"weather":{"icon":"c03d","code":803,"description":"Broken clouds"},"ghi":729,"dhi":108.85,"timestamp_local":"2022-07-04T16:15:00","solar_rad":592.62714,"vis":10,"dni":855.91,"temp":22.3,"slp":1019,"clouds":63,"ts":1656944100},{"precip_rate":0,"rh":46,"wind_spd":4.8,"timestamp_utc":"2022-07-04T14:30:00","snow_rate":0,"app_temp":21.9,"pres":1009.3938,"azimuth":245.87,"dewpt":10.2,"uv":3,"elev_angle":45.06,"wind_dir":263,"weather":{"icon":"c03d","code":803,"description":"Broken clouds"},"ghi":698.8,"dhi":107.02,"timestamp_local":"2022-07-04T16:30:00","solar_rad":545.6755,"vis":10,"dni":846.54,"temp":22.4,"slp":1019,"clouds":66,"ts":1656945000},{"precip_rate":0,"rh":46,"wind_spd":4.8,"timestamp_utc":"2022-07-04T14:45:00","snow_rate":0,"app_temp":22,"pres":1009.3968,"azimuth":249.78,"dewpt":10.3,"uv":2.7,"elev_angle":42.97,"wind_dir":264,"weather":{"icon":"c03d","code":803,"description":"Broken clouds"},"ghi":668.7,"dhi":105.18,"timestamp_local":"2022-07-04T16:45:00","solar_rad":489.7189,"vis":10,"dni":837.16,"temp":22.5,"slp":1019,"clouds":70,"ts":1656945900},{"precip_rate":0,"rh":46,"wind_spd":4.8,"timestamp_utc":"2022-07-04T15:00:00","snow_rate":0,"app_temp":22.1,"pres":1009.3998,"azimuth":253.69,"dewpt":10.4,"uv":2.4,"elev_angle":40.87,"wind_dir":266,"weather":{"icon":"c04d","code":804,"description":"Overcast clouds"},"ghi":638.5,"dhi":103.35,"timestamp_local":"2022-07-04T17:00:00","solar_rad":412.87222,"vis":10,"dni":827.78,"temp":22.6,"slp":1019,"clouds":74,"ts":1656946800},{"precip_rate":0,"rh":46,"wind_spd":4.7,"timestamp_utc":"2022-07-04T15:15:00","snow_rate":0,"app_temp":22.1,"pres":1009.3998,"azimuth":256.95,"dewpt":10.4,"uv":2.2,"elev_angle":38.61,"wind_dir":266,"weather":{"icon":"c04d","code":804,"description":"Overcast clouds"},"ghi":602.3,"dhi":100.79,"timestamp_local":"2022-07-04T17:15:00","solar_rad":398.26736,"vis":10,"dni":813.52,"temp":22.6,"slp":1019,"clouds":73,"ts":1656947700},{"precip_rate":0,"rh":46,"wind_spd":4.6,"timestamp_utc":"2022-07-04T15:30:00","snow_rate":0,"app_temp":22.1,"pres":1009.3998,"azimuth":260.21,"dewpt":10.4,"uv":2,"elev_angle":36.36,"wind_dir":267,"weather":{"icon":"c04d","code":804,"description":"Overcast clouds"},"ghi":566,"dhi":98.24,"timestamp_local":"2022-07-04T17:30:00","solar_rad":382.2692,"vis":10,"dni":799.27,"temp":22.6,"slp":1019,"clouds":72,"ts":1656948600},{"precip_rate":0,"rh":45,"wind_spd":4.5,"timestamp_utc":"2022-07-04T15:45:00","snow_rate":0,"app_temp":22.1,"pres":1009.3998,"azimuth":263.46,"dewpt":10.1,"uv":1.9,"elev_angle":34.1,"wind_dir":268,"weather":{"icon":"c04d","code":804,"description":"Overcast clouds"},"ghi":529.8,"dhi":95.68,"timestamp_local":"2022-07-04T17:45:00","solar_rad":380.98975,"vis":10,"dni":785.01,"temp":22.6,"slp":1019,"clouds":71,"ts":1656949500},{"precip_rate":0,"rh":45,"wind_spd":4.4,"timestamp_utc":"2022-07-04T16:00:00","snow_rate":0,"app_temp":22.1,"pres":1009.3998,"azimuth":266.72,"dewpt":10.1,"uv":1.8,"elev_angle":31.84,"wind_dir":268,"weather":{"icon":"c03d","code":803,"description":"Broken clouds"},"ghi":493.5,"dhi":93.12,"timestamp_local":"2022-07-04T18:00:00","solar_rad":361.4121,"vis":10,"dni":770.75,"temp":22.6,"slp":1019,"clouds":70,"ts":1656950400},{"precip_rate":0,"rh":45,"wind_spd":4.3,"timestamp_utc":"2022-07-04T16:15:00","snow_rate":0,"app_temp":22.1,"pres":1009.15216,"azimuth":269.64,"dewpt":10.1,"uv":1.8,"elev_angle":29.55,"wind_dir":269,"weather":{"icon":"c03d","code":803,"description":"Broken clouds"},"ghi":454.4,"dhi":89.71,"timestamp_local":"2022-07-04T18:15:00","solar_rad":369.39612,"vis":10,"dni":749.24,"temp":22.6,"slp":1018.75,"clouds":63,"ts":1656951300},{"precip_rate":0,"rh":44,"wind_spd":4.2,"timestamp_utc":"2022-07-04T16:30:00","snow_rate":0,"app_temp":22.1,"pres":1008.90454,"azimuth":272.56,"dewpt":9.7,"uv":1.8,"elev_angle":27.26,"wind_dir":270,"weather":{"icon":"c03d","code":803,"description":"Broken clouds"},"ghi":415.3,"dhi":86.3,"timestamp_local":"2022-07-04T18:30:00","solar_rad":363.24725,"vis":10,"dni":727.73,"temp":22.6,"slp":1018.5,"clouds":56,"ts":1656952200},{"precip_rate":0,"rh":44,"wind_spd":4.1,"timestamp_utc":"2022-07-04T16:45:00","snow_rate":0,"app_temp":22.1,"pres":1008.65686,"azimuth":275.47,"dewpt":9.7,"uv":1.8,"elev_angle":24.97,"wind_dir":271,"weather":{"icon":"c03d","code":803,"description":"Broken clouds"},"ghi":376.2,"dhi":82.88,"timestamp_local":"2022-07-04T18:45:00","solar_rad":348.28217,"vis":10,"dni":706.22,"temp":22.6,"slp":1018.25,"clouds":48,"ts":1656953100},{"precip_rate":0,"rh":44,"wind_spd":4,"timestamp_utc":"2022-07-04T17:00:00","snow_rate":0,"app_temp":22.1,"pres":1008.40924,"azimuth":278.39,"dewpt":9.7,"uv":1.7,"elev_angle":22.68,"wind_dir":272,"weather":{"icon":"c03d","code":803,"description":"Broken clouds"},"ghi":337.1,"dhi":79.47,"timestamp_local":"2022-07-04T19:00:00","solar_rad":322.46252,"vis":10,"dni":684.71,"temp":22.6,"slp":1018,"clouds":41,"ts":1656954000},{"precip_rate":0,"rh":44,"wind_spd":3.9,"timestamp_utc":"2022-07-04T17:15:00","snow_rate":0,"app_temp":21.9,"pres":1008.6509,"azimuth":281.18,"dewpt":9.6,"uv":1.7,"elev_angle":20.46,"wind_dir":274,"weather":{"icon":"c02d","code":802,"description":"Scattered clouds"},"ghi":298.9,"dhi":74.92,"timestamp_local":"2022-07-04T19:15:00","solar_rad":290.55942,"vis":10,"dni":650.76,"temp":22.4,"slp":1018.25,"clouds":36,"ts":1656954900},{"precip_rate":0,"rh":45,"wind_spd":3.8,"timestamp_utc":"2022-07-04T17:30:00","snow_rate":0,"app_temp":21.7,"pres":1008.8925,"azimuth":283.97,"dewpt":9.8,"uv":1.7,"elev_angle":18.23,"wind_dir":275,"weather":{"icon":"c02d","code":802,"description":"Scattered clouds"},"ghi":260.8,"dhi":70.37,"timestamp_local":"2022-07-04T19:30:00","solar_rad":256.88474,"vis":10,"dni":616.81,"temp":22.3,"slp":1018.5,"clouds":30,"ts":1656955800},{"precip_rate":0,"rh":46,"wind_spd":3.7,"timestamp_utc":"2022-07-04T17:45:00","snow_rate":0,"app_temp":21.5,"pres":1009.13416,"azimuth":286.75,"dewpt":9.9,"uv":1.7,"elev_angle":16.01,"wind_dir":276,"weather":{"icon":"c02d","code":802,"description":"Scattered clouds"},"ghi":222.7,"dhi":65.82,"timestamp_local":"2022-07-04T19:45:00","solar_rad":220.9013,"vis":10,"dni":582.86,"temp":22.1,"slp":1018.75,"clouds":25,"ts":1656956700},{"precip_rate":0,"rh":46,"wind_spd":3.6,"timestamp_utc":"2022-07-04T18:00:00","snow_rate":0,"app_temp":21.3,"pres":1009.3758,"azimuth":289.54,"dewpt":9.8,"uv":1.7,"elev_angle":13.78,"wind_dir":278,"weather":{"icon":"c02d","code":801,"description":"Few clouds"},"ghi":184.6,"dhi":61.27,"timestamp_local":"2022-07-04T20:00:00","solar_rad":183.90181,"vis":10,"dni":548.91,"temp":21.9,"slp":1019,"clouds":20,"ts":1656957600},{"precip_rate":0,"rh":47,"wind_spd":3.4,"timestamp_utc":"2022-07-04T18:15:00","snow_rate":0,"app_temp":21,"pres":1009.3637,"azimuth":292.35,"dewpt":9.7,"uv":1.6,"elev_angle":11.71,"wind_dir":283,"weather":{"icon":"c02d","code":802,"description":"Scattered clouds"},"ghi":152.4,"dhi":54.81,"timestamp_local":"2022-07-04T20:15:00","solar_rad":151.32861,"vis":10,"dni":488.22,"temp":21.5,"slp":1019,"clouds":24,"ts":1656958500},{"precip_rate":0,"rh":48,"wind_spd":3.2,"timestamp_utc":"2022-07-04T18:30:00","snow_rate":0,"app_temp":20.6,"pres":1009.3517,"azimuth":295.15,"dewpt":9.7,"uv":1.5,"elev_angle":9.63,"wind_dir":288,"weather":{"icon":"c02d","code":802,"description":"Scattered clouds"},"ghi":120.1,"dhi":48.35,"timestamp_local":"2022-07-04T20:30:00","solar_rad":118.67399,"vis":10,"dni":427.53,"temp":21.1,"slp":1019,"clouds":28,"ts":1656959400},{"precip_rate":0,"rh":50,"wind_spd":3,"timestamp_utc":"2022-07-04T18:45:00","snow_rate":0,"app_temp":20.2,"pres":1009.3396,"azimuth":297.96,"dewpt":10,"uv":1.4,"elev_angle":7.56,"wind_dir":293,"weather":{"icon":"c02d","code":802,"description":"Scattered clouds"},"ghi":87.9,"dhi":41.89,"timestamp_local":"2022-07-04T20:45:00","solar_rad":86.25661,"vis":10,"dni":366.83,"temp":20.8,"slp":1019,"clouds":32,"ts":1656960300},{"precip_rate":0,"rh":51,"wind_spd":2.8,"timestamp_utc":"2022-07-04T19:00:00","snow_rate":0,"app_temp":19.8,"pres":1009.3275,"azimuth":300.76,"dewpt":9.9,"uv":1.3,"elev_angle":5.48,"wind_dir":298,"weather":{"icon":"c02d","code":802,"description":"Scattered clouds"},"ghi":55.7,"dhi":35.43,"timestamp_local":"2022-07-04T21:00:00","solar_rad":54.14573,"vis":10,"dni":306.14,"temp":20.4,"slp":1019,"clouds":36,"ts":1656961200},{"precip_rate":0,"rh":52,"wind_spd":2.9,"timestamp_utc":"2022-07-04T19:15:00","snow_rate":0,"app_temp":19.4,"pres":1009.5629,"azimuth":303.69,"dewpt":9.9,"uv":1.3,"elev_angle":3.64,"wind_dir":304,"weather":{"icon":"c02n","code":802,"description":"Scattered clouds"},"ghi":41.8,"dhi":26.57,"timestamp_local":"2022-07-04T21:15:00","solar_rad":40.740135,"vis":10,"dni":229.61,"temp":20,"slp":1019.25,"clouds":35,"ts":1656962100},{"precip_rate":0,"rh":53,"wind_spd":3,"timestamp_utc":"2022-07-04T19:30:00","snow_rate":0,"app_temp":19.1,"pres":1009.79834,"azimuth":306.62,"dewpt":9.8,"uv":1.3,"elev_angle":1.8,"wind_dir":309,"weather":{"icon":"c02n","code":802,"description":"Scattered clouds"},"ghi":27.8,"dhi":17.72,"timestamp_local":"2022-07-04T21:30:00","solar_rad":27.161272,"vis":10,"dni":153.07,"temp":19.6,"slp":1019.5,"clouds":34,"ts":1656963000},{"precip_rate":0,"rh":54,"wind_spd":3.1,"timestamp_utc":"2022-07-04T19:45:00","snow_rate":0,"app_temp":18.7,"pres":1010.03375,"azimuth":309.54,"dewpt":9.7,"uv":0,"elev_angle":-0.05,"wind_dir":314,"weather":{"icon":"c02n","code":802,"description":"Scattered clouds"},"ghi":13.9,"dhi":8.86,"timestamp_local":"2022-07-04T21:45:00","solar_rad":13.640123,"vis":10,"dni":76.54,"temp":19.3,"slp":1019.75,"clouds":32,"ts":1656963900},{"precip_rate":0,"rh":55,"wind_spd":3.2,"timestamp_utc":"2022-07-04T20:00:00","snow_rate":0,"app_temp":18.3,"pres":1010.26917,"azimuth":312.47,"dewpt":9.7,"uv":0,"elev_angle":-1.89,"wind_dir":320,"weather":{"icon":"c02n","code":802,"description":"Scattered clouds"},"ghi":0,"dhi":0,"timestamp_local":"2022-07-04T22:00:00","solar_rad":0,"vis":10,"dni":0,"temp":18.9,"slp":1020,"clouds":31,"ts":1656964800},{"precip_rate":0,"rh":56,"wind_spd":3.1,"timestamp_utc":"2022-07-04T20:15:00","snow_rate":0,"app_temp":17.9,"pres":1010.25684,"azimuth":315.59,"dewpt":9.6,"uv":0,"elev_angle":-3.41,"wind_dir":324,"weather":{"icon":"c02n","code":802,"description":"Scattered clouds"},"ghi":0,"dhi":0,"timestamp_local":"2022-07-04T22:15:00","solar_rad":0,"vis":10,"dni":0,"temp":18.5,"slp":1020,"clouds":28,"ts":1656965700},{"precip_rate":0,"rh":58,"wind_spd":3,"timestamp_utc":"2022-07-04T20:30:00","snow_rate":0,"app_temp":18.1,"pres":1010.2445,"azimuth":318.71,"dewpt":9.8,"uv":0,"elev_angle":-4.92,"wind_dir":328,"weather":{"icon":"c02n","code":802,"description":"Scattered clouds"},"ghi":0,"dhi":0,"timestamp_local":"2022-07-04T22:30:00","solar_rad":0,"vis":10,"dni":0,"temp":18.1,"slp":1020,"clouds":24,"ts":1656966600},{"precip_rate":0,"rh":59,"wind_spd":2.9,"timestamp_utc":"2022-07-04T20:45:00","snow_rate":0,"app_temp":17.8,"pres":1010.2322,"azimuth":321.83,"dewpt":9.7,"uv":0,"elev_angle":-6.44,"wind_dir":332,"weather":{"icon":"c02n","code":801,"description":"Few clouds"},"ghi":0,"dhi":0,"timestamp_local":"2022-07-04T22:45:00","solar_rad":0,"vis":10,"dni":0,"temp":17.8,"slp":1020,"clouds":20,"ts":1656967500},{"precip_rate":0,"rh":60,"wind_spd":2.8,"timestamp_utc":"2022-07-04T21:00:00","snow_rate":0,"app_temp":17.4,"pres":1010.21985,"azimuth":324.95,"dewpt":9.6,"uv":0,"elev_angle":-7.95,"wind_dir":336,"weather":{"icon":"c02n","code":801,"description":"Few clouds"},"ghi":0,"dhi":0,"timestamp_local":"2022-07-04T23:00:00","solar_rad":0,"vis":10,"dni":0,"temp":17.4,"slp":1020,"clouds":17,"ts":1656968400},{"precip_rate":0,"rh":63,"wind_spd":2.6,"timestamp_utc":"2022-07-04T21:15:00","snow_rate":0,"app_temp":16.8,"pres":1010.44556,"azimuth":328.28,"dewpt":9.7,"uv":0,"elev_angle":-9.04,"wind_dir":339,"weather":{"icon":"c02n","code":802,"description":"Scattered clouds"},"ghi":0,"dhi":0,"timestamp_local":"2022-07-04T23:15:00","solar_rad":0,"vis":10,"dni":0,"temp":16.8,"slp":1020.25,"clouds":22,"ts":1656969300},{"precip_rate":0,"rh":66,"wind_spd":2.4,"timestamp_utc":"2022-07-04T21:30:00","snow_rate":0,"app_temp":16.1,"pres":1010.67126,"azimuth":331.62,"dewpt":9.8,"uv":0,"elev_angle":-10.14,"wind_dir":342,"weather":{"icon":"c02n","code":802,"description":"Scattered clouds"},"ghi":0,"dhi":0,"timestamp_local":"2022-07-04T23:30:00","solar_rad":0,"vis":10,"dni":0,"temp":16.1,"slp":1020.5,"clouds":26,"ts":1656970200},{"precip_rate":0,"rh":68,"wind_spd":2.2,"timestamp_utc":"2022-07-04T21:45:00","snow_rate":0,"app_temp":15.4,"pres":1010.8969,"azimuth":334.95,"dewpt":9.6,"uv":0,"elev_angle":-11.23,"wind_dir":345,"weather":{"icon":"c02n","code":802,"description":"Scattered clouds"},"ghi":0,"dhi":0,"timestamp_local":"2022-07-04T23:45:00","solar_rad":0,"vis":10,"dni":0,"temp":15.4,"slp":1020.75,"clouds":30,"ts":1656971100},{"precip_rate":0,"rh":71,"wind_spd":2,"timestamp_utc":"2022-07-04T22:00:00","snow_rate":0,"app_temp":14.8,"pres":1011.1226,"azimuth":338.28,"dewpt":9.6,"uv":0,"elev_angle":-12.32,"wind_dir":348,"weather":{"icon":"c02n","code":802,"description":"Scattered clouds"},"ghi":0,"dhi":0,"timestamp_local":"2022-07-05T00:00:00","solar_rad":0,"vis":10,"dni":0,"temp":14.8,"slp":1021,"clouds":35,"ts":1656972000},{"precip_rate":0,"rh":73,"wind_spd":1.9,"timestamp_utc":"2022-07-04T22:15:00","snow_rate":0,"app_temp":14.3,"pres":1011.10675,"azimuth":341.78,"dewpt":9.6,"uv":0,"elev_angle":-12.91,"wind_dir":346,"weather":{"icon":"c02n","code":802,"description":"Scattered clouds"},"ghi":0,"dhi":0,"timestamp_local":"2022-07-05T00:15:00","solar_rad":0,"vis":10,"dni":0,"temp":14.3,"slp":1021,"clouds":34,"ts":1656972900},{"precip_rate":0,"rh":76,"wind_spd":1.8,"timestamp_utc":"2022-07-04T22:30:00","snow_rate":0,"app_temp":13.9,"pres":1011.0908,"azimuth":345.29,"dewpt":9.7,"uv":0,"elev_angle":-13.49,"wind_dir":344,"weather":{"icon":"c02n","code":802,"description":"Scattered clouds"},"ghi":0,"dhi":0,"timestamp_local":"2022-07-05T00:30:00","solar_rad":0,"vis":10,"dni":0,"temp":13.9,"slp":1021,"clouds":33,"ts":1656973800},{"precip_rate":0,"rh":78,"wind_spd":1.7,"timestamp_utc":"2022-07-04T22:45:00","snow_rate":0,"app_temp":13.4,"pres":1011.07495,"azimuth":348.79,"dewpt":9.7,"uv":0,"elev_angle":-14.08,"wind_dir":342,"weather":{"icon":"c02n","code":802,"description":"Scattered clouds"},"ghi":0,"dhi":0,"timestamp_local":"2022-07-05T00:45:00","solar_rad":0,"vis":10,"dni":0,"temp":13.4,"slp":1021,"clouds":32,"ts":1656974700},{"precip_rate":0,"rh":80,"wind_spd":1.6,"timestamp_utc":"2022-07-04T23:00:00","snow_rate":0,"app_temp":13,"pres":1011.0591,"azimuth":352.29,"dewpt":9.6,"uv":0,"elev_angle":-14.66,"wind_dir":340,"weather":{"icon":"c02n","code":802,"description":"Scattered clouds"},"ghi":0,"dhi":0,"timestamp_local":"2022-07-05T01:00:00","solar_rad":0,"vis":10,"dni":0,"temp":13,"slp":1021,"clouds":31,"ts":1656975600},{"precip_rate":0,"rh":80,"wind_spd":1.4,"timestamp_utc":"2022-07-04T23:15:00","snow_rate":0,"app_temp":13.1,"pres":1011.06226,"azimuth":265.86,"dewpt":9.7,"uv":0,"elev_angle":-14.68,"wind_dir":336,"weather":{"icon":"c02n","code":802,"description":"Scattered clouds"},"ghi":0,"dhi":0,"timestamp_local":"2022-07-05T01:15:00","solar_rad":0,"vis":10,"dni":0,"temp":13.1,"slp":1021,"clouds":34,"ts":1656976500},{"precip_rate":0,"rh":79,"wind_spd":1.2,"timestamp_utc":"2022-07-04T23:30:00","snow_rate":0,"app_temp":13.2,"pres":1011.0654,"azimuth":179.44,"dewpt":9.6,"uv":0,"elev_angle":-14.71,"wind_dir":332,"weather":{"icon":"c02n","code":802,"description":"Scattered clouds"},"ghi":0,"dhi":0,"timestamp_local":"2022-07-05T01:30:00","solar_rad":0,"vis":10,"dni":0,"temp":13.2,"slp":1021,"clouds":38,"ts":1656977400},{"precip_rate":0,"rh":78,"wind_spd":1,"timestamp_utc":"2022-07-04T23:45:00","snow_rate":0,"app_temp":13.2,"pres":1011.06866,"azimuth":93.01,"dewpt":9.5,"uv":0,"elev_angle":-14.73,"wind_dir":328,"weather":{"icon":"c03n","code":803,"description":"Broken clouds"},"ghi":0,"dhi":0,"timestamp_local":"2022-07-05T01:45:00","solar_rad":0,"vis":10,"dni":0,"temp":13.2,"slp":1021,"clouds":42,"ts":1656978300}],"sources":["103150-99999","imerg","merra2","era5","modis"],"city_id":"2856883"}
