{"timezone":"Europe\/Berlin","state_code":"06","country_code":"DE","lat":52.2833,"lon":8,"city_name":"Osnabr�ck","station_id":"103150-99999","data":[{"precip_rate":0,"rh":95,"wind_spd":1.2,"timestamp_utc":"2022-07-12T00:00:00","snow_rate":0,"app_temp":13.7,"pres":1015.0458,"azimuth":6.4,"dewpt":12.9,"uv":0,"elev_angle":-15.59,"wind_dir":42,"weather":{"icon":"c04n","code":804,"description":"Overcast clouds"},"ghi":0,"dhi":0,"timestamp_local":"2022-07-12T02:00:00","solar_rad":0,"vis":10,"dni":0,"temp":13.7,"slp":1025,"clouds":87,"ts":1657584000},{"precip_rate":0,"rh":94,"wind_spd":1.1,"timestamp_utc":"2022-07-12T00:15:00","snow_rate":0,"app_temp":13.7,"pres":1015.0458,"azimuth":9.95,"dewpt":12.8,"uv":0,"elev_angle":-15.06,"wind_dir":58,"weather":{"icon":"c04n","code":804,"description":"Overcast clouds"},"ghi":0,"dhi":0,"timestamp_local":"2022-07-12T02:15:00","solar_rad":0,"vis":10,"dni":0,"temp":13.7,"slp":1025,"clouds":89,"ts":1657584900},{"precip_rate":0,"rh":94,"wind_spd":1,"timestamp_utc":"2022-07-12T00:30:00","snow_rate":0,"app_temp":13.7,"pres":1015.0458,"azimuth":13.5,"dewpt":12.8,"uv":0,"elev_angle":-14.52,"wind_dir":74,"weather":{"icon":"c04n","code":804,"description":"Overcast clouds"},"ghi":0,"dhi":0,"timestamp_local":"2022-07-12T02:30:00","solar_rad":0,"vis":10,"dni":0,"temp":13.7,"slp":1025,"clouds":91,"ts":1657585800},{"precip_rate":0,"rh":94,"wind_spd":0.9,"timestamp_utc":"2022-07-12T00:45:00","snow_rate":0,"app_temp":13.7,"pres":1015.0458,"azimuth":17.05,"dewpt":12.8,"uv":0,"elev_angle":-13.99,"wind_dir":90,"weather":{"icon":"c04n","code":804,"description":"Overcast clouds"},"ghi":0,"dhi":0,"timestamp_local":"2022-07-12T02:45:00","solar_rad":0,"vis":10,"dni":0,"temp":13.7,"slp":1025,"clouds":93,"ts":1657586700},{"precip_rate":0,"rh":93,"wind_spd":0.8,"timestamp_utc":"2022-07-12T01:00:00","snow_rate":0,"app_temp":13.7,"pres":1015.0458,"azimuth":20.6,"dewpt":12.6,"uv":0,"elev_angle":-13.45,"wind_dir":106,"weather":{"icon":"c04n","code":804,"description":"Overcast clouds"},"ghi":0,"dhi":0,"timestamp_local":"2022-07-12T03:00:00","solar_rad":0,"vis":10,"dni":0,"temp":13.7,"slp":1025,"clouds":95,"ts":1657587600},{"precip_rate":0,"rh":93,"wind_spd":0.8,"timestamp_utc":"2022-07-12T01:15:00","snow_rate":0,"app_temp":13.8,"pres":1015.04895,"azimuth":23.98,"dewpt":12.7,"uv":0,"elev_angle":-12.4,"wind_dir":114,"weather":{"icon":"c04n","code":804,"description":"Overcast clouds"},"ghi":0,"dhi":0,"timestamp_local":"2022-07-12T03:15:00","solar_rad":0,"vis":10,"dni":0,"temp":13.8,"slp":1025,"clouds":96,"ts":1657588500},{"precip_rate":0,"rh":93,"wind_spd":0.8,"timestamp_utc":"2022-07-12T01:30:00","snow_rate":0,"app_temp":13.9,"pres":1015.0521,"azimuth":27.36,"dewpt":12.8,"uv":0,"elev_angle":-11.35,"wind_dir":121,"weather":{"icon":"c04n","code":804,"description":"Overcast clouds"},"ghi":0,"dhi":0,"timestamp_local":"2022-07-12T03:30:00","solar_rad":0,"vis":10,"dni":0,"temp":13.9,"slp":1025,"clouds":96,"ts":1657589400},{"precip_rate":0,"rh":93,"wind_spd":0.8,"timestamp_utc":"2022-07-12T01:45:00","snow_rate":0,"app_temp":14,"pres":1015.05536,"azimuth":30.74,"dewpt":12.9,"uv":0,"elev_angle":-10.29,"wind_dir":128,"weather":{"icon":"c04n","code":804,"description":"Overcast clouds"},"ghi":0,"dhi":0,"timestamp_local":"2022-07-12T03:45:00","solar_rad":0,"vis":10,"dni":0,"temp":14,"slp":1025,"clouds":96,"ts":1657590300},{"precip_rate":0,"rh":93,"wind_spd":0.8,"timestamp_utc":"2022-07-12T02:00:00","snow_rate":0,"app_temp":14.1,"pres":1015.05853,"azimuth":34.12,"dewpt":13,"uv":0,"elev_angle":-9.24,"wind_dir":136,"weather":{"icon":"c04n","code":804,"description":"Overcast clouds"},"ghi":0,"dhi":0,"timestamp_local":"2022-07-12T04:00:00","solar_rad":0,"vis":10,"dni":0,"temp":14.1,"slp":1025,"clouds":97,"ts":1657591200},{"precip_rate":0,"rh":92,"wind_spd":0.7,"timestamp_utc":"2022-07-12T02:15:00","snow_rate":0,"app_temp":14.2,"pres":1015.0617,"azimuth":37.28,"dewpt":12.9,"uv":0,"elev_angle":-7.75,"wind_dir":178,"weather":{"icon":"c04n","code":804,"description":"Overcast clouds"},"ghi":0,"dhi":0,"timestamp_local":"2022-07-12T04:15:00","solar_rad":0,"vis":10,"dni":0,"temp":14.2,"slp":1025,"clouds":98,"ts":1657592100},{"precip_rate":0,"rh":92,"wind_spd":0.6,"timestamp_utc":"2022-07-12T02:30:00","snow_rate":0,"app_temp":14.3,"pres":1015.0649,"azimuth":40.45,"dewpt":13,"uv":0,"elev_angle":-6.27,"wind_dir":221,"weather":{"icon":"c04n","code":804,"description":"Overcast clouds"},"ghi":0,"dhi":0,"timestamp_local":"2022-07-12T04:30:00","solar_rad":0,"vis":10,"dni":0,"temp":14.3,"slp":1025,"clouds":98,"ts":1657593000},{"precip_rate":0,"rh":92,"wind_spd":0.5,"timestamp_utc":"2022-07-12T02:45:00","snow_rate":0,"app_temp":14.3,"pres":1015.06805,"azimuth":43.61,"dewpt":13,"uv":0,"elev_angle":-4.78,"wind_dir":264,"weather":{"icon":"c04n","code":804,"description":"Overcast clouds"},"ghi":0,"dhi":0,"timestamp_local":"2022-07-12T04:45:00","solar_rad":0,"vis":10,"dni":0,"temp":14.3,"slp":1025,"clouds":99,"ts":1657593900},{"precip_rate":0,"rh":91,"wind_spd":0.4,"timestamp_utc":"2022-07-12T03:00:00","snow_rate":0,"app_temp":14.4,"pres":1015.0712,"azimuth":46.77,"dewpt":13,"uv":0,"elev_angle":-3.29,"wind_dir":306,"weather":{"icon":"c04n","code":804,"description":"Overcast clouds"},"ghi":0,"dhi":0,"timestamp_local":"2022-07-12T05:00:00","solar_rad":0,"vis":5,"dni":0,"temp":14.4,"slp":1025,"clouds":100,"ts":1657594800},{"precip_rate":0,"rh":92,"wind_spd":0.4,"timestamp_utc":"2022-07-12T03:15:00","snow_rate":0,"app_temp":14.3,"pres":1015.06805,"azimuth":49.74,"dewpt":13,"uv":0,"elev_angle":-1.47,"wind_dir":318,"weather":{"icon":"c04n","code":804,"description":"Overcast clouds"},"ghi":9.1,"dhi":7.25,"timestamp_local":"2022-07-12T05:15:00","solar_rad":7.7384896,"vis":1,"dni":59.22,"temp":14.3,"slp":1025,"clouds":100,"ts":1657595700},{"precip_rate":0,"rh":92,"wind_spd":0.4,"timestamp_utc":"2022-07-12T03:30:00","snow_rate":0,"app_temp":14.3,"pres":1015.0649,"azimuth":52.7,"dewpt":13,"uv":0.5,"elev_angle":0.36,"wind_dir":329,"weather":{"icon":"c04n","code":804,"description":"Overcast clouds"},"ghi":18.3,"dhi":14.51,"timestamp_local":"2022-07-12T05:30:00","solar_rad":15.497049,"vis":1,"dni":118.43,"temp":14.3,"slp":1025,"clouds":100,"ts":1657596600},{"precip_rate":0,"rh":92,"wind_spd":0.4,"timestamp_utc":"2022-07-12T03:45:00","snow_rate":0,"app_temp":14.2,"pres":1015.0617,"azimuth":55.67,"dewpt":12.9,"uv":0.6,"elev_angle":2.18,"wind_dir":340,"weather":{"icon":"c04n","code":804,"description":"Overcast clouds"},"ghi":27.4,"dhi":21.76,"timestamp_local":"2022-07-12T05:45:00","solar_rad":24.071625,"vis":1,"dni":177.65,"temp":14.2,"slp":1025,"clouds":99,"ts":1657597500},{"precip_rate":0,"rh":93,"wind_spd":0.4,"timestamp_utc":"2022-07-12T04:00:00","snow_rate":0,"app_temp":14.1,"pres":1015.05853,"azimuth":58.63,"dewpt":13,"uv":0.6,"elev_angle":4,"wind_dir":352,"weather":{"icon":"c04n","code":804,"description":"Overcast clouds"},"ghi":36.5,"dhi":29.01,"timestamp_local":"2022-07-12T06:00:00","solar_rad":32.078575,"vis":2,"dni":236.86,"temp":14.1,"slp":1025,"clouds":99,"ts":1657598400},{"precip_rate":0,"rh":93,"wind_spd":0.5,"timestamp_utc":"2022-07-12T04:15:00","snow_rate":0,"app_temp":14.2,"pres":1015.0617,"azimuth":61.46,"dewpt":13.1,"uv":0.6,"elev_angle":6.07,"wind_dir":270,"weather":{"icon":"c04d","code":804,"description":"Overcast clouds"},"ghi":67.3,"dhi":36.12,"timestamp_local":"2022-07-12T06:15:00","solar_rad":43.962067,"vis":2,"dni":306.83,"temp":14.2,"slp":1025,"clouds":98,"ts":1657599300},{"precip_rate":0,"rh":93,"wind_spd":0.6,"timestamp_utc":"2022-07-12T04:30:00","snow_rate":0,"app_temp":14.3,"pres":1015.0649,"azimuth":64.29,"dewpt":13.1,"uv":0.6,"elev_angle":8.13,"wind_dir":189,"weather":{"icon":"c04d","code":804,"description":"Overcast clouds"},"ghi":98,"dhi":43.22,"timestamp_local":"2022-07-12T06:30:00","solar_rad":54.73511,"vis":3,"dni":376.79,"temp":14.3,"slp":1025,"clouds":98,"ts":1657600200},{"precip_rate":0,"rh":93,"wind_spd":0.7,"timestamp_utc":"2022-07-12T04:45:00","snow_rate":0,"app_temp":14.3,"pres":1015.06805,"azimuth":67.12,"dewpt":13.2,"uv":0.6,"elev_angle":10.2,"wind_dir":108,"weather":{"icon":"c04d","code":804,"description":"Overcast clouds"},"ghi":128.7,"dhi":50.33,"timestamp_local":"2022-07-12T06:45:00","solar_rad":69.212944,"vis":4,"dni":446.76,"temp":14.3,"slp":1025,"clouds":97,"ts":1657601100},{"precip_rate":0,"rh":93,"wind_spd":0.8,"timestamp_utc":"2022-07-12T05:00:00","snow_rate":0,"app_temp":14.4,"pres":1015.0712,"azimuth":69.95,"dewpt":13.3,"uv":0.6,"elev_angle":12.26,"wind_dir":26,"weather":{"icon":"c04d","code":804,"description":"Overcast clouds"},"ghi":159.4,"dhi":57.43,"timestamp_local":"2022-07-12T07:00:00","solar_rad":85.32556,"vis":7,"dni":516.72,"temp":14.4,"slp":1025,"clouds":96,"ts":1657602000},{"precip_rate":0,"rh":92,"wind_spd":0.9,"timestamp_utc":"2022-07-12T05:15:00","snow_rate":0,"app_temp":14.9,"pres":1015.08704,"azimuth":72.75,"dewpt":13.6,"uv":0.7,"elev_angle":14.48,"wind_dir":40,"weather":{"icon":"c04d","code":804,"description":"Overcast clouds"},"ghi":197.2,"dhi":62.26,"timestamp_local":"2022-07-12T07:15:00","solar_rad":96.7321,"vis":10,"dni":554.08,"temp":14.9,"slp":1025,"clouds":96,"ts":1657602900},{"precip_rate":0,"rh":90,"wind_spd":1,"timestamp_utc":"2022-07-12T05:30:00","snow_rate":0,"app_temp":15.3,"pres":1015.1028,"azimuth":75.55,"dewpt":13.7,"uv":0.7,"elev_angle":16.7,"wind_dir":55,"weather":{"icon":"c04d","code":804,"description":"Overcast clouds"},"ghi":234.9,"dhi":67.1,"timestamp_local":"2022-07-12T07:30:00","solar_rad":114.62066,"vis":10,"dni":591.43,"temp":15.3,"slp":1025,"clouds":95,"ts":1657603800},{"precip_rate":0,"rh":88,"wind_spd":1.1,"timestamp_utc":"2022-07-12T05:45:00","snow_rate":0,"app_temp":15.8,"pres":1015.1186,"azimuth":78.35,"dewpt":13.8,"uv":0.8,"elev_angle":18.91,"wind_dir":70,"weather":{"icon":"c04d","code":804,"description":"Overcast clouds"},"ghi":272.6,"dhi":71.93,"timestamp_local":"2022-07-12T07:45:00","solar_rad":134.36397,"vis":10,"dni":628.79,"temp":15.8,"slp":1025,"clouds":94,"ts":1657604700},{"precip_rate":0,"rh":87,"wind_spd":1.2,"timestamp_utc":"2022-07-12T06:00:00","snow_rate":0,"app_temp":16.3,"pres":1015.1344,"azimuth":81.15,"dewpt":14.1,"uv":0.8,"elev_angle":21.13,"wind_dir":84,"weather":{"icon":"c04d","code":804,"description":"Overcast clouds"},"ghi":310.4,"dhi":76.76,"timestamp_local":"2022-07-12T08:00:00","solar_rad":147.69205,"vis":10,"dni":666.14,"temp":16.3,"slp":1025,"clouds":94,"ts":1657605600},{"precip_rate":0,"rh":84,"wind_spd":1,"timestamp_utc":"2022-07-12T06:15:00","snow_rate":0,"app_temp":16.8,"pres":1015.15,"azimuth":84.06,"dewpt":14,"uv":0.9,"elev_angle":23.42,"wind_dir":108,"weather":{"icon":"c04d","code":804,"description":"Overcast clouds"},"ghi":349.7,"dhi":80.35,"timestamp_local":"2022-07-12T08:15:00","solar_rad":151.1156,"vis":10,"dni":689.31,"temp":16.8,"slp":1025,"clouds":95,"ts":1657606500},{"precip_rate":0,"rh":82,"wind_spd":0.8,"timestamp_utc":"2022-07-12T06:30:00","snow_rate":0,"app_temp":17.2,"pres":1015.1656,"azimuth":86.98,"dewpt":14.1,"uv":0.9,"elev_angle":25.71,"wind_dir":133,"weather":{"icon":"c04d","code":804,"description":"Overcast clouds"},"ghi":388.9,"dhi":83.93,"timestamp_local":"2022-07-12T08:30:00","solar_rad":151.99323,"vis":10,"dni":712.48,"temp":17.2,"slp":1025,"clouds":96,"ts":1657607400},{"precip_rate":0,"rh":80,"wind_spd":0.6,"timestamp_utc":"2022-07-12T06:45:00","snow_rate":0,"app_temp":17.6,"pres":1015.18115,"azimuth":89.89,"dewpt":14.2,"uv":1,"elev_angle":27.99,"wind_dir":158,"weather":{"icon":"c04d","code":804,"description":"Overcast clouds"},"ghi":428.2,"dhi":87.52,"timestamp_local":"2022-07-12T08:45:00","solar_rad":150.4523,"vis":10,"dni":735.64,"temp":17.6,"slp":1025,"clouds":97,"ts":1657608300},{"precip_rate":0,"rh":77,"wind_spd":0.4,"timestamp_utc":"2022-07-12T07:00:00","snow_rate":0,"app_temp":18.1,"pres":1015.1968,"azimuth":92.8,"dewpt":14,"uv":1,"elev_angle":30.28,"wind_dir":182,"weather":{"icon":"c04d","code":804,"description":"Overcast clouds"},"ghi":467.5,"dhi":91.1,"timestamp_local":"2022-07-12T09:00:00","solar_rad":146.61855,"vis":10,"dni":758.81,"temp":18.1,"slp":1025,"clouds":98,"ts":1657609200},{"precip_rate":0,"rh":75,"wind_spd":0.5,"timestamp_utc":"2022-07-12T07:15:00","snow_rate":0,"app_temp":18.3,"pres":1015.2091,"azimuth":96.03,"dewpt":14,"uv":1.1,"elev_angle":32.54,"wind_dir":194,"weather":{"icon":"c04d","code":804,"description":"Overcast clouds"},"ghi":504.3,"dhi":93.78,"timestamp_local":"2022-07-12T09:15:00","solar_rad":153.8045,"vis":10,"dni":774.03,"temp":18.5,"slp":1025,"clouds":98,"ts":1657610100},{"precip_rate":0,"rh":74,"wind_spd":0.6,"timestamp_utc":"2022-07-12T07:30:00","snow_rate":0,"app_temp":18.7,"pres":1015.22144,"azimuth":99.26,"dewpt":14.1,"uv":1.2,"elev_angle":34.8,"wind_dir":205,"weather":{"icon":"c04d","code":804,"description":"Overcast clouds"},"ghi":541.2,"dhi":96.46,"timestamp_local":"2022-07-12T09:30:00","solar_rad":160.72984,"vis":10,"dni":789.25,"temp":18.9,"slp":1025,"clouds":98,"ts":1657611000},{"precip_rate":0,"rh":72,"wind_spd":0.7,"timestamp_utc":"2022-07-12T07:45:00","snow_rate":0,"app_temp":19.1,"pres":1015.23376,"azimuth":102.49,"dewpt":14.1,"uv":1.3,"elev_angle":37.06,"wind_dir":216,"weather":{"icon":"c04d","code":804,"description":"Overcast clouds"},"ghi":578,"dhi":99.13,"timestamp_local":"2022-07-12T09:45:00","solar_rad":150.87984,"vis":10,"dni":804.46,"temp":19.2,"slp":1025,"clouds":99,"ts":1657611900},{"precip_rate":0,"rh":70,"wind_spd":0.8,"timestamp_utc":"2022-07-12T08:00:00","snow_rate":0,"app_temp":19.4,"pres":1015.2461,"azimuth":105.72,"dewpt":14,"uv":1.4,"elev_angle":39.32,"wind_dir":228,"weather":{"icon":"c04d","code":804,"description":"Overcast clouds"},"ghi":614.8,"dhi":101.81,"timestamp_local":"2022-07-12T10:00:00","solar_rad":157.04459,"vis":10,"dni":819.68,"temp":19.6,"slp":1025,"clouds":99,"ts":1657612800},{"precip_rate":0,"rh":68,"wind_spd":0.8,"timestamp_utc":"2022-07-12T08:15:00","snow_rate":0,"app_temp":19.8,"pres":1015.2583,"azimuth":109.56,"dewpt":13.9,"uv":1.7,"elev_angle":41.43,"wind_dir":232,"weather":{"icon":"c04d","code":804,"description":"Overcast clouds"},"ghi":645.8,"dhi":103.74,"timestamp_local":"2022-07-12T10:15:00","solar_rad":115.34394,"vis":10,"dni":829.68,"temp":20,"slp":1025,"clouds":96,"ts":1657613700},{"precip_rate":0,"rh":67,"wind_spd":0.8,"timestamp_utc":"2022-07-12T08:30:00","snow_rate":0,"app_temp":20.2,"pres":1015.2705,"azimuth":113.4,"dewpt":14,"uv":1.9,"elev_angle":43.53,"wind_dir":236,"weather":{"icon":"c04d","code":804,"description":"Overcast clouds"},"ghi":676.8,"dhi":105.67,"timestamp_local":"2022-07-12T10:30:00","solar_rad":174.93646,"vis":10,"dni":839.68,"temp":20.4,"slp":1025,"clouds":93,"ts":1657614600},{"precip_rate":0,"rh":66,"wind_spd":0.8,"timestamp_utc":"2022-07-12T08:45:00","snow_rate":0,"app_temp":20.6,"pres":1015.2827,"azimuth":117.23,"dewpt":14.1,"uv":2.2,"elev_angle":45.64,"wind_dir":240,"weather":{"icon":"c04d","code":804,"description":"Overcast clouds"},"ghi":707.8,"dhi":107.6,"timestamp_local":"2022-07-12T10:45:00","solar_rad":235.26,"vis":10,"dni":849.67,"temp":20.7,"slp":1025,"clouds":90,"ts":1657615500},{"precip_rate":0,"rh":64,"wind_spd":0.8,"timestamp_utc":"2022-07-12T09:00:00","snow_rate":0,"app_temp":20.9,"pres":1015.2949,"azimuth":121.07,"dewpt":14,"uv":2.4,"elev_angle":47.74,"wind_dir":244,"weather":{"icon":"c04d","code":804,"description":"Overcast clouds"},"ghi":738.8,"dhi":109.53,"timestamp_local":"2022-07-12T11:00:00","solar_rad":296.4,"vis":10,"dni":859.67,"temp":21.1,"slp":1025,"clouds":87,"ts":1657616400},{"precip_rate":0,"rh":63,"wind_spd":0.7,"timestamp_utc":"2022-07-12T09:15:00","snow_rate":0,"app_temp":21.3,"pres":1015.307,"azimuth":125.91,"dewpt":14.1,"uv":2.5,"elev_angle":49.48,"wind_dir":252,"weather":{"icon":"c04d","code":804,"description":"Overcast clouds"},"ghi":761.3,"dhi":110.79,"timestamp_local":"2022-07-12T11:15:00","solar_rad":288.3292,"vis":10,"dni":865.81,"temp":21.5,"slp":1025,"clouds":88,"ts":1657617300},{"precip_rate":0,"rh":62,"wind_spd":0.6,"timestamp_utc":"2022-07-12T09:30:00","snow_rate":0,"app_temp":21.7,"pres":1015.3191,"azimuth":130.75,"dewpt":14.2,"uv":2.6,"elev_angle":51.22,"wind_dir":259,"weather":{"icon":"c04d","code":804,"description":"Overcast clouds"},"ghi":783.8,"dhi":112.05,"timestamp_local":"2022-07-12T11:30:00","solar_rad":260.39566,"vis":10,"dni":871.96,"temp":21.9,"slp":1025,"clouds":90,"ts":1657618200},{"precip_rate":0,"rh":61,"wind_spd":0.5,"timestamp_utc":"2022-07-12T09:45:00","snow_rate":0,"app_temp":22.1,"pres":1015.3312,"azimuth":135.59,"dewpt":14.3,"uv":2.6,"elev_angle":52.96,"wind_dir":266,"weather":{"icon":"c04d","code":804,"description":"Overcast clouds"},"ghi":806.3,"dhi":113.31,"timestamp_local":"2022-07-12T11:45:00","solar_rad":228.33368,"vis":10,"dni":878.1,"temp":22.2,"slp":1025,"clouds":92,"ts":1657619100},{"precip_rate":0,"rh":60,"wind_spd":0.4,"timestamp_utc":"2022-07-12T10:00:00","snow_rate":0,"app_temp":22.5,"pres":1015.34326,"azimuth":140.43,"dewpt":14.4,"uv":2.7,"elev_angle":54.7,"wind_dir":274,"weather":{"icon":"c04d","code":804,"description":"Overcast clouds"},"ghi":828.8,"dhi":114.57,"timestamp_local":"2022-07-12T12:00:00","solar_rad":213.49136,"vis":10,"dni":884.24,"temp":22.6,"slp":1025,"clouds":93,"ts":1657620000},{"precip_rate":0,"rh":58,"wind_spd":0.4,"timestamp_utc":"2022-07-12T10:15:00","snow_rate":0,"app_temp":22.8,"pres":1015.3552,"azimuth":146.53,"dewpt":14.3,"uv":2.7,"elev_angle":55.76,"wind_dir":262,"weather":{"icon":"c04d","code":804,"description":"Overcast clouds"},"ghi":840.9,"dhi":115.21,"timestamp_local":"2022-07-12T12:15:00","solar_rad":195.09787,"vis":10,"dni":887.24,"temp":23,"slp":1025,"clouds":94,"ts":1657620900},{"precip_rate":0,"rh":56,"wind_spd":0.4,"timestamp_utc":"2022-07-12T10:30:00","snow_rate":0,"app_temp":23.2,"pres":1015.3672,"azimuth":152.63,"dewpt":14.1,"uv":2.8,"elev_angle":56.82,"wind_dir":251,"weather":{"icon":"c04d","code":804,"description":"Overcast clouds"},"ghi":852.9,"dhi":115.85,"timestamp_local":"2022-07-12T12:30:00","solar_rad":198.31166,"vis":10,"dni":890.24,"temp":23.4,"slp":1025,"clouds":94,"ts":1657621800},{"precip_rate":0,"rh":54,"wind_spd":0.4,"timestamp_utc":"2022-07-12T10:45:00","snow_rate":0,"app_temp":23.6,"pres":1015.37915,"azimuth":158.72,"dewpt":13.9,"uv":2.8,"elev_angle":57.88,"wind_dir":240,"weather":{"icon":"c04d","code":804,"description":"Overcast clouds"},"ghi":865,"dhi":116.49,"timestamp_local":"2022-07-12T12:45:00","solar_rad":201.59828,"vis":10,"dni":893.23,"temp":23.7,"slp":1025,"clouds":94,"ts":1657622700},{"precip_rate":0,"rh":52,"wind_spd":0.4,"timestamp_utc":"2022-07-12T11:00:00","snow_rate":0,"app_temp":23.9,"pres":1015.3911,"azimuth":164.82,"dewpt":13.6,"uv":2.8,"elev_angle":58.94,"wind_dir":228,"weather":{"icon":"c04d","code":804,"description":"Overcast clouds"},"ghi":877.1,"dhi":117.13,"timestamp_local":"2022-07-12T13:00:00","solar_rad":181.50525,"vis":10,"dni":896.23,"temp":24.1,"slp":1025,"clouds":95,"ts":1657623600},{"precip_rate":0,"rh":51,"wind_spd":0.6,"timestamp_utc":"2022-07-12T11:15:00","snow_rate":0,"app_temp":24.2,"pres":1015.15234,"azimuth":171.63,"dewpt":13.6,"uv":2.9,"elev_angle":59,"wind_dir":236,"weather":{"icon":"c04d","code":804,"description":"Overcast clouds"},"ghi":877.8,"dhi":117.16,"timestamp_local":"2022-07-12T13:15:00","solar_rad":205.21092,"vis":10,"dni":896.39,"temp":24.4,"slp":1024.75,"clouds":94,"ts":1657624500},{"precip_rate":0,"rh":50,"wind_spd":0.8,"timestamp_utc":"2022-07-12T11:30:00","snow_rate":0,"app_temp":24.5,"pres":1014.9136,"azimuth":178.45,"dewpt":13.5,"uv":3,"elev_angle":59.06,"wind_dir":243,"weather":{"icon":"c04d","code":804,"description":"Overcast clouds"},"ghi":878.4,"dhi":117.2,"timestamp_local":"2022-07-12T13:30:00","solar_rad":250.64204,"vis":10,"dni":896.55,"temp":24.7,"slp":1024.5,"clouds":92,"ts":1657625400},{"precip_rate":0,"rh":49,"wind_spd":1,"timestamp_utc":"2022-07-12T11:45:00","snow_rate":0,"app_temp":24.8,"pres":1014.6748,"azimuth":185.26,"dewpt":13.5,"uv":3.1,"elev_angle":59.12,"wind_dir":250,"weather":{"icon":"c04d","code":804,"description":"Overcast clouds"},"ghi":879.1,"dhi":117.23,"timestamp_local":"2022-07-12T13:45:00","solar_rad":272.71387,"vis":10,"dni":896.7,"temp":24.9,"slp":1024.25,"clouds":91,"ts":1657626300},{"precip_rate":0,"rh":48,"wind_spd":1.2,"timestamp_utc":"2022-07-12T12:00:00","snow_rate":0,"app_temp":25,"pres":1014.43604,"azimuth":192.07,"dewpt":13.4,"uv":3.2,"elev_angle":59.18,"wind_dir":258,"weather":{"icon":"c04d","code":804,"description":"Overcast clouds"},"ghi":879.8,"dhi":117.26,"timestamp_local":"2022-07-12T14:00:00","solar_rad":294.26797,"vis":10,"dni":896.86,"temp":25.2,"slp":1024,"clouds":90,"ts":1657627200},{"precip_rate":0,"rh":47,"wind_spd":1.3,"timestamp_utc":"2022-07-12T12:15:00","snow_rate":0,"app_temp":25.3,"pres":1014.4449,"azimuth":198.3,"dewpt":13.3,"uv":3.8,"elev_angle":58.22,"wind_dir":264,"weather":{"icon":"c04d","code":804,"description":"Overcast clouds"},"ghi":868.9,"dhi":116.69,"timestamp_local":"2022-07-12T14:15:00","solar_rad":515.76904,"vis":10,"dni":894.2,"temp":25.5,"slp":1024,"clouds":77,"ts":1657628100},{"precip_rate":0,"rh":46,"wind_spd":1.4,"timestamp_utc":"2022-07-12T12:30:00","snow_rate":0,"app_temp":25.6,"pres":1014.45374,"azimuth":204.53,"dewpt":13.3,"uv":4.4,"elev_angle":57.26,"wind_dir":269,"weather":{"icon":"c03d","code":803,"description":"Broken clouds"},"ghi":858.1,"dhi":116.13,"timestamp_local":"2022-07-12T14:30:00","solar_rad":657.7563,"vis":10,"dni":891.53,"temp":25.8,"slp":1024,"clouds":64,"ts":1657629000},{"precip_rate":0,"rh":44,"wind_spd":1.5,"timestamp_utc":"2022-07-12T12:45:00","snow_rate":0,"app_temp":25.8,"pres":1014.4625,"azimuth":210.75,"dewpt":12.8,"uv":5,"elev_angle":56.3,"wind_dir":274,"weather":{"icon":"c03d","code":803,"description":"Broken clouds"},"ghi":847.3,"dhi":115.56,"timestamp_local":"2022-07-12T14:45:00","solar_rad":735.0159,"vis":10,"dni":888.87,"temp":26,"slp":1024,"clouds":52,"ts":1657629900},{"precip_rate":0,"rh":43,"wind_spd":1.6,"timestamp_utc":"2022-07-12T13:00:00","snow_rate":0,"app_temp":26.1,"pres":1014.4714,"azimuth":216.98,"dewpt":12.7,"uv":5.5,"elev_angle":55.34,"wind_dir":280,"weather":{"icon":"c02d","code":802,"description":"Scattered clouds"},"ghi":836.5,"dhi":114.99,"timestamp_local":"2022-07-12T15:00:00","solar_rad":776.70593,"vis":10,"dni":886.2,"temp":26.3,"slp":1024,"clouds":39,"ts":1657630800},{"precip_rate":0,"rh":42,"wind_spd":1.8,"timestamp_utc":"2022-07-12T13:15:00","snow_rate":0,"app_temp":26.3,"pres":1014.47723,"azimuth":221.96,"dewpt":12.5,"uv":4.5,"elev_angle":53.66,"wind_dir":283,"weather":{"icon":"c03d","code":803,"description":"Broken clouds"},"ghi":815.1,"dhi":113.8,"timestamp_local":"2022-07-12T15:15:00","solar_rad":696.79395,"vis":10,"dni":880.44,"temp":26.5,"slp":1024,"clouds":54,"ts":1657631700},{"precip_rate":0,"rh":41,"wind_spd":2,"timestamp_utc":"2022-07-12T13:30:00","snow_rate":0,"app_temp":26.4,"pres":1014.48303,"azimuth":226.94,"dewpt":12.3,"uv":3.6,"elev_angle":51.98,"wind_dir":286,"weather":{"icon":"c03d","code":803,"description":"Broken clouds"},"ghi":793.7,"dhi":112.61,"timestamp_local":"2022-07-12T15:30:00","solar_rad":554.3521,"vis":10,"dni":874.68,"temp":26.6,"slp":1024,"clouds":70,"ts":1657632600},{"precip_rate":0,"rh":40,"wind_spd":2.2,"timestamp_utc":"2022-07-12T13:45:00","snow_rate":0,"app_temp":26.7,"pres":1014.4889,"azimuth":231.91,"dewpt":12.1,"uv":2.7,"elev_angle":50.3,"wind_dir":289,"weather":{"icon":"c04d","code":804,"description":"Overcast clouds"},"ghi":772.3,"dhi":111.42,"timestamp_local":"2022-07-12T15:45:00","solar_rad":346.50272,"vis":10,"dni":868.91,"temp":26.8,"slp":1024,"clouds":85,"ts":1657633500},{"precip_rate":0,"rh":39,"wind_spd":2.4,"timestamp_utc":"2022-07-12T14:00:00","snow_rate":0,"app_temp":26.8,"pres":1014.49475,"azimuth":236.89,"dewpt":11.9,"uv":1.9,"elev_angle":48.62,"wind_dir":292,"weather":{"icon":"c04d","code":804,"description":"Overcast clouds"},"ghi":750.9,"dhi":110.23,"timestamp_local":"2022-07-12T16:00:00","solar_rad":159.40242,"vis":10,"dni":863.15,"temp":27,"slp":1024,"clouds":100,"ts":1657634400},{"precip_rate":0,"rh":39,"wind_spd":2.3,"timestamp_utc":"2022-07-12T14:15:00","snow_rate":0,"app_temp":26.8,"pres":1014.2471,"azimuth":240.82,"dewpt":11.9,"uv":1.8,"elev_angle":46.54,"wind_dir":294,"weather":{"icon":"c04d","code":804,"description":"Overcast clouds"},"ghi":720.7,"dhi":108.38,"timestamp_local":"2022-07-12T16:15:00","solar_rad":155.54645,"vis":10,"dni":853.64,"temp":27,"slp":1023.75,"clouds":100,"ts":1657635300},{"precip_rate":0,"rh":40,"wind_spd":2.2,"timestamp_utc":"2022-07-12T14:30:00","snow_rate":0,"app_temp":26.9,"pres":1013.9994,"azimuth":244.75,"dewpt":12.3,"uv":1.7,"elev_angle":44.47,"wind_dir":296,"weather":{"icon":"c04d","code":804,"description":"Overcast clouds"},"ghi":690.5,"dhi":106.53,"timestamp_local":"2022-07-12T16:30:00","solar_rad":171.95486,"vis":10,"dni":844.12,"temp":27,"slp":1023.5,"clouds":99,"ts":1657636200},{"precip_rate":0,"rh":40,"wind_spd":2.1,"timestamp_utc":"2022-07-12T14:45:00","snow_rate":0,"app_temp":26.9,"pres":1013.7517,"azimuth":248.68,"dewpt":12.3,"uv":1.6,"elev_angle":42.39,"wind_dir":298,"weather":{"icon":"c04d","code":804,"description":"Overcast clouds"},"ghi":660.3,"dhi":104.67,"timestamp_local":"2022-07-12T16:45:00","solar_rad":186.6876,"vis":10,"dni":834.61,"temp":27,"slp":1023.25,"clouds":98,"ts":1657637100},{"precip_rate":0,"rh":40,"wind_spd":2,"timestamp_utc":"2022-07-12T15:00:00","snow_rate":0,"app_temp":26.9,"pres":1013.504,"azimuth":252.61,"dewpt":12.3,"uv":1.5,"elev_angle":40.31,"wind_dir":300,"weather":{"icon":"c04d","code":804,"description":"Overcast clouds"},"ghi":630.2,"dhi":102.82,"timestamp_local":"2022-07-12T17:00:00","solar_rad":181.06595,"vis":10,"dni":825.09,"temp":27,"slp":1023,"clouds":98,"ts":1657638000},{"precip_rate":0,"rh":40,"wind_spd":2,"timestamp_utc":"2022-07-12T15:15:00","snow_rate":0,"app_temp":26.8,"pres":1013.5011,"azimuth":255.89,"dewpt":12.2,"uv":1.4,"elev_angle":38.06,"wind_dir":300,"weather":{"icon":"c04d","code":804,"description":"Overcast clouds"},"ghi":593.8,"dhi":100.23,"timestamp_local":"2022-07-12T17:15:00","solar_rad":174.00974,"vis":10,"dni":810.55,"temp":26.9,"slp":1023,"clouds":98,"ts":1657638900},{"precip_rate":0,"rh":41,"wind_spd":2,"timestamp_utc":"2022-07-12T15:30:00","snow_rate":0,"app_temp":26.8,"pres":1013.49817,"azimuth":259.18,"dewpt":12.5,"uv":1.3,"elev_angle":35.81,"wind_dir":301,"weather":{"icon":"c04d","code":804,"description":"Overcast clouds"},"ghi":557.5,"dhi":97.64,"timestamp_local":"2022-07-12T17:30:00","solar_rad":150.00941,"vis":10,"dni":796.01,"temp":26.9,"slp":1023,"clouds":99,"ts":1657639800},{"precip_rate":3.25,"rh":42,"wind_spd":2,"timestamp_utc":"2022-07-12T15:45:00","snow_rate":0,"app_temp":26.8,"pres":1013.4953,"azimuth":262.46,"dewpt":12.8,"uv":1.1,"elev_angle":33.55,"wind_dir":302,"weather":{"icon":"r01d","code":500,"description":"Light rain"},"ghi":521.1,"dhi":95.05,"timestamp_local":"2022-07-12T17:45:00","solar_rad":96.93148,"vis":10,"dni":781.47,"temp":26.8,"slp":1023,"clouds":100,"ts":1657640700},{"precip_rate":6.5,"rh":42,"wind_spd":2,"timestamp_utc":"2022-07-12T16:00:00","snow_rate":0,"app_temp":26.7,"pres":1013.4924,"azimuth":265.74,"dewpt":12.7,"uv":1,"elev_angle":31.3,"wind_dir":302,"weather":{"icon":"r02d","code":501,"description":"Moderate rain"},"ghi":484.8,"dhi":92.46,"timestamp_local":"2022-07-12T18:00:00","solar_rad":62.88133,"vis":10,"dni":766.93,"temp":26.7,"slp":1023,"clouds":100,"ts":1657641600},{"precip_rate":3.25,"rh":42,"wind_spd":2.1,"timestamp_utc":"2022-07-12T16:15:00","snow_rate":0,"app_temp":26.4,"pres":1013.48944,"azimuth":268.68,"dewpt":12.6,"uv":1,"elev_angle":29.01,"wind_dir":301,"weather":{"icon":"r01d","code":500,"description":"Light rain"},"ghi":445.5,"dhi":88.99,"timestamp_local":"2022-07-12T18:15:00","solar_rad":88.162605,"vis":10,"dni":744.84,"temp":26.6,"slp":1023,"clouds":100,"ts":1657642500},{"precip_rate":0,"rh":42,"wind_spd":2.2,"timestamp_utc":"2022-07-12T16:30:00","snow_rate":0,"app_temp":26.3,"pres":1013.4865,"azimuth":271.62,"dewpt":12.5,"uv":0.9,"elev_angle":26.72,"wind_dir":300,"weather":{"icon":"c04d","code":804,"description":"Overcast clouds"},"ghi":406.3,"dhi":85.51,"timestamp_local":"2022-07-12T18:30:00","solar_rad":111.16846,"vis":10,"dni":722.74,"temp":26.5,"slp":1023,"clouds":100,"ts":1657643400},{"precip_rate":0,"rh":43,"wind_spd":2.3,"timestamp_utc":"2022-07-12T16:45:00","snow_rate":0,"app_temp":26.2,"pres":1013.4836,"azimuth":274.55,"dewpt":12.8,"uv":0.8,"elev_angle":24.43,"wind_dir":299,"weather":{"icon":"c04d","code":804,"description":"Overcast clouds"},"ghi":367,"dhi":82.04,"timestamp_local":"2022-07-12T18:45:00","solar_rad":104.91799,"vis":10,"dni":700.65,"temp":26.4,"slp":1023,"clouds":100,"ts":1657644300},{"precip_rate":0,"rh":43,"wind_spd":2.4,"timestamp_utc":"2022-07-12T17:00:00","snow_rate":0,"app_temp":26.1,"pres":1013.48065,"azimuth":277.49,"dewpt":12.7,"uv":0.7,"elev_angle":22.14,"wind_dir":298,"weather":{"icon":"c04d","code":804,"description":"Overcast clouds"},"ghi":327.8,"dhi":78.56,"timestamp_local":"2022-07-12T19:00:00","solar_rad":99.00388,"vis":10,"dni":678.55,"temp":26.3,"slp":1023,"clouds":100,"ts":1657645200},{"precip_rate":0.25,"rh":45,"wind_spd":2.2,"timestamp_utc":"2022-07-12T17:15:00","snow_rate":0,"app_temp":25.9,"pres":1013.4718,"azimuth":280.3,"dewpt":13.2,"uv":0.7,"elev_angle":19.91,"wind_dir":300,"weather":{"icon":"c04d","code":804,"description":"Overcast clouds"},"ghi":289.6,"dhi":73.89,"timestamp_local":"2022-07-12T19:15:00","solar_rad":91.57032,"vis":10,"dni":643.24,"temp":26,"slp":1023,"clouds":100,"ts":1657646100},{"precip_rate":0.5,"rh":46,"wind_spd":2,"timestamp_utc":"2022-07-12T17:30:00","snow_rate":0,"app_temp":25.6,"pres":1013.463,"azimuth":283.1,"dewpt":13.3,"uv":0.7,"elev_angle":17.67,"wind_dir":303,"weather":{"icon":"c04d","code":804,"description":"Overcast clouds"},"ghi":251.4,"dhi":69.21,"timestamp_local":"2022-07-12T19:30:00","solar_rad":84.43731,"vis":10,"dni":607.92,"temp":25.8,"slp":1023,"clouds":100,"ts":1657647000},{"precip_rate":0.25,"rh":48,"wind_spd":1.8,"timestamp_utc":"2022-07-12T17:45:00","snow_rate":0,"app_temp":25.3,"pres":1013.4542,"azimuth":285.91,"dewpt":13.7,"uv":0.6,"elev_angle":15.44,"wind_dir":306,"weather":{"icon":"c04d","code":804,"description":"Overcast clouds"},"ghi":213.2,"dhi":64.54,"timestamp_local":"2022-07-12T19:45:00","solar_rad":77.154205,"vis":10,"dni":572.61,"temp":25.5,"slp":1023,"clouds":100,"ts":1657647900},{"precip_rate":0,"rh":50,"wind_spd":1.6,"timestamp_utc":"2022-07-12T18:00:00","snow_rate":0,"app_temp":25.1,"pres":1013.4454,"azimuth":288.71,"dewpt":14,"uv":0.6,"elev_angle":13.2,"wind_dir":308,"weather":{"icon":"c04d","code":804,"description":"Overcast clouds"},"ghi":175.1,"dhi":59.86,"timestamp_local":"2022-07-12T20:00:00","solar_rad":69.952934,"vis":10,"dni":537.29,"temp":25.2,"slp":1023,"clouds":100,"ts":1657648800},{"precip_rate":0,"rh":52,"wind_spd":1.6,"timestamp_utc":"2022-07-12T18:15:00","snow_rate":0,"app_temp":24.6,"pres":1013.43054,"azimuth":291.53,"dewpt":14.2,"uv":0.6,"elev_angle":11.11,"wind_dir":309,"weather":{"icon":"c04d","code":804,"description":"Overcast clouds"},"ghi":143.1,"dhi":53.1,"timestamp_local":"2022-07-12T20:15:00","solar_rad":61.22389,"vis":10,"dni":472.48,"temp":24.7,"slp":1023,"clouds":100,"ts":1657649700},{"precip_rate":0,"rh":55,"wind_spd":1.6,"timestamp_utc":"2022-07-12T18:30:00","snow_rate":0,"app_temp":24.2,"pres":1013.4157,"azimuth":294.35,"dewpt":14.6,"uv":0.6,"elev_angle":9.02,"wind_dir":310,"weather":{"icon":"c04d","code":804,"description":"Overcast clouds"},"ghi":111.2,"dhi":46.33,"timestamp_local":"2022-07-12T20:30:00","solar_rad":52.437435,"vis":10,"dni":407.67,"temp":24.3,"slp":1023,"clouds":100,"ts":1657650600},{"precip_rate":0,"rh":58,"wind_spd":1.6,"timestamp_utc":"2022-07-12T18:45:00","snow_rate":0,"app_temp":23.7,"pres":1013.4009,"azimuth":297.17,"dewpt":15,"uv":0.6,"elev_angle":6.93,"wind_dir":311,"weather":{"icon":"c04d","code":804,"description":"Overcast clouds"},"ghi":79.2,"dhi":39.57,"timestamp_local":"2022-07-12T20:45:00","solar_rad":43.739216,"vis":10,"dni":342.86,"temp":23.8,"slp":1023,"clouds":100,"ts":1657651500},{"precip_rate":0,"rh":60,"wind_spd":1.6,"timestamp_utc":"2022-07-12T19:00:00","snow_rate":0,"app_temp":23.3,"pres":1013.38605,"azimuth":299.99,"dewpt":15.1,"uv":0.5,"elev_angle":4.84,"wind_dir":312,"weather":{"icon":"c04n","code":804,"description":"Overcast clouds"},"ghi":47.3,"dhi":32.8,"timestamp_local":"2022-07-12T21:00:00","solar_rad":35.151443,"vis":10,"dni":278.05,"temp":23.3,"slp":1023,"clouds":100,"ts":1657652400},{"precip_rate":0,"rh":63,"wind_spd":1.5,"timestamp_utc":"2022-07-12T19:15:00","snow_rate":0,"app_temp":22.6,"pres":1013.365,"azimuth":302.93,"dewpt":15.2,"uv":0.5,"elev_angle":2.98,"wind_dir":312,"weather":{"icon":"c04n","code":804,"description":"Overcast clouds"},"ghi":35.5,"dhi":24.6,"timestamp_local":"2022-07-12T21:15:00","solar_rad":26.346014,"vis":10,"dni":208.54,"temp":22.6,"slp":1023,"clouds":100,"ts":1657653300},{"precip_rate":0,"rh":66,"wind_spd":1.4,"timestamp_utc":"2022-07-12T19:30:00","snow_rate":0,"app_temp":22,"pres":1013.3439,"azimuth":305.88,"dewpt":15.4,"uv":0.6,"elev_angle":1.13,"wind_dir":311,"weather":{"icon":"c04n","code":804,"description":"Overcast clouds"},"ghi":23.6,"dhi":16.4,"timestamp_local":"2022-07-12T21:30:00","solar_rad":18.263735,"vis":10,"dni":139.03,"temp":22,"slp":1023,"clouds":99,"ts":1657654200},{"precip_rate":0,"rh":69,"wind_spd":1.3,"timestamp_utc":"2022-07-12T19:45:00","snow_rate":0,"app_temp":21.3,"pres":1013.32275,"azimuth":308.82,"dewpt":15.4,"uv":0,"elev_angle":-0.73,"wind_dir":310,"weather":{"icon":"c04n","code":804,"description":"Overcast clouds"},"ghi":11.8,"dhi":8.2,"timestamp_local":"2022-07-12T21:45:00","solar_rad":9.476441,"vis":10,"dni":69.51,"temp":21.4,"slp":1023,"clouds":98,"ts":1657655100},{"precip_rate":0,"rh":72,"wind_spd":1.2,"timestamp_utc":"2022-07-12T20:00:00","snow_rate":0,"app_temp":20.7,"pres":1013.3017,"azimuth":311.76,"dewpt":15.5,"uv":0,"elev_angle":-2.59,"wind_dir":310,"weather":{"icon":"c04n","code":804,"description":"Overcast clouds"},"ghi":0,"dhi":0,"timestamp_local":"2022-07-12T22:00:00","solar_rad":0,"vis":10,"dni":0,"temp":20.7,"slp":1023,"clouds":98,"ts":1657656000},{"precip_rate":0,"rh":70,"wind_spd":1.1,"timestamp_utc":"2022-07-12T20:15:00","snow_rate":0,"app_temp":20.8,"pres":1013.30475,"azimuth":314.9,"dewpt":15.1,"uv":0,"elev_angle":-4.13,"wind_dir":292,"weather":{"icon":"c04n","code":804,"description":"Overcast clouds"},"ghi":0,"dhi":0,"timestamp_local":"2022-07-12T22:15:00","solar_rad":0,"vis":10,"dni":0,"temp":20.8,"slp":1023,"clouds":98,"ts":1657656900},{"precip_rate":0,"rh":69,"wind_spd":1,"timestamp_utc":"2022-07-12T20:30:00","snow_rate":0,"app_temp":20.8,"pres":1013.30774,"azimuth":318.04,"dewpt":15,"uv":0,"elev_angle":-5.66,"wind_dir":275,"weather":{"icon":"c04n","code":804,"description":"Overcast clouds"},"ghi":0,"dhi":0,"timestamp_local":"2022-07-12T22:30:00","solar_rad":0,"vis":10,"dni":0,"temp":20.9,"slp":1023,"clouds":98,"ts":1657657800},{"precip_rate":0,"rh":68,"wind_spd":0.9,"timestamp_utc":"2022-07-12T20:45:00","snow_rate":0,"app_temp":20.9,"pres":1013.3108,"azimuth":321.18,"dewpt":14.9,"uv":0,"elev_angle":-7.2,"wind_dir":258,"weather":{"icon":"c04n","code":804,"description":"Overcast clouds"},"ghi":0,"dhi":0,"timestamp_local":"2022-07-12T22:45:00","solar_rad":0,"vis":10,"dni":0,"temp":21,"slp":1023,"clouds":99,"ts":1657658700},{"precip_rate":0,"rh":66,"wind_spd":0.8,"timestamp_utc":"2022-07-12T21:00:00","snow_rate":0,"app_temp":21,"pres":1013.31384,"azimuth":324.32,"dewpt":14.5,"uv":0,"elev_angle":-8.73,"wind_dir":240,"weather":{"icon":"c04n","code":804,"description":"Overcast clouds"},"ghi":0,"dhi":0,"timestamp_local":"2022-07-12T23:00:00","solar_rad":0,"vis":10,"dni":0,"temp":21.1,"slp":1023,"clouds":99,"ts":1657659600},{"precip_rate":0,"rh":70,"wind_spd":0.9,"timestamp_utc":"2022-07-12T21:15:00","snow_rate":0,"app_temp":20.1,"pres":1013.28314,"azimuth":327.68,"dewpt":14.5,"uv":0,"elev_angle":-9.85,"wind_dir":229,"weather":{"icon":"c04n","code":804,"description":"Overcast clouds"},"ghi":0,"dhi":0,"timestamp_local":"2022-07-12T23:15:00","solar_rad":0,"vis":10,"dni":0,"temp":20.2,"slp":1023,"clouds":86,"ts":1657660500},{"precip_rate":0,"rh":74,"wind_spd":1,"timestamp_utc":"2022-07-12T21:30:00","snow_rate":0,"app_temp":19.2,"pres":1013.25244,"azimuth":331.04,"dewpt":14.5,"uv":0,"elev_angle":-10.96,"wind_dir":218,"weather":{"icon":"c04n","code":804,"description":"Overcast clouds"},"ghi":0,"dhi":0,"timestamp_local":"2022-07-12T23:30:00","solar_rad":0,"vis":10,"dni":0,"temp":19.3,"slp":1023,"clouds":74,"ts":1657661400},{"precip_rate":0,"rh":79,"wind_spd":1.1,"timestamp_utc":"2022-07-12T21:45:00","snow_rate":0,"app_temp":18.3,"pres":1013.2218,"azimuth":334.4,"dewpt":14.6,"uv":0,"elev_angle":-12.08,"wind_dir":207,"weather":{"icon":"c03n","code":803,"description":"Broken clouds"},"ghi":0,"dhi":0,"timestamp_local":"2022-07-12T23:45:00","solar_rad":0,"vis":10,"dni":0,"temp":18.3,"slp":1023,"clouds":61,"ts":1657662300},{"precip_rate":0,"rh":83,"wind_spd":1.2,"timestamp_utc":"2022-07-12T22:00:00","snow_rate":0,"app_temp":17.4,"pres":1013.1911,"azimuth":337.76,"dewpt":14.5,"uv":0,"elev_angle":-13.19,"wind_dir":196,"weather":{"icon":"c03n","code":803,"description":"Broken clouds"},"ghi":0,"dhi":0,"timestamp_local":"2022-07-13T00:00:00","solar_rad":0,"vis":10,"dni":0,"temp":17.4,"slp":1023,"clouds":48,"ts":1657663200},{"precip_rate":0,"rh":82,"wind_spd":1.4,"timestamp_utc":"2022-07-12T22:15:00","snow_rate":0,"app_temp":17.6,"pres":1012.9497,"azimuth":341.3,"dewpt":14.5,"uv":0,"elev_angle":-13.79,"wind_dir":196,"weather":{"icon":"c03n","code":803,"description":"Broken clouds"},"ghi":0,"dhi":0,"timestamp_local":"2022-07-13T00:15:00","solar_rad":0,"vis":10,"dni":0,"temp":17.6,"slp":1022.75,"clouds":58,"ts":1657664100},{"precip_rate":0,"rh":81,"wind_spd":1.6,"timestamp_utc":"2022-07-12T22:30:00","snow_rate":0,"app_temp":17.8,"pres":1012.70825,"azimuth":344.84,"dewpt":14.4,"uv":0,"elev_angle":-14.39,"wind_dir":195,"weather":{"icon":"c03n","code":803,"description":"Broken clouds"},"ghi":0,"dhi":0,"timestamp_local":"2022-07-13T00:30:00","solar_rad":0,"vis":10,"dni":0,"temp":17.8,"slp":1022.5,"clouds":68,"ts":1657665000},{"precip_rate":0,"rh":80,"wind_spd":1.8,"timestamp_utc":"2022-07-12T22:45:00","snow_rate":0,"app_temp":17.9,"pres":1012.46686,"azimuth":348.38,"dewpt":14.4,"uv":0,"elev_angle":-14.99,"wind_dir":194,"weather":{"icon":"c04n","code":804,"description":"Overcast clouds"},"ghi":0,"dhi":0,"timestamp_local":"2022-07-13T00:45:00","solar_rad":0,"vis":10,"dni":0,"temp":17.9,"slp":1022.25,"clouds":77,"ts":1657665900},{"precip_rate":0,"rh":79,"wind_spd":2,"timestamp_utc":"2022-07-12T23:00:00","snow_rate":0,"app_temp":18.1,"pres":1012.22546,"azimuth":351.92,"dewpt":14.4,"uv":0,"elev_angle":-15.59,"wind_dir":194,"weather":{"icon":"c04n","code":804,"description":"Overcast clouds"},"ghi":0,"dhi":0,"timestamp_local":"2022-07-13T01:00:00","solar_rad":0,"vis":10,"dni":0,"temp":18.1,"slp":1022,"clouds":87,"ts":1657666800},{"precip_rate":0,"rh":78,"wind_spd":2,"timestamp_utc":"2022-07-12T23:15:00","snow_rate":0,"app_temp":18.3,"pres":1012.2316,"azimuth":265.54,"dewpt":14.4,"uv":0,"elev_angle":-15.63,"wind_dir":190,"weather":{"icon":"c04n","code":804,"description":"Overcast clouds"},"ghi":0,"dhi":0,"timestamp_local":"2022-07-13T01:15:00","solar_rad":0,"vis":10,"dni":0,"temp":18.3,"slp":1022,"clouds":89,"ts":1657667700},{"precip_rate":0,"rh":77,"wind_spd":2,"timestamp_utc":"2022-07-12T23:30:00","snow_rate":0,"app_temp":18.4,"pres":1012.2378,"azimuth":179.15,"dewpt":14.4,"uv":0,"elev_angle":-15.67,"wind_dir":186,"weather":{"icon":"c04n","code":804,"description":"Overcast clouds"},"ghi":0,"dhi":0,"timestamp_local":"2022-07-13T01:30:00","solar_rad":0,"vis":10,"dni":0,"temp":18.5,"slp":1022,"clouds":90,"ts":1657668600},{"precip_rate":0,"rh":76,"wind_spd":2,"timestamp_utc":"2022-07-12T23:45:00","snow_rate":0,"app_temp":18.6,"pres":1012.24396,"azimuth":92.77,"dewpt":14.4,"uv":0,"elev_angle":-15.7,"wind_dir":182,"weather":{"icon":"c04n","code":804,"description":"Overcast clouds"},"ghi":0,"dhi":0,"timestamp_local":"2022-07-13T01:45:00","solar_rad":0,"vis":10,"dni":0,"temp":18.7,"slp":1022,"clouds":92,"ts":1657669500}],"sources":["103150-99999","imerg","merra2","era5","modis"],"city_id":"2856883"}
