{"timezone":"Europe\/Berlin","state_code":"06","country_code":"DE","lat":52.2833,"lon":8,"city_name":"Osnabr�ck","station_id":"103150-99999","data":[{"precip_rate":0,"rh":95,"wind_spd":3.2,"timestamp_utc":"2022-06-07T00:00:00","snow_rate":0,"app_temp":11.9,"pres":1003.09875,"azimuth":7.94,"dewpt":11.1,"uv":0,"elev_angle":-14.63,"wind_dir":208,"weather":{"icon":"c04n","code":804,"description":"Overcast clouds"},"ghi":0,"dhi":0,"timestamp_local":"2022-06-07T02:00:00","solar_rad":0,"vis":10,"dni":0,"temp":11.9,"slp":1013,"clouds":83,"ts":1654560000},{"precip_rate":0,"rh":94,"wind_spd":3.3,"timestamp_utc":"2022-06-07T00:15:00","snow_rate":0,"app_temp":11.9,"pres":1003.09875,"azimuth":11.44,"dewpt":11,"uv":0,"elev_angle":-14.04,"wind_dir":208,"weather":{"icon":"c04n","code":804,"description":"Overcast clouds"},"ghi":0,"dhi":0,"timestamp_local":"2022-06-07T02:15:00","solar_rad":0,"vis":10,"dni":0,"temp":11.9,"slp":1013,"clouds":86,"ts":1654560900},{"precip_rate":0,"rh":94,"wind_spd":3.4,"timestamp_utc":"2022-06-07T00:30:00","snow_rate":0,"app_temp":11.9,"pres":1003.09875,"azimuth":14.95,"dewpt":11,"uv":0,"elev_angle":-13.45,"wind_dir":209,"weather":{"icon":"c04n","code":804,"description":"Overcast clouds"},"ghi":0,"dhi":0,"timestamp_local":"2022-06-07T02:30:00","solar_rad":0,"vis":10,"dni":0,"temp":11.9,"slp":1013,"clouds":88,"ts":1654561800},{"precip_rate":0,"rh":94,"wind_spd":3.5,"timestamp_utc":"2022-06-07T00:45:00","snow_rate":0,"app_temp":11.9,"pres":1003.09875,"azimuth":18.45,"dewpt":11,"uv":0,"elev_angle":-12.85,"wind_dir":210,"weather":{"icon":"c04n","code":804,"description":"Overcast clouds"},"ghi":0,"dhi":0,"timestamp_local":"2022-06-07T02:45:00","solar_rad":0,"vis":10,"dni":0,"temp":11.9,"slp":1013,"clouds":91,"ts":1654562700},{"precip_rate":0,"rh":93,"wind_spd":3.6,"timestamp_utc":"2022-06-07T01:00:00","snow_rate":0,"app_temp":11.9,"pres":1003.09875,"azimuth":21.95,"dewpt":10.8,"uv":0,"elev_angle":-12.26,"wind_dir":210,"weather":{"icon":"c04n","code":804,"description":"Overcast clouds"},"ghi":0,"dhi":0,"timestamp_local":"2022-06-07T03:00:00","solar_rad":0,"vis":10,"dni":0,"temp":11.9,"slp":1013,"clouds":94,"ts":1654563600},{"precip_rate":0,"rh":92,"wind_spd":3.7,"timestamp_utc":"2022-06-07T01:15:00","snow_rate":0,"app_temp":12,"pres":1002.8544,"azimuth":25.28,"dewpt":10.7,"uv":0,"elev_angle":-11.16,"wind_dir":210,"weather":{"icon":"c04n","code":804,"description":"Overcast clouds"},"ghi":0,"dhi":0,"timestamp_local":"2022-06-07T03:15:00","solar_rad":0,"vis":10,"dni":0,"temp":12,"slp":1012.75,"clouds":93,"ts":1654564500},{"precip_rate":0,"rh":92,"wind_spd":3.8,"timestamp_utc":"2022-06-07T01:30:00","snow_rate":0,"app_temp":12,"pres":1002.61,"azimuth":28.61,"dewpt":10.8,"uv":0,"elev_angle":-10.06,"wind_dir":210,"weather":{"icon":"c04n","code":804,"description":"Overcast clouds"},"ghi":0,"dhi":0,"timestamp_local":"2022-06-07T03:30:00","solar_rad":0,"vis":10,"dni":0,"temp":12,"slp":1012.5,"clouds":92,"ts":1654565400},{"precip_rate":0,"rh":92,"wind_spd":3.9,"timestamp_utc":"2022-06-07T01:45:00","snow_rate":0,"app_temp":12.1,"pres":1002.36566,"azimuth":31.93,"dewpt":10.9,"uv":0,"elev_angle":-8.96,"wind_dir":210,"weather":{"icon":"c04n","code":804,"description":"Overcast clouds"},"ghi":0,"dhi":0,"timestamp_local":"2022-06-07T03:45:00","solar_rad":0,"vis":10,"dni":0,"temp":12.1,"slp":1012.25,"clouds":91,"ts":1654566300},{"precip_rate":0,"rh":91,"wind_spd":4,"timestamp_utc":"2022-06-07T02:00:00","snow_rate":0,"app_temp":12.2,"pres":1002.1213,"azimuth":35.26,"dewpt":10.8,"uv":0,"elev_angle":-7.86,"wind_dir":210,"weather":{"icon":"c04n","code":804,"description":"Overcast clouds"},"ghi":0,"dhi":0,"timestamp_local":"2022-06-07T04:00:00","solar_rad":0,"vis":10,"dni":0,"temp":12.2,"slp":1012,"clouds":90,"ts":1654567200},{"precip_rate":0,"rh":90,"wind_spd":4,"timestamp_utc":"2022-06-07T02:15:00","snow_rate":0,"app_temp":12.3,"pres":1002.12445,"azimuth":38.38,"dewpt":10.7,"uv":0,"elev_angle":-6.34,"wind_dir":209,"weather":{"icon":"c04n","code":804,"description":"Overcast clouds"},"ghi":0,"dhi":0,"timestamp_local":"2022-06-07T04:15:00","solar_rad":0,"vis":10,"dni":0,"temp":12.3,"slp":1012,"clouds":91,"ts":1654568100},{"precip_rate":0,"rh":90,"wind_spd":4,"timestamp_utc":"2022-06-07T02:30:00","snow_rate":0,"app_temp":12.4,"pres":1002.1277,"azimuth":41.49,"dewpt":10.8,"uv":0,"elev_angle":-4.82,"wind_dir":208,"weather":{"icon":"c04n","code":804,"description":"Overcast clouds"},"ghi":0,"dhi":0,"timestamp_local":"2022-06-07T04:30:00","solar_rad":0,"vis":10,"dni":0,"temp":12.4,"slp":1012,"clouds":92,"ts":1654569000},{"precip_rate":0,"rh":89,"wind_spd":4,"timestamp_utc":"2022-06-07T02:45:00","snow_rate":0,"app_temp":12.5,"pres":1002.13086,"azimuth":44.61,"dewpt":10.7,"uv":0,"elev_angle":-3.29,"wind_dir":207,"weather":{"icon":"c04n","code":804,"description":"Overcast clouds"},"ghi":0,"dhi":0,"timestamp_local":"2022-06-07T04:45:00","solar_rad":0,"vis":10,"dni":0,"temp":12.5,"slp":1012,"clouds":93,"ts":1654569900},{"precip_rate":0,"rh":88,"wind_spd":4,"timestamp_utc":"2022-06-07T03:00:00","snow_rate":0,"app_temp":12.6,"pres":1002.13403,"azimuth":47.72,"dewpt":10.7,"uv":0,"elev_angle":-1.77,"wind_dir":206,"weather":{"icon":"c04n","code":804,"description":"Overcast clouds"},"ghi":0,"dhi":0,"timestamp_local":"2022-06-07T05:00:00","solar_rad":0,"vis":10,"dni":0,"temp":12.6,"slp":1012,"clouds":94,"ts":1654570800},{"precip_rate":0,"rh":89,"wind_spd":4.2,"timestamp_utc":"2022-06-07T03:15:00","snow_rate":0,"app_temp":12.6,"pres":1002.13403,"azimuth":50.65,"dewpt":10.8,"uv":0.7,"elev_angle":0.08,"wind_dir":205,"weather":{"icon":"c04n","code":804,"description":"Overcast clouds"},"ghi":14.4,"dhi":9.02,"timestamp_local":"2022-06-07T05:15:00","solar_rad":14.144829,"vis":10,"dni":78.22,"temp":12.6,"slp":1012,"clouds":89,"ts":1654571700},{"precip_rate":0,"rh":90,"wind_spd":4.4,"timestamp_utc":"2022-06-07T03:30:00","snow_rate":0,"app_temp":12.6,"pres":1002.13403,"azimuth":53.57,"dewpt":11,"uv":0.7,"elev_angle":1.92,"wind_dir":204,"weather":{"icon":"c04n","code":804,"description":"Overcast clouds"},"ghi":28.9,"dhi":18.05,"timestamp_local":"2022-06-07T05:30:00","solar_rad":31.446724,"vis":10,"dni":156.45,"temp":12.6,"slp":1012,"clouds":84,"ts":1654572600},{"precip_rate":0,"rh":90,"wind_spd":4.6,"timestamp_utc":"2022-06-07T03:45:00","snow_rate":0,"app_temp":12.6,"pres":1002.13403,"azimuth":56.5,"dewpt":11,"uv":0.8,"elev_angle":3.77,"wind_dir":203,"weather":{"icon":"c04n","code":804,"description":"Overcast clouds"},"ghi":43.3,"dhi":27.07,"timestamp_local":"2022-06-07T05:45:00","solar_rad":50.43444,"vis":10,"dni":234.67,"temp":12.6,"slp":1012,"clouds":80,"ts":1654573500},{"precip_rate":0,"rh":91,"wind_spd":4.8,"timestamp_utc":"2022-06-07T04:00:00","snow_rate":0,"app_temp":12.6,"pres":1002.13403,"azimuth":59.42,"dewpt":11.2,"uv":0.9,"elev_angle":5.61,"wind_dir":202,"weather":{"icon":"c04d","code":804,"description":"Overcast clouds"},"ghi":57.7,"dhi":36.09,"timestamp_local":"2022-06-07T06:00:00","solar_rad":36.292744,"vis":10,"dni":312.89,"temp":12.6,"slp":1012,"clouds":75,"ts":1654574400},{"precip_rate":0,"rh":90,"wind_spd":5,"timestamp_utc":"2022-06-07T04:15:00","snow_rate":0,"app_temp":12.7,"pres":1002.1372,"azimuth":62.23,"dewpt":11.1,"uv":0.9,"elev_angle":7.69,"wind_dir":204,"weather":{"icon":"c03d","code":803,"description":"Broken clouds"},"ghi":90.2,"dhi":42.53,"timestamp_local":"2022-06-07T06:15:00","solar_rad":63.132072,"vis":10,"dni":373.09,"temp":12.7,"slp":1012,"clouds":70,"ts":1654575300},{"precip_rate":0,"rh":90,"wind_spd":5.2,"timestamp_utc":"2022-06-07T04:30:00","snow_rate":0,"app_temp":12.8,"pres":1002.1404,"azimuth":65.03,"dewpt":11.2,"uv":1,"elev_angle":9.77,"wind_dir":205,"weather":{"icon":"c03d","code":803,"description":"Broken clouds"},"ghi":122.7,"dhi":48.96,"timestamp_local":"2022-06-07T06:30:00","solar_rad":91.80957,"vis":10,"dni":433.28,"temp":12.8,"slp":1012,"clouds":66,"ts":1654576200},{"precip_rate":0,"rh":90,"wind_spd":5.4,"timestamp_utc":"2022-06-07T04:45:00","snow_rate":0,"app_temp":12.9,"pres":1002.14355,"azimuth":67.84,"dewpt":11.3,"uv":1.1,"elev_angle":11.84,"wind_dir":206,"weather":{"icon":"c03d","code":803,"description":"Broken clouds"},"ghi":155.1,"dhi":55.4,"timestamp_local":"2022-06-07T06:45:00","solar_rad":124.0079,"vis":10,"dni":493.48,"temp":12.9,"slp":1012,"clouds":61,"ts":1654577100},{"precip_rate":0,"rh":89,"wind_spd":5.6,"timestamp_utc":"2022-06-07T05:00:00","snow_rate":0,"app_temp":13,"pres":1002.1467,"azimuth":70.64,"dewpt":11.2,"uv":1.2,"elev_angle":13.92,"wind_dir":208,"weather":{"icon":"c03d","code":803,"description":"Broken clouds"},"ghi":187.6,"dhi":61.83,"timestamp_local":"2022-06-07T07:00:00","solar_rad":157.95892,"vis":10,"dni":553.67,"temp":13,"slp":1012,"clouds":56,"ts":1654578000},{"precip_rate":0,"rh":88,"wind_spd":5.8,"timestamp_utc":"2022-06-07T05:15:00","snow_rate":0,"app_temp":13.2,"pres":1002.1531,"azimuth":73.43,"dewpt":11.2,"uv":1.2,"elev_angle":16.15,"wind_dir":211,"weather":{"icon":"c03d","code":803,"description":"Broken clouds"},"ghi":225.9,"dhi":66.37,"timestamp_local":"2022-06-07T07:15:00","solar_rad":190.21219,"vis":10,"dni":587.45,"temp":13.2,"slp":1012,"clouds":56,"ts":1654578900},{"precip_rate":0,"rh":86,"wind_spd":6,"timestamp_utc":"2022-06-07T05:30:00","snow_rate":0,"app_temp":13.3,"pres":1002.15936,"azimuth":76.22,"dewpt":11.1,"uv":1.3,"elev_angle":18.38,"wind_dir":214,"weather":{"icon":"c03d","code":803,"description":"Broken clouds"},"ghi":264.2,"dhi":70.92,"timestamp_local":"2022-06-07T07:30:00","solar_rad":220.5133,"vis":10,"dni":621.23,"temp":13.3,"slp":1012,"clouds":57,"ts":1654579800},{"precip_rate":0,"rh":85,"wind_spd":6.2,"timestamp_utc":"2022-06-07T05:45:00","snow_rate":0,"app_temp":13.5,"pres":1002.16565,"azimuth":79,"dewpt":11.1,"uv":1.4,"elev_angle":20.6,"wind_dir":217,"weather":{"icon":"c03d","code":803,"description":"Broken clouds"},"ghi":302.5,"dhi":75.46,"timestamp_local":"2022-06-07T07:45:00","solar_rad":250.03755,"vis":10,"dni":655,"temp":13.5,"slp":1012,"clouds":58,"ts":1654580700},{"precip_rate":0,"rh":84,"wind_spd":6.4,"timestamp_utc":"2022-06-07T06:00:00","snow_rate":0,"app_temp":13.7,"pres":1002.172,"azimuth":81.79,"dewpt":11,"uv":1.5,"elev_angle":22.83,"wind_dir":220,"weather":{"icon":"c03d","code":803,"description":"Broken clouds"},"ghi":340.8,"dhi":80,"timestamp_local":"2022-06-07T08:00:00","solar_rad":281.7082,"vis":10,"dni":688.78,"temp":13.7,"slp":1012,"clouds":58,"ts":1654581600},{"precip_rate":0.125,"rh":83,"wind_spd":6.6,"timestamp_utc":"2022-06-07T06:15:00","snow_rate":0,"app_temp":13.9,"pres":1002.1783,"azimuth":84.71,"dewpt":11,"uv":1.6,"elev_angle":25.12,"wind_dir":224,"weather":{"icon":"c03d","code":803,"description":"Broken clouds"},"ghi":380.1,"dhi":83.41,"timestamp_local":"2022-06-07T08:15:00","solar_rad":310.99786,"vis":10,"dni":710.21,"temp":13.9,"slp":1012,"clouds":59,"ts":1654582500},{"precip_rate":0.25,"rh":82,"wind_spd":6.8,"timestamp_utc":"2022-06-07T06:30:00","snow_rate":0,"app_temp":14,"pres":1002.1846,"azimuth":87.64,"dewpt":11,"uv":1.7,"elev_angle":27.41,"wind_dir":227,"weather":{"icon":"c03d","code":803,"description":"Broken clouds"},"ghi":419.3,"dhi":86.82,"timestamp_local":"2022-06-07T08:30:00","solar_rad":339.40054,"vis":10,"dni":731.64,"temp":14,"slp":1012,"clouds":60,"ts":1654583400},{"precip_rate":0.375,"rh":81,"wind_spd":7,"timestamp_utc":"2022-06-07T06:45:00","snow_rate":0,"app_temp":14.2,"pres":1002.1909,"azimuth":90.56,"dewpt":11,"uv":1.8,"elev_angle":29.7,"wind_dir":230,"weather":{"icon":"c03d","code":803,"description":"Broken clouds"},"ghi":458.5,"dhi":90.22,"timestamp_local":"2022-06-07T08:45:00","solar_rad":362.5854,"vis":10,"dni":753.07,"temp":14.2,"slp":1012,"clouds":62,"ts":1654584300},{"precip_rate":0.5,"rh":80,"wind_spd":7.2,"timestamp_utc":"2022-06-07T07:00:00","snow_rate":0,"app_temp":14.4,"pres":1002.1972,"azimuth":93.48,"dewpt":11,"uv":1.9,"elev_angle":31.99,"wind_dir":234,"weather":{"icon":"c03d","code":803,"description":"Broken clouds"},"ghi":497.7,"dhi":93.63,"timestamp_local":"2022-06-07T09:00:00","solar_rad":388.68384,"vis":10,"dni":774.5,"temp":14.4,"slp":1012,"clouds":63,"ts":1654585200},{"precip_rate":0.375,"rh":79,"wind_spd":7.2,"timestamp_utc":"2022-06-07T07:15:00","snow_rate":0,"app_temp":14.7,"pres":1002.20654,"azimuth":96.75,"dewpt":11.1,"uv":2.2,"elev_angle":34.25,"wind_dir":235,"weather":{"icon":"c03d","code":803,"description":"Broken clouds"},"ghi":534,"dhi":96.18,"timestamp_local":"2022-06-07T09:15:00","solar_rad":432.20566,"vis":10,"dni":788.71,"temp":14.7,"slp":1012,"clouds":60,"ts":1654586100},{"precip_rate":0.25,"rh":78,"wind_spd":7.2,"timestamp_utc":"2022-06-07T07:30:00","snow_rate":0,"app_temp":15,"pres":1002.21594,"azimuth":100.01,"dewpt":11.2,"uv":2.5,"elev_angle":36.51,"wind_dir":236,"weather":{"icon":"c03d","code":803,"description":"Broken clouds"},"ghi":570.3,"dhi":98.74,"timestamp_local":"2022-06-07T09:30:00","solar_rad":480.3826,"vis":10,"dni":802.92,"temp":15,"slp":1012,"clouds":56,"ts":1654587000},{"precip_rate":0.125,"rh":76,"wind_spd":7.2,"timestamp_utc":"2022-06-07T07:45:00","snow_rate":0,"app_temp":15.3,"pres":1002.22534,"azimuth":103.28,"dewpt":11.1,"uv":2.9,"elev_angle":38.76,"wind_dir":237,"weather":{"icon":"c03d","code":803,"description":"Broken clouds"},"ghi":606.6,"dhi":101.29,"timestamp_local":"2022-06-07T09:45:00","solar_rad":528.0453,"vis":10,"dni":817.12,"temp":15.3,"slp":1012,"clouds":52,"ts":1654587900},{"precip_rate":0,"rh":75,"wind_spd":7.2,"timestamp_utc":"2022-06-07T08:00:00","snow_rate":0,"app_temp":15.6,"pres":1002.2347,"azimuth":106.54,"dewpt":11.2,"uv":3.2,"elev_angle":41.02,"wind_dir":238,"weather":{"icon":"c03d","code":803,"description":"Broken clouds"},"ghi":642.9,"dhi":103.84,"timestamp_local":"2022-06-07T10:00:00","solar_rad":571,"vis":10,"dni":831.33,"temp":15.6,"slp":1012,"clouds":49,"ts":1654588800},{"precip_rate":0,"rh":74,"wind_spd":7.2,"timestamp_utc":"2022-06-07T08:15:00","snow_rate":0,"app_temp":15.8,"pres":1002.2409,"azimuth":110.47,"dewpt":11.2,"uv":3.3,"elev_angle":43.11,"wind_dir":239,"weather":{"icon":"c03d","code":803,"description":"Broken clouds"},"ghi":673.1,"dhi":105.67,"timestamp_local":"2022-06-07T10:15:00","solar_rad":585.8877,"vis":10,"dni":840.67,"temp":15.8,"slp":1012,"clouds":52,"ts":1654589700},{"precip_rate":0,"rh":72,"wind_spd":7.2,"timestamp_utc":"2022-06-07T08:30:00","snow_rate":0,"app_temp":15.9,"pres":1002.2471,"azimuth":114.39,"dewpt":10.9,"uv":3.4,"elev_angle":45.2,"wind_dir":240,"weather":{"icon":"c03d","code":803,"description":"Broken clouds"},"ghi":703.2,"dhi":107.5,"timestamp_local":"2022-06-07T10:30:00","solar_rad":592.8335,"vis":10,"dni":850.01,"temp":15.9,"slp":1012,"clouds":56,"ts":1654590600},{"precip_rate":0,"rh":71,"wind_spd":7.2,"timestamp_utc":"2022-06-07T08:45:00","snow_rate":0,"app_temp":16.1,"pres":1002.2533,"azimuth":118.32,"dewpt":10.9,"uv":3.6,"elev_angle":47.29,"wind_dir":241,"weather":{"icon":"c03d","code":803,"description":"Broken clouds"},"ghi":733.3,"dhi":109.32,"timestamp_local":"2022-06-07T10:45:00","solar_rad":600.44385,"vis":10,"dni":859.35,"temp":16.1,"slp":1012,"clouds":59,"ts":1654591500},{"precip_rate":0,"rh":70,"wind_spd":7.2,"timestamp_utc":"2022-06-07T09:00:00","snow_rate":0,"app_temp":16.3,"pres":1002.2595,"azimuth":122.24,"dewpt":10.8,"uv":3.7,"elev_angle":49.38,"wind_dir":242,"weather":{"icon":"c03d","code":803,"description":"Broken clouds"},"ghi":763.5,"dhi":111.15,"timestamp_local":"2022-06-07T11:00:00","solar_rad":604.2687,"vis":10,"dni":868.69,"temp":16.3,"slp":1012,"clouds":62,"ts":1654592400},{"precip_rate":0,"rh":68,"wind_spd":6.7,"timestamp_utc":"2022-06-07T09:15:00","snow_rate":0,"app_temp":16.6,"pres":1002.2688,"azimuth":127.25,"dewpt":10.7,"uv":3.4,"elev_angle":51.08,"wind_dir":242,"weather":{"icon":"c04d","code":804,"description":"Overcast clouds"},"ghi":784.8,"dhi":112.33,"timestamp_local":"2022-06-07T11:15:00","solar_rad":540.0324,"vis":10,"dni":874.37,"temp":16.6,"slp":1012,"clouds":71,"ts":1654593300},{"precip_rate":0,"rh":66,"wind_spd":6.2,"timestamp_utc":"2022-06-07T09:30:00","snow_rate":0,"app_temp":16.8,"pres":1002.2781,"azimuth":132.25,"dewpt":10.5,"uv":3.2,"elev_angle":52.79,"wind_dir":241,"weather":{"icon":"c04d","code":804,"description":"Overcast clouds"},"ghi":806.2,"dhi":113.51,"timestamp_local":"2022-06-07T11:30:00","solar_rad":441.75754,"vis":10,"dni":880.04,"temp":16.8,"slp":1012,"clouds":80,"ts":1654594200},{"precip_rate":0,"rh":64,"wind_spd":5.7,"timestamp_utc":"2022-06-07T09:45:00","snow_rate":0,"app_temp":17.1,"pres":1002.2873,"azimuth":137.26,"dewpt":10.3,"uv":2.9,"elev_angle":54.49,"wind_dir":240,"weather":{"icon":"c04d","code":804,"description":"Overcast clouds"},"ghi":827.6,"dhi":114.68,"timestamp_local":"2022-06-07T11:45:00","solar_rad":320.34875,"vis":10,"dni":885.72,"temp":17.1,"slp":1012,"clouds":88,"ts":1654595100},{"precip_rate":0,"rh":62,"wind_spd":5.2,"timestamp_utc":"2022-06-07T10:00:00","snow_rate":0,"app_temp":17.4,"pres":1002.2966,"azimuth":142.26,"dewpt":10.1,"uv":2.6,"elev_angle":56.19,"wind_dir":240,"weather":{"icon":"c04d","code":804,"description":"Overcast clouds"},"ghi":849,"dhi":115.86,"timestamp_local":"2022-06-07T12:00:00","solar_rad":160.0716,"vis":10,"dni":891.39,"temp":17.4,"slp":1012,"clouds":97,"ts":1654596000},{"precip_rate":0,"rh":61,"wind_spd":5.3,"timestamp_utc":"2022-06-07T10:15:00","snow_rate":0,"app_temp":17.5,"pres":1002.2996,"azimuth":148.59,"dewpt":9.9,"uv":2.6,"elev_angle":57.17,"wind_dir":242,"weather":{"icon":"c04d","code":804,"description":"Overcast clouds"},"ghi":859.8,"dhi":116.43,"timestamp_local":"2022-06-07T12:15:00","solar_rad":162.10783,"vis":10,"dni":894.02,"temp":17.5,"slp":1012,"clouds":97,"ts":1654596900},{"precip_rate":0,"rh":60,"wind_spd":5.4,"timestamp_utc":"2022-06-07T10:30:00","snow_rate":0,"app_temp":17.6,"pres":1002.30273,"azimuth":154.92,"dewpt":9.8,"uv":2.6,"elev_angle":58.16,"wind_dir":244,"weather":{"icon":"c04d","code":804,"description":"Overcast clouds"},"ghi":870.6,"dhi":116.99,"timestamp_local":"2022-06-07T12:30:00","solar_rad":139.0739,"vis":10,"dni":896.66,"temp":17.6,"slp":1012,"clouds":98,"ts":1654597800},{"precip_rate":0,"rh":60,"wind_spd":5.5,"timestamp_utc":"2022-06-07T10:45:00","snow_rate":0,"app_temp":17.7,"pres":1002.3058,"azimuth":161.24,"dewpt":9.8,"uv":2.7,"elev_angle":59.14,"wind_dir":246,"weather":{"icon":"c04d","code":804,"description":"Overcast clouds"},"ghi":881.5,"dhi":117.56,"timestamp_local":"2022-06-07T12:45:00","solar_rad":140.81511,"vis":10,"dni":899.29,"temp":17.7,"slp":1012,"clouds":98,"ts":1654598700},{"precip_rate":0,"rh":59,"wind_spd":5.6,"timestamp_utc":"2022-06-07T11:00:00","snow_rate":0,"app_temp":17.8,"pres":1002.30884,"azimuth":167.57,"dewpt":9.7,"uv":2.8,"elev_angle":60.12,"wind_dir":248,"weather":{"icon":"c04d","code":804,"description":"Overcast clouds"},"ghi":892.3,"dhi":118.12,"timestamp_local":"2022-06-07T13:00:00","solar_rad":142.54036,"vis":10,"dni":901.92,"temp":17.8,"slp":1012,"clouds":98,"ts":1654599600},{"precip_rate":0,"rh":59,"wind_spd":5.6,"timestamp_utc":"2022-06-07T11:15:00","snow_rate":0,"app_temp":18,"pres":1002.31494,"azimuth":174.53,"dewpt":9.9,"uv":3,"elev_angle":60.06,"wind_dir":249,"weather":{"icon":"c04d","code":804,"description":"Overcast clouds"},"ghi":891.7,"dhi":118.09,"timestamp_local":"2022-06-07T13:15:00","solar_rad":264.64838,"vis":10,"dni":901.77,"temp":18,"slp":1012,"clouds":93,"ts":1654600500},{"precip_rate":0,"rh":58,"wind_spd":5.6,"timestamp_utc":"2022-06-07T11:30:00","snow_rate":0,"app_temp":18.1,"pres":1002.32104,"azimuth":181.49,"dewpt":9.8,"uv":3.3,"elev_angle":60,"wind_dir":250,"weather":{"icon":"c04d","code":804,"description":"Overcast clouds"},"ghi":891,"dhi":118.06,"timestamp_local":"2022-06-07T13:30:00","solar_rad":371.7682,"vis":10,"dni":901.63,"temp":18.1,"slp":1012,"clouds":88,"ts":1654601400},{"precip_rate":0,"rh":58,"wind_spd":5.6,"timestamp_utc":"2022-06-07T11:45:00","snow_rate":0,"app_temp":18.3,"pres":1002.3272,"azimuth":188.44,"dewpt":9.9,"uv":3.7,"elev_angle":59.94,"wind_dir":251,"weather":{"icon":"c04d","code":804,"description":"Overcast clouds"},"ghi":890.4,"dhi":118.03,"timestamp_local":"2022-06-07T13:45:00","solar_rad":482.27353,"vis":10,"dni":901.48,"temp":18.3,"slp":1012,"clouds":82,"ts":1654602300},{"precip_rate":0,"rh":58,"wind_spd":5.6,"timestamp_utc":"2022-06-07T12:00:00","snow_rate":0,"app_temp":17.9,"pres":1002.3333,"azimuth":195.4,"dewpt":10.1,"uv":4,"elev_angle":59.88,"wind_dir":252,"weather":{"icon":"c04d","code":804,"description":"Overcast clouds"},"ghi":889.8,"dhi":118,"timestamp_local":"2022-06-07T14:00:00","solar_rad":560.49115,"vis":10,"dni":901.33,"temp":18.5,"slp":1012,"clouds":77,"ts":1654603200},{"precip_rate":0,"rh":58,"wind_spd":5.7,"timestamp_utc":"2022-06-07T12:15:00","snow_rate":0,"app_temp":17.9,"pres":1002.3333,"azimuth":201.6,"dewpt":10.1,"uv":3.9,"elev_angle":58.8,"wind_dir":252,"weather":{"icon":"c04d","code":804,"description":"Overcast clouds"},"ghi":877.8,"dhi":117.37,"timestamp_local":"2022-06-07T14:15:00","solar_rad":552.9323,"vis":10,"dni":898.39,"temp":18.5,"slp":1012,"clouds":77,"ts":1654604100},{"precip_rate":0,"rh":58,"wind_spd":5.8,"timestamp_utc":"2022-06-07T12:30:00","snow_rate":0,"app_temp":17.9,"pres":1002.3333,"azimuth":207.79,"dewpt":10.1,"uv":3.8,"elev_angle":57.73,"wind_dir":253,"weather":{"icon":"c04d","code":804,"description":"Overcast clouds"},"ghi":865.8,"dhi":116.74,"timestamp_local":"2022-06-07T14:30:00","solar_rad":559.3029,"vis":10,"dni":895.45,"temp":18.5,"slp":1012,"clouds":76,"ts":1654605000},{"precip_rate":0,"rh":59,"wind_spd":5.9,"timestamp_utc":"2022-06-07T12:45:00","snow_rate":0,"app_temp":17.9,"pres":1002.3333,"azimuth":213.99,"dewpt":10.3,"uv":3.7,"elev_angle":56.65,"wind_dir":254,"weather":{"icon":"c04d","code":804,"description":"Overcast clouds"},"ghi":853.8,"dhi":116.11,"timestamp_local":"2022-06-07T14:45:00","solar_rad":525.7592,"vis":10,"dni":892.51,"temp":18.5,"slp":1012,"clouds":76,"ts":1654605900},{"precip_rate":0,"rh":59,"wind_spd":6,"timestamp_utc":"2022-06-07T13:00:00","snow_rate":0,"app_temp":17.9,"pres":1002.3333,"azimuth":220.18,"dewpt":10.3,"uv":3.6,"elev_angle":55.57,"wind_dir":254,"weather":{"icon":"c04d","code":804,"description":"Overcast clouds"},"ghi":841.7,"dhi":115.48,"timestamp_local":"2022-06-07T15:00:00","solar_rad":518.30817,"vis":10,"dni":889.57,"temp":18.5,"slp":1012,"clouds":76,"ts":1654606800},{"precip_rate":0,"rh":59,"wind_spd":6,"timestamp_utc":"2022-06-07T13:15:00","snow_rate":0,"app_temp":18.1,"pres":1002.33636,"azimuth":225.05,"dewpt":10.4,"uv":3.2,"elev_angle":53.81,"wind_dir":254,"weather":{"icon":"c04d","code":804,"description":"Overcast clouds"},"ghi":819.3,"dhi":114.24,"timestamp_local":"2022-06-07T15:15:00","solar_rad":434.20908,"vis":10,"dni":883.54,"temp":18.6,"slp":1012,"clouds":81,"ts":1654607700},{"precip_rate":0,"rh":58,"wind_spd":6,"timestamp_utc":"2022-06-07T13:30:00","snow_rate":0,"app_temp":18.1,"pres":1002.3394,"azimuth":229.92,"dewpt":10.3,"uv":2.8,"elev_angle":52.06,"wind_dir":254,"weather":{"icon":"c04d","code":804,"description":"Overcast clouds"},"ghi":796.9,"dhi":112.99,"timestamp_local":"2022-06-07T15:30:00","solar_rad":343.47134,"vis":10,"dni":877.52,"temp":18.7,"slp":1012,"clouds":86,"ts":1654608600},{"precip_rate":0,"rh":58,"wind_spd":6,"timestamp_utc":"2022-06-07T13:45:00","snow_rate":0,"app_temp":18.3,"pres":1002.34247,"azimuth":234.79,"dewpt":10.4,"uv":2.5,"elev_angle":50.3,"wind_dir":254,"weather":{"icon":"c04d","code":804,"description":"Overcast clouds"},"ghi":774.5,"dhi":111.75,"timestamp_local":"2022-06-07T15:45:00","solar_rad":245.25266,"vis":10,"dni":871.49,"temp":18.8,"slp":1012,"clouds":91,"ts":1654609500},{"precip_rate":0,"rh":58,"wind_spd":6,"timestamp_utc":"2022-06-07T14:00:00","snow_rate":0,"app_temp":18.4,"pres":1002.3455,"azimuth":239.66,"dewpt":10.5,"uv":2.1,"elev_angle":48.54,"wind_dir":254,"weather":{"icon":"c04d","code":804,"description":"Overcast clouds"},"ghi":752.1,"dhi":110.5,"timestamp_local":"2022-06-07T16:00:00","solar_rad":140.05382,"vis":10,"dni":865.46,"temp":18.9,"slp":1012,"clouds":96,"ts":1654610400},{"precip_rate":0,"rh":58,"wind_spd":5.9,"timestamp_utc":"2022-06-07T14:15:00","snow_rate":0,"app_temp":18.4,"pres":1002.3455,"azimuth":243.5,"dewpt":10.5,"uv":2,"elev_angle":46.43,"wind_dir":254,"weather":{"icon":"c04d","code":804,"description":"Overcast clouds"},"ghi":721.2,"dhi":108.6,"timestamp_local":"2022-06-07T16:15:00","solar_rad":154.05994,"vis":10,"dni":855.68,"temp":18.9,"slp":1012,"clouds":95,"ts":1654611300},{"precip_rate":0,"rh":58,"wind_spd":5.8,"timestamp_utc":"2022-06-07T14:30:00","snow_rate":0,"app_temp":18.4,"pres":1002.3455,"azimuth":247.34,"dewpt":10.5,"uv":1.9,"elev_angle":44.31,"wind_dir":255,"weather":{"icon":"c04d","code":804,"description":"Overcast clouds"},"ghi":690.3,"dhi":106.7,"timestamp_local":"2022-06-07T16:30:00","solar_rad":165.90096,"vis":10,"dni":845.9,"temp":18.9,"slp":1012,"clouds":94,"ts":1654612200},{"precip_rate":0,"rh":59,"wind_spd":5.7,"timestamp_utc":"2022-06-07T14:45:00","snow_rate":0,"app_temp":18.4,"pres":1002.3455,"azimuth":251.17,"dewpt":10.7,"uv":1.8,"elev_angle":42.2,"wind_dir":256,"weather":{"icon":"c04d","code":804,"description":"Overcast clouds"},"ghi":659.4,"dhi":104.8,"timestamp_local":"2022-06-07T16:45:00","solar_rad":158.1289,"vis":10,"dni":836.11,"temp":18.9,"slp":1012,"clouds":94,"ts":1654613100},{"precip_rate":0,"rh":59,"wind_spd":5.6,"timestamp_utc":"2022-06-07T15:00:00","snow_rate":0,"app_temp":18.4,"pres":1002.3455,"azimuth":255.01,"dewpt":10.7,"uv":1.7,"elev_angle":40.08,"wind_dir":256,"weather":{"icon":"c04d","code":804,"description":"Overcast clouds"},"ghi":628.5,"dhi":102.9,"timestamp_local":"2022-06-07T17:00:00","solar_rad":167.08633,"vis":10,"dni":826.33,"temp":18.9,"slp":1012,"clouds":93,"ts":1654614000},{"precip_rate":0,"rh":59,"wind_spd":5.3,"timestamp_utc":"2022-06-07T15:15:00","snow_rate":0,"app_temp":18.4,"pres":1002.3455,"azimuth":258.23,"dewpt":10.7,"uv":1.7,"elev_angle":37.82,"wind_dir":256,"weather":{"icon":"c04d","code":804,"description":"Overcast clouds"},"ghi":591.7,"dhi":100.27,"timestamp_local":"2022-06-07T17:15:00","solar_rad":228.57773,"vis":10,"dni":811.5,"temp":18.9,"slp":1012,"clouds":88,"ts":1654614900},{"precip_rate":0,"rh":58,"wind_spd":5,"timestamp_utc":"2022-06-07T15:30:00","snow_rate":0,"app_temp":18.4,"pres":1002.3455,"azimuth":261.44,"dewpt":10.5,"uv":1.7,"elev_angle":35.55,"wind_dir":255,"weather":{"icon":"c04d","code":804,"description":"Overcast clouds"},"ghi":554.9,"dhi":97.64,"timestamp_local":"2022-06-07T17:30:00","solar_rad":261.95947,"vis":10,"dni":796.68,"temp":18.9,"slp":1012,"clouds":84,"ts":1654615800},{"precip_rate":0,"rh":58,"wind_spd":4.7,"timestamp_utc":"2022-06-07T15:45:00","snow_rate":0,"app_temp":18.4,"pres":1002.3455,"azimuth":264.66,"dewpt":10.5,"uv":1.6,"elev_angle":33.29,"wind_dir":254,"weather":{"icon":"c04d","code":804,"description":"Overcast clouds"},"ghi":518.2,"dhi":95,"timestamp_local":"2022-06-07T17:45:00","solar_rad":284.0413,"vis":10,"dni":781.85,"temp":18.9,"slp":1012,"clouds":80,"ts":1654616700},{"precip_rate":0,"rh":58,"wind_spd":4.4,"timestamp_utc":"2022-06-07T16:00:00","snow_rate":0,"app_temp":18.4,"pres":1002.3455,"azimuth":267.87,"dewpt":10.5,"uv":1.6,"elev_angle":31.02,"wind_dir":254,"weather":{"icon":"c04d","code":804,"description":"Overcast clouds"},"ghi":481.4,"dhi":92.37,"timestamp_local":"2022-06-07T18:00:00","solar_rad":303.8438,"vis":10,"dni":767.02,"temp":18.9,"slp":1012,"clouds":75,"ts":1654617600},{"precip_rate":0,"rh":58,"wind_spd":4.3,"timestamp_utc":"2022-06-07T16:15:00","snow_rate":0,"app_temp":18.4,"pres":1002.0979,"azimuth":270.77,"dewpt":10.5,"uv":1.7,"elev_angle":28.74,"wind_dir":253,"weather":{"icon":"c03d","code":803,"description":"Broken clouds"},"ghi":442.1,"dhi":88.86,"timestamp_local":"2022-06-07T18:15:00","solar_rad":331.7775,"vis":10,"dni":744.62,"temp":18.9,"slp":1011.75,"clouds":66,"ts":1654618500},{"precip_rate":0,"rh":58,"wind_spd":4.2,"timestamp_utc":"2022-06-07T16:30:00","snow_rate":0,"app_temp":18.4,"pres":1001.8503,"azimuth":273.67,"dewpt":10.5,"uv":1.7,"elev_angle":26.45,"wind_dir":252,"weather":{"icon":"c03d","code":803,"description":"Broken clouds"},"ghi":402.8,"dhi":85.35,"timestamp_local":"2022-06-07T18:30:00","solar_rad":336.93054,"vis":10,"dni":722.23,"temp":18.9,"slp":1011.5,"clouds":57,"ts":1654619400},{"precip_rate":0,"rh":59,"wind_spd":4.1,"timestamp_utc":"2022-06-07T16:45:00","snow_rate":0,"app_temp":18.4,"pres":1001.60266,"azimuth":276.57,"dewpt":10.7,"uv":1.7,"elev_angle":24.17,"wind_dir":251,"weather":{"icon":"c03d","code":803,"description":"Broken clouds"},"ghi":363.5,"dhi":81.84,"timestamp_local":"2022-06-07T18:45:00","solar_rad":325.27744,"vis":10,"dni":699.83,"temp":18.9,"slp":1011.25,"clouds":48,"ts":1654620300},{"precip_rate":0,"rh":59,"wind_spd":4,"timestamp_utc":"2022-06-07T17:00:00","snow_rate":0,"app_temp":18.4,"pres":1001.35504,"azimuth":279.47,"dewpt":10.7,"uv":1.7,"elev_angle":21.88,"wind_dir":250,"weather":{"icon":"c02d","code":802,"description":"Scattered clouds"},"ghi":324.3,"dhi":78.33,"timestamp_local":"2022-06-07T19:00:00","solar_rad":302.3859,"vis":10,"dni":677.43,"temp":18.9,"slp":1011,"clouds":39,"ts":1654621200},{"precip_rate":0,"rh":60,"wind_spd":3.8,"timestamp_utc":"2022-06-07T17:15:00","snow_rate":0,"app_temp":18.3,"pres":1001.352,"azimuth":282.25,"dewpt":10.9,"uv":1.6,"elev_angle":19.67,"wind_dir":250,"weather":{"icon":"c02d","code":802,"description":"Scattered clouds"},"ghi":286.3,"dhi":73.65,"timestamp_local":"2022-06-07T19:15:00","solar_rad":266.85736,"vis":10,"dni":641.86,"temp":18.8,"slp":1011,"clouds":39,"ts":1654622100},{"precip_rate":0,"rh":60,"wind_spd":3.6,"timestamp_utc":"2022-06-07T17:30:00","snow_rate":0,"app_temp":18.2,"pres":1001.349,"azimuth":285.04,"dewpt":10.8,"uv":1.5,"elev_angle":17.45,"wind_dir":251,"weather":{"icon":"c02d","code":802,"description":"Scattered clouds"},"ghi":248.4,"dhi":68.96,"timestamp_local":"2022-06-07T19:30:00","solar_rad":230.7596,"vis":10,"dni":606.28,"temp":18.7,"slp":1011,"clouds":40,"ts":1654623000},{"precip_rate":0,"rh":60,"wind_spd":3.4,"timestamp_utc":"2022-06-07T17:45:00","snow_rate":0,"app_temp":18.1,"pres":1001.34595,"azimuth":287.82,"dewpt":10.7,"uv":1.4,"elev_angle":15.24,"wind_dir":252,"weather":{"icon":"c02d","code":802,"description":"Scattered clouds"},"ghi":210.5,"dhi":64.28,"timestamp_local":"2022-06-07T19:45:00","solar_rad":195.59024,"vis":10,"dni":570.71,"temp":18.6,"slp":1011,"clouds":40,"ts":1654623900},{"precip_rate":0,"rh":61,"wind_spd":3.2,"timestamp_utc":"2022-06-07T18:00:00","snow_rate":0,"app_temp":18,"pres":1001.3429,"azimuth":290.6,"dewpt":10.8,"uv":1.4,"elev_angle":13.02,"wind_dir":252,"weather":{"icon":"c02d","code":802,"description":"Scattered clouds"},"ghi":172.6,"dhi":59.59,"timestamp_local":"2022-06-07T20:00:00","solar_rad":160.31824,"vis":10,"dni":535.13,"temp":18.5,"slp":1011,"clouds":40,"ts":1654624800},{"precip_rate":0,"rh":62,"wind_spd":3,"timestamp_utc":"2022-06-07T18:15:00","snow_rate":0,"app_temp":18.2,"pres":1001.5813,"azimuth":293.41,"dewpt":10.8,"uv":1.3,"elev_angle":10.97,"wind_dir":252,"weather":{"icon":"c03d","code":803,"description":"Broken clouds"},"ghi":141.2,"dhi":52.87,"timestamp_local":"2022-06-07T20:15:00","solar_rad":128.99611,"vis":10,"dni":470.58,"temp":18.2,"slp":1011.25,"clouds":44,"ts":1654625700},{"precip_rate":0,"rh":64,"wind_spd":2.8,"timestamp_utc":"2022-06-07T18:30:00","snow_rate":0,"app_temp":17.9,"pres":1001.8197,"azimuth":296.23,"dewpt":11,"uv":1.2,"elev_angle":8.91,"wind_dir":253,"weather":{"icon":"c03d","code":803,"description":"Broken clouds"},"ghi":109.7,"dhi":46.16,"timestamp_local":"2022-06-07T20:30:00","solar_rad":98.0813,"vis":10,"dni":406.03,"temp":17.9,"slp":1011.5,"clouds":48,"ts":1654626600},{"precip_rate":0,"rh":66,"wind_spd":2.6,"timestamp_utc":"2022-06-07T18:45:00","snow_rate":0,"app_temp":17.7,"pres":1002.05817,"azimuth":299.04,"dewpt":11.2,"uv":1.1,"elev_angle":6.86,"wind_dir":254,"weather":{"icon":"c03d","code":803,"description":"Broken clouds"},"ghi":78.3,"dhi":39.44,"timestamp_local":"2022-06-07T20:45:00","solar_rad":68.64133,"vis":10,"dni":341.48,"temp":17.7,"slp":1011.75,"clouds":51,"ts":1654627500},{"precip_rate":0,"rh":67,"wind_spd":2.4,"timestamp_utc":"2022-06-07T19:00:00","snow_rate":0,"app_temp":17.4,"pres":1002.2966,"azimuth":301.85,"dewpt":11.2,"uv":1.1,"elev_angle":4.8,"wind_dir":254,"weather":{"icon":"c03n","code":803,"description":"Broken clouds"},"ghi":46.9,"dhi":32.72,"timestamp_local":"2022-06-07T21:00:00","solar_rad":39.86508,"vis":10,"dni":276.93,"temp":17.4,"slp":1012,"clouds":55,"ts":1654628400},{"precip_rate":0,"rh":70,"wind_spd":2.2,"timestamp_utc":"2022-06-07T19:15:00","snow_rate":0,"app_temp":16.9,"pres":1002.27795,"azimuth":304.79,"dewpt":11.3,"uv":1.1,"elev_angle":2.99,"wind_dir":254,"weather":{"icon":"c03n","code":803,"description":"Broken clouds"},"ghi":35.2,"dhi":24.54,"timestamp_local":"2022-06-07T21:15:00","solar_rad":29.372158,"vis":10,"dni":207.7,"temp":16.9,"slp":1012,"clouds":57,"ts":1654629300},{"precip_rate":0,"rh":73,"wind_spd":2,"timestamp_utc":"2022-06-07T19:30:00","snow_rate":0,"app_temp":16.3,"pres":1002.2594,"azimuth":307.74,"dewpt":11.5,"uv":1,"elev_angle":1.18,"wind_dir":253,"weather":{"icon":"c03n","code":803,"description":"Broken clouds"},"ghi":23.4,"dhi":16.36,"timestamp_local":"2022-06-07T21:30:00","solar_rad":19.32941,"vis":10,"dni":138.47,"temp":16.3,"slp":1012,"clouds":58,"ts":1654630200},{"precip_rate":0,"rh":76,"wind_spd":1.8,"timestamp_utc":"2022-06-07T19:45:00","snow_rate":0,"app_temp":15.8,"pres":1002.24084,"azimuth":310.68,"dewpt":11.5,"uv":0,"elev_angle":-0.64,"wind_dir":252,"weather":{"icon":"c03n","code":803,"description":"Broken clouds"},"ghi":11.7,"dhi":8.18,"timestamp_local":"2022-06-07T21:45:00","solar_rad":9.46016,"vis":10,"dni":69.23,"temp":15.8,"slp":1012,"clouds":60,"ts":1654631100},{"precip_rate":0,"rh":79,"wind_spd":1.6,"timestamp_utc":"2022-06-07T20:00:00","snow_rate":0,"app_temp":15.2,"pres":1002.2222,"azimuth":313.62,"dewpt":11.6,"uv":0,"elev_angle":-2.45,"wind_dir":252,"weather":{"icon":"c03n","code":803,"description":"Broken clouds"},"ghi":0,"dhi":0,"timestamp_local":"2022-06-07T22:00:00","solar_rad":0,"vis":10,"dni":0,"temp":15.2,"slp":1012,"clouds":62,"ts":1654632000},{"precip_rate":0,"rh":80,"wind_spd":1.5,"timestamp_utc":"2022-06-07T20:15:00","snow_rate":0,"app_temp":14.9,"pres":1002.2128,"azimuth":316.76,"dewpt":11.5,"uv":0,"elev_angle":-3.93,"wind_dir":252,"weather":{"icon":"c03n","code":803,"description":"Broken clouds"},"ghi":0,"dhi":0,"timestamp_local":"2022-06-07T22:15:00","solar_rad":0,"vis":10,"dni":0,"temp":14.9,"slp":1012,"clouds":59,"ts":1654632900},{"precip_rate":0,"rh":80,"wind_spd":1.4,"timestamp_utc":"2022-06-07T20:30:00","snow_rate":0,"app_temp":14.7,"pres":1002.2034,"azimuth":319.9,"dewpt":11.2,"uv":0,"elev_angle":-5.41,"wind_dir":253,"weather":{"icon":"c03n","code":803,"description":"Broken clouds"},"ghi":0,"dhi":0,"timestamp_local":"2022-06-07T22:30:00","solar_rad":0,"vis":10,"dni":0,"temp":14.7,"slp":1012,"clouds":56,"ts":1654633800},{"precip_rate":0,"rh":81,"wind_spd":1.3,"timestamp_utc":"2022-06-07T20:45:00","snow_rate":0,"app_temp":14.4,"pres":1002.19403,"azimuth":323.03,"dewpt":11.2,"uv":0,"elev_angle":-6.88,"wind_dir":254,"weather":{"icon":"c03n","code":803,"description":"Broken clouds"},"ghi":0,"dhi":0,"timestamp_local":"2022-06-07T22:45:00","solar_rad":0,"vis":10,"dni":0,"temp":14.4,"slp":1012,"clouds":52,"ts":1654634700},{"precip_rate":0,"rh":82,"wind_spd":1.2,"timestamp_utc":"2022-06-07T21:00:00","snow_rate":0,"app_temp":14.1,"pres":1002.18463,"azimuth":326.17,"dewpt":11.1,"uv":0,"elev_angle":-8.36,"wind_dir":254,"weather":{"icon":"c03n","code":803,"description":"Broken clouds"},"ghi":0,"dhi":0,"timestamp_local":"2022-06-07T23:00:00","solar_rad":0,"vis":10,"dni":0,"temp":14.1,"slp":1012,"clouds":49,"ts":1654635600},{"precip_rate":0,"rh":82,"wind_spd":1.1,"timestamp_utc":"2022-06-07T21:15:00","snow_rate":0,"app_temp":14,"pres":1002.18146,"azimuth":329.52,"dewpt":11,"uv":0,"elev_angle":-9.41,"wind_dir":216,"weather":{"icon":"c03n","code":803,"description":"Broken clouds"},"ghi":0,"dhi":0,"timestamp_local":"2022-06-07T23:15:00","solar_rad":0,"vis":10,"dni":0,"temp":14,"slp":1012,"clouds":49,"ts":1654636500},{"precip_rate":0,"rh":81,"wind_spd":1,"timestamp_utc":"2022-06-07T21:30:00","snow_rate":0,"app_temp":13.9,"pres":1002.17834,"azimuth":332.87,"dewpt":10.7,"uv":0,"elev_angle":-10.45,"wind_dir":178,"weather":{"icon":"c03n","code":803,"description":"Broken clouds"},"ghi":0,"dhi":0,"timestamp_local":"2022-06-07T23:30:00","solar_rad":0,"vis":10,"dni":0,"temp":13.9,"slp":1012,"clouds":49,"ts":1654637400},{"precip_rate":0,"rh":80,"wind_spd":0.9,"timestamp_utc":"2022-06-07T21:45:00","snow_rate":0,"app_temp":13.8,"pres":1002.1752,"azimuth":336.22,"dewpt":10.4,"uv":0,"elev_angle":-11.5,"wind_dir":140,"weather":{"icon":"c03n","code":803,"description":"Broken clouds"},"ghi":0,"dhi":0,"timestamp_local":"2022-06-07T23:45:00","solar_rad":0,"vis":10,"dni":0,"temp":13.8,"slp":1012,"clouds":49,"ts":1654638300},{"precip_rate":0,"rh":80,"wind_spd":0.8,"timestamp_utc":"2022-06-07T22:00:00","snow_rate":0,"app_temp":13.7,"pres":1002.172,"azimuth":339.57,"dewpt":10.3,"uv":0,"elev_angle":-12.54,"wind_dir":102,"weather":{"icon":"c03n","code":803,"description":"Broken clouds"},"ghi":0,"dhi":0,"timestamp_local":"2022-06-08T00:00:00","solar_rad":0,"vis":10,"dni":0,"temp":13.7,"slp":1012,"clouds":49,"ts":1654639200},{"precip_rate":0,"rh":80,"wind_spd":0.8,"timestamp_utc":"2022-06-07T22:15:00","snow_rate":0,"app_temp":13.6,"pres":1001.92126,"azimuth":343.08,"dewpt":10.2,"uv":0,"elev_angle":-13.07,"wind_dir":119,"weather":{"icon":"c03n","code":803,"description":"Broken clouds"},"ghi":0,"dhi":0,"timestamp_local":"2022-06-08T00:15:00","solar_rad":0,"vis":10,"dni":0,"temp":13.6,"slp":1011.75,"clouds":53,"ts":1654640100},{"precip_rate":0,"rh":81,"wind_spd":0.8,"timestamp_utc":"2022-06-07T22:30:00","snow_rate":0,"app_temp":13.5,"pres":1001.67053,"azimuth":346.59,"dewpt":10.3,"uv":0,"elev_angle":-13.61,"wind_dir":136,"weather":{"icon":"c03n","code":803,"description":"Broken clouds"},"ghi":0,"dhi":0,"timestamp_local":"2022-06-08T00:30:00","solar_rad":0,"vis":10,"dni":0,"temp":13.5,"slp":1011.5,"clouds":56,"ts":1654641000},{"precip_rate":0,"rh":82,"wind_spd":0.8,"timestamp_utc":"2022-06-07T22:45:00","snow_rate":0,"app_temp":13.4,"pres":1001.41986,"azimuth":350.1,"dewpt":10.4,"uv":0,"elev_angle":-14.14,"wind_dir":153,"weather":{"icon":"c03n","code":803,"description":"Broken clouds"},"ghi":0,"dhi":0,"timestamp_local":"2022-06-08T00:45:00","solar_rad":0,"vis":10,"dni":0,"temp":13.4,"slp":1011.25,"clouds":60,"ts":1654641900},{"precip_rate":0,"rh":82,"wind_spd":0.8,"timestamp_utc":"2022-06-07T23:00:00","snow_rate":0,"app_temp":13.3,"pres":1001.1691,"azimuth":353.61,"dewpt":10.3,"uv":0,"elev_angle":-14.67,"wind_dir":170,"weather":{"icon":"c03n","code":803,"description":"Broken clouds"},"ghi":0,"dhi":0,"timestamp_local":"2022-06-08T01:00:00","solar_rad":0,"vis":10,"dni":0,"temp":13.3,"slp":1011,"clouds":64,"ts":1654642800},{"precip_rate":0,"rh":84,"wind_spd":0.8,"timestamp_utc":"2022-06-07T23:15:00","snow_rate":0,"app_temp":12.8,"pres":1001.1532,"azimuth":267.18,"dewpt":10.2,"uv":0,"elev_angle":-14.64,"wind_dir":172,"weather":{"icon":"c03n","code":803,"description":"Broken clouds"},"ghi":0,"dhi":0,"timestamp_local":"2022-06-08T01:15:00","solar_rad":0,"vis":10,"dni":0,"temp":12.8,"slp":1011,"clouds":65,"ts":1654643700},{"precip_rate":0,"rh":86,"wind_spd":0.8,"timestamp_utc":"2022-06-07T23:30:00","snow_rate":0,"app_temp":12.4,"pres":1001.1373,"azimuth":180.75,"dewpt":10.1,"uv":0,"elev_angle":-14.61,"wind_dir":174,"weather":{"icon":"c03n","code":803,"description":"Broken clouds"},"ghi":0,"dhi":0,"timestamp_local":"2022-06-08T01:30:00","solar_rad":0,"vis":10,"dni":0,"temp":12.4,"slp":1011,"clouds":66,"ts":1654644600},{"precip_rate":0,"rh":89,"wind_spd":0.8,"timestamp_utc":"2022-06-07T23:45:00","snow_rate":0,"app_temp":11.9,"pres":1001.12146,"azimuth":94.32,"dewpt":10.2,"uv":0,"elev_angle":-14.57,"wind_dir":176,"weather":{"icon":"c03n","code":803,"description":"Broken clouds"},"ghi":0,"dhi":0,"timestamp_local":"2022-06-08T01:45:00","solar_rad":0,"vis":10,"dni":0,"temp":11.9,"slp":1011,"clouds":68,"ts":1654645500}],"sources":["103150-99999","imerg","merra2","era5","modis"],"city_id":"2856883"}
