{"timezone":"Europe\/Berlin","state_code":"06","country_code":"DE","lat":52.2833,"lon":8,"city_name":"Osnabr�ck","station_id":"103150-99999","data":[{"precip_rate":0,"rh":75,"wind_spd":2.8,"timestamp_utc":"2022-06-11T00:00:00","snow_rate":0,"app_temp":17.8,"pres":1011.22266,"azimuth":7.73,"dewpt":13.3,"uv":0,"elev_angle":-14.32,"wind_dir":214,"weather":{"icon":"c04n","code":804,"description":"Overcast clouds"},"ghi":0,"dhi":0,"timestamp_local":"2022-06-11T02:00:00","solar_rad":0,"vis":10,"dni":0,"temp":17.8,"slp":1021,"clouds":95,"ts":1654905600},{"precip_rate":0,"rh":76,"wind_spd":2.9,"timestamp_utc":"2022-06-11T00:15:00","snow_rate":0,"app_temp":17.7,"pres":1010.9719,"azimuth":11.22,"dewpt":13.4,"uv":0,"elev_angle":-13.74,"wind_dir":219,"weather":{"icon":"c04n","code":804,"description":"Overcast clouds"},"ghi":0,"dhi":0,"timestamp_local":"2022-06-11T02:15:00","solar_rad":0,"vis":10,"dni":0,"temp":17.7,"slp":1020.75,"clouds":95,"ts":1654906500},{"precip_rate":0,"rh":77,"wind_spd":3,"timestamp_utc":"2022-06-11T00:30:00","snow_rate":0,"app_temp":17.6,"pres":1010.72125,"azimuth":14.71,"dewpt":13.5,"uv":0,"elev_angle":-13.16,"wind_dir":224,"weather":{"icon":"c04n","code":804,"description":"Overcast clouds"},"ghi":0,"dhi":0,"timestamp_local":"2022-06-11T02:30:00","solar_rad":0,"vis":10,"dni":0,"temp":17.6,"slp":1020.5,"clouds":95,"ts":1654907400},{"precip_rate":0,"rh":78,"wind_spd":3.1,"timestamp_utc":"2022-06-11T00:45:00","snow_rate":0,"app_temp":17.5,"pres":1010.4706,"azimuth":18.2,"dewpt":13.6,"uv":0,"elev_angle":-12.57,"wind_dir":229,"weather":{"icon":"c04n","code":804,"description":"Overcast clouds"},"ghi":0,"dhi":0,"timestamp_local":"2022-06-11T02:45:00","solar_rad":0,"vis":10,"dni":0,"temp":17.5,"slp":1020.25,"clouds":95,"ts":1654908300},{"precip_rate":0,"rh":79,"wind_spd":3.2,"timestamp_utc":"2022-06-11T01:00:00","snow_rate":0,"app_temp":17.4,"pres":1010.21985,"azimuth":21.69,"dewpt":13.7,"uv":0,"elev_angle":-11.99,"wind_dir":234,"weather":{"icon":"c04n","code":804,"description":"Overcast clouds"},"ghi":0,"dhi":0,"timestamp_local":"2022-06-11T03:00:00","solar_rad":0,"vis":10,"dni":0,"temp":17.4,"slp":1020,"clouds":95,"ts":1654909200},{"precip_rate":0,"rh":80,"wind_spd":3.1,"timestamp_utc":"2022-06-11T01:15:00","snow_rate":0,"app_temp":17.3,"pres":1010.21674,"azimuth":25.01,"dewpt":13.8,"uv":0,"elev_angle":-10.9,"wind_dir":237,"weather":{"icon":"c04n","code":804,"description":"Overcast clouds"},"ghi":0,"dhi":0,"timestamp_local":"2022-06-11T03:15:00","solar_rad":0,"vis":10,"dni":0,"temp":17.3,"slp":1020,"clouds":88,"ts":1654910100},{"precip_rate":0,"rh":80,"wind_spd":3,"timestamp_utc":"2022-06-11T01:30:00","snow_rate":0,"app_temp":17.2,"pres":1010.2136,"azimuth":28.33,"dewpt":13.7,"uv":0,"elev_angle":-9.81,"wind_dir":240,"weather":{"icon":"c04n","code":804,"description":"Overcast clouds"},"ghi":0,"dhi":0,"timestamp_local":"2022-06-11T03:30:00","solar_rad":0,"vis":10,"dni":0,"temp":17.2,"slp":1020,"clouds":81,"ts":1654911000},{"precip_rate":0,"rh":80,"wind_spd":2.9,"timestamp_utc":"2022-06-11T01:45:00","snow_rate":0,"app_temp":17.1,"pres":1010.2106,"azimuth":31.65,"dewpt":13.6,"uv":0,"elev_angle":-8.72,"wind_dir":243,"weather":{"icon":"c04n","code":804,"description":"Overcast clouds"},"ghi":0,"dhi":0,"timestamp_local":"2022-06-11T03:45:00","solar_rad":0,"vis":10,"dni":0,"temp":17.1,"slp":1020,"clouds":74,"ts":1654911900},{"precip_rate":0,"rh":81,"wind_spd":2.8,"timestamp_utc":"2022-06-11T02:00:00","snow_rate":0,"app_temp":17,"pres":1010.20746,"azimuth":34.97,"dewpt":13.7,"uv":0,"elev_angle":-7.63,"wind_dir":246,"weather":{"icon":"c03n","code":803,"description":"Broken clouds"},"ghi":0,"dhi":0,"timestamp_local":"2022-06-11T04:00:00","solar_rad":0,"vis":10,"dni":0,"temp":17,"slp":1020,"clouds":67,"ts":1654912800},{"precip_rate":0,"rh":82,"wind_spd":2.7,"timestamp_utc":"2022-06-11T02:15:00","snow_rate":0,"app_temp":16.9,"pres":1010.45197,"azimuth":38.08,"dewpt":13.8,"uv":0,"elev_angle":-6.12,"wind_dir":244,"weather":{"icon":"c03n","code":803,"description":"Broken clouds"},"ghi":0,"dhi":0,"timestamp_local":"2022-06-11T04:15:00","solar_rad":0,"vis":10,"dni":0,"temp":16.9,"slp":1020.25,"clouds":62,"ts":1654913700},{"precip_rate":0,"rh":83,"wind_spd":2.6,"timestamp_utc":"2022-06-11T02:30:00","snow_rate":0,"app_temp":16.9,"pres":1010.6964,"azimuth":41.19,"dewpt":13.9,"uv":0,"elev_angle":-4.61,"wind_dir":243,"weather":{"icon":"c03n","code":803,"description":"Broken clouds"},"ghi":0,"dhi":0,"timestamp_local":"2022-06-11T04:30:00","solar_rad":0,"vis":10,"dni":0,"temp":16.9,"slp":1020.5,"clouds":57,"ts":1654914600},{"precip_rate":0,"rh":84,"wind_spd":2.5,"timestamp_utc":"2022-06-11T02:45:00","snow_rate":0,"app_temp":16.8,"pres":1010.9409,"azimuth":44.3,"dewpt":14.1,"uv":0,"elev_angle":-3.09,"wind_dir":242,"weather":{"icon":"c03n","code":803,"description":"Broken clouds"},"ghi":0,"dhi":0,"timestamp_local":"2022-06-11T04:45:00","solar_rad":0,"vis":10,"dni":0,"temp":16.8,"slp":1020.75,"clouds":52,"ts":1654915500},{"precip_rate":0,"rh":85,"wind_spd":2.4,"timestamp_utc":"2022-06-11T03:00:00","snow_rate":0,"app_temp":16.7,"pres":1011.1854,"azimuth":47.41,"dewpt":14.2,"uv":0,"elev_angle":-1.58,"wind_dir":240,"weather":{"icon":"c03n","code":803,"description":"Broken clouds"},"ghi":0,"dhi":0,"timestamp_local":"2022-06-11T05:00:00","solar_rad":0,"vis":10,"dni":0,"temp":16.7,"slp":1021,"clouds":47,"ts":1654916400},{"precip_rate":0,"rh":85,"wind_spd":2.5,"timestamp_utc":"2022-06-11T03:15:00","snow_rate":0,"app_temp":16.7,"pres":1011.1854,"azimuth":50.33,"dewpt":14.2,"uv":1.2,"elev_angle":0.26,"wind_dir":238,"weather":{"icon":"c03n","code":803,"description":"Broken clouds"},"ghi":15,"dhi":9.18,"timestamp_local":"2022-06-11T05:15:00","solar_rad":13.707307,"vis":10,"dni":79.84,"temp":16.7,"slp":1021,"clouds":42,"ts":1654917300},{"precip_rate":0,"rh":85,"wind_spd":2.6,"timestamp_utc":"2022-06-11T03:30:00","snow_rate":0,"app_temp":16.7,"pres":1011.1854,"azimuth":53.25,"dewpt":14.2,"uv":1.3,"elev_angle":2.1,"wind_dir":235,"weather":{"icon":"c02n","code":802,"description":"Scattered clouds"},"ghi":29.9,"dhi":18.35,"timestamp_local":"2022-06-11T05:30:00","solar_rad":27.729677,"vis":10,"dni":159.68,"temp":16.7,"slp":1021,"clouds":38,"ts":1654918200},{"precip_rate":0,"rh":85,"wind_spd":2.7,"timestamp_utc":"2022-06-11T03:45:00","snow_rate":0,"app_temp":16.7,"pres":1011.1854,"azimuth":56.17,"dewpt":14.2,"uv":1.4,"elev_angle":3.93,"wind_dir":232,"weather":{"icon":"c02n","code":802,"description":"Scattered clouds"},"ghi":44.9,"dhi":27.53,"timestamp_local":"2022-06-11T05:45:00","solar_rad":42.214596,"vis":10,"dni":239.52,"temp":16.7,"slp":1021,"clouds":33,"ts":1654919100},{"precip_rate":0,"rh":85,"wind_spd":2.8,"timestamp_utc":"2022-06-11T04:00:00","snow_rate":0,"app_temp":16.7,"pres":1011.1854,"azimuth":59.09,"dewpt":14.2,"uv":1.4,"elev_angle":5.77,"wind_dir":230,"weather":{"icon":"c02d","code":802,"description":"Scattered clouds"},"ghi":59.9,"dhi":36.7,"timestamp_local":"2022-06-11T06:00:00","solar_rad":56.84966,"vis":10,"dni":319.36,"temp":16.7,"slp":1021,"clouds":28,"ts":1654920000},{"precip_rate":0,"rh":84,"wind_spd":2.9,"timestamp_utc":"2022-06-11T04:15:00","snow_rate":0,"app_temp":16.8,"pres":1011.18854,"azimuth":61.89,"dewpt":14.1,"uv":1.5,"elev_angle":7.84,"wind_dir":232,"weather":{"icon":"c02d","code":802,"description":"Scattered clouds"},"ghi":92.3,"dhi":43.05,"timestamp_local":"2022-06-11T06:15:00","solar_rad":87.870056,"vis":10,"dni":378.49,"temp":16.8,"slp":1021,"clouds":26,"ts":1654920900},{"precip_rate":0,"rh":84,"wind_spd":3,"timestamp_utc":"2022-06-11T04:30:00","snow_rate":0,"app_temp":16.9,"pres":1011.19165,"azimuth":64.69,"dewpt":14.1,"uv":1.5,"elev_angle":9.92,"wind_dir":233,"weather":{"icon":"c02d","code":802,"description":"Scattered clouds"},"ghi":124.8,"dhi":49.4,"timestamp_local":"2022-06-11T06:30:00","solar_rad":119.062675,"vis":10,"dni":437.61,"temp":16.9,"slp":1021,"clouds":24,"ts":1654921800},{"precip_rate":0,"rh":84,"wind_spd":3.1,"timestamp_utc":"2022-06-11T04:45:00","snow_rate":0,"app_temp":16.9,"pres":1011.19476,"azimuth":67.48,"dewpt":14.2,"uv":1.6,"elev_angle":11.99,"wind_dir":234,"weather":{"icon":"c02d","code":802,"description":"Scattered clouds"},"ghi":157.3,"dhi":55.75,"timestamp_local":"2022-06-11T06:45:00","solar_rad":150.18976,"vis":10,"dni":496.74,"temp":16.9,"slp":1021,"clouds":23,"ts":1654922700},{"precip_rate":0,"rh":83,"wind_spd":3.2,"timestamp_utc":"2022-06-11T05:00:00","snow_rate":0,"app_temp":17,"pres":1011.1979,"azimuth":70.28,"dewpt":14.1,"uv":1.7,"elev_angle":14.06,"wind_dir":236,"weather":{"icon":"c02d","code":802,"description":"Scattered clouds"},"ghi":189.7,"dhi":62.1,"timestamp_local":"2022-06-11T07:00:00","solar_rad":181.4873,"vis":10,"dni":555.86,"temp":17,"slp":1021,"clouds":21,"ts":1654923600},{"precip_rate":0,"rh":81,"wind_spd":3.4,"timestamp_utc":"2022-06-11T05:15:00","snow_rate":0,"app_temp":17.3,"pres":1011.4548,"azimuth":73.06,"dewpt":14,"uv":1.7,"elev_angle":16.28,"wind_dir":237,"weather":{"icon":"c02d","code":801,"description":"Few clouds"},"ghi":228,"dhi":66.61,"timestamp_local":"2022-06-11T07:15:00","solar_rad":218.3536,"vis":10,"dni":589.28,"temp":17.3,"slp":1021.25,"clouds":20,"ts":1654924500},{"precip_rate":0,"rh":79,"wind_spd":3.6,"timestamp_utc":"2022-06-11T05:30:00","snow_rate":0,"app_temp":17.6,"pres":1011.7117,"azimuth":75.85,"dewpt":13.9,"uv":1.9,"elev_angle":18.51,"wind_dir":238,"weather":{"icon":"c02d","code":801,"description":"Few clouds"},"ghi":266.2,"dhi":71.12,"timestamp_local":"2022-06-11T07:30:00","solar_rad":255.32666,"vis":10,"dni":622.71,"temp":17.6,"slp":1021.5,"clouds":18,"ts":1654925400},{"precip_rate":0,"rh":77,"wind_spd":3.8,"timestamp_utc":"2022-06-11T05:45:00","snow_rate":0,"app_temp":17.8,"pres":1011.96857,"azimuth":78.63,"dewpt":13.7,"uv":2,"elev_angle":20.73,"wind_dir":239,"weather":{"icon":"c02d","code":801,"description":"Few clouds"},"ghi":304.4,"dhi":75.63,"timestamp_local":"2022-06-11T07:45:00","solar_rad":292.21368,"vis":10,"dni":656.13,"temp":17.8,"slp":1021.75,"clouds":17,"ts":1654926300},{"precip_rate":0,"rh":75,"wind_spd":4,"timestamp_utc":"2022-06-11T06:00:00","snow_rate":0,"app_temp":18.1,"pres":1012.22546,"azimuth":81.41,"dewpt":13.6,"uv":2.2,"elev_angle":22.95,"wind_dir":240,"weather":{"icon":"c02d","code":801,"description":"Few clouds"},"ghi":342.6,"dhi":80.14,"timestamp_local":"2022-06-11T08:00:00","solar_rad":329.1495,"vis":10,"dni":689.55,"temp":18.1,"slp":1022,"clouds":16,"ts":1654927200},{"precip_rate":0,"rh":73,"wind_spd":4.1,"timestamp_utc":"2022-06-11T06:15:00","snow_rate":0,"app_temp":18.3,"pres":1012.2316,"azimuth":84.32,"dewpt":13.4,"uv":2.4,"elev_angle":25.24,"wind_dir":241,"weather":{"icon":"c02d","code":801,"description":"Few clouds"},"ghi":381.8,"dhi":83.53,"timestamp_local":"2022-06-11T08:15:00","solar_rad":367.27057,"vis":10,"dni":710.83,"temp":18.3,"slp":1022,"clouds":14,"ts":1654928100},{"precip_rate":0,"rh":72,"wind_spd":4.2,"timestamp_utc":"2022-06-11T06:30:00","snow_rate":0,"app_temp":18.3,"pres":1012.2378,"azimuth":87.24,"dewpt":13.4,"uv":2.6,"elev_angle":27.53,"wind_dir":242,"weather":{"icon":"c02d","code":801,"description":"Few clouds"},"ghi":420.9,"dhi":86.92,"timestamp_local":"2022-06-11T08:30:00","solar_rad":405.01584,"vis":10,"dni":732.11,"temp":18.5,"slp":1022,"clouds":13,"ts":1654929000},{"precip_rate":0,"rh":70,"wind_spd":4.3,"timestamp_utc":"2022-06-11T06:45:00","snow_rate":0,"app_temp":18.5,"pres":1012.24396,"azimuth":90.15,"dewpt":13.1,"uv":2.9,"elev_angle":29.82,"wind_dir":243,"weather":{"icon":"c02d","code":801,"description":"Few clouds"},"ghi":460.1,"dhi":90.31,"timestamp_local":"2022-06-11T08:45:00","solar_rad":443.10446,"vis":10,"dni":753.38,"temp":18.7,"slp":1022,"clouds":12,"ts":1654929900},{"precip_rate":0,"rh":68,"wind_spd":4.4,"timestamp_utc":"2022-06-11T07:00:00","snow_rate":0,"app_temp":18.6,"pres":1012.2501,"azimuth":93.06,"dewpt":12.9,"uv":3.2,"elev_angle":32.11,"wind_dir":244,"weather":{"icon":"c02d","code":801,"description":"Few clouds"},"ghi":499.2,"dhi":93.7,"timestamp_local":"2022-06-11T09:00:00","solar_rad":481.219,"vis":10,"dni":774.66,"temp":18.9,"slp":1022,"clouds":10,"ts":1654930800},{"precip_rate":0,"rh":67,"wind_spd":4.4,"timestamp_utc":"2022-06-11T07:15:00","snow_rate":0,"app_temp":18.7,"pres":1012.2532,"azimuth":96.32,"dewpt":12.7,"uv":3.5,"elev_angle":34.37,"wind_dir":245,"weather":{"icon":"c02d","code":801,"description":"Few clouds"},"ghi":535.5,"dhi":96.24,"timestamp_local":"2022-06-11T09:15:00","solar_rad":516.4371,"vis":10,"dni":788.8,"temp":19,"slp":1022,"clouds":9,"ts":1654931700},{"precip_rate":0,"rh":66,"wind_spd":4.4,"timestamp_utc":"2022-06-11T07:30:00","snow_rate":0,"app_temp":18.8,"pres":1012.2562,"azimuth":99.57,"dewpt":12.6,"uv":3.9,"elev_angle":36.63,"wind_dir":246,"weather":{"icon":"c02d","code":801,"description":"Few clouds"},"ghi":571.8,"dhi":98.79,"timestamp_local":"2022-06-11T09:30:00","solar_rad":551.6742,"vis":10,"dni":802.95,"temp":19.1,"slp":1022,"clouds":8,"ts":1654932600},{"precip_rate":0,"rh":66,"wind_spd":4.4,"timestamp_utc":"2022-06-11T07:45:00","snow_rate":0,"app_temp":18.9,"pres":1012.25934,"azimuth":102.83,"dewpt":12.7,"uv":4.3,"elev_angle":38.89,"wind_dir":247,"weather":{"icon":"c02d","code":801,"description":"Few clouds"},"ghi":608,"dhi":101.33,"timestamp_local":"2022-06-11T09:45:00","solar_rad":586.50946,"vis":10,"dni":817.09,"temp":19.2,"slp":1022,"clouds":7,"ts":1654933500},{"precip_rate":0,"rh":65,"wind_spd":4.4,"timestamp_utc":"2022-06-11T08:00:00","snow_rate":0,"app_temp":19,"pres":1012.2624,"azimuth":106.08,"dewpt":12.6,"uv":4.7,"elev_angle":41.15,"wind_dir":248,"weather":{"icon":"c02d","code":801,"description":"Few clouds"},"ghi":644.3,"dhi":103.87,"timestamp_local":"2022-06-11T10:00:00","solar_rad":621.7643,"vis":10,"dni":831.23,"temp":19.3,"slp":1022,"clouds":6,"ts":1654934400},{"precip_rate":0,"rh":64,"wind_spd":4.4,"timestamp_utc":"2022-06-11T08:15:00","snow_rate":0,"app_temp":19.3,"pres":1012.27155,"azimuth":109.99,"dewpt":12.6,"uv":5,"elev_angle":43.25,"wind_dir":248,"weather":{"icon":"c02d","code":801,"description":"Few clouds"},"ghi":674.5,"dhi":105.7,"timestamp_local":"2022-06-11T10:15:00","solar_rad":650.886,"vis":10,"dni":840.55,"temp":19.6,"slp":1022,"clouds":6,"ts":1654935300},{"precip_rate":0,"rh":62,"wind_spd":4.4,"timestamp_utc":"2022-06-11T08:30:00","snow_rate":0,"app_temp":19.5,"pres":1012.28076,"azimuth":113.91,"dewpt":12.4,"uv":5.4,"elev_angle":45.35,"wind_dir":249,"weather":{"icon":"c02d","code":801,"description":"Few clouds"},"ghi":704.6,"dhi":107.52,"timestamp_local":"2022-06-11T10:30:00","solar_rad":680.3069,"vis":10,"dni":849.86,"temp":19.8,"slp":1022,"clouds":6,"ts":1654936200},{"precip_rate":0,"rh":61,"wind_spd":4.4,"timestamp_utc":"2022-06-11T08:45:00","snow_rate":0,"app_temp":19.8,"pres":1012.2899,"azimuth":117.82,"dewpt":12.4,"uv":5.7,"elev_angle":47.44,"wind_dir":250,"weather":{"icon":"c02d","code":801,"description":"Few clouds"},"ghi":734.7,"dhi":109.35,"timestamp_local":"2022-06-11T10:45:00","solar_rad":709.33374,"vis":10,"dni":859.18,"temp":20.1,"slp":1022,"clouds":7,"ts":1654937100},{"precip_rate":0,"rh":60,"wind_spd":4.4,"timestamp_utc":"2022-06-11T09:00:00","snow_rate":0,"app_temp":20.1,"pres":1012.2991,"azimuth":121.73,"dewpt":12.4,"uv":6.1,"elev_angle":49.54,"wind_dir":250,"weather":{"icon":"c02d","code":801,"description":"Few clouds"},"ghi":764.9,"dhi":111.17,"timestamp_local":"2022-06-11T11:00:00","solar_rad":738.4951,"vis":10,"dni":868.49,"temp":20.4,"slp":1022,"clouds":7,"ts":1654938000},{"precip_rate":0,"rh":58,"wind_spd":4.3,"timestamp_utc":"2022-06-11T09:15:00","snow_rate":0,"app_temp":20.4,"pres":1012.31116,"azimuth":126.73,"dewpt":12.2,"uv":5.9,"elev_angle":51.26,"wind_dir":250,"weather":{"icon":"c02d","code":801,"description":"Few clouds"},"ghi":786.3,"dhi":112.35,"timestamp_local":"2022-06-11T11:15:00","solar_rad":757.0544,"vis":10,"dni":874.16,"temp":20.8,"slp":1022,"clouds":19,"ts":1654938900},{"precip_rate":0,"rh":56,"wind_spd":4.2,"timestamp_utc":"2022-06-11T09:30:00","snow_rate":0,"app_temp":20.8,"pres":1012.32324,"azimuth":131.73,"dewpt":12,"uv":5.6,"elev_angle":52.98,"wind_dir":249,"weather":{"icon":"c02d","code":802,"description":"Scattered clouds"},"ghi":807.8,"dhi":113.53,"timestamp_local":"2022-06-11T11:30:00","solar_rad":767.11414,"vis":10,"dni":879.84,"temp":21.1,"slp":1022,"clouds":31,"ts":1654939800},{"precip_rate":0,"rh":54,"wind_spd":4.1,"timestamp_utc":"2022-06-11T09:45:00","snow_rate":0,"app_temp":21.1,"pres":1012.3354,"azimuth":136.73,"dewpt":11.8,"uv":5.2,"elev_angle":54.69,"wind_dir":248,"weather":{"icon":"c03d","code":803,"description":"Broken clouds"},"ghi":829.2,"dhi":114.71,"timestamp_local":"2022-06-11T11:45:00","solar_rad":759.4097,"vis":10,"dni":885.51,"temp":21.5,"slp":1022,"clouds":43,"ts":1654940700},{"precip_rate":0,"rh":52,"wind_spd":4,"timestamp_utc":"2022-06-11T10:00:00","snow_rate":0,"app_temp":21.5,"pres":1012.3475,"azimuth":141.73,"dewpt":11.6,"uv":4.8,"elev_angle":56.41,"wind_dir":248,"weather":{"icon":"c03d","code":803,"description":"Broken clouds"},"ghi":850.7,"dhi":115.89,"timestamp_local":"2022-06-11T12:00:00","solar_rad":722.6788,"vis":10,"dni":891.18,"temp":21.9,"slp":1022,"clouds":55,"ts":1654941600},{"precip_rate":0,"rh":51,"wind_spd":4.2,"timestamp_utc":"2022-06-11T10:15:00","snow_rate":0,"app_temp":21.7,"pres":1012.3535,"azimuth":148.08,"dewpt":11.5,"uv":4.8,"elev_angle":57.41,"wind_dir":250,"weather":{"icon":"c03d","code":803,"description":"Broken clouds"},"ghi":861.6,"dhi":116.46,"timestamp_local":"2022-06-11T12:15:00","solar_rad":712.09064,"vis":10,"dni":893.83,"temp":22.1,"slp":1022,"clouds":58,"ts":1654942500},{"precip_rate":0,"rh":50,"wind_spd":4.4,"timestamp_utc":"2022-06-11T10:30:00","snow_rate":0,"app_temp":21.8,"pres":1012.3595,"azimuth":154.42,"dewpt":11.3,"uv":4.8,"elev_angle":58.41,"wind_dir":251,"weather":{"icon":"c03d","code":803,"description":"Broken clouds"},"ghi":872.5,"dhi":117.03,"timestamp_local":"2022-06-11T12:30:00","solar_rad":706.3118,"vis":10,"dni":896.48,"temp":22.3,"slp":1022,"clouds":60,"ts":1654943400},{"precip_rate":0,"rh":49,"wind_spd":4.6,"timestamp_utc":"2022-06-11T10:45:00","snow_rate":0,"app_temp":22,"pres":1012.3655,"azimuth":160.77,"dewpt":11.2,"uv":4.7,"elev_angle":59.4,"wind_dir":252,"weather":{"icon":"c03d","code":803,"description":"Broken clouds"},"ghi":883.5,"dhi":117.6,"timestamp_local":"2022-06-11T12:45:00","solar_rad":690.2313,"vis":10,"dni":899.13,"temp":22.4,"slp":1022,"clouds":63,"ts":1654944300},{"precip_rate":0,"rh":48,"wind_spd":4.8,"timestamp_utc":"2022-06-11T11:00:00","snow_rate":0,"app_temp":22.2,"pres":1012.3715,"azimuth":167.11,"dewpt":11,"uv":4.7,"elev_angle":60.4,"wind_dir":254,"weather":{"icon":"c03d","code":803,"description":"Broken clouds"},"ghi":894.4,"dhi":118.17,"timestamp_local":"2022-06-11T13:00:00","solar_rad":670.36633,"vis":10,"dni":901.78,"temp":22.6,"slp":1022,"clouds":66,"ts":1654945200},{"precip_rate":0,"rh":49,"wind_spd":4.9,"timestamp_utc":"2022-06-11T11:15:00","snow_rate":0,"app_temp":22.1,"pres":1012.3685,"azimuth":174.12,"dewpt":11.3,"uv":4.4,"elev_angle":60.36,"wind_dir":254,"weather":{"icon":"c03d","code":803,"description":"Broken clouds"},"ghi":893.9,"dhi":118.15,"timestamp_local":"2022-06-11T13:15:00","solar_rad":626.1943,"vis":10,"dni":901.67,"temp":22.5,"slp":1022,"clouds":70,"ts":1654946100},{"precip_rate":0,"rh":50,"wind_spd":5,"timestamp_utc":"2022-06-11T11:30:00","snow_rate":0,"app_temp":22,"pres":1012.3655,"azimuth":181.13,"dewpt":11.5,"uv":4.2,"elev_angle":60.31,"wind_dir":253,"weather":{"icon":"c04d","code":804,"description":"Overcast clouds"},"ghi":893.5,"dhi":118.12,"timestamp_local":"2022-06-11T13:30:00","solar_rad":575.76917,"vis":10,"dni":901.56,"temp":22.4,"slp":1022,"clouds":74,"ts":1654947000},{"precip_rate":0,"rh":50,"wind_spd":5.1,"timestamp_utc":"2022-06-11T11:45:00","snow_rate":0,"app_temp":21.9,"pres":1012.3625,"azimuth":188.14,"dewpt":11.4,"uv":3.9,"elev_angle":60.27,"wind_dir":252,"weather":{"icon":"c04d","code":804,"description":"Overcast clouds"},"ghi":893,"dhi":118.1,"timestamp_local":"2022-06-11T13:45:00","solar_rad":519.02454,"vis":10,"dni":901.45,"temp":22.3,"slp":1022,"clouds":78,"ts":1654947900},{"precip_rate":0,"rh":51,"wind_spd":5.2,"timestamp_utc":"2022-06-11T12:00:00","snow_rate":0,"app_temp":21.8,"pres":1012.3595,"azimuth":195.15,"dewpt":11.6,"uv":3.7,"elev_angle":60.22,"wind_dir":252,"weather":{"icon":"c04d","code":804,"description":"Overcast clouds"},"ghi":892.5,"dhi":118.07,"timestamp_local":"2022-06-11T14:00:00","solar_rad":454.36554,"vis":10,"dni":901.34,"temp":22.2,"slp":1022,"clouds":82,"ts":1654948800},{"precip_rate":0,"rh":50,"wind_spd":5.1,"timestamp_utc":"2022-06-11T12:15:00","snow_rate":0,"app_temp":21.9,"pres":1012.3625,"azimuth":201.4,"dewpt":11.4,"uv":3.8,"elev_angle":59.15,"wind_dir":252,"weather":{"icon":"c04d","code":804,"description":"Overcast clouds"},"ghi":880.7,"dhi":117.45,"timestamp_local":"2022-06-11T14:15:00","solar_rad":511.87558,"vis":10,"dni":898.46,"temp":22.3,"slp":1022,"clouds":78,"ts":1654949700},{"precip_rate":0,"rh":50,"wind_spd":5,"timestamp_utc":"2022-06-11T12:30:00","snow_rate":0,"app_temp":22,"pres":1012.3655,"azimuth":207.64,"dewpt":11.5,"uv":3.9,"elev_angle":58.08,"wind_dir":252,"weather":{"icon":"c04d","code":804,"description":"Overcast clouds"},"ghi":868.9,"dhi":116.84,"timestamp_local":"2022-06-11T14:30:00","solar_rad":546.7987,"vis":10,"dni":895.58,"temp":22.4,"slp":1022,"clouds":75,"ts":1654950600},{"precip_rate":0,"rh":50,"wind_spd":4.9,"timestamp_utc":"2022-06-11T12:45:00","snow_rate":0,"app_temp":22.1,"pres":1012.3685,"azimuth":213.89,"dewpt":11.6,"uv":4,"elev_angle":57.01,"wind_dir":252,"weather":{"icon":"c04d","code":804,"description":"Overcast clouds"},"ghi":857,"dhi":116.22,"timestamp_local":"2022-06-11T14:45:00","solar_rad":576.73157,"vis":10,"dni":892.7,"temp":22.5,"slp":1022,"clouds":72,"ts":1654951500},{"precip_rate":0,"rh":49,"wind_spd":4.8,"timestamp_utc":"2022-06-11T13:00:00","snow_rate":0,"app_temp":22.2,"pres":1012.3715,"azimuth":220.13,"dewpt":11.4,"uv":4.1,"elev_angle":55.94,"wind_dir":252,"weather":{"icon":"c03d","code":803,"description":"Broken clouds"},"ghi":845.2,"dhi":115.6,"timestamp_local":"2022-06-11T15:00:00","solar_rad":613.1526,"vis":10,"dni":889.82,"temp":22.6,"slp":1022,"clouds":68,"ts":1654952400},{"precip_rate":0,"rh":48,"wind_spd":4.6,"timestamp_utc":"2022-06-11T13:15:00","snow_rate":0,"app_temp":22.5,"pres":1012.3805,"azimuth":225.03,"dewpt":11.3,"uv":4.4,"elev_angle":54.18,"wind_dir":253,"weather":{"icon":"c03d","code":803,"description":"Broken clouds"},"ghi":823,"dhi":114.37,"timestamp_local":"2022-06-11T15:15:00","solar_rad":680.5456,"vis":10,"dni":883.88,"temp":22.9,"slp":1022,"clouds":58,"ts":1654953300},{"precip_rate":0,"rh":48,"wind_spd":4.4,"timestamp_utc":"2022-06-11T13:30:00","snow_rate":0,"app_temp":22.8,"pres":1012.3894,"azimuth":229.92,"dewpt":11.5,"uv":4.7,"elev_angle":52.42,"wind_dir":254,"weather":{"icon":"c03d","code":803,"description":"Broken clouds"},"ghi":800.8,"dhi":113.14,"timestamp_local":"2022-06-11T15:30:00","solar_rad":715.4347,"vis":10,"dni":877.94,"temp":23.2,"slp":1022,"clouds":48,"ts":1654954200},{"precip_rate":0,"rh":47,"wind_spd":4.2,"timestamp_utc":"2022-06-11T13:45:00","snow_rate":0,"app_temp":23.1,"pres":1012.3984,"azimuth":234.82,"dewpt":11.5,"uv":5,"elev_angle":50.66,"wind_dir":255,"weather":{"icon":"c02d","code":802,"description":"Scattered clouds"},"ghi":778.5,"dhi":111.91,"timestamp_local":"2022-06-11T15:45:00","solar_rad":729.56396,"vis":10,"dni":872,"temp":23.4,"slp":1022,"clouds":37,"ts":1654955100},{"precip_rate":0,"rh":46,"wind_spd":4,"timestamp_utc":"2022-06-11T14:00:00","snow_rate":0,"app_temp":23.3,"pres":1012.40735,"azimuth":239.71,"dewpt":11.4,"uv":5.1,"elev_angle":48.9,"wind_dir":256,"weather":{"icon":"c02d","code":802,"description":"Scattered clouds"},"ghi":756.3,"dhi":110.68,"timestamp_local":"2022-06-11T16:00:00","solar_rad":724.1199,"vis":10,"dni":866.06,"temp":23.7,"slp":1022,"clouds":27,"ts":1654956000},{"precip_rate":0,"rh":45,"wind_spd":4,"timestamp_utc":"2022-06-11T14:15:00","snow_rate":0,"app_temp":23.4,"pres":1012.16266,"azimuth":243.55,"dewpt":11.2,"uv":4.8,"elev_angle":46.79,"wind_dir":256,"weather":{"icon":"c02d","code":802,"description":"Scattered clouds"},"ghi":725.6,"dhi":108.8,"timestamp_local":"2022-06-11T16:15:00","solar_rad":696.0152,"vis":10,"dni":856.42,"temp":23.8,"slp":1021.75,"clouds":26,"ts":1654956900},{"precip_rate":0,"rh":44,"wind_spd":4,"timestamp_utc":"2022-06-11T14:30:00","snow_rate":0,"app_temp":23.5,"pres":1011.91797,"azimuth":247.4,"dewpt":10.9,"uv":4.5,"elev_angle":44.67,"wind_dir":256,"weather":{"icon":"c02d","code":802,"description":"Scattered clouds"},"ghi":694.8,"dhi":106.92,"timestamp_local":"2022-06-11T16:30:00","solar_rad":666.8324,"vis":10,"dni":846.77,"temp":23.9,"slp":1021.5,"clouds":26,"ts":1654957800},{"precip_rate":0,"rh":44,"wind_spd":4,"timestamp_utc":"2022-06-11T14:45:00","snow_rate":0,"app_temp":23.6,"pres":1011.67334,"azimuth":251.24,"dewpt":11,"uv":4.2,"elev_angle":42.56,"wind_dir":256,"weather":{"icon":"c02d","code":802,"description":"Scattered clouds"},"ghi":664.1,"dhi":105.04,"timestamp_local":"2022-06-11T16:45:00","solar_rad":638.01263,"vis":10,"dni":837.13,"temp":24,"slp":1021.25,"clouds":25,"ts":1654958700},{"precip_rate":0,"rh":43,"wind_spd":4,"timestamp_utc":"2022-06-11T15:00:00","snow_rate":0,"app_temp":23.7,"pres":1011.42865,"azimuth":255.08,"dewpt":10.7,"uv":4,"elev_angle":40.44,"wind_dir":256,"weather":{"icon":"c02d","code":802,"description":"Scattered clouds"},"ghi":633.4,"dhi":103.16,"timestamp_local":"2022-06-11T17:00:00","solar_rad":609.5177,"vis":10,"dni":827.48,"temp":24.1,"slp":1021,"clouds":24,"ts":1654959600},{"precip_rate":0,"rh":43,"wind_spd":4,"timestamp_utc":"2022-06-11T15:15:00","snow_rate":0,"app_temp":23.6,"pres":1011.42566,"azimuth":258.3,"dewpt":10.7,"uv":3.7,"elev_angle":38.17,"wind_dir":256,"weather":{"icon":"c02d","code":802,"description":"Scattered clouds"},"ghi":596.8,"dhi":100.56,"timestamp_local":"2022-06-11T17:15:00","solar_rad":575.9353,"vis":10,"dni":812.88,"temp":24,"slp":1021,"clouds":21,"ts":1654960500},{"precip_rate":0,"rh":44,"wind_spd":4,"timestamp_utc":"2022-06-11T15:30:00","snow_rate":0,"app_temp":23.5,"pres":1011.4227,"azimuth":261.52,"dewpt":10.9,"uv":3.5,"elev_angle":35.91,"wind_dir":257,"weather":{"icon":"c02d","code":801,"description":"Few clouds"},"ghi":560.1,"dhi":97.95,"timestamp_local":"2022-06-11T17:30:00","solar_rad":541.243,"vis":10,"dni":798.27,"temp":23.9,"slp":1021,"clouds":18,"ts":1654961400},{"precip_rate":0,"rh":44,"wind_spd":4,"timestamp_utc":"2022-06-11T15:45:00","snow_rate":0,"app_temp":23.4,"pres":1011.41974,"azimuth":264.73,"dewpt":10.8,"uv":3.3,"elev_angle":33.64,"wind_dir":258,"weather":{"icon":"c02d","code":801,"description":"Few clouds"},"ghi":523.5,"dhi":95.35,"timestamp_local":"2022-06-11T17:45:00","solar_rad":506.76486,"vis":10,"dni":783.67,"temp":23.8,"slp":1021,"clouds":14,"ts":1654962300},{"precip_rate":0,"rh":44,"wind_spd":4,"timestamp_utc":"2022-06-11T16:00:00","snow_rate":0,"app_temp":23.3,"pres":1011.41675,"azimuth":267.95,"dewpt":10.7,"uv":3.1,"elev_angle":31.37,"wind_dir":258,"weather":{"icon":"c02d","code":801,"description":"Few clouds"},"ghi":486.9,"dhi":92.74,"timestamp_local":"2022-06-11T18:00:00","solar_rad":471.72888,"vis":10,"dni":769.06,"temp":23.7,"slp":1021,"clouds":11,"ts":1654963200},{"precip_rate":0,"rh":44,"wind_spd":4,"timestamp_utc":"2022-06-11T16:15:00","snow_rate":0,"app_temp":23.3,"pres":1011.41675,"azimuth":270.85,"dewpt":10.7,"uv":2.8,"elev_angle":29.09,"wind_dir":261,"weather":{"icon":"c02d","code":801,"description":"Few clouds"},"ghi":447.7,"dhi":89.28,"timestamp_local":"2022-06-11T18:15:00","solar_rad":433.7503,"vis":10,"dni":747.06,"temp":23.7,"slp":1021,"clouds":11,"ts":1654964100},{"precip_rate":0,"rh":44,"wind_spd":4,"timestamp_utc":"2022-06-11T16:30:00","snow_rate":0,"app_temp":23.3,"pres":1011.41675,"azimuth":273.74,"dewpt":10.7,"uv":2.6,"elev_angle":26.8,"wind_dir":264,"weather":{"icon":"c02d","code":801,"description":"Few clouds"},"ghi":408.5,"dhi":85.81,"timestamp_local":"2022-06-11T18:30:00","solar_rad":395.77173,"vis":10,"dni":725.06,"temp":23.7,"slp":1021,"clouds":11,"ts":1654965000},{"precip_rate":0,"rh":44,"wind_spd":4,"timestamp_utc":"2022-06-11T16:45:00","snow_rate":0,"app_temp":23.3,"pres":1011.41675,"azimuth":276.64,"dewpt":10.7,"uv":2.4,"elev_angle":24.52,"wind_dir":267,"weather":{"icon":"c02d","code":801,"description":"Few clouds"},"ghi":369.3,"dhi":82.35,"timestamp_local":"2022-06-11T18:45:00","solar_rad":357.79315,"vis":10,"dni":703.06,"temp":23.7,"slp":1021,"clouds":11,"ts":1654965900},{"precip_rate":0,"rh":44,"wind_spd":4,"timestamp_utc":"2022-06-11T17:00:00","snow_rate":0,"app_temp":23.3,"pres":1011.41675,"azimuth":279.53,"dewpt":10.7,"uv":2.2,"elev_angle":22.23,"wind_dir":270,"weather":{"icon":"c02d","code":801,"description":"Few clouds"},"ghi":330.1,"dhi":78.88,"timestamp_local":"2022-06-11T19:00:00","solar_rad":319.81454,"vis":10,"dni":681.06,"temp":23.7,"slp":1021,"clouds":11,"ts":1654966800},{"precip_rate":0,"rh":44,"wind_spd":3.7,"timestamp_utc":"2022-06-11T17:15:00","snow_rate":0,"app_temp":23.1,"pres":1011.41077,"azimuth":282.31,"dewpt":10.6,"uv":2.1,"elev_angle":20.02,"wind_dir":274,"weather":{"icon":"c02d","code":801,"description":"Few clouds"},"ghi":292.1,"dhi":74.27,"timestamp_local":"2022-06-11T19:15:00","solar_rad":283.1299,"vis":10,"dni":646.32,"temp":23.5,"slp":1021,"clouds":10,"ts":1654967700},{"precip_rate":0,"rh":44,"wind_spd":3.4,"timestamp_utc":"2022-06-11T17:30:00","snow_rate":0,"app_temp":22.9,"pres":1011.40485,"azimuth":285.09,"dewpt":10.4,"uv":2,"elev_angle":17.81,"wind_dir":278,"weather":{"icon":"c02d","code":801,"description":"Few clouds"},"ghi":254.2,"dhi":69.66,"timestamp_local":"2022-06-11T19:30:00","solar_rad":246.4999,"vis":10,"dni":611.57,"temp":23.4,"slp":1021,"clouds":9,"ts":1654968600},{"precip_rate":0,"rh":45,"wind_spd":3.1,"timestamp_utc":"2022-06-11T17:45:00","snow_rate":0,"app_temp":22.7,"pres":1011.3989,"azimuth":287.87,"dewpt":10.6,"uv":1.9,"elev_angle":15.59,"wind_dir":282,"weather":{"icon":"c02d","code":801,"description":"Few clouds"},"ghi":216.3,"dhi":65.04,"timestamp_local":"2022-06-11T19:45:00","solar_rad":209.68599,"vis":10,"dni":576.83,"temp":23.2,"slp":1021,"clouds":8,"ts":1654969500},{"precip_rate":0,"rh":45,"wind_spd":2.8,"timestamp_utc":"2022-06-11T18:00:00","snow_rate":0,"app_temp":22.5,"pres":1011.39294,"azimuth":290.65,"dewpt":10.4,"uv":1.8,"elev_angle":13.38,"wind_dir":286,"weather":{"icon":"c02d","code":801,"description":"Few clouds"},"ghi":178.3,"dhi":60.43,"timestamp_local":"2022-06-11T20:00:00","solar_rad":172.91428,"vis":10,"dni":542.08,"temp":23,"slp":1021,"clouds":7,"ts":1654970400},{"precip_rate":0,"rh":47,"wind_spd":2.6,"timestamp_utc":"2022-06-11T18:15:00","snow_rate":0,"app_temp":22.2,"pres":1011.62854,"azimuth":293.46,"dewpt":10.7,"uv":1.8,"elev_angle":11.33,"wind_dir":290,"weather":{"icon":"c02d","code":801,"description":"Few clouds"},"ghi":146.6,"dhi":53.88,"timestamp_local":"2022-06-11T20:15:00","solar_rad":142.08253,"vis":10,"dni":479.8,"temp":22.6,"slp":1021.25,"clouds":6,"ts":1654971300},{"precip_rate":0,"rh":48,"wind_spd":2.4,"timestamp_utc":"2022-06-11T18:30:00","snow_rate":0,"app_temp":21.8,"pres":1011.8642,"azimuth":296.26,"dewpt":10.7,"uv":1.8,"elev_angle":9.27,"wind_dir":293,"weather":{"icon":"c02d","code":801,"description":"Few clouds"},"ghi":114.9,"dhi":47.32,"timestamp_local":"2022-06-11T20:30:00","solar_rad":111.36845,"vis":10,"dni":417.51,"temp":22.3,"slp":1021.5,"clouds":4,"ts":1654972200},{"precip_rate":0,"rh":50,"wind_spd":2.2,"timestamp_utc":"2022-06-11T18:45:00","snow_rate":0,"app_temp":21.4,"pres":1012.09985,"azimuth":299.07,"dewpt":11,"uv":1.8,"elev_angle":7.22,"wind_dir":296,"weather":{"icon":"c02d","code":801,"description":"Few clouds"},"ghi":83.2,"dhi":40.77,"timestamp_local":"2022-06-11T20:45:00","solar_rad":80.59575,"vis":10,"dni":355.23,"temp":21.9,"slp":1021.75,"clouds":2,"ts":1654973100},{"precip_rate":0,"rh":52,"wind_spd":2,"timestamp_utc":"2022-06-11T19:00:00","snow_rate":0,"app_temp":21.1,"pres":1012.33545,"azimuth":301.87,"dewpt":11.2,"uv":1.7,"elev_angle":5.16,"wind_dir":300,"weather":{"icon":"c01d","code":800,"description":"Clear Sky"},"ghi":51.5,"dhi":34.21,"timestamp_local":"2022-06-11T21:00:00","solar_rad":49.86035,"vis":10,"dni":292.94,"temp":21.5,"slp":1022,"clouds":1,"ts":1654974000},{"precip_rate":0,"rh":54,"wind_spd":2,"timestamp_utc":"2022-06-11T19:15:00","snow_rate":0,"app_temp":20.6,"pres":1012.32025,"azimuth":304.81,"dewpt":11.4,"uv":1.7,"elev_angle":3.35,"wind_dir":310,"weather":{"icon":"c02n","code":801,"description":"Few clouds"},"ghi":38.7,"dhi":25.66,"timestamp_local":"2022-06-11T21:15:00","solar_rad":37.455948,"vis":10,"dni":219.71,"temp":21,"slp":1022,"clouds":2,"ts":1654974900},{"precip_rate":0,"rh":55,"wind_spd":2,"timestamp_utc":"2022-06-11T19:30:00","snow_rate":0,"app_temp":20.1,"pres":1012.30505,"azimuth":307.74,"dewpt":11.2,"uv":1.7,"elev_angle":1.54,"wind_dir":319,"weather":{"icon":"c02n","code":801,"description":"Few clouds"},"ghi":25.8,"dhi":17.11,"timestamp_local":"2022-06-11T21:30:00","solar_rad":24.978771,"vis":10,"dni":146.47,"temp":20.6,"slp":1022,"clouds":2,"ts":1654975800},{"precip_rate":0,"rh":56,"wind_spd":2,"timestamp_utc":"2022-06-11T19:45:00","snow_rate":0,"app_temp":19.6,"pres":1012.28986,"azimuth":310.68,"dewpt":11,"uv":0,"elev_angle":-0.28,"wind_dir":328,"weather":{"icon":"c02n","code":801,"description":"Few clouds"},"ghi":12.9,"dhi":8.55,"timestamp_local":"2022-06-11T21:45:00","solar_rad":12.493519,"vis":10,"dni":73.24,"temp":20.1,"slp":1022,"clouds":3,"ts":1654976700},{"precip_rate":0,"rh":58,"wind_spd":2,"timestamp_utc":"2022-06-11T20:00:00","snow_rate":0,"app_temp":19.1,"pres":1012.27466,"azimuth":313.61,"dewpt":11.1,"uv":0,"elev_angle":-2.09,"wind_dir":338,"weather":{"icon":"c02n","code":801,"description":"Few clouds"},"ghi":0,"dhi":0,"timestamp_local":"2022-06-11T22:00:00","solar_rad":0,"vis":10,"dni":0,"temp":19.6,"slp":1022,"clouds":4,"ts":1654977600},{"precip_rate":0,"rh":60,"wind_spd":2,"timestamp_utc":"2022-06-11T20:15:00","snow_rate":0,"app_temp":18.7,"pres":1012.2593,"azimuth":316.74,"dewpt":11.2,"uv":0,"elev_angle":-3.57,"wind_dir":260,"weather":{"icon":"c02n","code":801,"description":"Few clouds"},"ghi":0,"dhi":0,"timestamp_local":"2022-06-11T22:15:00","solar_rad":0,"vis":10,"dni":0,"temp":19.1,"slp":1022,"clouds":14,"ts":1654978500},{"precip_rate":0,"rh":62,"wind_spd":2,"timestamp_utc":"2022-06-11T20:30:00","snow_rate":0,"app_temp":18.2,"pres":1012.2439,"azimuth":319.86,"dewpt":11.3,"uv":0,"elev_angle":-5.05,"wind_dir":182,"weather":{"icon":"c02n","code":802,"description":"Scattered clouds"},"ghi":0,"dhi":0,"timestamp_local":"2022-06-11T22:30:00","solar_rad":0,"vis":10,"dni":0,"temp":18.7,"slp":1022,"clouds":24,"ts":1654979400},{"precip_rate":0,"rh":63,"wind_spd":2,"timestamp_utc":"2022-06-11T20:45:00","snow_rate":0,"app_temp":18.3,"pres":1012.22845,"azimuth":322.99,"dewpt":11.1,"uv":0,"elev_angle":-6.53,"wind_dir":104,"weather":{"icon":"c02n","code":802,"description":"Scattered clouds"},"ghi":0,"dhi":0,"timestamp_local":"2022-06-11T22:45:00","solar_rad":0,"vis":10,"dni":0,"temp":18.3,"slp":1022,"clouds":35,"ts":1654980300},{"precip_rate":0,"rh":65,"wind_spd":2,"timestamp_utc":"2022-06-11T21:00:00","snow_rate":0,"app_temp":17.8,"pres":1012.2131,"azimuth":326.11,"dewpt":11.1,"uv":0,"elev_angle":-8.01,"wind_dir":26,"weather":{"icon":"c03n","code":803,"description":"Broken clouds"},"ghi":0,"dhi":0,"timestamp_local":"2022-06-11T23:00:00","solar_rad":0,"vis":10,"dni":0,"temp":17.8,"slp":1022,"clouds":45,"ts":1654981200},{"precip_rate":0,"rh":68,"wind_spd":2.1,"timestamp_utc":"2022-06-11T21:15:00","snow_rate":0,"app_temp":17.1,"pres":1012.18805,"azimuth":329.45,"dewpt":11.1,"uv":0,"elev_angle":-9.06,"wind_dir":100,"weather":{"icon":"c03n","code":803,"description":"Broken clouds"},"ghi":0,"dhi":0,"timestamp_local":"2022-06-11T23:15:00","solar_rad":0,"vis":10,"dni":0,"temp":17.1,"slp":1022,"clouds":50,"ts":1654982100},{"precip_rate":0,"rh":72,"wind_spd":2.2,"timestamp_utc":"2022-06-11T21:30:00","snow_rate":0,"app_temp":16.3,"pres":1012.163,"azimuth":332.78,"dewpt":11.2,"uv":0,"elev_angle":-10.11,"wind_dir":175,"weather":{"icon":"c03n","code":803,"description":"Broken clouds"},"ghi":0,"dhi":0,"timestamp_local":"2022-06-11T23:30:00","solar_rad":0,"vis":10,"dni":0,"temp":16.3,"slp":1022,"clouds":55,"ts":1654983000},{"precip_rate":0,"rh":75,"wind_spd":2.3,"timestamp_utc":"2022-06-11T21:45:00","snow_rate":0,"app_temp":15.6,"pres":1012.138,"azimuth":336.12,"dewpt":11.1,"uv":0,"elev_angle":-11.15,"wind_dir":250,"weather":{"icon":"c03n","code":803,"description":"Broken clouds"},"ghi":0,"dhi":0,"timestamp_local":"2022-06-11T23:45:00","solar_rad":0,"vis":10,"dni":0,"temp":15.6,"slp":1022,"clouds":60,"ts":1654983900},{"precip_rate":0,"rh":78,"wind_spd":2.4,"timestamp_utc":"2022-06-11T22:00:00","snow_rate":0,"app_temp":14.8,"pres":1012.113,"azimuth":339.45,"dewpt":11,"uv":0,"elev_angle":-12.2,"wind_dir":324,"weather":{"icon":"c03n","code":803,"description":"Broken clouds"},"ghi":0,"dhi":0,"timestamp_local":"2022-06-12T00:00:00","solar_rad":0,"vis":10,"dni":0,"temp":14.8,"slp":1022,"clouds":65,"ts":1654984800},{"precip_rate":0,"rh":79,"wind_spd":2.4,"timestamp_utc":"2022-06-11T22:15:00","snow_rate":0,"app_temp":14.7,"pres":1012.1098,"azimuth":342.95,"dewpt":11.1,"uv":0,"elev_angle":-12.74,"wind_dir":324,"weather":{"icon":"c03n","code":803,"description":"Broken clouds"},"ghi":0,"dhi":0,"timestamp_local":"2022-06-12T00:15:00","solar_rad":0,"vis":10,"dni":0,"temp":14.7,"slp":1022,"clouds":64,"ts":1654985700},{"precip_rate":0,"rh":80,"wind_spd":2.4,"timestamp_utc":"2022-06-11T22:30:00","snow_rate":0,"app_temp":14.6,"pres":1012.1067,"azimuth":346.45,"dewpt":11.2,"uv":0,"elev_angle":-13.28,"wind_dir":325,"weather":{"icon":"c03n","code":803,"description":"Broken clouds"},"ghi":0,"dhi":0,"timestamp_local":"2022-06-12T00:30:00","solar_rad":0,"vis":10,"dni":0,"temp":14.6,"slp":1022,"clouds":63,"ts":1654986600},{"precip_rate":0,"rh":81,"wind_spd":2.4,"timestamp_utc":"2022-06-11T22:45:00","snow_rate":0,"app_temp":14.5,"pres":1012.1035,"azimuth":349.95,"dewpt":11.3,"uv":0,"elev_angle":-13.81,"wind_dir":326,"weather":{"icon":"c03n","code":803,"description":"Broken clouds"},"ghi":0,"dhi":0,"timestamp_local":"2022-06-12T00:45:00","solar_rad":0,"vis":10,"dni":0,"temp":14.5,"slp":1022,"clouds":62,"ts":1654987500},{"precip_rate":0,"rh":82,"wind_spd":2.4,"timestamp_utc":"2022-06-11T23:00:00","snow_rate":0,"app_temp":14.4,"pres":1012.10034,"azimuth":353.45,"dewpt":11.4,"uv":0,"elev_angle":-14.35,"wind_dir":326,"weather":{"icon":"c03n","code":803,"description":"Broken clouds"},"ghi":0,"dhi":0,"timestamp_local":"2022-06-12T01:00:00","solar_rad":0,"vis":10,"dni":0,"temp":14.4,"slp":1022,"clouds":61,"ts":1654988400},{"precip_rate":0,"rh":83,"wind_spd":2.3,"timestamp_utc":"2022-06-11T23:15:00","snow_rate":0,"app_temp":14,"pres":1012.0876,"azimuth":267.01,"dewpt":11.2,"uv":0,"elev_angle":-14.33,"wind_dir":325,"weather":{"icon":"c03n","code":803,"description":"Broken clouds"},"ghi":0,"dhi":0,"timestamp_local":"2022-06-12T01:15:00","solar_rad":0,"vis":10,"dni":0,"temp":14,"slp":1022,"clouds":52,"ts":1654989300},{"precip_rate":0,"rh":84,"wind_spd":2.2,"timestamp_utc":"2022-06-11T23:30:00","snow_rate":0,"app_temp":13.7,"pres":1012.0748,"azimuth":180.56,"dewpt":11,"uv":0,"elev_angle":-14.31,"wind_dir":324,"weather":{"icon":"c03n","code":803,"description":"Broken clouds"},"ghi":0,"dhi":0,"timestamp_local":"2022-06-12T01:30:00","solar_rad":0,"vis":10,"dni":0,"temp":13.7,"slp":1022,"clouds":44,"ts":1654990200},{"precip_rate":0,"rh":85,"wind_spd":2.1,"timestamp_utc":"2022-06-11T23:45:00","snow_rate":0,"app_temp":13.3,"pres":1012.06213,"azimuth":94.12,"dewpt":10.9,"uv":0,"elev_angle":-14.28,"wind_dir":323,"weather":{"icon":"c02n","code":802,"description":"Scattered clouds"},"ghi":0,"dhi":0,"timestamp_local":"2022-06-12T01:45:00","solar_rad":0,"vis":10,"dni":0,"temp":13.3,"slp":1022,"clouds":36,"ts":1654991100}],"sources":["103150-99999","imerg","merra2","era5","modis"],"city_id":"2856883"}
