{"timezone":"Europe\/Berlin","state_code":"06","country_code":"DE","lat":52.2833,"lon":8,"city_name":"Osnabr�ck","station_id":"103150-99999","data":[{"precip_rate":0,"rh":94,"wind_spd":3.22,"timestamp_utc":"2022-07-22T00:00:00","snow_rate":0,"app_temp":16.9,"pres":1012.8,"azimuth":6.33,"dewpt":15.9,"uv":0,"elev_angle":-17.31,"wind_dir":317,"weather":{"icon":"c04n","code":804,"description":"Overcast clouds"},"ghi":0,"dhi":0,"timestamp_local":"2022-07-22T02:00:00","solar_rad":0,"vis":10,"dni":0,"temp":16.9,"slp":1019,"clouds":100,"ts":1658448000},{"precip_rate":0,"rh":94,"wind_spd":3.22,"timestamp_utc":"2022-07-22T00:15:00","snow_rate":0,"app_temp":16.8,"pres":1013.05,"azimuth":9.95,"dewpt":15.7,"uv":0,"elev_angle":-16.77,"wind_dir":312,"weather":{"icon":"c04n","code":804,"description":"Overcast clouds"},"ghi":0,"dhi":0,"timestamp_local":"2022-07-22T02:15:00","solar_rad":0,"vis":10,"dni":0,"temp":16.8,"slp":1019.25,"clouds":100,"ts":1658448900},{"precip_rate":0,"rh":94,"wind_spd":3.21,"timestamp_utc":"2022-07-22T00:30:00","snow_rate":0,"app_temp":16.6,"pres":1013.3,"azimuth":13.58,"dewpt":15.5,"uv":0,"elev_angle":-16.24,"wind_dir":307,"weather":{"icon":"c04n","code":804,"description":"Overcast clouds"},"ghi":0,"dhi":0,"timestamp_local":"2022-07-22T02:30:00","solar_rad":0,"vis":10,"dni":0,"temp":16.6,"slp":1019.5,"clouds":100,"ts":1658449800},{"precip_rate":0,"rh":93,"wind_spd":3.21,"timestamp_utc":"2022-07-22T00:45:00","snow_rate":0,"app_temp":16.5,"pres":1013.55,"azimuth":17.2,"dewpt":15.4,"uv":0,"elev_angle":-15.7,"wind_dir":302,"weather":{"icon":"c04n","code":804,"description":"Overcast clouds"},"ghi":0,"dhi":0,"timestamp_local":"2022-07-22T02:45:00","solar_rad":0,"vis":10,"dni":0,"temp":16.5,"slp":1019.75,"clouds":100,"ts":1658450700},{"precip_rate":0,"rh":93,"wind_spd":3.21,"timestamp_utc":"2022-07-22T01:00:00","snow_rate":0,"app_temp":16.4,"pres":1013.8,"azimuth":20.82,"dewpt":15.2,"uv":0,"elev_angle":-15.16,"wind_dir":297,"weather":{"icon":"c04n","code":804,"description":"Overcast clouds"},"ghi":0,"dhi":0,"timestamp_local":"2022-07-22T03:00:00","solar_rad":0,"vis":10,"dni":0,"temp":16.4,"slp":1020,"clouds":100,"ts":1658451600},{"precip_rate":0,"rh":93,"wind_spd":3.03,"timestamp_utc":"2022-07-22T01:15:00","snow_rate":0,"app_temp":16.3,"pres":1013.8,"azimuth":24.26,"dewpt":15.2,"uv":0,"elev_angle":-14.1,"wind_dir":298,"weather":{"icon":"c04n","code":804,"description":"Overcast clouds"},"ghi":0,"dhi":0,"timestamp_local":"2022-07-22T03:15:00","solar_rad":0,"vis":10,"dni":0,"temp":16.3,"slp":1020,"clouds":100,"ts":1658452500},{"precip_rate":0,"rh":94,"wind_spd":2.86,"timestamp_utc":"2022-07-22T01:30:00","snow_rate":0,"app_temp":16.2,"pres":1013.8,"azimuth":27.71,"dewpt":15.1,"uv":0,"elev_angle":-13.03,"wind_dir":299,"weather":{"icon":"c04n","code":804,"description":"Overcast clouds"},"ghi":0,"dhi":0,"timestamp_local":"2022-07-22T03:30:00","solar_rad":0,"vis":10,"dni":0,"temp":16.2,"slp":1020,"clouds":100,"ts":1658453400},{"precip_rate":0,"rh":94,"wind_spd":2.69,"timestamp_utc":"2022-07-22T01:45:00","snow_rate":0,"app_temp":16.1,"pres":1013.8,"azimuth":31.15,"dewpt":15.1,"uv":0,"elev_angle":-11.97,"wind_dir":300,"weather":{"icon":"c04n","code":804,"description":"Overcast clouds"},"ghi":0,"dhi":0,"timestamp_local":"2022-07-22T03:45:00","solar_rad":0,"vis":9,"dni":0,"temp":16.1,"slp":1020,"clouds":100,"ts":1658454300},{"precip_rate":0,"rh":94,"wind_spd":2.52,"timestamp_utc":"2022-07-22T02:00:00","snow_rate":0,"app_temp":16,"pres":1013.8,"azimuth":34.59,"dewpt":15,"uv":0,"elev_angle":-10.9,"wind_dir":301,"weather":{"icon":"c04n","code":804,"description":"Overcast clouds"},"ghi":0,"dhi":0,"timestamp_local":"2022-07-22T04:00:00","solar_rad":0,"vis":10,"dni":0,"temp":16,"slp":1020,"clouds":100,"ts":1658455200},{"precip_rate":0,"rh":94,"wind_spd":2.41,"timestamp_utc":"2022-07-22T02:15:00","snow_rate":0,"app_temp":15.9,"pres":1013.775,"azimuth":37.8,"dewpt":14.9,"uv":0,"elev_angle":-9.4,"wind_dir":302,"weather":{"icon":"c04n","code":804,"description":"Overcast clouds"},"ghi":0,"dhi":0,"timestamp_local":"2022-07-22T04:15:00","solar_rad":0,"vis":10,"dni":0,"temp":15.9,"slp":1020,"clouds":100,"ts":1658456100},{"precip_rate":0,"rh":94,"wind_spd":2.29,"timestamp_utc":"2022-07-22T02:30:00","snow_rate":0,"app_temp":15.8,"pres":1013.75,"azimuth":41.02,"dewpt":14.8,"uv":0,"elev_angle":-7.89,"wind_dir":302,"weather":{"icon":"c04n","code":804,"description":"Overcast clouds"},"ghi":0,"dhi":0,"timestamp_local":"2022-07-22T04:30:00","solar_rad":0,"vis":10,"dni":0,"temp":15.8,"slp":1020,"clouds":100,"ts":1658457000},{"precip_rate":0,"rh":94,"wind_spd":2.18,"timestamp_utc":"2022-07-22T02:45:00","snow_rate":0,"app_temp":15.8,"pres":1013.725,"azimuth":44.23,"dewpt":14.8,"uv":0,"elev_angle":-6.39,"wind_dir":303,"weather":{"icon":"c04n","code":804,"description":"Overcast clouds"},"ghi":0,"dhi":0,"timestamp_local":"2022-07-22T04:45:00","solar_rad":0,"vis":10,"dni":0,"temp":15.8,"slp":1020,"clouds":100,"ts":1658457900},{"precip_rate":0,"rh":94,"wind_spd":2.07,"timestamp_utc":"2022-07-22T03:00:00","snow_rate":0,"app_temp":15.7,"pres":1013.7,"azimuth":47.44,"dewpt":14.7,"uv":0,"elev_angle":-4.88,"wind_dir":304,"weather":{"icon":"c04n","code":804,"description":"Overcast clouds"},"ghi":0,"dhi":0,"timestamp_local":"2022-07-22T05:00:00","solar_rad":0,"vis":10,"dni":0,"temp":15.7,"slp":1020,"clouds":100,"ts":1658458800},{"precip_rate":0,"rh":93,"wind_spd":2.16,"timestamp_utc":"2022-07-22T03:15:00","snow_rate":0,"app_temp":15.6,"pres":1013.7,"azimuth":50.44,"dewpt":14.5,"uv":0,"elev_angle":-3.04,"wind_dir":302,"weather":{"icon":"c04n","code":804,"description":"Overcast clouds"},"ghi":4.8,"dhi":5.33,"timestamp_local":"2022-07-22T05:15:00","solar_rad":5.546701,"vis":10,"dni":37.86,"temp":15.6,"slp":1020,"clouds":100,"ts":1658459700},{"precip_rate":0,"rh":92,"wind_spd":2.25,"timestamp_utc":"2022-07-22T03:30:00","snow_rate":0,"app_temp":15.5,"pres":1013.7,"azimuth":53.44,"dewpt":14.3,"uv":0,"elev_angle":-1.2,"wind_dir":300,"weather":{"icon":"c04n","code":804,"description":"Overcast clouds"},"ghi":9.6,"dhi":10.65,"timestamp_local":"2022-07-22T05:30:00","solar_rad":11.091558,"vis":10,"dni":75.73,"temp":15.5,"slp":1020,"clouds":100,"ts":1658460600},{"precip_rate":0,"rh":91,"wind_spd":2.35,"timestamp_utc":"2022-07-22T03:45:00","snow_rate":0,"app_temp":15.5,"pres":1013.7,"azimuth":56.44,"dewpt":14,"uv":0.5,"elev_angle":0.64,"wind_dir":297,"weather":{"icon":"c04n","code":804,"description":"Overcast clouds"},"ghi":14.4,"dhi":15.98,"timestamp_local":"2022-07-22T05:45:00","solar_rad":16.654215,"vis":10,"dni":113.59,"temp":15.5,"slp":1020,"clouds":100,"ts":1658461500},{"precip_rate":0,"rh":90,"wind_spd":2.44,"timestamp_utc":"2022-07-22T04:00:00","snow_rate":0,"app_temp":15.4,"pres":1013.7,"azimuth":59.44,"dewpt":13.8,"uv":0.5,"elev_angle":2.48,"wind_dir":295,"weather":{"icon":"c04n","code":804,"description":"Overcast clouds"},"ghi":19.2,"dhi":21.3,"timestamp_local":"2022-07-22T06:00:00","solar_rad":22.214838,"vis":10,"dni":151.45,"temp":15.4,"slp":1020,"clouds":100,"ts":1658462400},{"precip_rate":0,"rh":90,"wind_spd":2.3,"timestamp_utc":"2022-07-22T04:15:00","snow_rate":0,"app_temp":15.3,"pres":1013.7,"azimuth":62.3,"dewpt":13.8,"uv":0.5,"elev_angle":4.56,"wind_dir":297,"weather":{"icon":"c04n","code":804,"description":"Overcast clouds"},"ghi":48.4,"dhi":29.35,"timestamp_local":"2022-07-22T06:15:00","solar_rad":31.976377,"vis":10,"dni":234.16,"temp":15.3,"slp":1020,"clouds":100,"ts":1658463300},{"precip_rate":0,"rh":90,"wind_spd":2.16,"timestamp_utc":"2022-07-22T04:30:00","snow_rate":0,"app_temp":15.3,"pres":1013.7,"azimuth":65.16,"dewpt":13.8,"uv":0.6,"elev_angle":6.64,"wind_dir":300,"weather":{"icon":"c04d","code":804,"description":"Overcast clouds"},"ghi":77.5,"dhi":37.39,"timestamp_local":"2022-07-22T06:30:00","solar_rad":44.075996,"vis":10,"dni":316.86,"temp":15.3,"slp":1020,"clouds":99,"ts":1658464200},{"precip_rate":0,"rh":91,"wind_spd":2.03,"timestamp_utc":"2022-07-22T04:45:00","snow_rate":0,"app_temp":15.2,"pres":1013.7,"azimuth":68.02,"dewpt":13.7,"uv":0.6,"elev_angle":8.71,"wind_dir":302,"weather":{"icon":"c04d","code":804,"description":"Overcast clouds"},"ghi":106.6,"dhi":45.44,"timestamp_local":"2022-07-22T06:45:00","solar_rad":57.827827,"vis":10,"dni":399.57,"temp":15.2,"slp":1020,"clouds":98,"ts":1658465100},{"precip_rate":0,"rh":91,"wind_spd":1.89,"timestamp_utc":"2022-07-22T05:00:00","snow_rate":0,"app_temp":15.1,"pres":1013.7,"azimuth":70.88,"dewpt":13.7,"uv":0.6,"elev_angle":10.79,"wind_dir":304,"weather":{"icon":"c04d","code":804,"description":"Overcast clouds"},"ghi":135.8,"dhi":53.48,"timestamp_local":"2022-07-22T07:00:00","solar_rad":69.3437,"vis":10,"dni":482.27,"temp":15.1,"slp":1020,"clouds":98,"ts":1658466000},{"precip_rate":0,"rh":90,"wind_spd":1.89,"timestamp_utc":"2022-07-22T05:15:00","snow_rate":0,"app_temp":15.2,"pres":1013.725,"azimuth":73.71,"dewpt":13.6,"uv":0.6,"elev_angle":13.02,"wind_dir":302,"weather":{"icon":"c04d","code":804,"description":"Overcast clouds"},"ghi":173.3,"dhi":58.66,"timestamp_local":"2022-07-22T07:15:00","solar_rad":88.942924,"vis":10,"dni":523.74,"temp":15.2,"slp":1020,"clouds":96,"ts":1658466900},{"precip_rate":0,"rh":90,"wind_spd":1.9,"timestamp_utc":"2022-07-22T05:30:00","snow_rate":0,"app_temp":15.2,"pres":1013.75,"azimuth":76.54,"dewpt":13.5,"uv":0.7,"elev_angle":15.25,"wind_dir":299,"weather":{"icon":"c04d","code":804,"description":"Overcast clouds"},"ghi":210.9,"dhi":63.84,"timestamp_local":"2022-07-22T07:30:00","solar_rad":117.666466,"vis":10,"dni":565.2,"temp":15.2,"slp":1020,"clouds":93,"ts":1658467800},{"precip_rate":0,"rh":89,"wind_spd":1.9,"timestamp_utc":"2022-07-22T05:45:00","snow_rate":0,"app_temp":15.3,"pres":1013.775,"azimuth":79.36,"dewpt":13.5,"uv":0.8,"elev_angle":17.47,"wind_dir":296,"weather":{"icon":"c04d","code":804,"description":"Overcast clouds"},"ghi":248.5,"dhi":69.01,"timestamp_local":"2022-07-22T07:45:00","solar_rad":82.88074,"vis":10,"dni":606.67,"temp":15.3,"slp":1020,"clouds":90,"ts":1658468700},{"precip_rate":0,"rh":88,"wind_spd":1.9,"timestamp_utc":"2022-07-22T06:00:00","snow_rate":0,"app_temp":15.3,"pres":1013.8,"azimuth":82.19,"dewpt":13.4,"uv":0.9,"elev_angle":19.7,"wind_dir":294,"weather":{"icon":"c04d","code":804,"description":"Overcast clouds"},"ghi":286,"dhi":74.19,"timestamp_local":"2022-07-22T08:00:00","solar_rad":108.70986,"vis":10,"dni":648.13,"temp":15.3,"slp":1020,"clouds":88,"ts":1658469600},{"precip_rate":0,"rh":87,"wind_spd":1.92,"timestamp_utc":"2022-07-22T06:15:00","snow_rate":0,"app_temp":15.4,"pres":1014.05,"azimuth":85.13,"dewpt":13.4,"uv":0.9,"elev_angle":21.99,"wind_dir":295,"weather":{"icon":"c04d","code":804,"description":"Overcast clouds"},"ghi":325.5,"dhi":77.96,"timestamp_local":"2022-07-22T08:15:00","solar_rad":116.35944,"vis":10,"dni":673.07,"temp":15.4,"slp":1020.25,"clouds":89,"ts":1658470500},{"precip_rate":0,"rh":86,"wind_spd":1.93,"timestamp_utc":"2022-07-22T06:30:00","snow_rate":0,"app_temp":15.5,"pres":1014.3,"azimuth":88.07,"dewpt":13.3,"uv":1,"elev_angle":24.28,"wind_dir":296,"weather":{"icon":"c04d","code":804,"description":"Overcast clouds"},"ghi":365,"dhi":81.72,"timestamp_local":"2022-07-22T08:30:00","solar_rad":121.995316,"vis":10,"dni":698,"temp":15.5,"slp":1020.5,"clouds":90,"ts":1658471400},{"precip_rate":0,"rh":86,"wind_spd":1.95,"timestamp_utc":"2022-07-22T06:45:00","snow_rate":0,"app_temp":15.6,"pres":1014.55,"azimuth":91,"dewpt":13.3,"uv":1,"elev_angle":26.57,"wind_dir":296,"weather":{"icon":"c04d","code":804,"description":"Overcast clouds"},"ghi":404.5,"dhi":85.49,"timestamp_local":"2022-07-22T08:45:00","solar_rad":125.36619,"vis":10,"dni":722.94,"temp":15.6,"slp":1020.75,"clouds":91,"ts":1658472300},{"precip_rate":0,"rh":85,"wind_spd":1.96,"timestamp_utc":"2022-07-22T07:00:00","snow_rate":0,"app_temp":15.7,"pres":1014.8,"azimuth":93.94,"dewpt":13.3,"uv":1.1,"elev_angle":28.86,"wind_dir":297,"weather":{"icon":"c04d","code":804,"description":"Overcast clouds"},"ghi":444,"dhi":89.25,"timestamp_local":"2022-07-22T09:00:00","solar_rad":126.72266,"vis":10,"dni":747.87,"temp":15.7,"slp":1021,"clouds":92,"ts":1658473200},{"precip_rate":0,"rh":84,"wind_spd":2.11,"timestamp_utc":"2022-07-22T07:15:00","snow_rate":0,"app_temp":15.8,"pres":1014.55,"azimuth":97.19,"dewpt":13.3,"uv":1.2,"elev_angle":31.11,"wind_dir":298,"weather":{"icon":"c04d","code":804,"description":"Overcast clouds"},"ghi":481.2,"dhi":92.04,"timestamp_local":"2022-07-22T09:15:00","solar_rad":112.69817,"vis":10,"dni":764,"temp":15.8,"slp":1020.75,"clouds":94,"ts":1658474100},{"precip_rate":0,"rh":84,"wind_spd":2.25,"timestamp_utc":"2022-07-22T07:30:00","snow_rate":0,"app_temp":15.9,"pres":1014.3,"azimuth":100.44,"dewpt":13.3,"uv":1.3,"elev_angle":33.37,"wind_dir":299,"weather":{"icon":"c04d","code":804,"description":"Overcast clouds"},"ghi":518.3,"dhi":94.83,"timestamp_local":"2022-07-22T09:30:00","solar_rad":107.42535,"vis":10,"dni":780.12,"temp":15.9,"slp":1020.5,"clouds":95,"ts":1658475000},{"precip_rate":0,"rh":84,"wind_spd":2.4,"timestamp_utc":"2022-07-22T07:45:00","snow_rate":0,"app_temp":16,"pres":1014.05,"azimuth":103.68,"dewpt":13.3,"uv":1.3,"elev_angle":35.62,"wind_dir":300,"weather":{"icon":"c04d","code":804,"description":"Overcast clouds"},"ghi":555.5,"dhi":97.61,"timestamp_local":"2022-07-22T09:45:00","solar_rad":99.79137,"vis":10,"dni":796.25,"temp":16,"slp":1020.25,"clouds":96,"ts":1658475900},{"precip_rate":0,"rh":83,"wind_spd":2.54,"timestamp_utc":"2022-07-22T08:00:00","snow_rate":0,"app_temp":16.1,"pres":1013.8,"azimuth":106.93,"dewpt":13.3,"uv":1.4,"elev_angle":37.87,"wind_dir":301,"weather":{"icon":"c04d","code":804,"description":"Overcast clouds"},"ghi":592.7,"dhi":100.4,"timestamp_local":"2022-07-22T10:00:00","solar_rad":172.05469,"vis":10,"dni":812.37,"temp":16.1,"slp":1020,"clouds":98,"ts":1658476800},{"precip_rate":0,"rh":82,"wind_spd":2.45,"timestamp_utc":"2022-07-22T08:15:00","snow_rate":0,"app_temp":16.1,"pres":1013.8,"azimuth":110.77,"dewpt":13.2,"uv":1.5,"elev_angle":39.95,"wind_dir":300,"weather":{"icon":"c04d","code":804,"description":"Overcast clouds"},"ghi":624.1,"dhi":102.4,"timestamp_local":"2022-07-22T10:15:00","solar_rad":196.11877,"vis":10,"dni":822.88,"temp":16.1,"slp":1020,"clouds":97,"ts":1658477700},{"precip_rate":0,"rh":82,"wind_spd":2.36,"timestamp_utc":"2022-07-22T08:30:00","snow_rate":0,"app_temp":16.2,"pres":1013.8,"azimuth":114.6,"dewpt":13,"uv":1.7,"elev_angle":42.04,"wind_dir":299,"weather":{"icon":"c04d","code":804,"description":"Overcast clouds"},"ghi":655.5,"dhi":104.4,"timestamp_local":"2022-07-22T10:30:00","solar_rad":118.11709,"vis":10,"dni":833.38,"temp":16.2,"slp":1020,"clouds":96,"ts":1658478600},{"precip_rate":0,"rh":81,"wind_spd":2.26,"timestamp_utc":"2022-07-22T08:45:00","snow_rate":0,"app_temp":16.2,"pres":1013.8,"azimuth":118.44,"dewpt":12.8,"uv":1.9,"elev_angle":44.12,"wind_dir":298,"weather":{"icon":"c04d","code":804,"description":"Overcast clouds"},"ghi":686.8,"dhi":106.4,"timestamp_local":"2022-07-22T10:45:00","solar_rad":161.1909,"vis":10,"dni":843.89,"temp":16.2,"slp":1020,"clouds":94,"ts":1658479500},{"precip_rate":0,"rh":80,"wind_spd":2.17,"timestamp_utc":"2022-07-22T09:00:00","snow_rate":0,"app_temp":16.2,"pres":1013.8,"azimuth":122.27,"dewpt":12.7,"uv":2.1,"elev_angle":46.2,"wind_dir":297,"weather":{"icon":"c04d","code":804,"description":"Overcast clouds"},"ghi":718.2,"dhi":108.4,"timestamp_local":"2022-07-22T11:00:00","solar_rad":187.54482,"vis":10,"dni":854.39,"temp":16.2,"slp":1020,"clouds":93,"ts":1658480400},{"precip_rate":0,"rh":78,"wind_spd":2.22,"timestamp_utc":"2022-07-22T09:15:00","snow_rate":0,"app_temp":16.6,"pres":1014.05,"azimuth":127.05,"dewpt":12.7,"uv":2.4,"elev_angle":47.91,"wind_dir":294,"weather":{"icon":"c04d","code":804,"description":"Overcast clouds"},"ghi":741.1,"dhi":109.71,"timestamp_local":"2022-07-22T11:15:00","solar_rad":282.90533,"vis":10,"dni":860.82,"temp":16.6,"slp":1020.25,"clouds":88,"ts":1658481300},{"precip_rate":0,"rh":76,"wind_spd":2.26,"timestamp_utc":"2022-07-22T09:30:00","snow_rate":0,"app_temp":16.9,"pres":1014.3,"azimuth":131.82,"dewpt":12.7,"uv":2.7,"elev_angle":49.63,"wind_dir":290,"weather":{"icon":"c04d","code":804,"description":"Overcast clouds"},"ghi":763.9,"dhi":111.01,"timestamp_local":"2022-07-22T11:30:00","solar_rad":356.86453,"vis":10,"dni":867.26,"temp":16.9,"slp":1020.5,"clouds":84,"ts":1658482200},{"precip_rate":0,"rh":74,"wind_spd":2.31,"timestamp_utc":"2022-07-22T09:45:00","snow_rate":0,"app_temp":17.3,"pres":1014.55,"azimuth":136.6,"dewpt":12.6,"uv":3,"elev_angle":51.34,"wind_dir":286,"weather":{"icon":"c04d","code":804,"description":"Overcast clouds"},"ghi":786.8,"dhi":112.32,"timestamp_local":"2022-07-22T11:45:00","solar_rad":427.54996,"vis":10,"dni":873.69,"temp":17.3,"slp":1020.75,"clouds":80,"ts":1658483100},{"precip_rate":0,"rh":72,"wind_spd":2.36,"timestamp_utc":"2022-07-22T10:00:00","snow_rate":0,"app_temp":17.6,"pres":1014.8,"azimuth":141.37,"dewpt":12.6,"uv":3.4,"elev_angle":53.05,"wind_dir":283,"weather":{"icon":"c04d","code":804,"description":"Overcast clouds"},"ghi":809.6,"dhi":113.62,"timestamp_local":"2022-07-22T12:00:00","solar_rad":507.34482,"vis":10,"dni":880.12,"temp":17.6,"slp":1021,"clouds":75,"ts":1658484000},{"precip_rate":0,"rh":71,"wind_spd":2.4,"timestamp_utc":"2022-07-22T10:15:00","snow_rate":0,"app_temp":17.9,"pres":1014.8,"azimuth":147.29,"dewpt":12.5,"uv":3.5,"elev_angle":54.09,"wind_dir":282,"weather":{"icon":"c04d","code":804,"description":"Overcast clouds"},"ghi":822,"dhi":114.28,"timestamp_local":"2022-07-22T12:15:00","solar_rad":515.08496,"vis":10,"dni":883.27,"temp":17.9,"slp":1021,"clouds":75,"ts":1658484900},{"precip_rate":0,"rh":70,"wind_spd":2.43,"timestamp_utc":"2022-07-22T10:30:00","snow_rate":0,"app_temp":18.1,"pres":1014.8,"azimuth":153.21,"dewpt":12.5,"uv":3.6,"elev_angle":55.13,"wind_dir":282,"weather":{"icon":"c04d","code":804,"description":"Overcast clouds"},"ghi":834.3,"dhi":114.95,"timestamp_local":"2022-07-22T12:30:00","solar_rad":522.76776,"vis":10,"dni":886.41,"temp":18.1,"slp":1021,"clouds":75,"ts":1658485800},{"precip_rate":0,"rh":68,"wind_spd":2.47,"timestamp_utc":"2022-07-22T10:45:00","snow_rate":0,"app_temp":18,"pres":1014.8,"azimuth":159.12,"dewpt":12.4,"uv":3.7,"elev_angle":56.16,"wind_dir":281,"weather":{"icon":"c04d","code":804,"description":"Overcast clouds"},"ghi":846.7,"dhi":115.61,"timestamp_local":"2022-07-22T12:45:00","solar_rad":530.9485,"vis":10,"dni":889.56,"temp":18.4,"slp":1021,"clouds":75,"ts":1658486700},{"precip_rate":0,"rh":67,"wind_spd":2.5,"timestamp_utc":"2022-07-22T11:00:00","snow_rate":0,"app_temp":18.3,"pres":1014.8,"azimuth":165.04,"dewpt":12.3,"uv":3.8,"elev_angle":57.2,"wind_dir":280,"weather":{"icon":"c04d","code":804,"description":"Overcast clouds"},"ghi":859,"dhi":116.27,"timestamp_local":"2022-07-22T13:00:00","solar_rad":538.656,"vis":10,"dni":892.7,"temp":18.6,"slp":1021,"clouds":75,"ts":1658487600},{"precip_rate":0,"rh":68,"wind_spd":2.43,"timestamp_utc":"2022-07-22T11:15:00","snow_rate":0,"app_temp":18.2,"pres":1014.55,"azimuth":171.6,"dewpt":12.4,"uv":3.6,"elev_angle":57.27,"wind_dir":284,"weather":{"icon":"c04d","code":804,"description":"Overcast clouds"},"ghi":859.8,"dhi":116.31,"timestamp_local":"2022-07-22T13:15:00","solar_rad":482.71597,"vis":10,"dni":892.9,"temp":18.5,"slp":1020.75,"clouds":79,"ts":1658488500},{"precip_rate":0,"rh":69,"wind_spd":2.36,"timestamp_utc":"2022-07-22T11:30:00","snow_rate":0,"app_temp":18,"pres":1014.3,"azimuth":178.17,"dewpt":12.6,"uv":3.5,"elev_angle":57.35,"wind_dir":288,"weather":{"icon":"c04d","code":804,"description":"Overcast clouds"},"ghi":860.6,"dhi":116.36,"timestamp_local":"2022-07-22T13:30:00","solar_rad":436.00174,"vis":10,"dni":893.1,"temp":18.4,"slp":1020.5,"clouds":82,"ts":1658489400},{"precip_rate":0,"rh":70,"wind_spd":2.29,"timestamp_utc":"2022-07-22T11:45:00","snow_rate":0,"app_temp":18.2,"pres":1014.05,"azimuth":184.73,"dewpt":12.7,"uv":3.2,"elev_angle":57.42,"wind_dir":293,"weather":{"icon":"c04d","code":804,"description":"Overcast clouds"},"ghi":861.5,"dhi":116.4,"timestamp_local":"2022-07-22T13:45:00","solar_rad":366.83575,"vis":10,"dni":893.3,"temp":18.2,"slp":1020.25,"clouds":86,"ts":1658490300},{"precip_rate":0,"rh":71,"wind_spd":2.22,"timestamp_utc":"2022-07-22T12:00:00","snow_rate":0,"app_temp":18.1,"pres":1013.8,"azimuth":191.29,"dewpt":12.8,"uv":3,"elev_angle":57.49,"wind_dir":297,"weather":{"icon":"c04d","code":804,"description":"Overcast clouds"},"ghi":862.3,"dhi":116.44,"timestamp_local":"2022-07-22T14:00:00","solar_rad":289.29025,"vis":10,"dni":893.5,"temp":18.1,"slp":1020,"clouds":90,"ts":1658491200},{"precip_rate":0,"rh":70,"wind_spd":2.2,"timestamp_utc":"2022-07-22T12:15:00","snow_rate":0,"app_temp":18.2,"pres":1013.8,"azimuth":197.35,"dewpt":12.7,"uv":2.9,"elev_angle":56.57,"wind_dir":298,"weather":{"icon":"c04d","code":804,"description":"Overcast clouds"},"ghi":851.5,"dhi":115.87,"timestamp_local":"2022-07-22T14:15:00","solar_rad":244.35408,"vis":10,"dni":890.77,"temp":18.2,"slp":1020,"clouds":92,"ts":1658492100},{"precip_rate":0,"rh":70,"wind_spd":2.19,"timestamp_utc":"2022-07-22T12:30:00","snow_rate":0,"app_temp":18.3,"pres":1013.8,"azimuth":203.41,"dewpt":12.7,"uv":2.7,"elev_angle":55.65,"wind_dir":298,"weather":{"icon":"c04d","code":804,"description":"Overcast clouds"},"ghi":840.7,"dhi":115.29,"timestamp_local":"2022-07-22T14:30:00","solar_rad":197.84709,"vis":10,"dni":888.05,"temp":18.3,"slp":1020,"clouds":94,"ts":1658493000},{"precip_rate":0,"rh":69,"wind_spd":2.17,"timestamp_utc":"2022-07-22T12:45:00","snow_rate":0,"app_temp":18.1,"pres":1013.8,"azimuth":209.47,"dewpt":12.6,"uv":2.5,"elev_angle":54.73,"wind_dir":299,"weather":{"icon":"c04d","code":804,"description":"Overcast clouds"},"ghi":829.9,"dhi":114.72,"timestamp_local":"2022-07-22T14:45:00","solar_rad":127.32694,"vis":10,"dni":885.32,"temp":18.4,"slp":1020,"clouds":97,"ts":1658493900},{"precip_rate":0,"rh":68,"wind_spd":2.15,"timestamp_utc":"2022-07-22T13:00:00","snow_rate":0,"app_temp":18.2,"pres":1013.8,"azimuth":215.53,"dewpt":12.5,"uv":2.3,"elev_angle":53.81,"wind_dir":300,"weather":{"icon":"c04d","code":804,"description":"Overcast clouds"},"ghi":819.1,"dhi":114.14,"timestamp_local":"2022-07-22T15:00:00","solar_rad":190.97243,"vis":10,"dni":882.59,"temp":18.5,"slp":1020,"clouds":99,"ts":1658494800},{"precip_rate":0,"rh":68,"wind_spd":2.13,"timestamp_utc":"2022-07-22T13:15:00","snow_rate":0,"app_temp":18.3,"pres":1013.8,"azimuth":220.46,"dewpt":12.5,"uv":2.4,"elev_angle":52.17,"wind_dir":302,"weather":{"icon":"c04d","code":804,"description":"Overcast clouds"},"ghi":797.5,"dhi":112.92,"timestamp_local":"2022-07-22T15:15:00","solar_rad":166.72522,"vis":10,"dni":876.64,"temp":18.6,"slp":1020,"clouds":95,"ts":1658495700},{"precip_rate":0,"rh":68,"wind_spd":2.1,"timestamp_utc":"2022-07-22T13:30:00","snow_rate":0,"app_temp":18.3,"pres":1013.8,"azimuth":225.39,"dewpt":12.5,"uv":2.5,"elev_angle":50.53,"wind_dir":304,"weather":{"icon":"c04d","code":804,"description":"Overcast clouds"},"ghi":776,"dhi":111.71,"timestamp_local":"2022-07-22T15:30:00","solar_rad":260.61594,"vis":10,"dni":870.69,"temp":18.6,"slp":1020,"clouds":90,"ts":1658496600},{"precip_rate":0,"rh":67,"wind_spd":2.07,"timestamp_utc":"2022-07-22T13:45:00","snow_rate":0,"app_temp":18.4,"pres":1013.8,"azimuth":230.32,"dewpt":12.5,"uv":2.6,"elev_angle":48.89,"wind_dir":307,"weather":{"icon":"c04d","code":804,"description":"Overcast clouds"},"ghi":754.5,"dhi":110.49,"timestamp_local":"2022-07-22T15:45:00","solar_rad":321.63852,"vis":10,"dni":864.74,"temp":18.7,"slp":1020,"clouds":86,"ts":1658497500},{"precip_rate":0,"rh":67,"wind_spd":2.05,"timestamp_utc":"2022-07-22T14:00:00","snow_rate":0,"app_temp":18.5,"pres":1013.8,"azimuth":235.25,"dewpt":12.5,"uv":2.6,"elev_angle":47.25,"wind_dir":309,"weather":{"icon":"c04d","code":804,"description":"Overcast clouds"},"ghi":733,"dhi":109.27,"timestamp_local":"2022-07-22T16:00:00","solar_rad":371.4184,"vis":10,"dni":858.79,"temp":18.8,"slp":1020,"clouds":82,"ts":1658498400},{"precip_rate":0,"rh":67,"wind_spd":2.03,"timestamp_utc":"2022-07-22T14:15:00","snow_rate":0,"app_temp":18.5,"pres":1013.55,"azimuth":239.19,"dewpt":12.5,"uv":2.3,"elev_angle":45.2,"wind_dir":312,"weather":{"icon":"c04d","code":804,"description":"Overcast clouds"},"ghi":702.6,"dhi":107.37,"timestamp_local":"2022-07-22T16:15:00","solar_rad":299.36703,"vis":10,"dni":848.91,"temp":18.8,"slp":1019.75,"clouds":86,"ts":1658499300},{"precip_rate":0,"rh":66,"wind_spd":2.02,"timestamp_utc":"2022-07-22T14:30:00","snow_rate":0,"app_temp":18.5,"pres":1013.3,"azimuth":243.14,"dewpt":12.4,"uv":1.9,"elev_angle":43.16,"wind_dir":315,"weather":{"icon":"c04d","code":804,"description":"Overcast clouds"},"ghi":672.2,"dhi":105.47,"timestamp_local":"2022-07-22T16:30:00","solar_rad":209.98567,"vis":10,"dni":839.02,"temp":18.8,"slp":1019.5,"clouds":91,"ts":1658500200},{"precip_rate":0,"rh":66,"wind_spd":2.01,"timestamp_utc":"2022-07-22T14:45:00","snow_rate":0,"app_temp":18.5,"pres":1013.05,"azimuth":247.08,"dewpt":12.4,"uv":1.6,"elev_angle":41.11,"wind_dir":318,"weather":{"icon":"c04d","code":804,"description":"Overcast clouds"},"ghi":641.9,"dhi":103.57,"timestamp_local":"2022-07-22T16:45:00","solar_rad":116.872894,"vis":10,"dni":829.14,"temp":18.9,"slp":1019.25,"clouds":96,"ts":1658501100},{"precip_rate":0,"rh":66,"wind_spd":1.99,"timestamp_utc":"2022-07-22T15:00:00","snow_rate":0,"app_temp":18.6,"pres":1012.8,"azimuth":251.02,"dewpt":12.4,"uv":1.4,"elev_angle":39.06,"wind_dir":321,"weather":{"icon":"c04d","code":804,"description":"Overcast clouds"},"ghi":611.5,"dhi":101.67,"timestamp_local":"2022-07-22T17:00:00","solar_rad":140.48146,"vis":10,"dni":819.25,"temp":18.9,"slp":1019,"clouds":100,"ts":1658502000},{"precip_rate":0,"rh":66,"wind_spd":1.91,"timestamp_utc":"2022-07-22T15:15:00","snow_rate":0,"app_temp":18.6,"pres":1012.8,"azimuth":254.33,"dewpt":12.4,"uv":1.3,"elev_angle":36.82,"wind_dir":324,"weather":{"icon":"c04d","code":804,"description":"Overcast clouds"},"ghi":574.9,"dhi":99,"timestamp_local":"2022-07-22T17:15:00","solar_rad":135.41754,"vis":10,"dni":804.01,"temp":18.9,"slp":1019,"clouds":100,"ts":1658502900},{"precip_rate":0,"rh":66,"wind_spd":1.82,"timestamp_utc":"2022-07-22T15:30:00","snow_rate":0,"app_temp":18.6,"pres":1012.8,"azimuth":257.64,"dewpt":12.5,"uv":1.2,"elev_angle":34.58,"wind_dir":326,"weather":{"icon":"c04d","code":804,"description":"Overcast clouds"},"ghi":538.2,"dhi":96.32,"timestamp_local":"2022-07-22T17:30:00","solar_rad":130.34106,"vis":10,"dni":788.77,"temp":18.9,"slp":1019,"clouds":100,"ts":1658503800},{"precip_rate":0,"rh":66,"wind_spd":1.73,"timestamp_utc":"2022-07-22T15:45:00","snow_rate":0,"app_temp":18.7,"pres":1012.8,"azimuth":260.95,"dewpt":12.6,"uv":1.1,"elev_angle":32.34,"wind_dir":329,"weather":{"icon":"c04d","code":804,"description":"Overcast clouds"},"ghi":501.6,"dhi":93.65,"timestamp_local":"2022-07-22T17:45:00","solar_rad":125.28487,"vis":10,"dni":773.53,"temp":19,"slp":1019,"clouds":100,"ts":1658504700},{"precip_rate":0,"rh":66,"wind_spd":1.65,"timestamp_utc":"2022-07-22T16:00:00","snow_rate":0,"app_temp":18.7,"pres":1012.8,"azimuth":264.26,"dewpt":12.6,"uv":1,"elev_angle":30.1,"wind_dir":332,"weather":{"icon":"c04d","code":804,"description":"Overcast clouds"},"ghi":465,"dhi":90.97,"timestamp_local":"2022-07-22T18:00:00","solar_rad":120.22265,"vis":10,"dni":758.29,"temp":19,"slp":1019,"clouds":100,"ts":1658505600},{"precip_rate":0,"rh":66,"wind_spd":1.61,"timestamp_utc":"2022-07-22T16:15:00","snow_rate":0,"app_temp":18.6,"pres":1012.8,"azimuth":267.23,"dewpt":12.6,"uv":0.9,"elev_angle":27.81,"wind_dir":333,"weather":{"icon":"c04d","code":804,"description":"Overcast clouds"},"ghi":425.6,"dhi":87.35,"timestamp_local":"2022-07-22T18:15:00","solar_rad":114.171135,"vis":10,"dni":734.81,"temp":18.9,"slp":1019,"clouds":100,"ts":1658506500},{"precip_rate":0,"rh":66,"wind_spd":1.57,"timestamp_utc":"2022-07-22T16:30:00","snow_rate":0,"app_temp":18.5,"pres":1012.8,"azimuth":270.19,"dewpt":12.6,"uv":0.8,"elev_angle":25.51,"wind_dir":334,"weather":{"icon":"c04d","code":804,"description":"Overcast clouds"},"ghi":386.1,"dhi":83.73,"timestamp_local":"2022-07-22T18:30:00","solar_rad":108.095695,"vis":10,"dni":711.33,"temp":18.8,"slp":1019,"clouds":100,"ts":1658507400},{"precip_rate":0,"rh":67,"wind_spd":1.53,"timestamp_utc":"2022-07-22T16:45:00","snow_rate":0,"app_temp":18.4,"pres":1012.8,"azimuth":273.16,"dewpt":12.5,"uv":0.8,"elev_angle":23.22,"wind_dir":335,"weather":{"icon":"c04d","code":804,"description":"Overcast clouds"},"ghi":346.6,"dhi":80.1,"timestamp_local":"2022-07-22T18:45:00","solar_rad":101.799675,"vis":10,"dni":687.84,"temp":18.7,"slp":1019,"clouds":100,"ts":1658508300},{"precip_rate":0,"rh":67,"wind_spd":1.49,"timestamp_utc":"2022-07-22T17:00:00","snow_rate":0,"app_temp":18.3,"pres":1012.8,"azimuth":276.12,"dewpt":12.5,"uv":0.7,"elev_angle":20.92,"wind_dir":336,"weather":{"icon":"c04d","code":804,"description":"Overcast clouds"},"ghi":307.2,"dhi":76.48,"timestamp_local":"2022-07-22T19:00:00","solar_rad":95.71852,"vis":10,"dni":664.36,"temp":18.6,"slp":1019,"clouds":100,"ts":1658509200},{"precip_rate":0,"rh":67,"wind_spd":1.38,"timestamp_utc":"2022-07-22T17:15:00","snow_rate":0,"app_temp":18.2,"pres":1012.8,"azimuth":278.95,"dewpt":12.4,"uv":0.7,"elev_angle":18.68,"wind_dir":332,"weather":{"icon":"c04d","code":804,"description":"Overcast clouds"},"ghi":269,"dhi":71.53,"timestamp_local":"2022-07-22T19:15:00","solar_rad":96.5173,"vis":10,"dni":625.82,"temp":18.5,"slp":1019,"clouds":99,"ts":1658510100},{"precip_rate":0,"rh":68,"wind_spd":1.28,"timestamp_utc":"2022-07-22T17:30:00","snow_rate":0,"app_temp":18.1,"pres":1012.8,"azimuth":281.79,"dewpt":12.3,"uv":0.7,"elev_angle":16.43,"wind_dir":329,"weather":{"icon":"c04d","code":804,"description":"Overcast clouds"},"ghi":230.8,"dhi":66.57,"timestamp_local":"2022-07-22T19:30:00","solar_rad":94.683655,"vis":10,"dni":587.27,"temp":18.4,"slp":1019,"clouds":98,"ts":1658511000},{"precip_rate":0,"rh":68,"wind_spd":1.17,"timestamp_utc":"2022-07-22T17:45:00","snow_rate":0,"app_temp":18.3,"pres":1012.8,"azimuth":284.62,"dewpt":12.3,"uv":0.6,"elev_angle":14.19,"wind_dir":326,"weather":{"icon":"c04d","code":804,"description":"Overcast clouds"},"ghi":192.6,"dhi":61.62,"timestamp_local":"2022-07-22T19:45:00","solar_rad":85.05468,"vis":10,"dni":548.73,"temp":18.3,"slp":1019,"clouds":98,"ts":1658511900},{"precip_rate":0,"rh":68,"wind_spd":1.06,"timestamp_utc":"2022-07-22T18:00:00","snow_rate":0,"app_temp":18.2,"pres":1012.8,"azimuth":287.45,"dewpt":12.2,"uv":0.6,"elev_angle":11.94,"wind_dir":322,"weather":{"icon":"c04d","code":804,"description":"Overcast clouds"},"ghi":154.5,"dhi":56.66,"timestamp_local":"2022-07-22T20:00:00","solar_rad":79.86072,"vis":10,"dni":510.18,"temp":18.2,"slp":1019,"clouds":97,"ts":1658512800},{"precip_rate":0,"rh":70,"wind_spd":1,"timestamp_utc":"2022-07-22T18:15:00","snow_rate":0,"app_temp":18,"pres":1012.8,"azimuth":290.3,"dewpt":12.5,"uv":0.6,"elev_angle":9.83,"wind_dir":326,"weather":{"icon":"c04d","code":804,"description":"Overcast clouds"},"ghi":123.5,"dhi":49.16,"timestamp_local":"2022-07-22T20:15:00","solar_rad":67.586914,"vis":10,"dni":435.35,"temp":18,"slp":1019,"clouds":97,"ts":1658513700},{"precip_rate":0,"rh":72,"wind_spd":0.93,"timestamp_utc":"2022-07-22T18:30:00","snow_rate":0,"app_temp":17.8,"pres":1012.8,"azimuth":293.15,"dewpt":12.8,"uv":0.6,"elev_angle":7.72,"wind_dir":330,"weather":{"icon":"c04d","code":804,"description":"Overcast clouds"},"ghi":92.5,"dhi":41.67,"timestamp_local":"2022-07-22T20:30:00","solar_rad":52.697247,"vis":10,"dni":360.53,"temp":17.8,"slp":1019,"clouds":98,"ts":1658514600},{"precip_rate":0,"rh":75,"wind_spd":0.87,"timestamp_utc":"2022-07-22T18:45:00","snow_rate":0,"app_temp":17.5,"pres":1012.8,"azimuth":295.99,"dewpt":13,"uv":0.6,"elev_angle":5.61,"wind_dir":333,"weather":{"icon":"c04d","code":804,"description":"Overcast clouds"},"ghi":61.6,"dhi":34.17,"timestamp_local":"2022-07-22T20:45:00","solar_rad":41.367012,"vis":10,"dni":285.7,"temp":17.5,"slp":1019,"clouds":98,"ts":1658515500},{"precip_rate":0,"rh":77,"wind_spd":0.8,"timestamp_utc":"2022-07-22T19:00:00","snow_rate":0,"app_temp":17.3,"pres":1012.8,"azimuth":298.84,"dewpt":13.3,"uv":0.6,"elev_angle":3.5,"wind_dir":337,"weather":{"icon":"c04n","code":804,"description":"Overcast clouds"},"ghi":30.6,"dhi":26.67,"timestamp_local":"2022-07-22T21:00:00","solar_rad":30.109732,"vis":10,"dni":210.87,"temp":17.3,"slp":1019,"clouds":98,"ts":1658516400},{"precip_rate":0,"rh":78,"wind_spd":0.75,"timestamp_utc":"2022-07-22T19:15:00","snow_rate":0,"app_temp":17.1,"pres":1012.55,"azimuth":301.82,"dewpt":13.2,"uv":0.6,"elev_angle":1.62,"wind_dir":261,"weather":{"icon":"c04n","code":804,"description":"Overcast clouds"},"ghi":23,"dhi":20,"timestamp_local":"2022-07-22T21:15:00","solar_rad":22.58342,"vis":10,"dni":158.15,"temp":17.1,"slp":1018.75,"clouds":98,"ts":1658517300},{"precip_rate":0,"rh":78,"wind_spd":0.69,"timestamp_utc":"2022-07-22T19:30:00","snow_rate":0,"app_temp":16.9,"pres":1012.3,"azimuth":304.79,"dewpt":13.2,"uv":0,"elev_angle":-0.27,"wind_dir":186,"weather":{"icon":"c04n","code":804,"description":"Overcast clouds"},"ghi":15.3,"dhi":13.34,"timestamp_local":"2022-07-22T21:30:00","solar_rad":15.065724,"vis":10,"dni":105.44,"temp":16.9,"slp":1018.5,"clouds":98,"ts":1658518200},{"precip_rate":0,"rh":78,"wind_spd":0.64,"timestamp_utc":"2022-07-22T19:45:00","snow_rate":0,"app_temp":16.8,"pres":1012.05,"azimuth":307.77,"dewpt":13.1,"uv":0,"elev_angle":-2.16,"wind_dir":110,"weather":{"icon":"c04n","code":804,"description":"Overcast clouds"},"ghi":7.7,"dhi":6.67,"timestamp_local":"2022-07-22T21:45:00","solar_rad":7.315594,"vis":10,"dni":52.72,"temp":16.8,"slp":1018.25,"clouds":99,"ts":1658519100},{"precip_rate":0,"rh":79,"wind_spd":0.58,"timestamp_utc":"2022-07-22T20:00:00","snow_rate":0,"app_temp":16.6,"pres":1011.8,"azimuth":310.74,"dewpt":13,"uv":0,"elev_angle":-4.04,"wind_dir":34,"weather":{"icon":"c04n","code":804,"description":"Overcast clouds"},"ghi":0,"dhi":0,"timestamp_local":"2022-07-22T22:00:00","solar_rad":0,"vis":10,"dni":0,"temp":16.6,"slp":1018,"clouds":99,"ts":1658520000},{"precip_rate":0,"rh":80,"wind_spd":0.6,"timestamp_utc":"2022-07-22T20:15:00","snow_rate":0,"app_temp":16.5,"pres":1011.8,"azimuth":313.92,"dewpt":13,"uv":0,"elev_angle":-5.6,"wind_dir":39,"weather":{"icon":"c04n","code":804,"description":"Overcast clouds"},"ghi":0,"dhi":0,"timestamp_local":"2022-07-22T22:15:00","solar_rad":0,"vis":10,"dni":0,"temp":16.5,"slp":1018,"clouds":99,"ts":1658520900},{"precip_rate":0,"rh":80,"wind_spd":0.62,"timestamp_utc":"2022-07-22T20:30:00","snow_rate":0,"app_temp":16.4,"pres":1011.8,"azimuth":317.11,"dewpt":12.9,"uv":0,"elev_angle":-7.17,"wind_dir":44,"weather":{"icon":"c04n","code":804,"description":"Overcast clouds"},"ghi":0,"dhi":0,"timestamp_local":"2022-07-22T22:30:00","solar_rad":0,"vis":10,"dni":0,"temp":16.4,"slp":1018,"clouds":100,"ts":1658521800},{"precip_rate":0,"rh":80,"wind_spd":0.65,"timestamp_utc":"2022-07-22T20:45:00","snow_rate":0,"app_temp":16.3,"pres":1011.8,"azimuth":320.29,"dewpt":12.9,"uv":0,"elev_angle":-8.73,"wind_dir":48,"weather":{"icon":"c04n","code":804,"description":"Overcast clouds"},"ghi":0,"dhi":0,"timestamp_local":"2022-07-22T22:45:00","solar_rad":0,"vis":10,"dni":0,"temp":16.3,"slp":1018,"clouds":100,"ts":1658522700},{"precip_rate":0,"rh":81,"wind_spd":0.67,"timestamp_utc":"2022-07-22T21:00:00","snow_rate":0,"app_temp":16.2,"pres":1011.8,"azimuth":323.47,"dewpt":12.9,"uv":0,"elev_angle":-10.29,"wind_dir":53,"weather":{"icon":"c04n","code":804,"description":"Overcast clouds"},"ghi":0,"dhi":0,"timestamp_local":"2022-07-22T23:00:00","solar_rad":0,"vis":10,"dni":0,"temp":16.2,"slp":1018,"clouds":100,"ts":1658523600},{"precip_rate":0,"rh":82,"wind_spd":0.61,"timestamp_utc":"2022-07-22T21:15:00","snow_rate":0,"app_temp":16,"pres":1011.775,"azimuth":326.89,"dewpt":12.8,"uv":0,"elev_angle":-11.43,"wind_dir":55,"weather":{"icon":"c04n","code":804,"description":"Overcast clouds"},"ghi":0,"dhi":0,"timestamp_local":"2022-07-22T23:15:00","solar_rad":0,"vis":10,"dni":0,"temp":16,"slp":1018,"clouds":100,"ts":1658524500},{"precip_rate":0,"rh":82,"wind_spd":0.55,"timestamp_utc":"2022-07-22T21:30:00","snow_rate":0,"app_temp":15.8,"pres":1011.75,"azimuth":330.3,"dewpt":12.8,"uv":0,"elev_angle":-12.57,"wind_dir":57,"weather":{"icon":"c04n","code":804,"description":"Overcast clouds"},"ghi":0,"dhi":0,"timestamp_local":"2022-07-22T23:30:00","solar_rad":0,"vis":10,"dni":0,"temp":15.8,"slp":1018,"clouds":100,"ts":1658525400},{"precip_rate":0,"rh":82,"wind_spd":0.49,"timestamp_utc":"2022-07-22T21:45:00","snow_rate":0,"app_temp":15.7,"pres":1011.725,"azimuth":333.72,"dewpt":12.7,"uv":0,"elev_angle":-13.71,"wind_dir":59,"weather":{"icon":"c04n","code":804,"description":"Overcast clouds"},"ghi":0,"dhi":0,"timestamp_local":"2022-07-22T23:45:00","solar_rad":0,"vis":10,"dni":0,"temp":15.7,"slp":1018,"clouds":100,"ts":1658526300},{"precip_rate":0,"rh":83,"wind_spd":0.43,"timestamp_utc":"2022-07-22T22:00:00","snow_rate":0,"app_temp":15.5,"pres":1011.7,"azimuth":337.13,"dewpt":12.6,"uv":0,"elev_angle":-14.85,"wind_dir":61,"weather":{"icon":"c04n","code":804,"description":"Overcast clouds"},"ghi":0,"dhi":0,"timestamp_local":"2022-07-23T00:00:00","solar_rad":0,"vis":10,"dni":0,"temp":15.5,"slp":1018,"clouds":100,"ts":1658527200},{"precip_rate":0,"rh":83,"wind_spd":0.33,"timestamp_utc":"2022-07-22T22:15:00","snow_rate":0,"app_temp":15.4,"pres":1011.7,"azimuth":340.74,"dewpt":12.6,"uv":0,"elev_angle":-15.47,"wind_dir":128,"weather":{"icon":"c04n","code":804,"description":"Overcast clouds"},"ghi":0,"dhi":0,"timestamp_local":"2022-07-23T00:15:00","solar_rad":0,"vis":10,"dni":0,"temp":15.4,"slp":1018,"clouds":86,"ts":1658528100},{"precip_rate":0,"rh":84,"wind_spd":0.23,"timestamp_utc":"2022-07-22T22:30:00","snow_rate":0,"app_temp":15.3,"pres":1011.7,"azimuth":344.35,"dewpt":12.5,"uv":0,"elev_angle":-16.09,"wind_dir":196,"weather":{"icon":"c04n","code":804,"description":"Overcast clouds"},"ghi":0,"dhi":0,"timestamp_local":"2022-07-23T00:30:00","solar_rad":0,"vis":10,"dni":0,"temp":15.3,"slp":1018,"clouds":72,"ts":1658529000},{"precip_rate":0,"rh":84,"wind_spd":0.13,"timestamp_utc":"2022-07-22T22:45:00","snow_rate":0,"app_temp":15.3,"pres":1011.7,"azimuth":347.96,"dewpt":12.4,"uv":0,"elev_angle":-16.71,"wind_dir":264,"weather":{"icon":"c03n","code":803,"description":"Broken clouds"},"ghi":0,"dhi":0,"timestamp_local":"2022-07-23T00:45:00","solar_rad":0,"vis":10,"dni":0,"temp":15.3,"slp":1018,"clouds":58,"ts":1658529900},{"precip_rate":0,"rh":84,"wind_spd":0.03,"timestamp_utc":"2022-07-22T23:00:00","snow_rate":0,"app_temp":15.2,"pres":1011.7,"azimuth":351.57,"dewpt":12.4,"uv":0,"elev_angle":-17.33,"wind_dir":331,"weather":{"icon":"c03n","code":803,"description":"Broken clouds"},"ghi":0,"dhi":0,"timestamp_local":"2022-07-23T01:00:00","solar_rad":0,"vis":10,"dni":0,"temp":15.2,"slp":1018,"clouds":44,"ts":1658530800},{"precip_rate":0.5,"rh":85,"wind_spd":0.27,"timestamp_utc":"2022-07-22T23:15:00","snow_rate":0,"app_temp":15,"pres":1011.7,"azimuth":265.26,"dewpt":12.4,"uv":0,"elev_angle":-17.38,"wind_dir":248,"weather":{"icon":"c03n","code":803,"description":"Broken clouds"},"ghi":0,"dhi":0,"timestamp_local":"2022-07-23T01:15:00","solar_rad":0,"vis":10,"dni":0,"temp":15,"slp":1018,"clouds":58,"ts":1658531700},{"precip_rate":1,"rh":86,"wind_spd":0.51,"timestamp_utc":"2022-07-22T23:30:00","snow_rate":0,"app_temp":14.8,"pres":1011.7,"azimuth":178.96,"dewpt":12.5,"uv":0,"elev_angle":-17.42,"wind_dir":166,"weather":{"icon":"r01n","code":500,"description":"Light rain"},"ghi":0,"dhi":0,"timestamp_local":"2022-07-23T01:30:00","solar_rad":0,"vis":10,"dni":0,"temp":14.8,"slp":1018,"clouds":72,"ts":1658532600},{"precip_rate":1.75,"rh":88,"wind_spd":0.75,"timestamp_utc":"2022-07-22T23:45:00","snow_rate":0,"app_temp":14.6,"pres":1011.7,"azimuth":92.65,"dewpt":12.6,"uv":0,"elev_angle":-17.47,"wind_dir":83,"weather":{"icon":"r01n","code":500,"description":"Light rain"},"ghi":0,"dhi":0,"timestamp_local":"2022-07-23T01:45:00","solar_rad":0,"vis":10,"dni":0,"temp":14.6,"slp":1018,"clouds":86,"ts":1658533500}],"sources":["103150-99999","imerg","merra2","era5","modis"],"city_id":"2856883"}
