{"timezone":"Europe\/Berlin","state_code":"06","country_code":"DE","lat":52.2833,"lon":8,"city_name":"Osnabr�ck","station_id":"103150-99999","data":[{"precip_rate":0,"rh":69,"wind_spd":4.8,"timestamp_utc":"2022-06-04T00:00:00","snow_rate":0,"app_temp":14.1,"pres":1009.1167,"azimuth":8.1,"dewpt":8.5,"uv":0,"elev_angle":-14.93,"wind_dir":32,"weather":{"icon":"c04n","code":804,"description":"Overcast clouds"},"ghi":0,"dhi":0,"timestamp_local":"2022-06-04T02:00:00","solar_rad":0,"vis":10,"dni":0,"temp":14.1,"slp":1019,"clouds":94,"ts":1654300800},{"precip_rate":0,"rh":70,"wind_spd":4.7,"timestamp_utc":"2022-06-04T00:15:00","snow_rate":0,"app_temp":13.8,"pres":1009.35474,"azimuth":11.61,"dewpt":8.5,"uv":0,"elev_angle":-14.33,"wind_dir":34,"weather":{"icon":"c04n","code":804,"description":"Overcast clouds"},"ghi":0,"dhi":0,"timestamp_local":"2022-06-04T02:15:00","solar_rad":0,"vis":10,"dni":0,"temp":13.8,"slp":1019.25,"clouds":82,"ts":1654301700},{"precip_rate":0,"rh":71,"wind_spd":4.6,"timestamp_utc":"2022-06-04T00:30:00","snow_rate":0,"app_temp":13.6,"pres":1009.5928,"azimuth":15.13,"dewpt":8.4,"uv":0,"elev_angle":-13.73,"wind_dir":36,"weather":{"icon":"c04n","code":804,"description":"Overcast clouds"},"ghi":0,"dhi":0,"timestamp_local":"2022-06-04T02:30:00","solar_rad":0,"vis":10,"dni":0,"temp":13.6,"slp":1019.5,"clouds":71,"ts":1654302600},{"precip_rate":0,"rh":72,"wind_spd":4.5,"timestamp_utc":"2022-06-04T00:45:00","snow_rate":0,"app_temp":13.3,"pres":1009.8308,"azimuth":18.64,"dewpt":8.3,"uv":0,"elev_angle":-13.13,"wind_dir":38,"weather":{"icon":"c03n","code":803,"description":"Broken clouds"},"ghi":0,"dhi":0,"timestamp_local":"2022-06-04T02:45:00","solar_rad":0,"vis":10,"dni":0,"temp":13.3,"slp":1019.75,"clouds":60,"ts":1654303500},{"precip_rate":0,"rh":73,"wind_spd":4.4,"timestamp_utc":"2022-06-04T01:00:00","snow_rate":0,"app_temp":13,"pres":1010.06885,"azimuth":22.15,"dewpt":8.3,"uv":0,"elev_angle":-12.53,"wind_dir":40,"weather":{"icon":"c03n","code":803,"description":"Broken clouds"},"ghi":0,"dhi":0,"timestamp_local":"2022-06-04T03:00:00","solar_rad":0,"vis":10,"dni":0,"temp":13,"slp":1020,"clouds":48,"ts":1654304400},{"precip_rate":0,"rh":73,"wind_spd":4.5,"timestamp_utc":"2022-06-04T01:15:00","snow_rate":0,"app_temp":12.9,"pres":1009.8181,"azimuth":25.49,"dewpt":8.2,"uv":0,"elev_angle":-11.42,"wind_dir":44,"weather":{"icon":"c03n","code":803,"description":"Broken clouds"},"ghi":0,"dhi":0,"timestamp_local":"2022-06-04T03:15:00","solar_rad":0,"vis":10,"dni":0,"temp":12.9,"slp":1019.75,"clouds":48,"ts":1654305300},{"precip_rate":0,"rh":74,"wind_spd":4.6,"timestamp_utc":"2022-06-04T01:30:00","snow_rate":0,"app_temp":12.8,"pres":1009.5673,"azimuth":28.83,"dewpt":8.3,"uv":0,"elev_angle":-10.32,"wind_dir":47,"weather":{"icon":"c03n","code":803,"description":"Broken clouds"},"ghi":0,"dhi":0,"timestamp_local":"2022-06-04T03:30:00","solar_rad":0,"vis":10,"dni":0,"temp":12.8,"slp":1019.5,"clouds":48,"ts":1654306200},{"precip_rate":0,"rh":74,"wind_spd":4.7,"timestamp_utc":"2022-06-04T01:45:00","snow_rate":0,"app_temp":12.7,"pres":1009.3165,"azimuth":32.16,"dewpt":8.2,"uv":0,"elev_angle":-9.21,"wind_dir":50,"weather":{"icon":"c03n","code":803,"description":"Broken clouds"},"ghi":0,"dhi":0,"timestamp_local":"2022-06-04T03:45:00","solar_rad":0,"vis":10,"dni":0,"temp":12.7,"slp":1019.25,"clouds":47,"ts":1654307100},{"precip_rate":0,"rh":74,"wind_spd":4.8,"timestamp_utc":"2022-06-04T02:00:00","snow_rate":0,"app_temp":12.6,"pres":1009.0658,"azimuth":35.5,"dewpt":8.1,"uv":0,"elev_angle":-8.1,"wind_dir":54,"weather":{"icon":"c03n","code":803,"description":"Broken clouds"},"ghi":0,"dhi":0,"timestamp_local":"2022-06-04T04:00:00","solar_rad":0,"vis":10,"dni":0,"temp":12.6,"slp":1019,"clouds":47,"ts":1654308000},{"precip_rate":0,"rh":75,"wind_spd":4.5,"timestamp_utc":"2022-06-04T02:15:00","snow_rate":0,"app_temp":12.4,"pres":1009.30695,"azimuth":38.62,"dewpt":8.1,"uv":0,"elev_angle":-6.57,"wind_dir":55,"weather":{"icon":"c03n","code":803,"description":"Broken clouds"},"ghi":0,"dhi":0,"timestamp_local":"2022-06-04T04:15:00","solar_rad":0,"vis":10,"dni":0,"temp":12.4,"slp":1019.25,"clouds":60,"ts":1654308900},{"precip_rate":0,"rh":76,"wind_spd":4.2,"timestamp_utc":"2022-06-04T02:30:00","snow_rate":0,"app_temp":12.3,"pres":1009.5481,"azimuth":41.75,"dewpt":8.1,"uv":0,"elev_angle":-5.05,"wind_dir":56,"weather":{"icon":"c04n","code":804,"description":"Overcast clouds"},"ghi":0,"dhi":0,"timestamp_local":"2022-06-04T04:30:00","solar_rad":0,"vis":10,"dni":0,"temp":12.3,"slp":1019.5,"clouds":73,"ts":1654309800},{"precip_rate":0,"rh":77,"wind_spd":3.9,"timestamp_utc":"2022-06-04T02:45:00","snow_rate":0,"app_temp":12.1,"pres":1009.7892,"azimuth":44.87,"dewpt":8.2,"uv":0,"elev_angle":-3.52,"wind_dir":57,"weather":{"icon":"c04n","code":804,"description":"Overcast clouds"},"ghi":0,"dhi":0,"timestamp_local":"2022-06-04T04:45:00","solar_rad":0,"vis":10,"dni":0,"temp":12.1,"slp":1019.75,"clouds":86,"ts":1654310700},{"precip_rate":0,"rh":78,"wind_spd":3.6,"timestamp_utc":"2022-06-04T03:00:00","snow_rate":0,"app_temp":11.9,"pres":1010.03033,"azimuth":47.99,"dewpt":8.2,"uv":0,"elev_angle":-1.99,"wind_dir":58,"weather":{"icon":"c04n","code":804,"description":"Overcast clouds"},"ghi":0,"dhi":0,"timestamp_local":"2022-06-04T05:00:00","solar_rad":0,"vis":10,"dni":0,"temp":11.9,"slp":1020,"clouds":99,"ts":1654311600},{"precip_rate":0,"rh":78,"wind_spd":3.6,"timestamp_utc":"2022-06-04T03:15:00","snow_rate":0,"app_temp":11.9,"pres":1010.03033,"azimuth":50.92,"dewpt":8.2,"uv":0,"elev_angle":-0.14,"wind_dir":53,"weather":{"icon":"c04n","code":804,"description":"Overcast clouds"},"ghi":13.8,"dhi":8.84,"timestamp_local":"2022-06-04T05:15:00","solar_rad":10.637237,"vis":10,"dni":76.31,"temp":11.9,"slp":1020,"clouds":99,"ts":1654312500},{"precip_rate":0,"rh":78,"wind_spd":3.6,"timestamp_utc":"2022-06-04T03:30:00","snow_rate":0,"app_temp":11.9,"pres":1010.03033,"azimuth":53.85,"dewpt":8.2,"uv":0.5,"elev_angle":1.72,"wind_dir":48,"weather":{"icon":"c04n","code":804,"description":"Overcast clouds"},"ghi":27.6,"dhi":17.69,"timestamp_local":"2022-06-04T05:30:00","solar_rad":20.45,"vis":10,"dni":152.62,"temp":11.9,"slp":1020,"clouds":100,"ts":1654313400},{"precip_rate":0,"rh":78,"wind_spd":3.6,"timestamp_utc":"2022-06-04T03:45:00","snow_rate":0,"app_temp":11.9,"pres":1010.03033,"azimuth":56.78,"dewpt":8.2,"uv":0.5,"elev_angle":3.58,"wind_dir":43,"weather":{"icon":"c04n","code":804,"description":"Overcast clouds"},"ghi":41.4,"dhi":26.53,"timestamp_local":"2022-06-04T05:45:00","solar_rad":30.67,"vis":10,"dni":228.93,"temp":11.9,"slp":1020,"clouds":100,"ts":1654314300},{"precip_rate":0,"rh":78,"wind_spd":3.6,"timestamp_utc":"2022-06-04T04:00:00","snow_rate":0,"app_temp":11.9,"pres":1010.03033,"azimuth":59.71,"dewpt":8.2,"uv":0.5,"elev_angle":5.43,"wind_dir":38,"weather":{"icon":"c04d","code":804,"description":"Overcast clouds"},"ghi":55.2,"dhi":35.37,"timestamp_local":"2022-06-04T06:00:00","solar_rad":40.89,"vis":10,"dni":305.24,"temp":11.9,"slp":1020,"clouds":100,"ts":1654315200},{"precip_rate":0,"rh":78,"wind_spd":3.7,"timestamp_utc":"2022-06-04T04:15:00","snow_rate":0,"app_temp":12.1,"pres":1010.03674,"azimuth":62.52,"dewpt":8.4,"uv":0.6,"elev_angle":7.51,"wind_dir":37,"weather":{"icon":"c04d","code":804,"description":"Overcast clouds"},"ghi":87.7,"dhi":41.9,"timestamp_local":"2022-06-04T06:15:00","solar_rad":50.670002,"vis":10,"dni":366.64,"temp":12.1,"slp":1020,"clouds":100,"ts":1654316100},{"precip_rate":0,"rh":77,"wind_spd":3.8,"timestamp_utc":"2022-06-04T04:30:00","snow_rate":0,"app_temp":12.3,"pres":1010.0432,"azimuth":65.33,"dewpt":8.3,"uv":0.6,"elev_angle":9.6,"wind_dir":36,"weather":{"icon":"c04d","code":804,"description":"Overcast clouds"},"ghi":120.1,"dhi":48.43,"timestamp_local":"2022-06-04T06:30:00","solar_rad":60.44,"vis":10,"dni":428.03,"temp":12.3,"slp":1020,"clouds":100,"ts":1654317000},{"precip_rate":0,"rh":76,"wind_spd":3.9,"timestamp_utc":"2022-06-04T04:45:00","snow_rate":0,"app_temp":12.4,"pres":1010.0496,"azimuth":68.13,"dewpt":8.3,"uv":0.6,"elev_angle":11.68,"wind_dir":35,"weather":{"icon":"c04d","code":804,"description":"Overcast clouds"},"ghi":152.6,"dhi":54.95,"timestamp_local":"2022-06-04T06:45:00","solar_rad":70.21,"vis":10,"dni":489.43,"temp":12.4,"slp":1020,"clouds":100,"ts":1654317900},{"precip_rate":0,"rh":76,"wind_spd":4,"timestamp_utc":"2022-06-04T05:00:00","snow_rate":0,"app_temp":12.6,"pres":1010.056,"azimuth":70.94,"dewpt":8.5,"uv":0.6,"elev_angle":13.76,"wind_dir":34,"weather":{"icon":"c04d","code":804,"description":"Overcast clouds"},"ghi":185,"dhi":61.48,"timestamp_local":"2022-06-04T07:00:00","solar_rad":79.98,"vis":10,"dni":550.82,"temp":12.6,"slp":1020,"clouds":100,"ts":1654318800},{"precip_rate":0,"rh":75,"wind_spd":3.9,"timestamp_utc":"2022-06-04T05:15:00","snow_rate":0,"app_temp":12.9,"pres":1010.0656,"azimuth":73.73,"dewpt":8.6,"uv":0.6,"elev_angle":15.99,"wind_dir":36,"weather":{"icon":"c04d","code":804,"description":"Overcast clouds"},"ghi":223.4,"dhi":66.06,"timestamp_local":"2022-06-04T07:15:00","solar_rad":88.4,"vis":10,"dni":585.01,"temp":12.9,"slp":1020,"clouds":100,"ts":1654319700},{"precip_rate":0,"rh":74,"wind_spd":3.8,"timestamp_utc":"2022-06-04T05:30:00","snow_rate":0,"app_temp":13.2,"pres":1010.0752,"azimuth":76.53,"dewpt":8.6,"uv":0.7,"elev_angle":18.22,"wind_dir":38,"weather":{"icon":"c04d","code":804,"description":"Overcast clouds"},"ghi":261.8,"dhi":70.65,"timestamp_local":"2022-06-04T07:30:00","solar_rad":96.83,"vis":10,"dni":619.2,"temp":13.2,"slp":1020,"clouds":100,"ts":1654320600},{"precip_rate":0,"rh":72,"wind_spd":3.7,"timestamp_utc":"2022-06-04T05:45:00","snow_rate":0,"app_temp":13.4,"pres":1010.0847,"azimuth":79.32,"dewpt":8.5,"uv":0.7,"elev_angle":20.45,"wind_dir":40,"weather":{"icon":"c04d","code":804,"description":"Overcast clouds"},"ghi":300.1,"dhi":75.23,"timestamp_local":"2022-06-04T07:45:00","solar_rad":105.24,"vis":10,"dni":653.38,"temp":13.4,"slp":1020,"clouds":100,"ts":1654321500},{"precip_rate":0,"rh":71,"wind_spd":3.6,"timestamp_utc":"2022-06-04T06:00:00","snow_rate":0,"app_temp":13.7,"pres":1010.0943,"azimuth":82.11,"dewpt":8.5,"uv":0.8,"elev_angle":22.68,"wind_dir":42,"weather":{"icon":"c04d","code":804,"description":"Overcast clouds"},"ghi":338.5,"dhi":79.81,"timestamp_local":"2022-06-04T08:00:00","solar_rad":113.659996,"vis":10,"dni":687.57,"temp":13.7,"slp":1020,"clouds":100,"ts":1654322400},{"precip_rate":0,"rh":69,"wind_spd":3.6,"timestamp_utc":"2022-06-04T06:15:00","snow_rate":0,"app_temp":14.1,"pres":1010.35455,"azimuth":85.04,"dewpt":8.5,"uv":0.8,"elev_angle":24.97,"wind_dir":44,"weather":{"icon":"c04d","code":804,"description":"Overcast clouds"},"ghi":377.8,"dhi":83.24,"timestamp_local":"2022-06-04T08:15:00","solar_rad":121.02,"vis":10,"dni":709.17,"temp":14.1,"slp":1020.25,"clouds":100,"ts":1654323300},{"precip_rate":0,"rh":68,"wind_spd":3.6,"timestamp_utc":"2022-06-04T06:30:00","snow_rate":0,"app_temp":14.4,"pres":1010.61475,"azimuth":87.97,"dewpt":8.6,"uv":0.9,"elev_angle":27.26,"wind_dir":46,"weather":{"icon":"c04d","code":804,"description":"Overcast clouds"},"ghi":417.1,"dhi":86.67,"timestamp_local":"2022-06-04T08:30:00","solar_rad":128.38,"vis":10,"dni":730.78,"temp":14.4,"slp":1020.5,"clouds":100,"ts":1654324200},{"precip_rate":0,"rh":66,"wind_spd":3.6,"timestamp_utc":"2022-06-04T06:45:00","snow_rate":0,"app_temp":14.8,"pres":1010.875,"azimuth":90.9,"dewpt":8.5,"uv":1,"elev_angle":29.55,"wind_dir":48,"weather":{"icon":"c04d","code":804,"description":"Overcast clouds"},"ghi":456.4,"dhi":90.09,"timestamp_local":"2022-06-04T08:45:00","solar_rad":135.73,"vis":10,"dni":752.38,"temp":14.8,"slp":1020.75,"clouds":100,"ts":1654325100},{"precip_rate":0,"rh":64,"wind_spd":3.6,"timestamp_utc":"2022-06-04T07:00:00","snow_rate":0,"app_temp":15.2,"pres":1011.13525,"azimuth":93.83,"dewpt":8.4,"uv":1.1,"elev_angle":31.84,"wind_dir":50,"weather":{"icon":"c04d","code":804,"description":"Overcast clouds"},"ghi":495.6,"dhi":93.52,"timestamp_local":"2022-06-04T09:00:00","solar_rad":143.08,"vis":10,"dni":773.98,"temp":15.2,"slp":1021,"clouds":100,"ts":1654326000},{"precip_rate":0,"rh":63,"wind_spd":3.6,"timestamp_utc":"2022-06-04T07:15:00","snow_rate":0,"app_temp":15.6,"pres":1011.1478,"azimuth":97.11,"dewpt":8.6,"uv":1.2,"elev_angle":34.1,"wind_dir":49,"weather":{"icon":"c04d","code":804,"description":"Overcast clouds"},"ghi":532,"dhi":96.08,"timestamp_local":"2022-06-04T09:15:00","solar_rad":149.28,"vis":10,"dni":788.28,"temp":15.6,"slp":1021,"clouds":100,"ts":1654326900},{"precip_rate":0,"rh":62,"wind_spd":3.6,"timestamp_utc":"2022-06-04T07:30:00","snow_rate":0,"app_temp":16,"pres":1011.16034,"azimuth":100.38,"dewpt":8.7,"uv":1.3,"elev_angle":36.35,"wind_dir":48,"weather":{"icon":"c04d","code":804,"description":"Overcast clouds"},"ghi":568.3,"dhi":98.65,"timestamp_local":"2022-06-04T09:30:00","solar_rad":155.48,"vis":10,"dni":802.57,"temp":16,"slp":1021,"clouds":100,"ts":1654327800},{"precip_rate":0,"rh":61,"wind_spd":3.6,"timestamp_utc":"2022-06-04T07:45:00","snow_rate":0,"app_temp":16.3,"pres":1011.17285,"azimuth":103.66,"dewpt":8.8,"uv":1.4,"elev_angle":38.61,"wind_dir":47,"weather":{"icon":"c04d","code":804,"description":"Overcast clouds"},"ghi":604.7,"dhi":101.21,"timestamp_local":"2022-06-04T09:45:00","solar_rad":161.68001,"vis":10,"dni":816.87,"temp":16.3,"slp":1021,"clouds":100,"ts":1654328700},{"precip_rate":0,"rh":60,"wind_spd":3.6,"timestamp_utc":"2022-06-04T08:00:00","snow_rate":0,"app_temp":16.7,"pres":1011.1854,"azimuth":106.93,"dewpt":8.9,"uv":1.5,"elev_angle":40.86,"wind_dir":46,"weather":{"icon":"c04d","code":804,"description":"Overcast clouds"},"ghi":641,"dhi":103.77,"timestamp_local":"2022-06-04T10:00:00","solar_rad":167.87,"vis":10,"dni":831.16,"temp":16.7,"slp":1021,"clouds":100,"ts":1654329600},{"precip_rate":0,"rh":59,"wind_spd":3.6,"timestamp_utc":"2022-06-04T08:15:00","snow_rate":0,"app_temp":17,"pres":1011.1947,"azimuth":110.86,"dewpt":8.9,"uv":1.6,"elev_angle":42.95,"wind_dir":46,"weather":{"icon":"c04d","code":804,"description":"Overcast clouds"},"ghi":671.2,"dhi":105.6,"timestamp_local":"2022-06-04T10:15:00","solar_rad":172.72,"vis":10,"dni":840.54,"temp":17,"slp":1021,"clouds":100,"ts":1654330500},{"precip_rate":0,"rh":58,"wind_spd":3.6,"timestamp_utc":"2022-06-04T08:30:00","snow_rate":0,"app_temp":17.3,"pres":1011.20404,"azimuth":114.8,"dewpt":8.9,"uv":1.7,"elev_angle":45.03,"wind_dir":45,"weather":{"icon":"c04d","code":804,"description":"Overcast clouds"},"ghi":701.3,"dhi":107.44,"timestamp_local":"2022-06-04T10:30:00","solar_rad":177.56999,"vis":10,"dni":849.92,"temp":17.3,"slp":1021,"clouds":100,"ts":1654331400},{"precip_rate":0,"rh":58,"wind_spd":3.6,"timestamp_utc":"2022-06-04T08:45:00","snow_rate":0,"app_temp":17.5,"pres":1011.2134,"azimuth":118.73,"dewpt":9.2,"uv":1.9,"elev_angle":47.12,"wind_dir":44,"weather":{"icon":"c04d","code":804,"description":"Overcast clouds"},"ghi":731.4,"dhi":109.27,"timestamp_local":"2022-06-04T10:45:00","solar_rad":182.41,"vis":10,"dni":859.29,"temp":17.5,"slp":1021,"clouds":100,"ts":1654332300},{"precip_rate":0,"rh":57,"wind_spd":3.6,"timestamp_utc":"2022-06-04T09:00:00","snow_rate":0,"app_temp":17.8,"pres":1011.22266,"azimuth":122.66,"dewpt":9.2,"uv":2,"elev_angle":49.2,"wind_dir":44,"weather":{"icon":"c04d","code":804,"description":"Overcast clouds"},"ghi":761.6,"dhi":111.1,"timestamp_local":"2022-06-04T11:00:00","solar_rad":187.26001,"vis":10,"dni":868.67,"temp":17.8,"slp":1021,"clouds":100,"ts":1654333200},{"precip_rate":0,"rh":56,"wind_spd":3.7,"timestamp_utc":"2022-06-04T09:15:00","snow_rate":0,"app_temp":18.3,"pres":1011.23804,"azimuth":127.67,"dewpt":9.3,"uv":2.1,"elev_angle":50.89,"wind_dir":47,"weather":{"icon":"c04d","code":804,"description":"Overcast clouds"},"ghi":782.9,"dhi":112.28,"timestamp_local":"2022-06-04T11:15:00","solar_rad":190.57,"vis":10,"dni":874.36,"temp":18.3,"slp":1021,"clouds":100,"ts":1654334100},{"precip_rate":0,"rh":54,"wind_spd":3.8,"timestamp_utc":"2022-06-04T09:30:00","snow_rate":0,"app_temp":18,"pres":1011.2534,"azimuth":132.68,"dewpt":9.2,"uv":2.2,"elev_angle":52.58,"wind_dir":50,"weather":{"icon":"c04d","code":804,"description":"Overcast clouds"},"ghi":804.3,"dhi":113.46,"timestamp_local":"2022-06-04T11:30:00","solar_rad":193.89,"vis":10,"dni":880.05,"temp":18.7,"slp":1021,"clouds":100,"ts":1654335000},{"precip_rate":0,"rh":53,"wind_spd":3.9,"timestamp_utc":"2022-06-04T09:45:00","snow_rate":0,"app_temp":18.5,"pres":1011.2688,"azimuth":137.68,"dewpt":9.4,"uv":2.3,"elev_angle":54.27,"wind_dir":53,"weather":{"icon":"c04d","code":804,"description":"Overcast clouds"},"ghi":825.6,"dhi":114.63,"timestamp_local":"2022-06-04T11:45:00","solar_rad":197.19,"vis":10,"dni":885.73,"temp":19.1,"slp":1021,"clouds":100,"ts":1654335900},{"precip_rate":0,"rh":52,"wind_spd":4,"timestamp_utc":"2022-06-04T10:00:00","snow_rate":0,"app_temp":19,"pres":1011.2842,"azimuth":142.69,"dewpt":9.5,"uv":2.4,"elev_angle":55.96,"wind_dir":56,"weather":{"icon":"c04d","code":804,"description":"Overcast clouds"},"ghi":847,"dhi":115.81,"timestamp_local":"2022-06-04T12:00:00","solar_rad":200.51,"vis":10,"dni":891.42,"temp":19.6,"slp":1021,"clouds":100,"ts":1654336800},{"precip_rate":0,"rh":52,"wind_spd":3.9,"timestamp_utc":"2022-06-04T10:15:00","snow_rate":0,"app_temp":19.2,"pres":1011.2903,"azimuth":148.99,"dewpt":9.7,"uv":2.5,"elev_angle":56.93,"wind_dir":56,"weather":{"icon":"c04d","code":804,"description":"Overcast clouds"},"ghi":857.7,"dhi":116.37,"timestamp_local":"2022-06-04T12:15:00","solar_rad":228.07214,"vis":10,"dni":894.04,"temp":19.8,"slp":1021,"clouds":99,"ts":1654337700},{"precip_rate":0,"rh":52,"wind_spd":3.8,"timestamp_utc":"2022-06-04T10:30:00","snow_rate":0,"app_temp":19.4,"pres":1011.2964,"azimuth":155.3,"dewpt":9.9,"uv":2.6,"elev_angle":57.9,"wind_dir":57,"weather":{"icon":"c04d","code":804,"description":"Overcast clouds"},"ghi":868.5,"dhi":116.94,"timestamp_local":"2022-06-04T12:30:00","solar_rad":138.73843,"vis":10,"dni":896.67,"temp":20,"slp":1021,"clouds":98,"ts":1654338600},{"precip_rate":0,"rh":51,"wind_spd":3.7,"timestamp_utc":"2022-06-04T10:45:00","snow_rate":0,"app_temp":19.6,"pres":1011.3024,"azimuth":161.6,"dewpt":9.7,"uv":2.7,"elev_angle":58.86,"wind_dir":58,"weather":{"icon":"c04d","code":804,"description":"Overcast clouds"},"ghi":879.2,"dhi":117.5,"timestamp_local":"2022-06-04T12:45:00","solar_rad":140.4477,"vis":10,"dni":899.29,"temp":20.2,"slp":1021,"clouds":98,"ts":1654339500},{"precip_rate":0,"rh":51,"wind_spd":3.6,"timestamp_utc":"2022-06-04T11:00:00","snow_rate":0,"app_temp":19.8,"pres":1011.30853,"azimuth":167.9,"dewpt":9.9,"uv":2.8,"elev_angle":59.83,"wind_dir":58,"weather":{"icon":"c04d","code":804,"description":"Overcast clouds"},"ghi":890,"dhi":118.06,"timestamp_local":"2022-06-04T13:00:00","solar_rad":167.80179,"vis":10,"dni":901.91,"temp":20.4,"slp":1021,"clouds":97,"ts":1654340400},{"precip_rate":0,"rh":50,"wind_spd":3.6,"timestamp_utc":"2022-06-04T11:15:00","snow_rate":0,"app_temp":20,"pres":1011.3146,"azimuth":174.81,"dewpt":9.8,"uv":2.9,"elev_angle":59.76,"wind_dir":58,"weather":{"icon":"c04d","code":804,"description":"Overcast clouds"},"ghi":889.3,"dhi":118.02,"timestamp_local":"2022-06-04T13:15:00","solar_rad":192.65265,"vis":10,"dni":901.74,"temp":20.6,"slp":1021,"clouds":96,"ts":1654341300},{"precip_rate":0,"rh":50,"wind_spd":3.6,"timestamp_utc":"2022-06-04T11:30:00","snow_rate":0,"app_temp":20.2,"pres":1011.3207,"azimuth":181.73,"dewpt":10,"uv":2.9,"elev_angle":59.7,"wind_dir":57,"weather":{"icon":"c04d","code":804,"description":"Overcast clouds"},"ghi":888.5,"dhi":117.99,"timestamp_local":"2022-06-04T13:30:00","solar_rad":216.82343,"vis":10,"dni":901.57,"temp":20.8,"slp":1021,"clouds":95,"ts":1654342200},{"precip_rate":0,"rh":50,"wind_spd":3.6,"timestamp_utc":"2022-06-04T11:45:00","snow_rate":0,"app_temp":20.4,"pres":1011.3268,"azimuth":188.64,"dewpt":10.1,"uv":3,"elev_angle":59.63,"wind_dir":56,"weather":{"icon":"c04d","code":804,"description":"Overcast clouds"},"ghi":887.8,"dhi":117.95,"timestamp_local":"2022-06-04T13:45:00","solar_rad":240.3707,"vis":10,"dni":901.39,"temp":20.9,"slp":1021,"clouds":94,"ts":1654343100},{"precip_rate":0,"rh":49,"wind_spd":3.6,"timestamp_utc":"2022-06-04T12:00:00","snow_rate":0,"app_temp":20.5,"pres":1011.3328,"azimuth":195.55,"dewpt":10,"uv":3,"elev_angle":59.56,"wind_dir":56,"weather":{"icon":"c04d","code":804,"description":"Overcast clouds"},"ghi":887.1,"dhi":117.91,"timestamp_local":"2022-06-04T14:00:00","solar_rad":263.28314,"vis":10,"dni":901.22,"temp":21.1,"slp":1021,"clouds":93,"ts":1654344000},{"precip_rate":0,"rh":48,"wind_spd":3.8,"timestamp_utc":"2022-06-04T12:15:00","snow_rate":0,"app_temp":20.7,"pres":1011.0912,"azimuth":201.7,"dewpt":9.9,"uv":3.6,"elev_angle":58.48,"wind_dir":56,"weather":{"icon":"c04d","code":804,"description":"Overcast clouds"},"ghi":874.9,"dhi":117.27,"timestamp_local":"2022-06-04T14:15:00","solar_rad":473.87817,"vis":10,"dni":898.24,"temp":21.3,"slp":1020.75,"clouds":82,"ts":1654344900},{"precip_rate":0,"rh":48,"wind_spd":4,"timestamp_utc":"2022-06-04T12:30:00","snow_rate":0,"app_temp":21,"pres":1010.8496,"azimuth":207.86,"dewpt":10,"uv":4.1,"elev_angle":57.41,"wind_dir":55,"weather":{"icon":"c03d","code":803,"description":"Broken clouds"},"ghi":862.8,"dhi":116.64,"timestamp_local":"2022-06-04T14:30:00","solar_rad":631.867,"vis":10,"dni":895.25,"temp":21.5,"slp":1020.5,"clouds":70,"ts":1654345800},{"precip_rate":0,"rh":48,"wind_spd":4.2,"timestamp_utc":"2022-06-04T12:45:00","snow_rate":0,"app_temp":21.2,"pres":1010.60803,"azimuth":214.01,"dewpt":10.2,"uv":4.6,"elev_angle":56.33,"wind_dir":54,"weather":{"icon":"c03d","code":803,"description":"Broken clouds"},"ghi":850.6,"dhi":116,"timestamp_local":"2022-06-04T14:45:00","solar_rad":723.28937,"vis":10,"dni":892.27,"temp":21.7,"slp":1020.25,"clouds":59,"ts":1654346700},{"precip_rate":0,"rh":47,"wind_spd":4.4,"timestamp_utc":"2022-06-04T13:00:00","snow_rate":0,"app_temp":21.4,"pres":1010.3664,"azimuth":220.16,"dewpt":10.1,"uv":5.1,"elev_angle":55.25,"wind_dir":54,"weather":{"icon":"c03d","code":803,"description":"Broken clouds"},"ghi":838.5,"dhi":115.36,"timestamp_local":"2022-06-04T15:00:00","solar_rad":776.2749,"vis":10,"dni":889.28,"temp":21.9,"slp":1020,"clouds":48,"ts":1654347600},{"precip_rate":0,"rh":47,"wind_spd":4,"timestamp_utc":"2022-06-04T13:15:00","snow_rate":0,"app_temp":21.5,"pres":1010.61707,"azimuth":225.01,"dewpt":10.2,"uv":4.2,"elev_angle":53.49,"wind_dir":54,"weather":{"icon":"c03d","code":803,"description":"Broken clouds"},"ghi":815.9,"dhi":114.1,"timestamp_local":"2022-06-04T15:15:00","solar_rad":679.12683,"vis":10,"dni":883.18,"temp":22,"slp":1020.25,"clouds":61,"ts":1654348500},{"precip_rate":0,"rh":46,"wind_spd":3.6,"timestamp_utc":"2022-06-04T13:30:00","snow_rate":0,"app_temp":21.5,"pres":1010.8677,"azimuth":229.86,"dewpt":9.9,"uv":3.4,"elev_angle":51.74,"wind_dir":53,"weather":{"icon":"c04d","code":804,"description":"Overcast clouds"},"ghi":793.4,"dhi":112.85,"timestamp_local":"2022-06-04T15:30:00","solar_rad":536.8792,"vis":10,"dni":877.08,"temp":22.1,"slp":1020.5,"clouds":74,"ts":1654349400},{"precip_rate":0,"rh":46,"wind_spd":3.2,"timestamp_utc":"2022-06-04T13:45:00","snow_rate":0,"app_temp":21.6,"pres":1011.1183,"azimuth":234.71,"dewpt":10,"uv":2.6,"elev_angle":49.98,"wind_dir":52,"weather":{"icon":"c04d","code":804,"description":"Overcast clouds"},"ghi":770.8,"dhi":111.59,"timestamp_local":"2022-06-04T15:45:00","solar_rad":338.7344,"vis":10,"dni":870.97,"temp":22.1,"slp":1020.75,"clouds":87,"ts":1654350300},{"precip_rate":0,"rh":46,"wind_spd":2.8,"timestamp_utc":"2022-06-04T14:00:00","snow_rate":0,"app_temp":21.7,"pres":1011.36896,"azimuth":239.56,"dewpt":10,"uv":1.9,"elev_angle":48.22,"wind_dir":52,"weather":{"icon":"c04d","code":804,"description":"Overcast clouds"},"ghi":748.3,"dhi":110.33,"timestamp_local":"2022-06-04T16:00:00","solar_rad":185.16,"vis":10,"dni":864.87,"temp":22.2,"slp":1021,"clouds":100,"ts":1654351200},{"precip_rate":0,"rh":46,"wind_spd":3,"timestamp_utc":"2022-06-04T14:15:00","snow_rate":0,"app_temp":21.9,"pres":1011.1273,"azimuth":243.39,"dewpt":10.2,"uv":2,"elev_angle":46.11,"wind_dir":52,"weather":{"icon":"c04d","code":804,"description":"Overcast clouds"},"ghi":717.2,"dhi":108.41,"timestamp_local":"2022-06-04T16:15:00","solar_rad":155.36992,"vis":10,"dni":854.97,"temp":22.4,"slp":1020.75,"clouds":96,"ts":1654352100},{"precip_rate":0,"rh":46,"wind_spd":3.2,"timestamp_utc":"2022-06-04T14:30:00","snow_rate":0,"app_temp":22.1,"pres":1010.8856,"azimuth":247.22,"dewpt":10.4,"uv":2,"elev_angle":44,"wind_dir":52,"weather":{"icon":"c04d","code":804,"description":"Overcast clouds"},"ghi":686.2,"dhi":106.5,"timestamp_local":"2022-06-04T16:30:00","solar_rad":200.45016,"vis":10,"dni":845.07,"temp":22.6,"slp":1020.5,"clouds":92,"ts":1654353000},{"precip_rate":0,"rh":45,"wind_spd":3.4,"timestamp_utc":"2022-06-04T14:45:00","snow_rate":0,"app_temp":22.3,"pres":1010.644,"azimuth":251.05,"dewpt":10.3,"uv":1.9,"elev_angle":41.88,"wind_dir":52,"weather":{"icon":"c04d","code":804,"description":"Overcast clouds"},"ghi":655.1,"dhi":104.58,"timestamp_local":"2022-06-04T16:45:00","solar_rad":258.38727,"vis":10,"dni":835.16,"temp":22.8,"slp":1020.25,"clouds":89,"ts":1654353900},{"precip_rate":0,"rh":45,"wind_spd":3.6,"timestamp_utc":"2022-06-04T15:00:00","snow_rate":0,"app_temp":22.5,"pres":1010.40234,"azimuth":254.88,"dewpt":10.4,"uv":1.9,"elev_angle":39.77,"wind_dir":52,"weather":{"icon":"c04d","code":804,"description":"Overcast clouds"},"ghi":624.1,"dhi":102.66,"timestamp_local":"2022-06-04T17:00:00","solar_rad":282.07797,"vis":10,"dni":825.26,"temp":23,"slp":1020,"clouds":85,"ts":1654354800},{"precip_rate":0,"rh":45,"wind_spd":3.5,"timestamp_utc":"2022-06-04T15:15:00","snow_rate":0,"app_temp":22.5,"pres":1010.40234,"azimuth":258.1,"dewpt":10.4,"uv":2.1,"elev_angle":37.51,"wind_dir":53,"weather":{"icon":"c04d","code":804,"description":"Overcast clouds"},"ghi":587.2,"dhi":100,"timestamp_local":"2022-06-04T17:15:00","solar_rad":396.56027,"vis":10,"dni":810.24,"temp":23,"slp":1020,"clouds":72,"ts":1654355700},{"precip_rate":0,"rh":44,"wind_spd":3.4,"timestamp_utc":"2022-06-04T15:30:00","snow_rate":0,"app_temp":22.5,"pres":1010.40234,"azimuth":261.32,"dewpt":10.1,"uv":2.3,"elev_angle":35.24,"wind_dir":54,"weather":{"icon":"c03d","code":803,"description":"Broken clouds"},"ghi":550.3,"dhi":97.34,"timestamp_local":"2022-06-04T17:30:00","solar_rad":472.58636,"vis":10,"dni":795.21,"temp":23,"slp":1020,"clouds":58,"ts":1654356600},{"precip_rate":0,"rh":44,"wind_spd":3.3,"timestamp_utc":"2022-06-04T15:45:00","snow_rate":0,"app_temp":22.5,"pres":1010.40234,"azimuth":264.53,"dewpt":10.1,"uv":2.5,"elev_angle":32.98,"wind_dir":55,"weather":{"icon":"c03d","code":803,"description":"Broken clouds"},"ghi":513.4,"dhi":94.68,"timestamp_local":"2022-06-04T17:45:00","solar_rad":485.05756,"vis":10,"dni":780.19,"temp":23,"slp":1020,"clouds":44,"ts":1654357500},{"precip_rate":0,"rh":44,"wind_spd":3.2,"timestamp_utc":"2022-06-04T16:00:00","snow_rate":0,"app_temp":22.5,"pres":1010.40234,"azimuth":267.75,"dewpt":10.1,"uv":2.6,"elev_angle":30.71,"wind_dir":56,"weather":{"icon":"c02d","code":802,"description":"Scattered clouds"},"ghi":476.6,"dhi":92.02,"timestamp_local":"2022-06-04T18:00:00","solar_rad":468.60117,"vis":10,"dni":765.16,"temp":23,"slp":1020,"clouds":31,"ts":1654358400},{"precip_rate":0,"rh":44,"wind_spd":3.1,"timestamp_utc":"2022-06-04T16:15:00","snow_rate":0,"app_temp":22.4,"pres":1010.39935,"azimuth":270.65,"dewpt":10,"uv":2.4,"elev_angle":28.42,"wind_dir":57,"weather":{"icon":"c02d","code":802,"description":"Scattered clouds"},"ghi":437.2,"dhi":88.48,"timestamp_local":"2022-06-04T18:15:00","solar_rad":432.00888,"vis":10,"dni":742.4,"temp":22.9,"slp":1020,"clouds":28,"ts":1654359300},{"precip_rate":0,"rh":44,"wind_spd":3,"timestamp_utc":"2022-06-04T16:30:00","snow_rate":0,"app_temp":22.3,"pres":1010.39636,"azimuth":273.56,"dewpt":9.9,"uv":2.3,"elev_angle":26.14,"wind_dir":58,"weather":{"icon":"c02d","code":802,"description":"Scattered clouds"},"ghi":397.8,"dhi":84.93,"timestamp_local":"2022-06-04T18:30:00","solar_rad":395.00342,"vis":10,"dni":719.65,"temp":22.8,"slp":1020,"clouds":24,"ts":1654360200},{"precip_rate":0,"rh":45,"wind_spd":2.9,"timestamp_utc":"2022-06-04T16:45:00","snow_rate":0,"app_temp":22.2,"pres":1010.3934,"azimuth":276.46,"dewpt":10.2,"uv":2.2,"elev_angle":23.85,"wind_dir":59,"weather":{"icon":"c02d","code":802,"description":"Scattered clouds"},"ghi":358.5,"dhi":81.39,"timestamp_local":"2022-06-04T18:45:00","solar_rad":356.8994,"vis":10,"dni":696.89,"temp":22.7,"slp":1020,"clouds":21,"ts":1654361100},{"precip_rate":0,"rh":45,"wind_spd":2.8,"timestamp_utc":"2022-06-04T17:00:00","snow_rate":0,"app_temp":22.1,"pres":1010.3904,"azimuth":279.36,"dewpt":10.1,"uv":2.1,"elev_angle":21.56,"wind_dir":60,"weather":{"icon":"c02d","code":801,"description":"Few clouds"},"ghi":319.1,"dhi":77.84,"timestamp_local":"2022-06-04T19:00:00","solar_rad":318.25647,"vis":10,"dni":674.13,"temp":22.6,"slp":1020,"clouds":18,"ts":1654362000},{"precip_rate":0,"rh":45,"wind_spd":2.6,"timestamp_utc":"2022-06-04T17:15:00","snow_rate":0,"app_temp":21.9,"pres":1010.3844,"azimuth":282.15,"dewpt":9.9,"uv":1.9,"elev_angle":19.35,"wind_dir":56,"weather":{"icon":"c02d","code":801,"description":"Few clouds"},"ghi":281.2,"dhi":73.09,"timestamp_local":"2022-06-04T19:15:00","solar_rad":280.13644,"vis":10,"dni":637.79,"temp":22.4,"slp":1020,"clouds":20,"ts":1654362900},{"precip_rate":0,"rh":46,"wind_spd":2.4,"timestamp_utc":"2022-06-04T17:30:00","snow_rate":0,"app_temp":21.7,"pres":1010.3784,"azimuth":284.94,"dewpt":10.1,"uv":1.8,"elev_angle":17.14,"wind_dir":52,"weather":{"icon":"c02d","code":802,"description":"Scattered clouds"},"ghi":243.3,"dhi":68.34,"timestamp_local":"2022-06-04T19:30:00","solar_rad":242.0276,"vis":10,"dni":601.44,"temp":22.3,"slp":1020,"clouds":22,"ts":1654363800},{"precip_rate":0,"rh":46,"wind_spd":2.2,"timestamp_utc":"2022-06-04T17:45:00","snow_rate":0,"app_temp":21.5,"pres":1010.3724,"azimuth":287.72,"dewpt":9.9,"uv":1.6,"elev_angle":14.92,"wind_dir":48,"weather":{"icon":"c02d","code":802,"description":"Scattered clouds"},"ghi":205.4,"dhi":63.58,"timestamp_local":"2022-06-04T19:45:00","solar_rad":203.74103,"vis":10,"dni":565.1,"temp":22.1,"slp":1020,"clouds":25,"ts":1654364700},{"precip_rate":0,"rh":46,"wind_spd":2,"timestamp_utc":"2022-06-04T18:00:00","snow_rate":0,"app_temp":21.3,"pres":1010.3664,"azimuth":290.51,"dewpt":9.8,"uv":1.5,"elev_angle":12.71,"wind_dir":44,"weather":{"icon":"c02d","code":802,"description":"Scattered clouds"},"ghi":167.5,"dhi":58.83,"timestamp_local":"2022-06-04T20:00:00","solar_rad":165.74251,"vis":10,"dni":528.75,"temp":21.9,"slp":1020,"clouds":27,"ts":1654365600},{"precip_rate":0,"rh":47,"wind_spd":2.3,"timestamp_utc":"2022-06-04T18:15:00","snow_rate":0,"app_temp":21,"pres":1010.3543,"azimuth":293.33,"dewpt":9.7,"uv":1.5,"elev_angle":10.65,"wind_dir":42,"weather":{"icon":"c02d","code":802,"description":"Scattered clouds"},"ghi":136.3,"dhi":51.96,"timestamp_local":"2022-06-04T20:15:00","solar_rad":135.3418,"vis":10,"dni":462.04,"temp":21.5,"slp":1020,"clouds":24,"ts":1654366500},{"precip_rate":0,"rh":48,"wind_spd":2.6,"timestamp_utc":"2022-06-04T18:30:00","snow_rate":0,"app_temp":20.6,"pres":1010.3422,"azimuth":296.15,"dewpt":9.7,"uv":1.5,"elev_angle":8.6,"wind_dir":39,"weather":{"icon":"c02d","code":802,"description":"Scattered clouds"},"ghi":105.1,"dhi":45.08,"timestamp_local":"2022-06-04T20:30:00","solar_rad":104.63077,"vis":10,"dni":395.33,"temp":21.1,"slp":1020,"clouds":21,"ts":1654367400},{"precip_rate":0,"rh":50,"wind_spd":2.9,"timestamp_utc":"2022-06-04T18:45:00","snow_rate":0,"app_temp":20.2,"pres":1010.33014,"azimuth":298.97,"dewpt":10,"uv":1.6,"elev_angle":6.54,"wind_dir":36,"weather":{"icon":"c02d","code":801,"description":"Few clouds"},"ghi":73.9,"dhi":38.21,"timestamp_local":"2022-06-04T20:45:00","solar_rad":73.70465,"vis":10,"dni":328.61,"temp":20.8,"slp":1020,"clouds":18,"ts":1654368300},{"precip_rate":0,"rh":51,"wind_spd":3.2,"timestamp_utc":"2022-06-04T19:00:00","snow_rate":0,"app_temp":19.8,"pres":1010.31805,"azimuth":301.79,"dewpt":9.9,"uv":1.6,"elev_angle":4.48,"wind_dir":34,"weather":{"icon":"c02n","code":801,"description":"Few clouds"},"ghi":42.8,"dhi":31.33,"timestamp_local":"2022-06-04T21:00:00","solar_rad":42.739132,"vis":10,"dni":261.9,"temp":20.4,"slp":1020,"clouds":15,"ts":1654369200},{"precip_rate":0,"rh":53,"wind_spd":3.3,"timestamp_utc":"2022-06-04T19:15:00","snow_rate":0,"app_temp":19.4,"pres":1010.5504,"azimuth":304.74,"dewpt":10.1,"uv":1.5,"elev_angle":2.67,"wind_dir":34,"weather":{"icon":"c02n","code":801,"description":"Few clouds"},"ghi":32.1,"dhi":23.5,"timestamp_local":"2022-06-04T21:15:00","solar_rad":31.978592,"vis":10,"dni":196.43,"temp":19.9,"slp":1020.25,"clouds":20,"ts":1654370100},{"precip_rate":0,"rh":54,"wind_spd":3.4,"timestamp_utc":"2022-06-04T19:30:00","snow_rate":0,"app_temp":18.9,"pres":1010.7827,"azimuth":307.69,"dewpt":9.9,"uv":1.4,"elev_angle":0.86,"wind_dir":34,"weather":{"icon":"c02n","code":802,"description":"Scattered clouds"},"ghi":21.4,"dhi":15.67,"timestamp_local":"2022-06-04T21:30:00","solar_rad":21.202501,"vis":10,"dni":130.95,"temp":19.4,"slp":1020.5,"clouds":26,"ts":1654371000},{"precip_rate":0,"rh":56,"wind_spd":3.5,"timestamp_utc":"2022-06-04T19:45:00","snow_rate":0,"app_temp":18.4,"pres":1011.015,"azimuth":310.64,"dewpt":10,"uv":0,"elev_angle":-0.96,"wind_dir":34,"weather":{"icon":"c02n","code":802,"description":"Scattered clouds"},"ghi":10.7,"dhi":7.83,"timestamp_local":"2022-06-04T21:45:00","solar_rad":10.499951,"vis":10,"dni":65.48,"temp":19,"slp":1020.75,"clouds":32,"ts":1654371900},{"precip_rate":0,"rh":58,"wind_spd":3.6,"timestamp_utc":"2022-06-04T20:00:00","snow_rate":0,"app_temp":17.9,"pres":1011.2474,"azimuth":313.59,"dewpt":10.1,"uv":0,"elev_angle":-2.77,"wind_dir":34,"weather":{"icon":"c02n","code":802,"description":"Scattered clouds"},"ghi":0,"dhi":0,"timestamp_local":"2022-06-04T22:00:00","solar_rad":0,"vis":10,"dni":0,"temp":18.5,"slp":1021,"clouds":37,"ts":1654372800},{"precip_rate":0,"rh":59,"wind_spd":3.7,"timestamp_utc":"2022-06-04T20:15:00","snow_rate":0,"app_temp":18.1,"pres":1011.235,"azimuth":316.74,"dewpt":10,"uv":0,"elev_angle":-4.25,"wind_dir":35,"weather":{"icon":"c02n","code":802,"description":"Scattered clouds"},"ghi":0,"dhi":0,"timestamp_local":"2022-06-04T22:15:00","solar_rad":0,"vis":10,"dni":0,"temp":18.1,"slp":1021,"clouds":28,"ts":1654373700},{"precip_rate":0,"rh":60,"wind_spd":3.8,"timestamp_utc":"2022-06-04T20:30:00","snow_rate":0,"app_temp":17.8,"pres":1011.22266,"azimuth":319.89,"dewpt":9.9,"uv":0,"elev_angle":-5.73,"wind_dir":36,"weather":{"icon":"c02n","code":801,"description":"Few clouds"},"ghi":0,"dhi":0,"timestamp_local":"2022-06-04T22:30:00","solar_rad":0,"vis":10,"dni":0,"temp":17.8,"slp":1021,"clouds":19,"ts":1654374600},{"precip_rate":0,"rh":61,"wind_spd":3.9,"timestamp_utc":"2022-06-04T20:45:00","snow_rate":0,"app_temp":17.4,"pres":1011.21027,"azimuth":323.03,"dewpt":9.8,"uv":0,"elev_angle":-7.2,"wind_dir":37,"weather":{"icon":"c02n","code":801,"description":"Few clouds"},"ghi":0,"dhi":0,"timestamp_local":"2022-06-04T22:45:00","solar_rad":0,"vis":10,"dni":0,"temp":17.4,"slp":1021,"clouds":10,"ts":1654375500},{"precip_rate":0,"rh":62,"wind_spd":4,"timestamp_utc":"2022-06-04T21:00:00","snow_rate":0,"app_temp":17,"pres":1011.1979,"azimuth":326.18,"dewpt":9.7,"uv":0,"elev_angle":-8.68,"wind_dir":38,"weather":{"icon":"c01n","code":800,"description":"Clear Sky"},"ghi":0,"dhi":0,"timestamp_local":"2022-06-04T23:00:00","solar_rad":0,"vis":10,"dni":0,"temp":17,"slp":1021,"clouds":1,"ts":1654376400},{"precip_rate":0,"rh":64,"wind_spd":4.1,"timestamp_utc":"2022-06-04T21:15:00","snow_rate":0,"app_temp":16.6,"pres":1011.18536,"azimuth":329.54,"dewpt":9.8,"uv":0,"elev_angle":-9.73,"wind_dir":42,"weather":{"icon":"c02n","code":801,"description":"Few clouds"},"ghi":0,"dhi":0,"timestamp_local":"2022-06-04T23:15:00","solar_rad":0,"vis":10,"dni":0,"temp":16.6,"slp":1021,"clouds":20,"ts":1654377300},{"precip_rate":0,"rh":65,"wind_spd":4.2,"timestamp_utc":"2022-06-04T21:30:00","snow_rate":0,"app_temp":16.3,"pres":1011.17285,"azimuth":332.9,"dewpt":9.7,"uv":0,"elev_angle":-10.77,"wind_dir":45,"weather":{"icon":"c02n","code":802,"description":"Scattered clouds"},"ghi":0,"dhi":0,"timestamp_local":"2022-06-04T23:30:00","solar_rad":0,"vis":10,"dni":0,"temp":16.3,"slp":1021,"clouds":38,"ts":1654378200},{"precip_rate":0,"rh":66,"wind_spd":4.3,"timestamp_utc":"2022-06-04T21:45:00","snow_rate":0,"app_temp":16,"pres":1011.16034,"azimuth":336.26,"dewpt":9.6,"uv":0,"elev_angle":-11.82,"wind_dir":48,"weather":{"icon":"c03n","code":803,"description":"Broken clouds"},"ghi":0,"dhi":0,"timestamp_local":"2022-06-04T23:45:00","solar_rad":0,"vis":10,"dni":0,"temp":16,"slp":1021,"clouds":57,"ts":1654379100},{"precip_rate":0,"rh":68,"wind_spd":4.4,"timestamp_utc":"2022-06-04T22:00:00","snow_rate":0,"app_temp":15.6,"pres":1011.1478,"azimuth":339.62,"dewpt":9.7,"uv":0,"elev_angle":-12.86,"wind_dir":52,"weather":{"icon":"c04n","code":804,"description":"Overcast clouds"},"ghi":0,"dhi":0,"timestamp_local":"2022-06-05T00:00:00","solar_rad":0,"vis":10,"dni":0,"temp":15.6,"slp":1021,"clouds":76,"ts":1654380000},{"precip_rate":0,"rh":69,"wind_spd":4.4,"timestamp_utc":"2022-06-04T22:15:00","snow_rate":0,"app_temp":15.4,"pres":1010.8939,"azimuth":343.15,"dewpt":9.7,"uv":0,"elev_angle":-13.39,"wind_dir":52,"weather":{"icon":"c03n","code":803,"description":"Broken clouds"},"ghi":0,"dhi":0,"timestamp_local":"2022-06-05T00:15:00","solar_rad":0,"vis":10,"dni":0,"temp":15.4,"slp":1020.75,"clouds":62,"ts":1654380900},{"precip_rate":0,"rh":70,"wind_spd":4.4,"timestamp_utc":"2022-06-04T22:30:00","snow_rate":0,"app_temp":15.2,"pres":1010.6401,"azimuth":346.67,"dewpt":9.8,"uv":0,"elev_angle":-13.92,"wind_dir":53,"weather":{"icon":"c03n","code":803,"description":"Broken clouds"},"ghi":0,"dhi":0,"timestamp_local":"2022-06-05T00:30:00","solar_rad":0,"vis":10,"dni":0,"temp":15.2,"slp":1020.5,"clouds":48,"ts":1654381800},{"precip_rate":0,"rh":70,"wind_spd":4.4,"timestamp_utc":"2022-06-04T22:45:00","snow_rate":0,"app_temp":15,"pres":1010.3862,"azimuth":350.2,"dewpt":9.6,"uv":0,"elev_angle":-14.44,"wind_dir":54,"weather":{"icon":"c02n","code":802,"description":"Scattered clouds"},"ghi":0,"dhi":0,"timestamp_local":"2022-06-05T00:45:00","solar_rad":0,"vis":10,"dni":0,"temp":15,"slp":1020.25,"clouds":34,"ts":1654382700},{"precip_rate":0,"rh":71,"wind_spd":4.4,"timestamp_utc":"2022-06-04T23:00:00","snow_rate":0,"app_temp":14.8,"pres":1010.1323,"azimuth":353.72,"dewpt":9.6,"uv":0,"elev_angle":-14.97,"wind_dir":54,"weather":{"icon":"c02n","code":801,"description":"Few clouds"},"ghi":0,"dhi":0,"timestamp_local":"2022-06-05T01:00:00","solar_rad":0,"vis":10,"dni":0,"temp":14.8,"slp":1020,"clouds":20,"ts":1654383600},{"precip_rate":0,"rh":72,"wind_spd":4.4,"timestamp_utc":"2022-06-04T23:15:00","snow_rate":0,"app_temp":14.5,"pres":1010.1228,"azimuth":267.3,"dewpt":9.5,"uv":0,"elev_angle":-14.94,"wind_dir":58,"weather":{"icon":"c02n","code":802,"description":"Scattered clouds"},"ghi":0,"dhi":0,"timestamp_local":"2022-06-05T01:15:00","solar_rad":0,"vis":10,"dni":0,"temp":14.5,"slp":1020,"clouds":32,"ts":1654384500},{"precip_rate":0,"rh":74,"wind_spd":4.4,"timestamp_utc":"2022-06-04T23:30:00","snow_rate":0,"app_temp":14.3,"pres":1010.1133,"azimuth":180.89,"dewpt":9.7,"uv":0,"elev_angle":-14.9,"wind_dir":63,"weather":{"icon":"c03n","code":803,"description":"Broken clouds"},"ghi":0,"dhi":0,"timestamp_local":"2022-06-05T01:30:00","solar_rad":0,"vis":10,"dni":0,"temp":14.3,"slp":1020,"clouds":44,"ts":1654385400},{"precip_rate":0,"rh":75,"wind_spd":4.4,"timestamp_utc":"2022-06-04T23:45:00","snow_rate":0,"app_temp":14,"pres":1010.1038,"azimuth":94.47,"dewpt":9.6,"uv":0,"elev_angle":-14.87,"wind_dir":68,"weather":{"icon":"c03n","code":803,"description":"Broken clouds"},"ghi":0,"dhi":0,"timestamp_local":"2022-06-05T01:45:00","solar_rad":0,"vis":10,"dni":0,"temp":14,"slp":1020,"clouds":57,"ts":1654386300}],"sources":["103150-99999","imerg","merra2","era5","modis"],"city_id":"2856883"}
