{"timezone":"Europe\/Berlin","state_code":"06","country_code":"DE","lat":52.2833,"lon":8,"city_name":"Osnabr�ck","station_id":"103150-99999","data":[{"precip_rate":0,"rh":79,"wind_spd":1.36,"timestamp_utc":"2022-07-18T00:00:00","snow_rate":0,"app_temp":14.1,"pres":1015.0458,"azimuth":6.32,"dewpt":10.4,"uv":0,"elev_angle":-16.55,"wind_dir":106,"weather":{"icon":"c01n","code":800,"description":"Clear Sky"},"ghi":0,"dhi":0,"timestamp_local":"2022-07-18T02:00:00","solar_rad":0,"vis":10,"dni":0,"temp":14.1,"slp":1025,"clouds":0,"ts":1658102400},{"precip_rate":0,"rh":79,"wind_spd":1.34,"timestamp_utc":"2022-07-18T00:15:00","snow_rate":0,"app_temp":14,"pres":1015.03937,"azimuth":9.91,"dewpt":10.3,"uv":0,"elev_angle":-16.02,"wind_dir":107,"weather":{"icon":"c02n","code":801,"description":"Few clouds"},"ghi":0,"dhi":0,"timestamp_local":"2022-07-18T02:15:00","solar_rad":0,"vis":10,"dni":0,"temp":14,"slp":1025,"clouds":2,"ts":1658103300},{"precip_rate":0,"rh":79,"wind_spd":1.32,"timestamp_utc":"2022-07-18T00:30:00","snow_rate":0,"app_temp":13.9,"pres":1015.03296,"azimuth":13.51,"dewpt":10.3,"uv":0,"elev_angle":-15.48,"wind_dir":108,"weather":{"icon":"c02n","code":801,"description":"Few clouds"},"ghi":0,"dhi":0,"timestamp_local":"2022-07-18T02:30:00","solar_rad":0,"vis":10,"dni":0,"temp":13.9,"slp":1025,"clouds":4,"ts":1658104200},{"precip_rate":0,"rh":79,"wind_spd":1.31,"timestamp_utc":"2022-07-18T00:45:00","snow_rate":0,"app_temp":13.8,"pres":1015.02655,"azimuth":17.1,"dewpt":10.2,"uv":0,"elev_angle":-14.95,"wind_dir":110,"weather":{"icon":"c02n","code":801,"description":"Few clouds"},"ghi":0,"dhi":0,"timestamp_local":"2022-07-18T02:45:00","solar_rad":0,"vis":10,"dni":0,"temp":13.8,"slp":1025,"clouds":7,"ts":1658105100},{"precip_rate":0,"rh":79,"wind_spd":1.29,"timestamp_utc":"2022-07-18T01:00:00","snow_rate":0,"app_temp":13.7,"pres":1015.02014,"azimuth":20.69,"dewpt":10.1,"uv":0,"elev_angle":-14.41,"wind_dir":111,"weather":{"icon":"c02n","code":801,"description":"Few clouds"},"ghi":0,"dhi":0,"timestamp_local":"2022-07-18T03:00:00","solar_rad":0,"vis":10,"dni":0,"temp":13.7,"slp":1025,"clouds":9,"ts":1658106000},{"precip_rate":0,"rh":79,"wind_spd":1.24,"timestamp_utc":"2022-07-18T01:15:00","snow_rate":0,"app_temp":13.6,"pres":1015.0137,"azimuth":24.11,"dewpt":10,"uv":0,"elev_angle":-13.35,"wind_dir":112,"weather":{"icon":"c02n","code":801,"description":"Few clouds"},"ghi":0,"dhi":0,"timestamp_local":"2022-07-18T03:15:00","solar_rad":0,"vis":10,"dni":0,"temp":13.6,"slp":1025,"clouds":16,"ts":1658106900},{"precip_rate":0,"rh":79,"wind_spd":1.19,"timestamp_utc":"2022-07-18T01:30:00","snow_rate":0,"app_temp":13.4,"pres":1015.00726,"azimuth":27.52,"dewpt":9.9,"uv":0,"elev_angle":-12.3,"wind_dir":114,"weather":{"icon":"c02n","code":802,"description":"Scattered clouds"},"ghi":0,"dhi":0,"timestamp_local":"2022-07-18T03:30:00","solar_rad":0,"vis":10,"dni":0,"temp":13.4,"slp":1025,"clouds":22,"ts":1658107800},{"precip_rate":0,"rh":79,"wind_spd":1.14,"timestamp_utc":"2022-07-18T01:45:00","snow_rate":0,"app_temp":13.3,"pres":1015.00085,"azimuth":30.94,"dewpt":9.8,"uv":0,"elev_angle":-11.24,"wind_dir":115,"weather":{"icon":"c02n","code":802,"description":"Scattered clouds"},"ghi":0,"dhi":0,"timestamp_local":"2022-07-18T03:45:00","solar_rad":0,"vis":10,"dni":0,"temp":13.3,"slp":1025,"clouds":29,"ts":1658108700},{"precip_rate":0,"rh":79,"wind_spd":1.09,"timestamp_utc":"2022-07-18T02:00:00","snow_rate":0,"app_temp":13.2,"pres":1014.9944,"azimuth":34.35,"dewpt":9.7,"uv":0,"elev_angle":-10.18,"wind_dir":116,"weather":{"icon":"c02n","code":802,"description":"Scattered clouds"},"ghi":0,"dhi":0,"timestamp_local":"2022-07-18T04:00:00","solar_rad":0,"vis":10,"dni":0,"temp":13.2,"slp":1025,"clouds":36,"ts":1658109600},{"precip_rate":0,"rh":79,"wind_spd":1.07,"timestamp_utc":"2022-07-18T02:15:00","snow_rate":0,"app_temp":13.1,"pres":1014.9879,"azimuth":37.54,"dewpt":9.6,"uv":0,"elev_angle":-8.69,"wind_dir":117,"weather":{"icon":"c02n","code":802,"description":"Scattered clouds"},"ghi":0,"dhi":0,"timestamp_local":"2022-07-18T04:15:00","solar_rad":0,"vis":10,"dni":0,"temp":13.1,"slp":1025,"clouds":36,"ts":1658110500},{"precip_rate":0,"rh":80,"wind_spd":1.05,"timestamp_utc":"2022-07-18T02:30:00","snow_rate":0,"app_temp":12.9,"pres":1014.98145,"azimuth":40.73,"dewpt":9.5,"uv":0,"elev_angle":-7.19,"wind_dir":118,"weather":{"icon":"c02n","code":802,"description":"Scattered clouds"},"ghi":0,"dhi":0,"timestamp_local":"2022-07-18T04:30:00","solar_rad":0,"vis":10,"dni":0,"temp":12.9,"slp":1025,"clouds":36,"ts":1658111400},{"precip_rate":0,"rh":80,"wind_spd":1.03,"timestamp_utc":"2022-07-18T02:45:00","snow_rate":0,"app_temp":12.8,"pres":1014.975,"azimuth":43.92,"dewpt":9.5,"uv":0,"elev_angle":-5.7,"wind_dir":120,"weather":{"icon":"c02n","code":802,"description":"Scattered clouds"},"ghi":0,"dhi":0,"timestamp_local":"2022-07-18T04:45:00","solar_rad":0,"vis":10,"dni":0,"temp":12.8,"slp":1025,"clouds":36,"ts":1658112300},{"precip_rate":0,"rh":80,"wind_spd":1.01,"timestamp_utc":"2022-07-18T03:00:00","snow_rate":0,"app_temp":12.7,"pres":1014.9685,"azimuth":47.11,"dewpt":9.4,"uv":0,"elev_angle":-4.2,"wind_dir":121,"weather":{"icon":"c02n","code":802,"description":"Scattered clouds"},"ghi":0,"dhi":0,"timestamp_local":"2022-07-18T05:00:00","solar_rad":0,"vis":10,"dni":0,"temp":12.7,"slp":1025,"clouds":36,"ts":1658113200},{"precip_rate":0,"rh":80,"wind_spd":1.04,"timestamp_utc":"2022-07-18T03:15:00","snow_rate":0,"app_temp":12.7,"pres":1014.7242,"azimuth":50.1,"dewpt":9.3,"uv":0,"elev_angle":-2.37,"wind_dir":122,"weather":{"icon":"c03n","code":803,"description":"Broken clouds"},"ghi":6.6,"dhi":6.2,"timestamp_local":"2022-07-18T05:15:00","solar_rad":6.288947,"vis":10,"dni":47.5,"temp":12.7,"slp":1024.75,"clouds":42,"ts":1658114100},{"precip_rate":0,"rh":80,"wind_spd":1.08,"timestamp_utc":"2022-07-18T03:30:00","snow_rate":0,"app_temp":12.6,"pres":1014.47986,"azimuth":53.08,"dewpt":9.3,"uv":0,"elev_angle":-0.54,"wind_dir":122,"weather":{"icon":"c03n","code":803,"description":"Broken clouds"},"ghi":13.1,"dhi":12.39,"timestamp_local":"2022-07-18T05:30:00","solar_rad":24.517849,"vis":10,"dni":94.99,"temp":12.6,"slp":1024.5,"clouds":48,"ts":1658115000},{"precip_rate":0,"rh":79,"wind_spd":1.11,"timestamp_utc":"2022-07-18T03:45:00","snow_rate":0,"app_temp":12.6,"pres":1014.23553,"azimuth":56.07,"dewpt":9.2,"uv":1.1,"elev_angle":1.3,"wind_dir":123,"weather":{"icon":"c03n","code":803,"description":"Broken clouds"},"ghi":19.7,"dhi":18.59,"timestamp_local":"2022-07-18T05:45:00","solar_rad":35.967575,"vis":10,"dni":142.49,"temp":12.6,"slp":1024.25,"clouds":55,"ts":1658115900},{"precip_rate":0,"rh":79,"wind_spd":1.15,"timestamp_utc":"2022-07-18T04:00:00","snow_rate":0,"app_temp":12.5,"pres":1013.9912,"azimuth":59.05,"dewpt":9.1,"uv":1,"elev_angle":3.13,"wind_dir":124,"weather":{"icon":"c03n","code":803,"description":"Broken clouds"},"ghi":26.3,"dhi":24.78,"timestamp_local":"2022-07-18T06:00:00","solar_rad":46.671207,"vis":10,"dni":189.98,"temp":12.5,"slp":1024,"clouds":61,"ts":1658116800},{"precip_rate":0,"rh":78,"wind_spd":1.09,"timestamp_utc":"2022-07-18T04:15:00","snow_rate":0,"app_temp":12.9,"pres":1014.0105,"azimuth":61.9,"dewpt":9.3,"uv":1,"elev_angle":5.2,"wind_dir":122,"weather":{"icon":"c03d","code":803,"description":"Broken clouds"},"ghi":56.2,"dhi":32.39,"timestamp_local":"2022-07-18T06:15:00","solar_rad":45.10849,"vis":10,"dni":266.86,"temp":12.9,"slp":1024,"clouds":64,"ts":1658117700},{"precip_rate":0,"rh":78,"wind_spd":1.03,"timestamp_utc":"2022-07-18T04:30:00","snow_rate":0,"app_temp":13.3,"pres":1014.0297,"azimuth":64.75,"dewpt":9.5,"uv":1,"elev_angle":7.28,"wind_dir":121,"weather":{"icon":"c03d","code":803,"description":"Broken clouds"},"ghi":86.1,"dhi":39.99,"timestamp_local":"2022-07-18T06:30:00","solar_rad":67.23334,"vis":10,"dni":343.74,"temp":13.3,"slp":1024,"clouds":66,"ts":1658118600},{"precip_rate":0,"rh":78,"wind_spd":0.98,"timestamp_utc":"2022-07-18T04:45:00","snow_rate":0,"app_temp":13.6,"pres":1014.04895,"azimuth":67.59,"dewpt":9.7,"uv":0.9,"elev_angle":9.35,"wind_dir":120,"weather":{"icon":"c03d","code":803,"description":"Broken clouds"},"ghi":115.9,"dhi":47.6,"timestamp_local":"2022-07-18T06:45:00","solar_rad":86.35984,"vis":10,"dni":420.62,"temp":13.6,"slp":1024,"clouds":69,"ts":1658119500},{"precip_rate":0,"rh":77,"wind_spd":0.92,"timestamp_utc":"2022-07-18T05:00:00","snow_rate":0,"app_temp":14,"pres":1014.06824,"azimuth":70.44,"dewpt":9.9,"uv":0.9,"elev_angle":11.42,"wind_dir":118,"weather":{"icon":"c04d","code":804,"description":"Overcast clouds"},"ghi":145.8,"dhi":55.2,"timestamp_local":"2022-07-18T07:00:00","solar_rad":98.47438,"vis":10,"dni":497.5,"temp":14,"slp":1024,"clouds":72,"ts":1658120400},{"precip_rate":0,"rh":74,"wind_spd":0.9,"timestamp_utc":"2022-07-18T05:15:00","snow_rate":0,"app_temp":15,"pres":1014.09344,"azimuth":73.26,"dewpt":10.2,"uv":0.9,"elev_angle":13.64,"wind_dir":122,"weather":{"icon":"c04d","code":804,"description":"Overcast clouds"},"ghi":183.5,"dhi":60.23,"timestamp_local":"2022-07-18T07:15:00","solar_rad":112.92055,"vis":10,"dni":537.12,"temp":15,"slp":1024,"clouds":76,"ts":1658121300},{"precip_rate":0,"rh":70,"wind_spd":0.88,"timestamp_utc":"2022-07-18T05:30:00","snow_rate":0,"app_temp":15.9,"pres":1014.11865,"azimuth":76.08,"dewpt":10.4,"uv":0.9,"elev_angle":15.87,"wind_dir":125,"weather":{"icon":"c04d","code":804,"description":"Overcast clouds"},"ghi":221.1,"dhi":65.25,"timestamp_local":"2022-07-18T07:30:00","solar_rad":121.12179,"vis":10,"dni":576.73,"temp":15.9,"slp":1024,"clouds":80,"ts":1658122200},{"precip_rate":0,"rh":66,"wind_spd":0.86,"timestamp_utc":"2022-07-18T05:45:00","snow_rate":0,"app_temp":16.9,"pres":1014.14386,"azimuth":78.89,"dewpt":10.7,"uv":0.9,"elev_angle":18.09,"wind_dir":128,"weather":{"icon":"c04d","code":804,"description":"Overcast clouds"},"ghi":258.8,"dhi":70.28,"timestamp_local":"2022-07-18T07:45:00","solar_rad":122.09277,"vis":10,"dni":616.35,"temp":16.9,"slp":1024,"clouds":84,"ts":1658123100},{"precip_rate":0,"rh":63,"wind_spd":0.84,"timestamp_utc":"2022-07-18T06:00:00","snow_rate":0,"app_temp":17.9,"pres":1014.16907,"azimuth":81.71,"dewpt":10.9,"uv":0.9,"elev_angle":20.31,"wind_dir":132,"weather":{"icon":"c04d","code":804,"description":"Overcast clouds"},"ghi":296.4,"dhi":75.3,"timestamp_local":"2022-07-18T08:00:00","solar_rad":114.4501,"vis":10,"dni":655.96,"temp":17.9,"slp":1024,"clouds":88,"ts":1658124000},{"precip_rate":0,"rh":59,"wind_spd":0.96,"timestamp_utc":"2022-07-18T06:15:00","snow_rate":0,"app_temp":18.2,"pres":1014.1998,"azimuth":84.64,"dewpt":10.6,"uv":1.1,"elev_angle":22.6,"wind_dir":134,"weather":{"icon":"c04d","code":804,"description":"Overcast clouds"},"ghi":335.8,"dhi":78.99,"timestamp_local":"2022-07-18T08:15:00","solar_rad":183.99457,"vis":10,"dni":680.12,"temp":18.7,"slp":1024,"clouds":80,"ts":1658124900},{"precip_rate":0,"rh":56,"wind_spd":1.09,"timestamp_utc":"2022-07-18T06:30:00","snow_rate":0,"app_temp":19,"pres":1014.23065,"azimuth":87.56,"dewpt":10.3,"uv":1.3,"elev_angle":24.89,"wind_dir":136,"weather":{"icon":"c04d","code":804,"description":"Overcast clouds"},"ghi":375.2,"dhi":82.67,"timestamp_local":"2022-07-18T08:30:00","solar_rad":253.22545,"vis":10,"dni":704.27,"temp":19.6,"slp":1024,"clouds":72,"ts":1658125800},{"precip_rate":0,"rh":52,"wind_spd":1.21,"timestamp_utc":"2022-07-18T06:45:00","snow_rate":0,"app_temp":19.8,"pres":1014.2615,"azimuth":90.49,"dewpt":10.1,"uv":1.6,"elev_angle":27.17,"wind_dir":139,"weather":{"icon":"c03d","code":803,"description":"Broken clouds"},"ghi":414.6,"dhi":86.36,"timestamp_local":"2022-07-18T08:45:00","solar_rad":337.04144,"vis":10,"dni":728.43,"temp":20.4,"slp":1024,"clouds":63,"ts":1658126700},{"precip_rate":0,"rh":48,"wind_spd":1.34,"timestamp_utc":"2022-07-18T07:00:00","snow_rate":0,"app_temp":20.6,"pres":1014.29224,"azimuth":93.41,"dewpt":9.8,"uv":1.9,"elev_angle":29.46,"wind_dir":141,"weather":{"icon":"c03d","code":803,"description":"Broken clouds"},"ghi":454,"dhi":90.04,"timestamp_local":"2022-07-18T09:00:00","solar_rad":400.4781,"vis":10,"dni":752.58,"temp":21.2,"slp":1024,"clouds":55,"ts":1658127600},{"precip_rate":0,"rh":46,"wind_spd":1.36,"timestamp_utc":"2022-07-18T07:15:00","snow_rate":0,"app_temp":21.2,"pres":1014.31635,"azimuth":96.65,"dewpt":9.5,"uv":2.1,"elev_angle":31.72,"wind_dir":144,"weather":{"icon":"c03d","code":803,"description":"Broken clouds"},"ghi":491.1,"dhi":92.78,"timestamp_local":"2022-07-18T09:15:00","solar_rad":436.70596,"vis":10,"dni":768.31,"temp":21.8,"slp":1024,"clouds":54,"ts":1658128500},{"precip_rate":0,"rh":44,"wind_spd":1.38,"timestamp_utc":"2022-07-18T07:30:00","snow_rate":0,"app_temp":21.8,"pres":1014.34045,"azimuth":99.89,"dewpt":9.3,"uv":2.4,"elev_angle":33.98,"wind_dir":146,"weather":{"icon":"c03d","code":803,"description":"Broken clouds"},"ghi":528.1,"dhi":95.53,"timestamp_local":"2022-07-18T09:30:00","solar_rad":476.65182,"vis":10,"dni":784.04,"temp":22.4,"slp":1024,"clouds":52,"ts":1658129400},{"precip_rate":0,"rh":41,"wind_spd":1.4,"timestamp_utc":"2022-07-18T07:45:00","snow_rate":0,"app_temp":22.4,"pres":1014.3645,"azimuth":103.13,"dewpt":9,"uv":2.7,"elev_angle":36.23,"wind_dir":149,"weather":{"icon":"c03d","code":803,"description":"Broken clouds"},"ghi":565.1,"dhi":98.27,"timestamp_local":"2022-07-18T09:45:00","solar_rad":516.9201,"vis":10,"dni":799.77,"temp":23,"slp":1024,"clouds":50,"ts":1658130300},{"precip_rate":0,"rh":39,"wind_spd":1.42,"timestamp_utc":"2022-07-18T08:00:00","snow_rate":0,"app_temp":23,"pres":1014.3886,"azimuth":106.37,"dewpt":8.7,"uv":2.9,"elev_angle":38.49,"wind_dir":152,"weather":{"icon":"c03d","code":803,"description":"Broken clouds"},"ghi":602.2,"dhi":101.01,"timestamp_local":"2022-07-18T10:00:00","solar_rad":554.2653,"vis":10,"dni":815.5,"temp":23.6,"slp":1024,"clouds":49,"ts":1658131200},{"precip_rate":0,"rh":37,"wind_spd":1.51,"timestamp_utc":"2022-07-18T08:15:00","snow_rate":0,"app_temp":23.6,"pres":1014.15576,"azimuth":110.21,"dewpt":8.5,"uv":3.3,"elev_angle":40.58,"wind_dir":158,"weather":{"icon":"c03d","code":803,"description":"Broken clouds"},"ghi":633.4,"dhi":102.98,"timestamp_local":"2022-07-18T10:15:00","solar_rad":592.72784,"vis":10,"dni":825.79,"temp":24.2,"slp":1023.75,"clouds":46,"ts":1658132100},{"precip_rate":0,"rh":36,"wind_spd":1.6,"timestamp_utc":"2022-07-18T08:30:00","snow_rate":0,"app_temp":24.3,"pres":1013.92285,"azimuth":114.04,"dewpt":8.3,"uv":3.6,"elev_angle":42.68,"wind_dir":165,"weather":{"icon":"c03d","code":803,"description":"Broken clouds"},"ghi":664.6,"dhi":104.95,"timestamp_local":"2022-07-18T10:30:00","solar_rad":633.27795,"vis":10,"dni":836.07,"temp":24.8,"slp":1023.5,"clouds":42,"ts":1658133000},{"precip_rate":0,"rh":34,"wind_spd":1.69,"timestamp_utc":"2022-07-18T08:45:00","snow_rate":0,"app_temp":24.9,"pres":1013.69,"azimuth":117.88,"dewpt":8.1,"uv":4,"elev_angle":44.77,"wind_dir":172,"weather":{"icon":"c02d","code":802,"description":"Scattered clouds"},"ghi":695.9,"dhi":106.91,"timestamp_local":"2022-07-18T10:45:00","solar_rad":670.4077,"vis":10,"dni":846.36,"temp":25.4,"slp":1023.25,"clouds":39,"ts":1658133900},{"precip_rate":0,"rh":32,"wind_spd":1.77,"timestamp_utc":"2022-07-18T09:00:00","snow_rate":0,"app_temp":25.5,"pres":1013.45715,"azimuth":121.71,"dewpt":7.9,"uv":4.4,"elev_angle":46.86,"wind_dir":178,"weather":{"icon":"c02d","code":802,"description":"Scattered clouds"},"ghi":727.1,"dhi":108.88,"timestamp_local":"2022-07-18T11:00:00","solar_rad":706.8108,"vis":10,"dni":856.64,"temp":26,"slp":1023,"clouds":36,"ts":1658134800},{"precip_rate":0,"rh":31,"wind_spd":1.85,"timestamp_utc":"2022-07-18T09:15:00","snow_rate":0,"app_temp":25.9,"pres":1013.4718,"azimuth":126.51,"dewpt":7.7,"uv":4.5,"elev_angle":48.59,"wind_dir":184,"weather":{"icon":"c02d","code":802,"description":"Scattered clouds"},"ghi":749.8,"dhi":110.17,"timestamp_local":"2022-07-18T11:15:00","solar_rad":719.86414,"vis":10,"dni":862.95,"temp":26.4,"slp":1023,"clouds":40,"ts":1658135700},{"precip_rate":0,"rh":30,"wind_spd":1.92,"timestamp_utc":"2022-07-18T09:30:00","snow_rate":0,"app_temp":26.3,"pres":1013.4864,"azimuth":131.31,"dewpt":7.5,"uv":4.6,"elev_angle":50.31,"wind_dir":190,"weather":{"icon":"c03d","code":803,"description":"Broken clouds"},"ghi":772.5,"dhi":111.46,"timestamp_local":"2022-07-18T11:30:00","solar_rad":729.8538,"vis":10,"dni":869.27,"temp":26.9,"slp":1023,"clouds":44,"ts":1658136600},{"precip_rate":0,"rh":28,"wind_spd":2,"timestamp_utc":"2022-07-18T09:45:00","snow_rate":0,"app_temp":26.5,"pres":1013.501,"azimuth":136.11,"dewpt":7.3,"uv":4.6,"elev_angle":52.04,"wind_dir":195,"weather":{"icon":"c03d","code":803,"description":"Broken clouds"},"ghi":795.2,"dhi":112.74,"timestamp_local":"2022-07-18T11:45:00","solar_rad":736.1882,"vis":10,"dni":875.58,"temp":27.3,"slp":1023,"clouds":48,"ts":1658137500},{"precip_rate":0,"rh":27,"wind_spd":2.07,"timestamp_utc":"2022-07-18T10:00:00","snow_rate":0,"app_temp":26.8,"pres":1013.5156,"azimuth":140.91,"dewpt":7.1,"uv":4.7,"elev_angle":53.76,"wind_dir":201,"weather":{"icon":"c03d","code":803,"description":"Broken clouds"},"ghi":818,"dhi":114.03,"timestamp_local":"2022-07-18T12:00:00","solar_rad":738.3094,"vis":10,"dni":881.89,"temp":27.7,"slp":1023,"clouds":52,"ts":1658138400},{"precip_rate":0,"rh":26,"wind_spd":2.08,"timestamp_utc":"2022-07-18T10:15:00","snow_rate":0,"app_temp":26.9,"pres":1013.5272,"azimuth":146.91,"dewpt":7,"uv":4.2,"elev_angle":54.81,"wind_dir":206,"weather":{"icon":"c03d","code":803,"description":"Broken clouds"},"ghi":830.2,"dhi":114.69,"timestamp_local":"2022-07-18T12:15:00","solar_rad":666.3535,"vis":10,"dni":884.98,"temp":28,"slp":1023,"clouds":64,"ts":1658139300},{"precip_rate":0,"rh":26,"wind_spd":2.09,"timestamp_utc":"2022-07-18T10:30:00","snow_rate":0,"app_temp":27.2,"pres":1013.53876,"azimuth":152.9,"dewpt":6.8,"uv":3.7,"elev_angle":55.86,"wind_dir":210,"weather":{"icon":"c04d","code":804,"description":"Overcast clouds"},"ghi":842.5,"dhi":115.34,"timestamp_local":"2022-07-18T12:30:00","solar_rad":544.2512,"vis":10,"dni":888.06,"temp":28.4,"slp":1023,"clouds":76,"ts":1658140200},{"precip_rate":0,"rh":25,"wind_spd":2.1,"timestamp_utc":"2022-07-18T10:45:00","snow_rate":0,"app_temp":27.4,"pres":1013.5503,"azimuth":158.9,"dewpt":6.7,"uv":3.1,"elev_angle":56.91,"wind_dir":214,"weather":{"icon":"c04d","code":804,"description":"Overcast clouds"},"ghi":854.7,"dhi":116,"timestamp_local":"2022-07-18T12:45:00","solar_rad":356.62207,"vis":10,"dni":891.15,"temp":28.7,"slp":1023,"clouds":88,"ts":1658141100},{"precip_rate":0,"rh":24,"wind_spd":2.11,"timestamp_utc":"2022-07-18T11:00:00","snow_rate":0,"app_temp":27.6,"pres":1013.5619,"azimuth":164.89,"dewpt":6.6,"uv":2.5,"elev_angle":57.96,"wind_dir":219,"weather":{"icon":"c04d","code":804,"description":"Overcast clouds"},"ghi":867,"dhi":116.65,"timestamp_local":"2022-07-18T13:00:00","solar_rad":203.34999,"vis":10,"dni":894.23,"temp":29,"slp":1023,"clouds":100,"ts":1658142000},{"precip_rate":0,"rh":24,"wind_spd":2.11,"timestamp_utc":"2022-07-18T11:15:00","snow_rate":0,"app_temp":27.8,"pres":1013.3228,"azimuth":171.56,"dewpt":6.7,"uv":3.2,"elev_angle":58.03,"wind_dir":221,"weather":{"icon":"c04d","code":804,"description":"Overcast clouds"},"ghi":867.8,"dhi":116.69,"timestamp_local":"2022-07-18T13:15:00","solar_rad":362.088,"vis":10,"dni":894.42,"temp":29.3,"slp":1022.75,"clouds":88,"ts":1658142900},{"precip_rate":0,"rh":24,"wind_spd":2.11,"timestamp_utc":"2022-07-18T11:30:00","snow_rate":0,"app_temp":28,"pres":1013.08374,"azimuth":178.23,"dewpt":6.7,"uv":3.9,"elev_angle":58.1,"wind_dir":222,"weather":{"icon":"c04d","code":804,"description":"Overcast clouds"},"ghi":868.5,"dhi":116.73,"timestamp_local":"2022-07-18T13:30:00","solar_rad":561.0471,"vis":10,"dni":894.61,"temp":29.5,"slp":1022.5,"clouds":76,"ts":1658143800},{"precip_rate":0,"rh":23,"wind_spd":2.11,"timestamp_utc":"2022-07-18T11:45:00","snow_rate":0,"app_temp":28.1,"pres":1012.8446,"azimuth":184.89,"dewpt":6.8,"uv":4.5,"elev_angle":58.17,"wind_dir":224,"weather":{"icon":"c03d","code":803,"description":"Broken clouds"},"ghi":869.3,"dhi":116.77,"timestamp_local":"2022-07-18T13:45:00","solar_rad":697.7368,"vis":10,"dni":894.79,"temp":29.8,"slp":1022.25,"clouds":64,"ts":1658144700},{"precip_rate":0,"rh":23,"wind_spd":2.11,"timestamp_utc":"2022-07-18T12:00:00","snow_rate":0,"app_temp":28.3,"pres":1012.6055,"azimuth":191.56,"dewpt":6.8,"uv":5.2,"elev_angle":58.24,"wind_dir":226,"weather":{"icon":"c03d","code":803,"description":"Broken clouds"},"ghi":870.1,"dhi":116.81,"timestamp_local":"2022-07-18T14:00:00","solar_rad":785.33374,"vis":10,"dni":894.98,"temp":30,"slp":1022,"clouds":52,"ts":1658145600},{"precip_rate":0,"rh":23,"wind_spd":2.05,"timestamp_utc":"2022-07-18T12:15:00","snow_rate":0,"app_temp":28.5,"pres":1012.6141,"azimuth":197.7,"dewpt":6.9,"uv":4.4,"elev_angle":57.31,"wind_dir":228,"weather":{"icon":"c03d","code":803,"description":"Broken clouds"},"ghi":859.3,"dhi":116.24,"timestamp_local":"2022-07-18T14:15:00","solar_rad":689.7104,"vis":10,"dni":892.29,"temp":30.2,"slp":1022,"clouds":64,"ts":1658146500},{"precip_rate":0,"rh":23,"wind_spd":1.99,"timestamp_utc":"2022-07-18T12:30:00","snow_rate":0,"app_temp":28.6,"pres":1012.62256,"azimuth":203.83,"dewpt":7,"uv":3.7,"elev_angle":56.37,"wind_dir":230,"weather":{"icon":"c04d","code":804,"description":"Overcast clouds"},"ghi":848.5,"dhi":115.67,"timestamp_local":"2022-07-18T14:30:00","solar_rad":548.1272,"vis":10,"dni":889.6,"temp":30.4,"slp":1022,"clouds":76,"ts":1658147400},{"precip_rate":0,"rh":23,"wind_spd":1.92,"timestamp_utc":"2022-07-18T12:45:00","snow_rate":0,"app_temp":28.8,"pres":1012.6311,"azimuth":209.97,"dewpt":7,"uv":3,"elev_angle":55.44,"wind_dir":232,"weather":{"icon":"c04d","code":804,"description":"Overcast clouds"},"ghi":837.7,"dhi":115.09,"timestamp_local":"2022-07-18T14:45:00","solar_rad":368.1342,"vis":10,"dni":886.9,"temp":30.5,"slp":1022,"clouds":87,"ts":1658148300},{"precip_rate":0,"rh":23,"wind_spd":1.86,"timestamp_utc":"2022-07-18T13:00:00","snow_rate":0,"app_temp":29,"pres":1012.63965,"azimuth":216.1,"dewpt":7.1,"uv":2.3,"elev_angle":54.5,"wind_dir":234,"weather":{"icon":"c04d","code":804,"description":"Overcast clouds"},"ghi":826.9,"dhi":114.52,"timestamp_local":"2022-07-18T15:00:00","solar_rad":222.21092,"vis":10,"dni":884.21,"temp":30.7,"slp":1022,"clouds":99,"ts":1658149200},{"precip_rate":0,"rh":23,"wind_spd":1.82,"timestamp_utc":"2022-07-18T13:15:00","snow_rate":0,"app_temp":29.1,"pres":1012.3976,"azimuth":221.06,"dewpt":7.1,"uv":3.1,"elev_angle":52.84,"wind_dir":236,"weather":{"icon":"c04d","code":804,"description":"Overcast clouds"},"ghi":805.5,"dhi":113.32,"timestamp_local":"2022-07-18T15:15:00","solar_rad":451.37457,"vis":10,"dni":878.35,"temp":30.9,"slp":1021.75,"clouds":81,"ts":1658150100},{"precip_rate":0,"rh":22,"wind_spd":1.79,"timestamp_utc":"2022-07-18T13:30:00","snow_rate":0,"app_temp":29.3,"pres":1012.1555,"azimuth":226.01,"dewpt":7.1,"uv":3.8,"elev_angle":51.19,"wind_dir":239,"weather":{"icon":"c03d","code":803,"description":"Broken clouds"},"ghi":784.1,"dhi":112.12,"timestamp_local":"2022-07-18T15:30:00","solar_rad":637.4197,"vis":10,"dni":872.5,"temp":31.1,"slp":1021.5,"clouds":63,"ts":1658151000},{"precip_rate":0,"rh":22,"wind_spd":1.75,"timestamp_utc":"2022-07-18T13:45:00","snow_rate":0,"app_temp":29.4,"pres":1011.91345,"azimuth":230.97,"dewpt":7.2,"uv":4.4,"elev_angle":49.53,"wind_dir":242,"weather":{"icon":"c03d","code":803,"description":"Broken clouds"},"ghi":762.6,"dhi":110.91,"timestamp_local":"2022-07-18T15:45:00","solar_rad":717.15753,"vis":10,"dni":866.64,"temp":31.3,"slp":1021.25,"clouds":45,"ts":1658151900},{"precip_rate":0,"rh":22,"wind_spd":1.71,"timestamp_utc":"2022-07-18T14:00:00","snow_rate":0,"app_temp":29.6,"pres":1011.6714,"azimuth":235.92,"dewpt":7.2,"uv":5,"elev_angle":47.87,"wind_dir":244,"weather":{"icon":"c02d","code":802,"description":"Scattered clouds"},"ghi":741.2,"dhi":109.71,"timestamp_local":"2022-07-18T16:00:00","solar_rad":733.423,"vis":10,"dni":860.78,"temp":31.5,"slp":1021,"clouds":27,"ts":1658152800},{"precip_rate":0,"rh":22,"wind_spd":1.72,"timestamp_utc":"2022-07-18T14:15:00","snow_rate":0,"app_temp":29.7,"pres":1011.6742,"azimuth":239.86,"dewpt":7.2,"uv":4.9,"elev_angle":45.81,"wind_dir":246,"weather":{"icon":"c02d","code":802,"description":"Scattered clouds"},"ghi":710.9,"dhi":107.83,"timestamp_local":"2022-07-18T16:15:00","solar_rad":707.7261,"vis":10,"dni":851.07,"temp":31.6,"slp":1021,"clouds":21,"ts":1658153700},{"precip_rate":0,"rh":22,"wind_spd":1.72,"timestamp_utc":"2022-07-18T14:30:00","snow_rate":0,"app_temp":29.8,"pres":1011.677,"azimuth":243.8,"dewpt":7.2,"uv":4.8,"elev_angle":43.75,"wind_dir":249,"weather":{"icon":"c02d","code":801,"description":"Few clouds"},"ghi":680.6,"dhi":105.96,"timestamp_local":"2022-07-18T16:30:00","solar_rad":679.6321,"vis":10,"dni":841.36,"temp":31.6,"slp":1021,"clouds":15,"ts":1658154600},{"precip_rate":0,"rh":22,"wind_spd":1.72,"timestamp_utc":"2022-07-18T14:45:00","snow_rate":0,"app_temp":29.8,"pres":1011.6798,"azimuth":247.74,"dewpt":7.2,"uv":4.7,"elev_angle":41.69,"wind_dir":252,"weather":{"icon":"c02d","code":801,"description":"Few clouds"},"ghi":650.3,"dhi":104.08,"timestamp_local":"2022-07-18T16:45:00","solar_rad":650.13715,"vis":10,"dni":831.65,"temp":31.7,"slp":1021,"clouds":9,"ts":1658155500},{"precip_rate":0,"rh":22,"wind_spd":1.73,"timestamp_utc":"2022-07-18T15:00:00","snow_rate":0,"app_temp":29.9,"pres":1011.6826,"azimuth":251.68,"dewpt":7.2,"uv":4.5,"elev_angle":39.63,"wind_dir":254,"weather":{"icon":"c02d","code":801,"description":"Few clouds"},"ghi":620.1,"dhi":102.2,"timestamp_local":"2022-07-18T17:00:00","solar_rad":620.0963,"vis":10,"dni":821.94,"temp":31.8,"slp":1021,"clouds":3,"ts":1658156400},{"precip_rate":0,"rh":22,"wind_spd":1.68,"timestamp_utc":"2022-07-18T15:15:00","snow_rate":0,"app_temp":29.9,"pres":1011.43494,"azimuth":254.98,"dewpt":7.3,"uv":4.1,"elev_angle":37.39,"wind_dir":255,"weather":{"icon":"c02d","code":801,"description":"Few clouds"},"ghi":583.6,"dhi":99.57,"timestamp_local":"2022-07-18T17:15:00","solar_rad":583.5802,"vis":10,"dni":807.03,"temp":31.8,"slp":1020.75,"clouds":5,"ts":1658157300},{"precip_rate":0,"rh":22,"wind_spd":1.63,"timestamp_utc":"2022-07-18T15:30:00","snow_rate":0,"app_temp":29.9,"pres":1011.1872,"azimuth":258.28,"dewpt":7.5,"uv":3.7,"elev_angle":35.14,"wind_dir":256,"weather":{"icon":"c02d","code":801,"description":"Few clouds"},"ghi":547.1,"dhi":96.93,"timestamp_local":"2022-07-18T17:30:00","solar_rad":547.0417,"vis":10,"dni":792.12,"temp":31.8,"slp":1020.5,"clouds":7,"ts":1658158200},{"precip_rate":0,"rh":23,"wind_spd":1.59,"timestamp_utc":"2022-07-18T15:45:00","snow_rate":0,"app_temp":29.9,"pres":1010.93945,"azimuth":261.58,"dewpt":7.6,"uv":3.3,"elev_angle":32.9,"wind_dir":256,"weather":{"icon":"c02d","code":801,"description":"Few clouds"},"ghi":510.6,"dhi":94.3,"timestamp_local":"2022-07-18T17:45:00","solar_rad":510.47214,"vis":10,"dni":777.21,"temp":31.7,"slp":1020.25,"clouds":9,"ts":1658159100},{"precip_rate":0,"rh":23,"wind_spd":1.54,"timestamp_utc":"2022-07-18T16:00:00","snow_rate":0,"app_temp":29.9,"pres":1010.6918,"azimuth":264.88,"dewpt":7.7,"uv":3,"elev_angle":30.65,"wind_dir":257,"weather":{"icon":"c02d","code":801,"description":"Few clouds"},"ghi":474.1,"dhi":91.66,"timestamp_local":"2022-07-18T18:00:00","solar_rad":473.8651,"vis":10,"dni":762.3,"temp":31.7,"slp":1020,"clouds":11,"ts":1658160000},{"precip_rate":0,"rh":23,"wind_spd":1.5,"timestamp_utc":"2022-07-18T16:15:00","snow_rate":0,"app_temp":29.8,"pres":1010.68896,"azimuth":267.84,"dewpt":7.8,"uv":2.6,"elev_angle":28.36,"wind_dir":258,"weather":{"icon":"c02d","code":801,"description":"Few clouds"},"ghi":434.7,"dhi":88.11,"timestamp_local":"2022-07-18T18:15:00","solar_rad":433.319,"vis":10,"dni":739.47,"temp":31.6,"slp":1020,"clouds":19,"ts":1658160900},{"precip_rate":0,"rh":23,"wind_spd":1.45,"timestamp_utc":"2022-07-18T16:30:00","snow_rate":0,"app_temp":29.6,"pres":1010.68616,"azimuth":270.79,"dewpt":7.8,"uv":2.2,"elev_angle":26.07,"wind_dir":260,"weather":{"icon":"c02d","code":802,"description":"Scattered clouds"},"ghi":395.4,"dhi":84.55,"timestamp_local":"2022-07-18T18:30:00","solar_rad":391.25125,"vis":10,"dni":716.64,"temp":31.4,"slp":1020,"clouds":27,"ts":1658161800},{"precip_rate":0,"rh":23,"wind_spd":1.41,"timestamp_utc":"2022-07-18T16:45:00","snow_rate":0,"app_temp":29.5,"pres":1010.68335,"azimuth":273.75,"dewpt":7.8,"uv":1.9,"elev_angle":23.77,"wind_dir":261,"weather":{"icon":"c02d","code":802,"description":"Scattered clouds"},"ghi":356,"dhi":81,"timestamp_local":"2022-07-18T18:45:00","solar_rad":346.97342,"vis":10,"dni":693.8,"temp":31.3,"slp":1020,"clouds":35,"ts":1658162700},{"precip_rate":0,"rh":23,"wind_spd":1.36,"timestamp_utc":"2022-07-18T17:00:00","snow_rate":0,"app_temp":29.4,"pres":1010.68054,"azimuth":276.7,"dewpt":7.9,"uv":1.6,"elev_angle":21.48,"wind_dir":262,"weather":{"icon":"c03d","code":803,"description":"Broken clouds"},"ghi":316.6,"dhi":77.44,"timestamp_local":"2022-07-18T19:00:00","solar_rad":300.4361,"vis":10,"dni":670.97,"temp":31.2,"slp":1020,"clouds":43,"ts":1658163600},{"precip_rate":0,"rh":24,"wind_spd":1.2,"timestamp_utc":"2022-07-18T17:15:00","snow_rate":0,"app_temp":29.3,"pres":1010.43,"azimuth":279.52,"dewpt":8.1,"uv":1.7,"elev_angle":19.24,"wind_dir":268,"weather":{"icon":"c02d","code":802,"description":"Scattered clouds"},"ghi":278.4,"dhi":72.62,"timestamp_local":"2022-07-18T19:15:00","solar_rad":273.19498,"vis":10,"dni":633.95,"temp":31,"slp":1019.75,"clouds":32,"ts":1658164500},{"precip_rate":0,"rh":24,"wind_spd":1.03,"timestamp_utc":"2022-07-18T17:30:00","snow_rate":0,"app_temp":29.1,"pres":1010.17944,"azimuth":282.34,"dewpt":8.3,"uv":1.7,"elev_angle":17,"wind_dir":274,"weather":{"icon":"c02d","code":802,"description":"Scattered clouds"},"ghi":240.2,"dhi":67.8,"timestamp_local":"2022-07-18T19:30:00","solar_rad":238.94382,"vis":10,"dni":596.93,"temp":30.9,"slp":1019.5,"clouds":22,"ts":1658165400},{"precip_rate":0,"rh":25,"wind_spd":0.87,"timestamp_utc":"2022-07-18T17:45:00","snow_rate":0,"app_temp":29,"pres":1009.92896,"azimuth":285.16,"dewpt":8.6,"uv":1.8,"elev_angle":14.76,"wind_dir":280,"weather":{"icon":"c02d","code":801,"description":"Few clouds"},"ghi":202,"dhi":62.97,"timestamp_local":"2022-07-18T19:45:00","solar_rad":201.86548,"vis":10,"dni":559.91,"temp":30.7,"slp":1019.25,"clouds":12,"ts":1658166300},{"precip_rate":0,"rh":26,"wind_spd":0.7,"timestamp_utc":"2022-07-18T18:00:00","snow_rate":0,"app_temp":28.9,"pres":1009.6784,"azimuth":287.98,"dewpt":8.8,"uv":1.9,"elev_angle":12.52,"wind_dir":286,"weather":{"icon":"c01d","code":800,"description":"Clear Sky"},"ghi":163.8,"dhi":58.15,"timestamp_local":"2022-07-18T20:00:00","solar_rad":163.79997,"vis":10,"dni":522.89,"temp":30.5,"slp":1019,"clouds":1,"ts":1658167200},{"precip_rate":0,"rh":28,"wind_spd":0.68,"timestamp_utc":"2022-07-18T18:15:00","snow_rate":0,"app_temp":28.6,"pres":1009.66425,"azimuth":290.82,"dewpt":9.6,"uv":1.8,"elev_angle":10.42,"wind_dir":220,"weather":{"icon":"c01d","code":800,"description":"Clear Sky"},"ghi":132.4,"dhi":51,"timestamp_local":"2022-07-18T20:15:00","solar_rad":132.39998,"vis":10,"dni":452.85,"temp":29.9,"slp":1019,"clouds":1,"ts":1658168100},{"precip_rate":0,"rh":31,"wind_spd":0.65,"timestamp_utc":"2022-07-18T18:30:00","snow_rate":0,"app_temp":28.3,"pres":1009.65,"azimuth":293.65,"dewpt":10.3,"uv":1.8,"elev_angle":8.32,"wind_dir":154,"weather":{"icon":"c01d","code":800,"description":"Clear Sky"},"ghi":100.9,"dhi":43.86,"timestamp_local":"2022-07-18T20:30:00","solar_rad":100.9,"vis":10,"dni":382.82,"temp":29.4,"slp":1019,"clouds":0,"ts":1658169000},{"precip_rate":0,"rh":34,"wind_spd":0.63,"timestamp_utc":"2022-07-18T18:45:00","snow_rate":0,"app_temp":28,"pres":1009.63586,"azimuth":296.49,"dewpt":11.1,"uv":1.8,"elev_angle":6.21,"wind_dir":87,"weather":{"icon":"c01d","code":800,"description":"Clear Sky"},"ghi":69.4,"dhi":36.71,"timestamp_local":"2022-07-18T20:45:00","solar_rad":67.187614,"vis":10,"dni":312.78,"temp":28.8,"slp":1019,"clouds":0,"ts":1658169900},{"precip_rate":0,"rh":36,"wind_spd":0.6,"timestamp_utc":"2022-07-18T19:00:00","snow_rate":0,"app_temp":27.7,"pres":1009.6217,"azimuth":299.32,"dewpt":11.8,"uv":1.8,"elev_angle":4.11,"wind_dir":21,"weather":{"icon":"c01n","code":800,"description":"Clear Sky"},"ghi":38,"dhi":29.56,"timestamp_local":"2022-07-18T21:00:00","solar_rad":36.756798,"vis":10,"dni":242.74,"temp":28.3,"slp":1019,"clouds":0,"ts":1658170800},{"precip_rate":0,"rh":36,"wind_spd":0.67,"timestamp_utc":"2022-07-18T19:15:00","snow_rate":0,"app_temp":27.1,"pres":1009.8346,"azimuth":302.28,"dewpt":11.3,"uv":1.7,"elev_angle":2.24,"wind_dir":32,"weather":{"icon":"c01n","code":800,"description":"Clear Sky"},"ghi":28.5,"dhi":22.17,"timestamp_local":"2022-07-18T21:15:00","solar_rad":27.605358,"vis":10,"dni":182.06,"temp":27.6,"slp":1019.25,"clouds":1,"ts":1658171700},{"precip_rate":0,"rh":36,"wind_spd":0.73,"timestamp_utc":"2022-07-18T19:30:00","snow_rate":0,"app_temp":26.6,"pres":1010.04755,"azimuth":305.24,"dewpt":10.8,"uv":1.7,"elev_angle":0.36,"wind_dir":42,"weather":{"icon":"c02n","code":801,"description":"Few clouds"},"ghi":19,"dhi":14.78,"timestamp_local":"2022-07-18T21:30:00","solar_rad":18.42781,"vis":10,"dni":121.37,"temp":26.8,"slp":1019.5,"clouds":2,"ts":1658172600},{"precip_rate":0,"rh":37,"wind_spd":0.8,"timestamp_utc":"2022-07-18T19:45:00","snow_rate":0,"app_temp":25.8,"pres":1010.2605,"azimuth":308.2,"dewpt":10.3,"uv":0,"elev_angle":-1.52,"wind_dir":52,"weather":{"icon":"c02n","code":801,"description":"Few clouds"},"ghi":9.5,"dhi":7.39,"timestamp_local":"2022-07-18T21:45:00","solar_rad":9.499986,"vis":10,"dni":60.69,"temp":26.1,"slp":1019.75,"clouds":2,"ts":1658173500},{"precip_rate":0,"rh":37,"wind_spd":0.86,"timestamp_utc":"2022-07-18T20:00:00","snow_rate":0,"app_temp":25,"pres":1010.4734,"azimuth":311.16,"dewpt":9.8,"uv":0,"elev_angle":-3.39,"wind_dir":63,"weather":{"icon":"c02n","code":801,"description":"Few clouds"},"ghi":0,"dhi":0,"timestamp_local":"2022-07-18T22:00:00","solar_rad":0,"vis":10,"dni":0,"temp":25.4,"slp":1020,"clouds":3,"ts":1658174400},{"precip_rate":0,"rh":40,"wind_spd":0.88,"timestamp_utc":"2022-07-18T20:15:00","snow_rate":0,"app_temp":24.2,"pres":1010.4406,"azimuth":314.33,"dewpt":10.2,"uv":0,"elev_angle":-4.94,"wind_dir":73,"weather":{"icon":"c02n","code":801,"description":"Few clouds"},"ghi":0,"dhi":0,"timestamp_local":"2022-07-18T22:15:00","solar_rad":0,"vis":10,"dni":0,"temp":24.6,"slp":1020,"clouds":2,"ts":1658175300},{"precip_rate":0,"rh":44,"wind_spd":0.9,"timestamp_utc":"2022-07-18T20:30:00","snow_rate":0,"app_temp":23.4,"pres":1010.40784,"azimuth":317.49,"dewpt":10.6,"uv":0,"elev_angle":-6.49,"wind_dir":82,"weather":{"icon":"c02n","code":801,"description":"Few clouds"},"ghi":0,"dhi":0,"timestamp_local":"2022-07-18T22:30:00","solar_rad":0,"vis":10,"dni":0,"temp":23.8,"slp":1020,"clouds":2,"ts":1658176200},{"precip_rate":0,"rh":47,"wind_spd":0.92,"timestamp_utc":"2022-07-18T20:45:00","snow_rate":0,"app_temp":22.7,"pres":1010.37506,"azimuth":320.66,"dewpt":10.9,"uv":0,"elev_angle":-8.04,"wind_dir":92,"weather":{"icon":"c01n","code":800,"description":"Clear Sky"},"ghi":0,"dhi":0,"timestamp_local":"2022-07-18T22:45:00","solar_rad":0,"vis":10,"dni":0,"temp":23.1,"slp":1020,"clouds":1,"ts":1658177100},{"precip_rate":0,"rh":50,"wind_spd":0.94,"timestamp_utc":"2022-07-18T21:00:00","snow_rate":0,"app_temp":21.9,"pres":1010.3423,"azimuth":323.82,"dewpt":11.3,"uv":0,"elev_angle":-9.59,"wind_dir":102,"weather":{"icon":"c01n","code":800,"description":"Clear Sky"},"ghi":0,"dhi":0,"timestamp_local":"2022-07-18T23:00:00","solar_rad":0,"vis":10,"dni":0,"temp":22.3,"slp":1020,"clouds":0,"ts":1658178000},{"precip_rate":0,"rh":51,"wind_spd":0.95,"timestamp_utc":"2022-07-18T21:15:00","snow_rate":0,"app_temp":21.4,"pres":1010.324,"azimuth":327.21,"dewpt":11.1,"uv":0,"elev_angle":-10.72,"wind_dir":103,"weather":{"icon":"c01n","code":800,"description":"Clear Sky"},"ghi":0,"dhi":0,"timestamp_local":"2022-07-18T23:15:00","solar_rad":0,"vis":10,"dni":0,"temp":21.8,"slp":1020,"clouds":0,"ts":1658178900},{"precip_rate":0,"rh":52,"wind_spd":0.96,"timestamp_utc":"2022-07-18T21:30:00","snow_rate":0,"app_temp":20.8,"pres":1010.3057,"azimuth":330.6,"dewpt":10.9,"uv":0,"elev_angle":-11.85,"wind_dir":104,"weather":{"icon":"c01n","code":800,"description":"Clear Sky"},"ghi":0,"dhi":0,"timestamp_local":"2022-07-18T23:30:00","solar_rad":0,"vis":10,"dni":0,"temp":21.3,"slp":1020,"clouds":0,"ts":1658179800},{"precip_rate":0,"rh":52,"wind_spd":0.97,"timestamp_utc":"2022-07-18T21:45:00","snow_rate":0,"app_temp":20.3,"pres":1010.2875,"azimuth":333.99,"dewpt":10.7,"uv":0,"elev_angle":-12.98,"wind_dir":105,"weather":{"icon":"c01n","code":800,"description":"Clear Sky"},"ghi":0,"dhi":0,"timestamp_local":"2022-07-18T23:45:00","solar_rad":0,"vis":10,"dni":0,"temp":20.8,"slp":1020,"clouds":0,"ts":1658180700},{"precip_rate":0,"rh":53,"wind_spd":0.98,"timestamp_utc":"2022-07-18T22:00:00","snow_rate":0,"app_temp":19.8,"pres":1010.26917,"azimuth":337.38,"dewpt":10.5,"uv":0,"elev_angle":-14.11,"wind_dir":106,"weather":{"icon":"c01n","code":800,"description":"Clear Sky"},"ghi":0,"dhi":0,"timestamp_local":"2022-07-19T00:00:00","solar_rad":0,"vis":10,"dni":0,"temp":20.3,"slp":1020,"clouds":0,"ts":1658181600},{"precip_rate":0,"rh":55,"wind_spd":1.03,"timestamp_utc":"2022-07-18T22:15:00","snow_rate":0,"app_temp":19.4,"pres":1010.263,"azimuth":340.96,"dewpt":10.6,"uv":0,"elev_angle":-14.73,"wind_dir":104,"weather":{"icon":"c01n","code":800,"description":"Clear Sky"},"ghi":0,"dhi":0,"timestamp_local":"2022-07-19T00:15:00","solar_rad":0,"vis":10,"dni":0,"temp":19.9,"slp":1020,"clouds":0,"ts":1658182500},{"precip_rate":0,"rh":57,"wind_spd":1.09,"timestamp_utc":"2022-07-18T22:30:00","snow_rate":0,"app_temp":19,"pres":1010.25684,"azimuth":344.54,"dewpt":10.8,"uv":0,"elev_angle":-15.34,"wind_dir":103,"weather":{"icon":"c01n","code":800,"description":"Clear Sky"},"ghi":0,"dhi":0,"timestamp_local":"2022-07-19T00:30:00","solar_rad":0,"vis":10,"dni":0,"temp":19.5,"slp":1020,"clouds":0,"ts":1658183400},{"precip_rate":0,"rh":59,"wind_spd":1.14,"timestamp_utc":"2022-07-18T22:45:00","snow_rate":0,"app_temp":18.6,"pres":1010.25073,"azimuth":348.11,"dewpt":10.9,"uv":0,"elev_angle":-15.96,"wind_dir":102,"weather":{"icon":"c01n","code":800,"description":"Clear Sky"},"ghi":0,"dhi":0,"timestamp_local":"2022-07-19T00:45:00","solar_rad":0,"vis":10,"dni":0,"temp":19.1,"slp":1020,"clouds":0,"ts":1658184300},{"precip_rate":0,"rh":61,"wind_spd":1.19,"timestamp_utc":"2022-07-18T23:00:00","snow_rate":0,"app_temp":18.2,"pres":1010.24457,"azimuth":351.69,"dewpt":11,"uv":0,"elev_angle":-16.57,"wind_dir":100,"weather":{"icon":"c01n","code":800,"description":"Clear Sky"},"ghi":0,"dhi":0,"timestamp_local":"2022-07-19T01:00:00","solar_rad":0,"vis":10,"dni":0,"temp":18.7,"slp":1020,"clouds":0,"ts":1658185200},{"precip_rate":0,"rh":62,"wind_spd":1.18,"timestamp_utc":"2022-07-18T23:15:00","snow_rate":0,"app_temp":18,"pres":1012.8,"azimuth":265.35,"dewpt":11.1,"uv":0,"elev_angle":-16.61,"wind_dir":102,"weather":{"icon":"c01n","code":800,"description":"Clear Sky"},"ghi":0,"dhi":0,"timestamp_local":"2022-07-19T01:15:00","solar_rad":0,"vis":10,"dni":0,"temp":18.4,"slp":1019,"clouds":0,"ts":1658186100},{"precip_rate":0,"rh":64,"wind_spd":1.17,"timestamp_utc":"2022-07-18T23:30:00","snow_rate":0,"app_temp":18.2,"pres":1012.8,"azimuth":179.01,"dewpt":11.2,"uv":0,"elev_angle":-16.65,"wind_dir":103,"weather":{"icon":"c01n","code":800,"description":"Clear Sky"},"ghi":0,"dhi":0,"timestamp_local":"2022-07-19T01:30:00","solar_rad":0,"vis":10,"dni":0,"temp":18.2,"slp":1019,"clouds":0,"ts":1658187000},{"precip_rate":0,"rh":65,"wind_spd":1.16,"timestamp_utc":"2022-07-18T23:45:00","snow_rate":0,"app_temp":17.9,"pres":1012.8,"azimuth":92.66,"dewpt":11.3,"uv":0,"elev_angle":-16.69,"wind_dir":104,"weather":{"icon":"c01n","code":800,"description":"Clear Sky"},"ghi":0,"dhi":0,"timestamp_local":"2022-07-19T01:45:00","solar_rad":0,"vis":10,"dni":0,"temp":17.9,"slp":1019,"clouds":0,"ts":1658187900}],"sources":["103150-99999","imerg","merra2","era5","modis"],"city_id":"2856883"}
