{"timezone":"Europe\/Berlin","state_code":"06","country_code":"DE","lat":52.2833,"lon":8,"city_name":"Osnabr�ck","station_id":"103150-99999","data":[{"precip_rate":0,"rh":80,"wind_spd":2,"timestamp_utc":"2022-07-02T00:00:00","snow_rate":0,"app_temp":12.2,"pres":1012.0237,"azimuth":6.69,"dewpt":8.9,"uv":0,"elev_angle":-14.49,"wind_dir":220,"weather":{"icon":"c02n","code":801,"description":"Few clouds"},"ghi":0,"dhi":0,"timestamp_local":"2022-07-02T02:00:00","solar_rad":0,"vis":10,"dni":0,"temp":12.2,"slp":1022,"clouds":19,"ts":1656720000},{"precip_rate":0,"rh":80,"wind_spd":2,"timestamp_utc":"2022-07-02T00:15:00","snow_rate":0,"app_temp":12.1,"pres":1012.02045,"azimuth":10.19,"dewpt":8.8,"uv":0,"elev_angle":-13.95,"wind_dir":215,"weather":{"icon":"c02n","code":801,"description":"Few clouds"},"ghi":0,"dhi":0,"timestamp_local":"2022-07-02T02:15:00","solar_rad":0,"vis":10,"dni":0,"temp":12.1,"slp":1022,"clouds":17,"ts":1656720900},{"precip_rate":0,"rh":81,"wind_spd":2,"timestamp_utc":"2022-07-02T00:30:00","snow_rate":0,"app_temp":12,"pres":1012.0172,"azimuth":13.7,"dewpt":8.9,"uv":0,"elev_angle":-13.4,"wind_dir":210,"weather":{"icon":"c02n","code":801,"description":"Few clouds"},"ghi":0,"dhi":0,"timestamp_local":"2022-07-02T02:30:00","solar_rad":0,"vis":10,"dni":0,"temp":12,"slp":1022,"clouds":14,"ts":1656721800},{"precip_rate":0,"rh":82,"wind_spd":2,"timestamp_utc":"2022-07-02T00:45:00","snow_rate":0,"app_temp":12,"pres":1012.01404,"azimuth":17.2,"dewpt":9,"uv":0,"elev_angle":-12.86,"wind_dir":205,"weather":{"icon":"c02n","code":801,"description":"Few clouds"},"ghi":0,"dhi":0,"timestamp_local":"2022-07-02T02:45:00","solar_rad":0,"vis":10,"dni":0,"temp":12,"slp":1022,"clouds":12,"ts":1656722700},{"precip_rate":0,"rh":82,"wind_spd":2,"timestamp_utc":"2022-07-02T01:00:00","snow_rate":0,"app_temp":11.9,"pres":1012.0108,"azimuth":20.7,"dewpt":8.9,"uv":0,"elev_angle":-12.31,"wind_dir":200,"weather":{"icon":"c02n","code":801,"description":"Few clouds"},"ghi":0,"dhi":0,"timestamp_local":"2022-07-02T03:00:00","solar_rad":0,"vis":10,"dni":0,"temp":11.9,"slp":1022,"clouds":10,"ts":1656723600},{"precip_rate":0,"rh":82,"wind_spd":2.1,"timestamp_utc":"2022-07-02T01:15:00","snow_rate":0,"app_temp":11.8,"pres":1012.00757,"azimuth":24.04,"dewpt":8.8,"uv":0,"elev_angle":-11.26,"wind_dir":199,"weather":{"icon":"c02n","code":801,"description":"Few clouds"},"ghi":0,"dhi":0,"timestamp_local":"2022-07-02T03:15:00","solar_rad":0,"vis":10,"dni":0,"temp":11.8,"slp":1022,"clouds":10,"ts":1656724500},{"precip_rate":0,"rh":83,"wind_spd":2.2,"timestamp_utc":"2022-07-02T01:30:00","snow_rate":0,"app_temp":11.7,"pres":1012.00433,"azimuth":27.38,"dewpt":8.9,"uv":0,"elev_angle":-10.2,"wind_dir":198,"weather":{"icon":"c02n","code":801,"description":"Few clouds"},"ghi":0,"dhi":0,"timestamp_local":"2022-07-02T03:30:00","solar_rad":0,"vis":10,"dni":0,"temp":11.7,"slp":1022,"clouds":10,"ts":1656725400},{"precip_rate":0,"rh":84,"wind_spd":2.3,"timestamp_utc":"2022-07-02T01:45:00","snow_rate":0,"app_temp":11.6,"pres":1012.0011,"azimuth":30.72,"dewpt":9,"uv":0,"elev_angle":-9.15,"wind_dir":197,"weather":{"icon":"c02n","code":801,"description":"Few clouds"},"ghi":0,"dhi":0,"timestamp_local":"2022-07-02T03:45:00","solar_rad":0,"vis":10,"dni":0,"temp":11.6,"slp":1022,"clouds":11,"ts":1656726300},{"precip_rate":0,"rh":84,"wind_spd":2.4,"timestamp_utc":"2022-07-02T02:00:00","snow_rate":0,"app_temp":11.5,"pres":1011.99786,"azimuth":34.06,"dewpt":8.9,"uv":0,"elev_angle":-8.09,"wind_dir":196,"weather":{"icon":"c02n","code":801,"description":"Few clouds"},"ghi":0,"dhi":0,"timestamp_local":"2022-07-02T04:00:00","solar_rad":0,"vis":10,"dni":0,"temp":11.5,"slp":1022,"clouds":11,"ts":1656727200},{"precip_rate":0,"rh":84,"wind_spd":2.5,"timestamp_utc":"2022-07-02T02:15:00","snow_rate":0,"app_temp":11.5,"pres":1011.99786,"azimuth":37.19,"dewpt":8.9,"uv":0,"elev_angle":-6.61,"wind_dir":196,"weather":{"icon":"c02n","code":801,"description":"Few clouds"},"ghi":0,"dhi":0,"timestamp_local":"2022-07-02T04:15:00","solar_rad":0,"vis":10,"dni":0,"temp":11.5,"slp":1022,"clouds":13,"ts":1656728100},{"precip_rate":0,"rh":83,"wind_spd":2.6,"timestamp_utc":"2022-07-02T02:30:00","snow_rate":0,"app_temp":11.5,"pres":1011.99786,"azimuth":40.32,"dewpt":8.7,"uv":0,"elev_angle":-5.13,"wind_dir":197,"weather":{"icon":"c02n","code":801,"description":"Few clouds"},"ghi":0,"dhi":0,"timestamp_local":"2022-07-02T04:30:00","solar_rad":0,"vis":10,"dni":0,"temp":11.5,"slp":1022,"clouds":15,"ts":1656729000},{"precip_rate":0,"rh":82,"wind_spd":2.7,"timestamp_utc":"2022-07-02T02:45:00","snow_rate":0,"app_temp":11.5,"pres":1011.99786,"azimuth":43.44,"dewpt":8.5,"uv":0,"elev_angle":-3.64,"wind_dir":198,"weather":{"icon":"c02n","code":801,"description":"Few clouds"},"ghi":0,"dhi":0,"timestamp_local":"2022-07-02T04:45:00","solar_rad":0,"vis":10,"dni":0,"temp":11.5,"slp":1022,"clouds":17,"ts":1656729900},{"precip_rate":0,"rh":82,"wind_spd":2.8,"timestamp_utc":"2022-07-02T03:00:00","snow_rate":0,"app_temp":11.5,"pres":1011.99786,"azimuth":46.57,"dewpt":8.5,"uv":0,"elev_angle":-2.16,"wind_dir":198,"weather":{"icon":"c02n","code":801,"description":"Few clouds"},"ghi":0,"dhi":0,"timestamp_local":"2022-07-02T05:00:00","solar_rad":0,"vis":10,"dni":0,"temp":11.5,"slp":1022,"clouds":19,"ts":1656730800},{"precip_rate":0,"rh":82,"wind_spd":2.8,"timestamp_utc":"2022-07-02T03:15:00","snow_rate":0,"app_temp":11.5,"pres":1011.99786,"azimuth":49.51,"dewpt":8.5,"uv":0,"elev_angle":-0.34,"wind_dir":198,"weather":{"icon":"c02n","code":801,"description":"Few clouds"},"ghi":12.7,"dhi":8.48,"timestamp_local":"2022-07-02T05:15:00","solar_rad":12.677506,"vis":10,"dni":72.52,"temp":11.5,"slp":1022,"clouds":16,"ts":1656731700},{"precip_rate":0,"rh":83,"wind_spd":2.8,"timestamp_utc":"2022-07-02T03:30:00","snow_rate":0,"app_temp":11.5,"pres":1011.99786,"azimuth":52.44,"dewpt":8.7,"uv":1.6,"elev_angle":1.48,"wind_dir":197,"weather":{"icon":"c02n","code":801,"description":"Few clouds"},"ghi":25.4,"dhi":16.96,"timestamp_local":"2022-07-02T05:30:00","solar_rad":25.377794,"vis":10,"dni":145.04,"temp":11.5,"slp":1022,"clouds":13,"ts":1656732600},{"precip_rate":0,"rh":84,"wind_spd":2.8,"timestamp_utc":"2022-07-02T03:45:00","snow_rate":0,"app_temp":11.5,"pres":1011.99786,"azimuth":55.38,"dewpt":8.9,"uv":1.6,"elev_angle":3.29,"wind_dir":196,"weather":{"icon":"c02n","code":801,"description":"Few clouds"},"ghi":38.1,"dhi":25.44,"timestamp_local":"2022-07-02T05:45:00","solar_rad":38.08635,"vis":10,"dni":217.55,"temp":11.5,"slp":1022,"clouds":10,"ts":1656733500},{"precip_rate":0,"rh":84,"wind_spd":2.8,"timestamp_utc":"2022-07-02T04:00:00","snow_rate":0,"app_temp":11.5,"pres":1011.99786,"azimuth":58.31,"dewpt":8.9,"uv":1.7,"elev_angle":5.11,"wind_dir":196,"weather":{"icon":"c02d","code":801,"description":"Few clouds"},"ghi":50.8,"dhi":33.92,"timestamp_local":"2022-07-02T06:00:00","solar_rad":50.794586,"vis":10,"dni":290.07,"temp":11.5,"slp":1022,"clouds":7,"ts":1656734400},{"precip_rate":0,"rh":82,"wind_spd":2.8,"timestamp_utc":"2022-07-02T04:15:00","snow_rate":0,"app_temp":11.9,"pres":1012.2615,"azimuth":61.12,"dewpt":9,"uv":1.7,"elev_angle":7.17,"wind_dir":195,"weather":{"icon":"c02d","code":801,"description":"Few clouds"},"ghi":82.4,"dhi":40.49,"timestamp_local":"2022-07-02T06:15:00","solar_rad":82.38618,"vis":10,"dni":352.56,"temp":11.9,"slp":1022.25,"clouds":8,"ts":1656735300},{"precip_rate":0,"rh":81,"wind_spd":2.8,"timestamp_utc":"2022-07-02T04:30:00","snow_rate":0,"app_temp":12.4,"pres":1012.52515,"azimuth":63.93,"dewpt":9.2,"uv":1.7,"elev_angle":9.23,"wind_dir":194,"weather":{"icon":"c02d","code":801,"description":"Few clouds"},"ghi":114,"dhi":47.06,"timestamp_local":"2022-07-02T06:30:00","solar_rad":113.98087,"vis":10,"dni":415.06,"temp":12.4,"slp":1022.5,"clouds":8,"ts":1656736200},{"precip_rate":0,"rh":80,"wind_spd":2.8,"timestamp_utc":"2022-07-02T04:45:00","snow_rate":0,"app_temp":12.8,"pres":1012.7888,"azimuth":66.73,"dewpt":9.5,"uv":1.7,"elev_angle":11.28,"wind_dir":193,"weather":{"icon":"c02d","code":801,"description":"Few clouds"},"ghi":145.7,"dhi":53.62,"timestamp_local":"2022-07-02T06:45:00","solar_rad":145.66351,"vis":10,"dni":477.55,"temp":12.8,"slp":1022.75,"clouds":9,"ts":1656737100},{"precip_rate":0,"rh":78,"wind_spd":2.8,"timestamp_utc":"2022-07-02T05:00:00","snow_rate":0,"app_temp":13.3,"pres":1013.0524,"azimuth":69.54,"dewpt":9.5,"uv":1.8,"elev_angle":13.34,"wind_dir":192,"weather":{"icon":"c02d","code":801,"description":"Few clouds"},"ghi":177.3,"dhi":60.19,"timestamp_local":"2022-07-02T07:00:00","solar_rad":177.23648,"vis":10,"dni":540.04,"temp":13.3,"slp":1023,"clouds":10,"ts":1656738000},{"precip_rate":0,"rh":76,"wind_spd":2.7,"timestamp_utc":"2022-07-02T05:15:00","snow_rate":0,"app_temp":13.9,"pres":1013.0746,"azimuth":72.32,"dewpt":9.8,"uv":1.9,"elev_angle":15.56,"wind_dir":194,"weather":{"icon":"c02d","code":801,"description":"Few clouds"},"ghi":215.2,"dhi":64.81,"timestamp_local":"2022-07-02T07:15:00","solar_rad":215.1229,"vis":10,"dni":574.8,"temp":13.9,"slp":1023,"clouds":10,"ts":1656738900},{"precip_rate":0,"rh":74,"wind_spd":2.6,"timestamp_utc":"2022-07-02T05:30:00","snow_rate":0,"app_temp":14.6,"pres":1013.0968,"azimuth":75.11,"dewpt":10,"uv":2,"elev_angle":17.77,"wind_dir":195,"weather":{"icon":"c02d","code":801,"description":"Few clouds"},"ghi":253.1,"dhi":69.42,"timestamp_local":"2022-07-02T07:30:00","solar_rad":253.00931,"vis":10,"dni":609.57,"temp":14.6,"slp":1023,"clouds":10,"ts":1656739800},{"precip_rate":0,"rh":72,"wind_spd":2.5,"timestamp_utc":"2022-07-02T05:45:00","snow_rate":0,"app_temp":15.3,"pres":1013.11896,"azimuth":77.89,"dewpt":10.2,"uv":2.1,"elev_angle":19.99,"wind_dir":196,"weather":{"icon":"c02d","code":801,"description":"Few clouds"},"ghi":290.9,"dhi":74.04,"timestamp_local":"2022-07-02T07:45:00","solar_rad":281.98196,"vis":10,"dni":644.33,"temp":15.3,"slp":1023,"clouds":10,"ts":1656740700},{"precip_rate":0,"rh":70,"wind_spd":2.4,"timestamp_utc":"2022-07-02T06:00:00","snow_rate":0,"app_temp":15.9,"pres":1013.1411,"azimuth":80.67,"dewpt":10.4,"uv":2.2,"elev_angle":22.2,"wind_dir":198,"weather":{"icon":"c02d","code":801,"description":"Few clouds"},"ghi":328.8,"dhi":78.65,"timestamp_local":"2022-07-02T08:00:00","solar_rad":318.60767,"vis":10,"dni":679.09,"temp":15.9,"slp":1023,"clouds":10,"ts":1656741600},{"precip_rate":0,"rh":68,"wind_spd":2.4,"timestamp_utc":"2022-07-02T06:15:00","snow_rate":0,"app_temp":16.4,"pres":1013.1598,"azimuth":83.57,"dewpt":10.5,"uv":2.4,"elev_angle":24.49,"wind_dir":202,"weather":{"icon":"c02d","code":801,"description":"Few clouds"},"ghi":367.9,"dhi":82.11,"timestamp_local":"2022-07-02T08:15:00","solar_rad":356.25735,"vis":10,"dni":701.07,"temp":16.4,"slp":1023,"clouds":13,"ts":1656742500},{"precip_rate":0,"rh":65,"wind_spd":2.4,"timestamp_utc":"2022-07-02T06:30:00","snow_rate":0,"app_temp":17,"pres":1013.17847,"azimuth":86.47,"dewpt":10.4,"uv":2.5,"elev_angle":26.78,"wind_dir":205,"weather":{"icon":"c02d","code":801,"description":"Few clouds"},"ghi":407.1,"dhi":85.57,"timestamp_local":"2022-07-02T08:30:00","solar_rad":393.99994,"vis":10,"dni":723.05,"temp":17,"slp":1023,"clouds":16,"ts":1656743400},{"precip_rate":0,"rh":62,"wind_spd":2.4,"timestamp_utc":"2022-07-02T06:45:00","snow_rate":0,"app_temp":17.6,"pres":1013.1972,"azimuth":89.37,"dewpt":10.2,"uv":2.6,"elev_angle":29.06,"wind_dir":208,"weather":{"icon":"c02d","code":801,"description":"Few clouds"},"ghi":446.2,"dhi":89.03,"timestamp_local":"2022-07-02T08:45:00","solar_rad":444.5124,"vis":10,"dni":745.02,"temp":17.6,"slp":1023,"clouds":20,"ts":1656744300},{"precip_rate":0,"rh":60,"wind_spd":2.4,"timestamp_utc":"2022-07-02T07:00:00","snow_rate":0,"app_temp":18.1,"pres":1013.2159,"azimuth":92.27,"dewpt":10.2,"uv":2.8,"elev_angle":31.35,"wind_dir":212,"weather":{"icon":"c02d","code":802,"description":"Scattered clouds"},"ghi":485.3,"dhi":92.49,"timestamp_local":"2022-07-02T09:00:00","solar_rad":482.34793,"vis":10,"dni":767,"temp":18.1,"slp":1023,"clouds":23,"ts":1656745200},{"precip_rate":0,"rh":58,"wind_spd":2.5,"timestamp_utc":"2022-07-02T07:15:00","snow_rate":0,"app_temp":18,"pres":1013.23126,"azimuth":95.5,"dewpt":10.2,"uv":3.1,"elev_angle":33.61,"wind_dir":214,"weather":{"icon":"c02d","code":802,"description":"Scattered clouds"},"ghi":521.8,"dhi":95.09,"timestamp_local":"2022-07-02T09:15:00","solar_rad":518.1317,"vis":10,"dni":781.58,"temp":18.6,"slp":1023,"clouds":24,"ts":1656746100},{"precip_rate":0,"rh":55,"wind_spd":2.6,"timestamp_utc":"2022-07-02T07:30:00","snow_rate":0,"app_temp":18.4,"pres":1013.2466,"azimuth":98.72,"dewpt":9.8,"uv":3.3,"elev_angle":35.88,"wind_dir":217,"weather":{"icon":"c02d","code":802,"description":"Scattered clouds"},"ghi":558.3,"dhi":97.69,"timestamp_local":"2022-07-02T09:30:00","solar_rad":554.3751,"vis":10,"dni":796.16,"temp":19.1,"slp":1023,"clouds":24,"ts":1656747000},{"precip_rate":0,"rh":52,"wind_spd":2.7,"timestamp_utc":"2022-07-02T07:45:00","snow_rate":0,"app_temp":18.9,"pres":1013.26196,"azimuth":101.95,"dewpt":9.4,"uv":3.6,"elev_angle":38.14,"wind_dir":220,"weather":{"icon":"c02d","code":802,"description":"Scattered clouds"},"ghi":594.8,"dhi":100.28,"timestamp_local":"2022-07-02T09:45:00","solar_rad":589.9959,"vis":10,"dni":810.73,"temp":19.5,"slp":1023,"clouds":25,"ts":1656747900},{"precip_rate":0,"rh":50,"wind_spd":2.8,"timestamp_utc":"2022-07-02T08:00:00","snow_rate":0,"app_temp":19.4,"pres":1013.27734,"azimuth":105.17,"dewpt":9.3,"uv":3.9,"elev_angle":40.4,"wind_dir":222,"weather":{"icon":"c02d","code":802,"description":"Scattered clouds"},"ghi":631.4,"dhi":102.88,"timestamp_local":"2022-07-02T10:00:00","solar_rad":625.5729,"vis":10,"dni":825.31,"temp":20,"slp":1023,"clouds":26,"ts":1656748800},{"precip_rate":0,"rh":48,"wind_spd":2.9,"timestamp_utc":"2022-07-02T08:15:00","snow_rate":0,"app_temp":19.6,"pres":1013.2865,"azimuth":109.02,"dewpt":8.9,"uv":4.3,"elev_angle":42.51,"wind_dir":220,"weather":{"icon":"c02d","code":802,"description":"Scattered clouds"},"ghi":662,"dhi":104.76,"timestamp_local":"2022-07-02T10:15:00","solar_rad":658.5379,"vis":10,"dni":834.93,"temp":20.3,"slp":1023,"clouds":22,"ts":1656749700},{"precip_rate":0,"rh":46,"wind_spd":3,"timestamp_utc":"2022-07-02T08:30:00","snow_rate":0,"app_temp":19.9,"pres":1013.2956,"azimuth":112.88,"dewpt":8.5,"uv":4.8,"elev_angle":44.63,"wind_dir":218,"weather":{"icon":"c02d","code":801,"description":"Few clouds"},"ghi":692.6,"dhi":106.63,"timestamp_local":"2022-07-02T10:30:00","solar_rad":690.76917,"vis":10,"dni":844.55,"temp":20.6,"slp":1023,"clouds":18,"ts":1656750600},{"precip_rate":0,"rh":45,"wind_spd":3.1,"timestamp_utc":"2022-07-02T08:45:00","snow_rate":0,"app_temp":20.1,"pres":1013.3047,"azimuth":116.73,"dewpt":8.5,"uv":5.3,"elev_angle":46.74,"wind_dir":216,"weather":{"icon":"c02d","code":801,"description":"Few clouds"},"ghi":723.2,"dhi":108.51,"timestamp_local":"2022-07-02T10:45:00","solar_rad":722.38654,"vis":10,"dni":854.17,"temp":20.8,"slp":1023,"clouds":14,"ts":1656751500},{"precip_rate":0,"rh":43,"wind_spd":3.2,"timestamp_utc":"2022-07-02T09:00:00","snow_rate":0,"app_temp":20.4,"pres":1013.31384,"azimuth":120.58,"dewpt":8,"uv":5.9,"elev_angle":48.85,"wind_dir":214,"weather":{"icon":"c02d","code":801,"description":"Few clouds"},"ghi":753.8,"dhi":110.38,"timestamp_local":"2022-07-02T11:00:00","solar_rad":753.5299,"vis":10,"dni":863.79,"temp":21.1,"slp":1023,"clouds":10,"ts":1656752400},{"precip_rate":0,"rh":43,"wind_spd":3.1,"timestamp_utc":"2022-07-02T09:15:00","snow_rate":0,"app_temp":20.6,"pres":1013.07227,"azimuth":125.48,"dewpt":8.2,"uv":5.4,"elev_angle":50.6,"wind_dir":210,"weather":{"icon":"c02d","code":802,"description":"Scattered clouds"},"ghi":775.9,"dhi":111.6,"timestamp_local":"2022-07-02T11:15:00","solar_rad":767.75885,"vis":10,"dni":869.7,"temp":21.3,"slp":1022.75,"clouds":27,"ts":1656753300},{"precip_rate":0,"rh":42,"wind_spd":3,"timestamp_utc":"2022-07-02T09:30:00","snow_rate":0,"app_temp":20.8,"pres":1012.8307,"azimuth":130.39,"dewpt":8.1,"uv":4.9,"elev_angle":52.36,"wind_dir":206,"weather":{"icon":"c03d","code":803,"description":"Broken clouds"},"ghi":798,"dhi":112.83,"timestamp_local":"2022-07-02T11:30:00","solar_rad":753.9461,"vis":10,"dni":875.62,"temp":21.5,"slp":1022.5,"clouds":44,"ts":1656754200},{"precip_rate":0,"rh":42,"wind_spd":2.9,"timestamp_utc":"2022-07-02T09:45:00","snow_rate":0,"app_temp":21,"pres":1012.58905,"azimuth":135.29,"dewpt":8.2,"uv":4.2,"elev_angle":54.11,"wind_dir":202,"weather":{"icon":"c03d","code":803,"description":"Broken clouds"},"ghi":820.1,"dhi":114.05,"timestamp_local":"2022-07-02T11:45:00","solar_rad":674.8082,"vis":10,"dni":881.53,"temp":21.7,"slp":1022.25,"clouds":62,"ts":1656755100},{"precip_rate":0,"rh":42,"wind_spd":2.8,"timestamp_utc":"2022-07-02T10:00:00","snow_rate":0,"app_temp":21.2,"pres":1012.3475,"azimuth":140.19,"dewpt":8.4,"uv":3.5,"elev_angle":55.86,"wind_dir":198,"weather":{"icon":"c04d","code":804,"description":"Overcast clouds"},"ghi":842.2,"dhi":115.27,"timestamp_local":"2022-07-02T12:00:00","solar_rad":502.11313,"vis":10,"dni":887.44,"temp":21.9,"slp":1022,"clouds":79,"ts":1656756000},{"precip_rate":0,"rh":41,"wind_spd":2.9,"timestamp_utc":"2022-07-02T10:15:00","snow_rate":0,"app_temp":21.5,"pres":1012.35645,"azimuth":146.43,"dewpt":8.3,"uv":3.3,"elev_angle":56.92,"wind_dir":196,"weather":{"icon":"c04d","code":804,"description":"Overcast clouds"},"ghi":853.9,"dhi":115.88,"timestamp_local":"2022-07-02T12:15:00","solar_rad":429.08572,"vis":10,"dni":890.3,"temp":22.2,"slp":1022,"clouds":84,"ts":1656756900},{"precip_rate":0,"rh":40,"wind_spd":3,"timestamp_utc":"2022-07-02T10:30:00","snow_rate":0,"app_temp":21.8,"pres":1012.3655,"azimuth":152.67,"dewpt":8.2,"uv":3.2,"elev_angle":57.98,"wind_dir":195,"weather":{"icon":"c04d","code":804,"description":"Overcast clouds"},"ghi":865.7,"dhi":116.5,"timestamp_local":"2022-07-02T12:30:00","solar_rad":361.2118,"vis":10,"dni":893.15,"temp":22.4,"slp":1022,"clouds":88,"ts":1656757800},{"precip_rate":0,"rh":40,"wind_spd":3.1,"timestamp_utc":"2022-07-02T10:45:00","snow_rate":0,"app_temp":22.1,"pres":1012.3745,"azimuth":158.91,"dewpt":8.4,"uv":3,"elev_angle":59.04,"wind_dir":194,"weather":{"icon":"c04d","code":804,"description":"Overcast clouds"},"ghi":877.4,"dhi":117.11,"timestamp_local":"2022-07-02T12:45:00","solar_rad":282.6715,"vis":10,"dni":896.01,"temp":22.7,"slp":1022,"clouds":92,"ts":1656758700},{"precip_rate":0,"rh":39,"wind_spd":3.2,"timestamp_utc":"2022-07-02T11:00:00","snow_rate":0,"app_temp":22.4,"pres":1012.3835,"azimuth":165.15,"dewpt":8.3,"uv":2.8,"elev_angle":60.1,"wind_dir":192,"weather":{"icon":"c04d","code":804,"description":"Overcast clouds"},"ghi":889.1,"dhi":117.72,"timestamp_local":"2022-07-02T13:00:00","solar_rad":167.6321,"vis":10,"dni":898.86,"temp":23,"slp":1022,"clouds":97,"ts":1656759600},{"precip_rate":0,"rh":39,"wind_spd":3.3,"timestamp_utc":"2022-07-02T11:15:00","snow_rate":0,"app_temp":22.5,"pres":1012.1388,"azimuth":172.14,"dewpt":8.4,"uv":2.8,"elev_angle":60.13,"wind_dir":192,"weather":{"icon":"c04d","code":804,"description":"Overcast clouds"},"ghi":889.5,"dhi":117.74,"timestamp_local":"2022-07-02T13:15:00","solar_rad":142.09308,"vis":10,"dni":898.95,"temp":23.1,"slp":1021.75,"clouds":98,"ts":1656760500},{"precip_rate":0,"rh":38,"wind_spd":3.4,"timestamp_utc":"2022-07-02T11:30:00","snow_rate":0,"app_temp":22.5,"pres":1011.89417,"azimuth":179.13,"dewpt":8.1,"uv":2.8,"elev_angle":60.17,"wind_dir":193,"weather":{"icon":"c04d","code":804,"description":"Overcast clouds"},"ghi":889.8,"dhi":117.76,"timestamp_local":"2022-07-02T13:30:00","solar_rad":142.14099,"vis":10,"dni":899.03,"temp":23.1,"slp":1021.5,"clouds":98,"ts":1656761400},{"precip_rate":0,"rh":38,"wind_spd":3.5,"timestamp_utc":"2022-07-02T11:45:00","snow_rate":0,"app_temp":22.6,"pres":1011.64954,"azimuth":186.11,"dewpt":8.1,"uv":2.7,"elev_angle":60.2,"wind_dir":194,"weather":{"icon":"c04d","code":804,"description":"Overcast clouds"},"ghi":890.2,"dhi":117.77,"timestamp_local":"2022-07-02T13:45:00","solar_rad":233.70476,"vis":10,"dni":899.12,"temp":23.2,"slp":1021.25,"clouds":99,"ts":1656762300},{"precip_rate":0,"rh":38,"wind_spd":3.6,"timestamp_utc":"2022-07-02T12:00:00","snow_rate":0,"app_temp":22.7,"pres":1011.40485,"azimuth":193.1,"dewpt":8.2,"uv":2.6,"elev_angle":60.23,"wind_dir":194,"weather":{"icon":"c04d","code":804,"description":"Overcast clouds"},"ghi":890.5,"dhi":117.79,"timestamp_local":"2022-07-02T14:00:00","solar_rad":206.84,"vis":10,"dni":899.2,"temp":23.3,"slp":1021,"clouds":100,"ts":1656763200},{"precip_rate":0,"rh":37,"wind_spd":3.5,"timestamp_utc":"2022-07-02T12:15:00","snow_rate":0,"app_temp":23,"pres":1011.41376,"azimuth":199.42,"dewpt":8,"uv":2.6,"elev_angle":59.23,"wind_dir":196,"weather":{"icon":"c04d","code":804,"description":"Overcast clouds"},"ghi":879.5,"dhi":117.22,"timestamp_local":"2022-07-02T14:15:00","solar_rad":205.17,"vis":10,"dni":896.52,"temp":23.6,"slp":1021,"clouds":100,"ts":1656764100},{"precip_rate":0,"rh":36,"wind_spd":3.4,"timestamp_utc":"2022-07-02T12:30:00","snow_rate":0,"app_temp":23.2,"pres":1011.42267,"azimuth":205.74,"dewpt":7.9,"uv":2.5,"elev_angle":58.23,"wind_dir":198,"weather":{"icon":"c04d","code":804,"description":"Overcast clouds"},"ghi":868.5,"dhi":116.64,"timestamp_local":"2022-07-02T14:30:00","solar_rad":203.49,"vis":10,"dni":893.85,"temp":23.8,"slp":1021,"clouds":100,"ts":1656765000},{"precip_rate":0,"rh":36,"wind_spd":3.3,"timestamp_utc":"2022-07-02T12:45:00","snow_rate":0,"app_temp":23.5,"pres":1011.4316,"azimuth":212.05,"dewpt":8.1,"uv":2.5,"elev_angle":57.22,"wind_dir":200,"weather":{"icon":"c04d","code":804,"description":"Overcast clouds"},"ghi":857.5,"dhi":116.07,"timestamp_local":"2022-07-02T14:45:00","solar_rad":201.82,"vis":10,"dni":891.17,"temp":24.1,"slp":1021,"clouds":100,"ts":1656765900},{"precip_rate":0,"rh":35,"wind_spd":3.2,"timestamp_utc":"2022-07-02T13:00:00","snow_rate":0,"app_temp":23.8,"pres":1011.4405,"azimuth":218.37,"dewpt":8,"uv":2.4,"elev_angle":56.22,"wind_dir":202,"weather":{"icon":"c04d","code":804,"description":"Overcast clouds"},"ghi":846.4,"dhi":115.49,"timestamp_local":"2022-07-02T15:00:00","solar_rad":200.13,"vis":10,"dni":888.49,"temp":24.4,"slp":1021,"clouds":100,"ts":1656766800},{"precip_rate":0,"rh":34,"wind_spd":3.1,"timestamp_utc":"2022-07-02T13:15:00","snow_rate":0,"app_temp":24,"pres":1011.4464,"azimuth":223.35,"dewpt":7.7,"uv":2.3,"elev_angle":54.5,"wind_dir":202,"weather":{"icon":"c04d","code":804,"description":"Overcast clouds"},"ghi":824.9,"dhi":114.31,"timestamp_local":"2022-07-02T15:15:00","solar_rad":196.8,"vis":10,"dni":882.78,"temp":24.6,"slp":1021,"clouds":100,"ts":1656767700},{"precip_rate":0,"rh":34,"wind_spd":3,"timestamp_utc":"2022-07-02T13:30:00","snow_rate":0,"app_temp":24.2,"pres":1011.4523,"azimuth":228.34,"dewpt":7.9,"uv":2.2,"elev_angle":52.78,"wind_dir":202,"weather":{"icon":"c04d","code":804,"description":"Overcast clouds"},"ghi":803.4,"dhi":113.13,"timestamp_local":"2022-07-02T15:30:00","solar_rad":217.7604,"vis":10,"dni":877.08,"temp":24.8,"slp":1021,"clouds":99,"ts":1656768600},{"precip_rate":0,"rh":33,"wind_spd":2.9,"timestamp_utc":"2022-07-02T13:45:00","snow_rate":0,"app_temp":24.4,"pres":1011.4581,"azimuth":233.32,"dewpt":7.6,"uv":2.2,"elev_angle":51.06,"wind_dir":202,"weather":{"icon":"c04d","code":804,"description":"Overcast clouds"},"ghi":781.9,"dhi":111.94,"timestamp_local":"2022-07-02T15:45:00","solar_rad":124.904526,"vis":10,"dni":871.37,"temp":25,"slp":1021,"clouds":98,"ts":1656769500},{"precip_rate":0,"rh":32,"wind_spd":2.8,"timestamp_utc":"2022-07-02T14:00:00","snow_rate":0,"app_temp":24.6,"pres":1011.46405,"azimuth":238.3,"dewpt":7.3,"uv":2.1,"elev_angle":49.34,"wind_dir":202,"weather":{"icon":"c04d","code":804,"description":"Overcast clouds"},"ghi":760.4,"dhi":110.76,"timestamp_local":"2022-07-02T16:00:00","solar_rad":121.47001,"vis":10,"dni":865.66,"temp":25.2,"slp":1021,"clouds":98,"ts":1656770400},{"precip_rate":0,"rh":32,"wind_spd":2.8,"timestamp_utc":"2022-07-02T14:15:00","snow_rate":0,"app_temp":24.7,"pres":1011.21936,"azimuth":242.21,"dewpt":7.4,"uv":2.3,"elev_angle":47.24,"wind_dir":199,"weather":{"icon":"c04d","code":804,"description":"Overcast clouds"},"ghi":730.3,"dhi":108.93,"timestamp_local":"2022-07-02T16:15:00","solar_rad":304.7164,"vis":10,"dni":856.3,"temp":25.3,"slp":1020.75,"clouds":88,"ts":1656771300},{"precip_rate":0,"rh":32,"wind_spd":2.8,"timestamp_utc":"2022-07-02T14:30:00","snow_rate":0,"app_temp":24.8,"pres":1010.9746,"azimuth":246.11,"dewpt":7.5,"uv":2.6,"elev_angle":45.15,"wind_dir":196,"weather":{"icon":"c04d","code":804,"description":"Overcast clouds"},"ghi":700.1,"dhi":107.1,"timestamp_local":"2022-07-02T16:30:00","solar_rad":440.99783,"vis":10,"dni":846.93,"temp":25.4,"slp":1020.5,"clouds":77,"ts":1656772200},{"precip_rate":0,"rh":31,"wind_spd":2.8,"timestamp_utc":"2022-07-02T14:45:00","snow_rate":0,"app_temp":24.9,"pres":1010.72986,"azimuth":250.02,"dewpt":7.1,"uv":2.8,"elev_angle":43.05,"wind_dir":193,"weather":{"icon":"c03d","code":803,"description":"Broken clouds"},"ghi":669.9,"dhi":105.26,"timestamp_local":"2022-07-02T16:45:00","solar_rad":523.10815,"vis":10,"dni":837.57,"temp":25.5,"slp":1020.25,"clouds":66,"ts":1656773100},{"precip_rate":0,"rh":31,"wind_spd":2.8,"timestamp_utc":"2022-07-02T15:00:00","snow_rate":0,"app_temp":25,"pres":1010.48517,"azimuth":253.92,"dewpt":7.2,"uv":3,"elev_angle":40.95,"wind_dir":190,"weather":{"icon":"c03d","code":803,"description":"Broken clouds"},"ghi":639.8,"dhi":103.43,"timestamp_local":"2022-07-02T17:00:00","solar_rad":559.60895,"vis":10,"dni":828.2,"temp":25.6,"slp":1020,"clouds":56,"ts":1656774000},{"precip_rate":0,"rh":31,"wind_spd":2.8,"timestamp_utc":"2022-07-02T15:15:00","snow_rate":0,"app_temp":25,"pres":1010.2375,"azimuth":257.17,"dewpt":7.2,"uv":2.9,"elev_angle":38.69,"wind_dir":189,"weather":{"icon":"c03d","code":803,"description":"Broken clouds"},"ghi":603.5,"dhi":100.88,"timestamp_local":"2022-07-02T17:15:00","solar_rad":552.04614,"vis":10,"dni":813.98,"temp":25.6,"slp":1019.75,"clouds":50,"ts":1656774900},{"precip_rate":0,"rh":31,"wind_spd":2.8,"timestamp_utc":"2022-07-02T15:30:00","snow_rate":0,"app_temp":25,"pres":1009.98987,"azimuth":260.43,"dewpt":7.2,"uv":2.8,"elev_angle":36.43,"wind_dir":188,"weather":{"icon":"c03d","code":803,"description":"Broken clouds"},"ghi":567.3,"dhi":98.33,"timestamp_local":"2022-07-02T17:30:00","solar_rad":535.982,"vis":10,"dni":799.76,"temp":25.6,"slp":1019.5,"clouds":44,"ts":1656775800},{"precip_rate":0,"rh":31,"wind_spd":2.8,"timestamp_utc":"2022-07-02T15:45:00","snow_rate":0,"app_temp":25,"pres":1009.7422,"azimuth":263.68,"dewpt":7.2,"uv":2.7,"elev_angle":34.17,"wind_dir":187,"weather":{"icon":"c02d","code":802,"description":"Scattered clouds"},"ghi":531,"dhi":95.77,"timestamp_local":"2022-07-02T17:45:00","solar_rad":511.54834,"vis":10,"dni":785.54,"temp":25.6,"slp":1019.25,"clouds":39,"ts":1656776700},{"precip_rate":0,"rh":31,"wind_spd":2.8,"timestamp_utc":"2022-07-02T16:00:00","snow_rate":0,"app_temp":25,"pres":1009.4945,"azimuth":266.93,"dewpt":7.2,"uv":2.7,"elev_angle":31.91,"wind_dir":186,"weather":{"icon":"c02d","code":802,"description":"Scattered clouds"},"ghi":494.8,"dhi":93.22,"timestamp_local":"2022-07-02T18:00:00","solar_rad":484.52884,"vis":10,"dni":771.32,"temp":25.6,"slp":1019,"clouds":33,"ts":1656777600},{"precip_rate":0,"rh":31,"wind_spd":2.7,"timestamp_utc":"2022-07-02T16:15:00","snow_rate":0,"app_temp":25,"pres":1009.4945,"azimuth":269.84,"dewpt":7.2,"uv":2.6,"elev_angle":29.62,"wind_dir":186,"weather":{"icon":"c02d","code":802,"description":"Scattered clouds"},"ghi":455.7,"dhi":89.82,"timestamp_local":"2022-07-02T18:15:00","solar_rad":451.4944,"vis":10,"dni":749.89,"temp":25.6,"slp":1019,"clouds":26,"ts":1656778500},{"precip_rate":0,"rh":32,"wind_spd":2.6,"timestamp_utc":"2022-07-02T16:30:00","snow_rate":0,"app_temp":25.1,"pres":1009.4945,"azimuth":272.76,"dewpt":7.7,"uv":2.5,"elev_angle":27.33,"wind_dir":185,"weather":{"icon":"c02d","code":801,"description":"Few clouds"},"ghi":416.6,"dhi":86.42,"timestamp_local":"2022-07-02T18:30:00","solar_rad":415.49875,"vis":10,"dni":728.46,"temp":25.6,"slp":1019,"clouds":18,"ts":1656779400},{"precip_rate":0,"rh":32,"wind_spd":2.5,"timestamp_utc":"2022-07-02T16:45:00","snow_rate":0,"app_temp":25.1,"pres":1009.4945,"azimuth":275.67,"dewpt":7.7,"uv":2.5,"elev_angle":25.04,"wind_dir":184,"weather":{"icon":"c02d","code":801,"description":"Few clouds"},"ghi":377.5,"dhi":83.01,"timestamp_local":"2022-07-02T18:45:00","solar_rad":377.36475,"vis":10,"dni":707.03,"temp":25.6,"slp":1019,"clouds":10,"ts":1656780300},{"precip_rate":0,"rh":32,"wind_spd":2.4,"timestamp_utc":"2022-07-02T17:00:00","snow_rate":0,"app_temp":25.1,"pres":1009.4945,"azimuth":278.58,"dewpt":7.7,"uv":2.4,"elev_angle":22.75,"wind_dir":184,"weather":{"icon":"c02d","code":801,"description":"Few clouds"},"ghi":338.4,"dhi":79.61,"timestamp_local":"2022-07-02T19:00:00","solar_rad":338.39798,"vis":10,"dni":685.6,"temp":25.6,"slp":1019,"clouds":3,"ts":1656781200},{"precip_rate":0,"rh":34,"wind_spd":2.1,"timestamp_utc":"2022-07-02T17:15:00","snow_rate":0,"app_temp":24.9,"pres":1009.24097,"azimuth":281.37,"dewpt":8.4,"uv":2.1,"elev_angle":20.53,"wind_dir":184,"weather":{"icon":"c02d","code":801,"description":"Few clouds"},"ghi":300.3,"dhi":75.08,"timestamp_local":"2022-07-02T19:15:00","solar_rad":300.1924,"vis":10,"dni":651.85,"temp":25.4,"slp":1018.75,"clouds":10,"ts":1656782100},{"precip_rate":0,"rh":37,"wind_spd":1.8,"timestamp_utc":"2022-07-02T17:30:00","snow_rate":0,"app_temp":24.7,"pres":1008.9874,"azimuth":284.15,"dewpt":9.5,"uv":1.9,"elev_angle":18.31,"wind_dir":185,"weather":{"icon":"c02d","code":801,"description":"Few clouds"},"ghi":262.2,"dhi":70.54,"timestamp_local":"2022-07-02T19:30:00","solar_rad":261.7356,"vis":10,"dni":618.1,"temp":25.2,"slp":1018.5,"clouds":16,"ts":1656783000},{"precip_rate":0,"rh":40,"wind_spd":1.5,"timestamp_utc":"2022-07-02T17:45:00","snow_rate":0,"app_temp":24.6,"pres":1008.7339,"azimuth":286.94,"dewpt":10.5,"uv":1.7,"elev_angle":16.08,"wind_dir":186,"weather":{"icon":"c02d","code":802,"description":"Scattered clouds"},"ghi":224.1,"dhi":66.01,"timestamp_local":"2022-07-02T19:45:00","solar_rad":215.99818,"vis":10,"dni":584.34,"temp":25,"slp":1018.25,"clouds":23,"ts":1656783900},{"precip_rate":0,"rh":42,"wind_spd":1.2,"timestamp_utc":"2022-07-02T18:00:00","snow_rate":0,"app_temp":24.4,"pres":1008.48035,"azimuth":289.72,"dewpt":11,"uv":1.5,"elev_angle":13.86,"wind_dir":186,"weather":{"icon":"c02d","code":802,"description":"Scattered clouds"},"ghi":186,"dhi":61.47,"timestamp_local":"2022-07-02T20:00:00","solar_rad":177.4029,"vis":10,"dni":550.59,"temp":24.8,"slp":1018,"clouds":30,"ts":1656784800},{"precip_rate":0,"rh":40,"wind_spd":1.1,"timestamp_utc":"2022-07-02T18:15:00","snow_rate":0,"app_temp":24.3,"pres":1008.4774,"azimuth":292.52,"dewpt":10.2,"uv":1.4,"elev_angle":11.79,"wind_dir":169,"weather":{"icon":"c02d","code":802,"description":"Scattered clouds"},"ghi":153.7,"dhi":55.06,"timestamp_local":"2022-07-02T20:15:00","solar_rad":148.99237,"vis":10,"dni":490.51,"temp":24.7,"slp":1018,"clouds":37,"ts":1656785700},{"precip_rate":0,"rh":38,"wind_spd":1,"timestamp_utc":"2022-07-02T18:30:00","snow_rate":0,"app_temp":24.1,"pres":1008.4745,"azimuth":295.33,"dewpt":9.3,"uv":1.3,"elev_angle":9.72,"wind_dir":152,"weather":{"icon":"c03d","code":803,"description":"Broken clouds"},"ghi":121.5,"dhi":48.65,"timestamp_local":"2022-07-02T20:30:00","solar_rad":114.79254,"vis":10,"dni":430.43,"temp":24.6,"slp":1018,"clouds":44,"ts":1656786600},{"precip_rate":0,"rh":37,"wind_spd":0.9,"timestamp_utc":"2022-07-02T18:45:00","snow_rate":0,"app_temp":24,"pres":1008.4715,"azimuth":298.13,"dewpt":8.9,"uv":1.2,"elev_angle":7.64,"wind_dir":135,"weather":{"icon":"c03d","code":803,"description":"Broken clouds"},"ghi":89.2,"dhi":42.23,"timestamp_local":"2022-07-02T20:45:00","solar_rad":81.594894,"vis":10,"dni":370.34,"temp":24.5,"slp":1018,"clouds":50,"ts":1656787500},{"precip_rate":0,"rh":35,"wind_spd":0.8,"timestamp_utc":"2022-07-02T19:00:00","snow_rate":0,"app_temp":23.8,"pres":1008.46857,"azimuth":300.93,"dewpt":8,"uv":1.1,"elev_angle":5.57,"wind_dir":118,"weather":{"icon":"c03d","code":803,"description":"Broken clouds"},"ghi":57,"dhi":35.82,"timestamp_local":"2022-07-02T21:00:00","solar_rad":49.41262,"vis":10,"dni":310.26,"temp":24.4,"slp":1018,"clouds":57,"ts":1656788400},{"precip_rate":0,"rh":38,"wind_spd":1,"timestamp_utc":"2022-07-02T19:15:00","snow_rate":0,"app_temp":23.3,"pres":1008.45074,"azimuth":303.86,"dewpt":8.7,"uv":1,"elev_angle":3.73,"wind_dir":114,"weather":{"icon":"c03n","code":803,"description":"Broken clouds"},"ghi":42.8,"dhi":26.87,"timestamp_local":"2022-07-02T21:15:00","solar_rad":34.353085,"vis":10,"dni":232.7,"temp":23.9,"slp":1018,"clouds":64,"ts":1656789300},{"precip_rate":0,"rh":40,"wind_spd":1.2,"timestamp_utc":"2022-07-02T19:30:00","snow_rate":0,"app_temp":22.7,"pres":1008.4329,"azimuth":306.78,"dewpt":9,"uv":0.9,"elev_angle":1.9,"wind_dir":109,"weather":{"icon":"c04n","code":804,"description":"Overcast clouds"},"ghi":28.5,"dhi":17.91,"timestamp_local":"2022-07-02T21:30:00","solar_rad":20.105055,"vis":10,"dni":155.13,"temp":23.3,"slp":1018,"clouds":72,"ts":1656790200},{"precip_rate":0,"rh":43,"wind_spd":1.4,"timestamp_utc":"2022-07-02T19:45:00","snow_rate":0,"app_temp":22.2,"pres":1008.4151,"azimuth":309.71,"dewpt":9.5,"uv":0.8,"elev_angle":0.06,"wind_dir":104,"weather":{"icon":"c04n","code":804,"description":"Overcast clouds"},"ghi":14.3,"dhi":8.96,"timestamp_local":"2022-07-02T21:45:00","solar_rad":17.23323,"vis":10,"dni":77.57,"temp":22.8,"slp":1018,"clouds":80,"ts":1656791100},{"precip_rate":0,"rh":46,"wind_spd":1.6,"timestamp_utc":"2022-07-02T20:00:00","snow_rate":0,"app_temp":21.7,"pres":1008.3973,"azimuth":312.63,"dewpt":10,"uv":0,"elev_angle":-1.78,"wind_dir":100,"weather":{"icon":"c04n","code":804,"description":"Overcast clouds"},"ghi":0,"dhi":0,"timestamp_local":"2022-07-02T22:00:00","solar_rad":0,"vis":10,"dni":0,"temp":22.2,"slp":1018,"clouds":87,"ts":1656792000},{"precip_rate":0,"rh":49,"wind_spd":1.8,"timestamp_utc":"2022-07-02T20:15:00","snow_rate":0,"app_temp":21,"pres":1008.3761,"azimuth":315.75,"dewpt":10.4,"uv":0,"elev_angle":-3.29,"wind_dir":100,"weather":{"icon":"c04n","code":804,"description":"Overcast clouds"},"ghi":0,"dhi":0,"timestamp_local":"2022-07-02T22:15:00","solar_rad":0,"vis":10,"dni":0,"temp":21.6,"slp":1018,"clouds":87,"ts":1656792900},{"precip_rate":0,"rh":52,"wind_spd":2,"timestamp_utc":"2022-07-02T20:30:00","snow_rate":0,"app_temp":20.4,"pres":1008.355,"azimuth":318.86,"dewpt":10.7,"uv":0,"elev_angle":-4.8,"wind_dir":101,"weather":{"icon":"c04n","code":804,"description":"Overcast clouds"},"ghi":0,"dhi":0,"timestamp_local":"2022-07-02T22:30:00","solar_rad":0,"vis":10,"dni":0,"temp":20.9,"slp":1018,"clouds":87,"ts":1656793800},{"precip_rate":0,"rh":55,"wind_spd":2.2,"timestamp_utc":"2022-07-02T20:45:00","snow_rate":0,"app_temp":19.8,"pres":1008.33386,"azimuth":321.98,"dewpt":10.9,"uv":0,"elev_angle":-6.31,"wind_dir":102,"weather":{"icon":"c04n","code":804,"description":"Overcast clouds"},"ghi":0,"dhi":0,"timestamp_local":"2022-07-02T22:45:00","solar_rad":0,"vis":10,"dni":0,"temp":20.3,"slp":1018,"clouds":87,"ts":1656794700},{"precip_rate":0,"rh":58,"wind_spd":2.4,"timestamp_utc":"2022-07-02T21:00:00","snow_rate":0,"app_temp":19.1,"pres":1008.3127,"azimuth":325.09,"dewpt":11.1,"uv":0,"elev_angle":-7.82,"wind_dir":102,"weather":{"icon":"c04n","code":804,"description":"Overcast clouds"},"ghi":0,"dhi":0,"timestamp_local":"2022-07-02T23:00:00","solar_rad":0,"vis":10,"dni":0,"temp":19.6,"slp":1018,"clouds":87,"ts":1656795600},{"precip_rate":0,"rh":61,"wind_spd":2.3,"timestamp_utc":"2022-07-02T21:15:00","snow_rate":0,"app_temp":18.6,"pres":1008.29425,"azimuth":328.42,"dewpt":11.4,"uv":0,"elev_angle":-8.91,"wind_dir":85,"weather":{"icon":"c04n","code":804,"description":"Overcast clouds"},"ghi":0,"dhi":0,"timestamp_local":"2022-07-02T23:15:00","solar_rad":0,"vis":10,"dni":0,"temp":19.1,"slp":1018,"clouds":76,"ts":1656796500},{"precip_rate":0,"rh":64,"wind_spd":2.2,"timestamp_utc":"2022-07-02T21:30:00","snow_rate":0,"app_temp":18.1,"pres":1008.2759,"azimuth":331.75,"dewpt":11.6,"uv":0,"elev_angle":-10,"wind_dir":68,"weather":{"icon":"c03n","code":803,"description":"Broken clouds"},"ghi":0,"dhi":0,"timestamp_local":"2022-07-02T23:30:00","solar_rad":0,"vis":10,"dni":0,"temp":18.5,"slp":1018,"clouds":64,"ts":1656797400},{"precip_rate":0,"rh":67,"wind_spd":2.1,"timestamp_utc":"2022-07-02T21:45:00","snow_rate":0,"app_temp":17.9,"pres":1008.25745,"azimuth":335.07,"dewpt":11.7,"uv":0,"elev_angle":-11.08,"wind_dir":51,"weather":{"icon":"c03n","code":803,"description":"Broken clouds"},"ghi":0,"dhi":0,"timestamp_local":"2022-07-02T23:45:00","solar_rad":0,"vis":10,"dni":0,"temp":17.9,"slp":1018,"clouds":53,"ts":1656798300},{"precip_rate":0,"rh":70,"wind_spd":2,"timestamp_utc":"2022-07-02T22:00:00","snow_rate":0,"app_temp":17.4,"pres":1008.239,"azimuth":338.4,"dewpt":11.9,"uv":0,"elev_angle":-12.17,"wind_dir":34,"weather":{"icon":"c03n","code":803,"description":"Broken clouds"},"ghi":0,"dhi":0,"timestamp_local":"2022-07-03T00:00:00","solar_rad":0,"vis":10,"dni":0,"temp":17.4,"slp":1018,"clouds":42,"ts":1656799200},{"precip_rate":0,"rh":71,"wind_spd":2,"timestamp_utc":"2022-07-02T22:15:00","snow_rate":0,"app_temp":17.1,"pres":1007.9821,"azimuth":341.9,"dewpt":11.8,"uv":0,"elev_angle":-12.75,"wind_dir":34,"weather":{"icon":"c03n","code":803,"description":"Broken clouds"},"ghi":0,"dhi":0,"timestamp_local":"2022-07-03T00:15:00","solar_rad":0,"vis":10,"dni":0,"temp":17.1,"slp":1017.75,"clouds":43,"ts":1656800100},{"precip_rate":0,"rh":72,"wind_spd":2,"timestamp_utc":"2022-07-02T22:30:00","snow_rate":0,"app_temp":16.8,"pres":1007.7252,"azimuth":345.4,"dewpt":11.8,"uv":0,"elev_angle":-13.33,"wind_dir":35,"weather":{"icon":"c03n","code":803,"description":"Broken clouds"},"ghi":0,"dhi":0,"timestamp_local":"2022-07-03T00:30:00","solar_rad":0,"vis":10,"dni":0,"temp":16.8,"slp":1017.5,"clouds":44,"ts":1656801000},{"precip_rate":0,"rh":74,"wind_spd":2,"timestamp_utc":"2022-07-02T22:45:00","snow_rate":0,"app_temp":16.6,"pres":1007.4683,"azimuth":348.89,"dewpt":11.9,"uv":0,"elev_angle":-13.91,"wind_dir":36,"weather":{"icon":"c03n","code":803,"description":"Broken clouds"},"ghi":0,"dhi":0,"timestamp_local":"2022-07-03T00:45:00","solar_rad":0,"vis":10,"dni":0,"temp":16.6,"slp":1017.25,"clouds":44,"ts":1656801900},{"precip_rate":0,"rh":75,"wind_spd":2,"timestamp_utc":"2022-07-02T23:00:00","snow_rate":0,"app_temp":16.3,"pres":1007.2114,"azimuth":352.39,"dewpt":11.9,"uv":0,"elev_angle":-14.49,"wind_dir":36,"weather":{"icon":"c03n","code":803,"description":"Broken clouds"},"ghi":0,"dhi":0,"timestamp_local":"2022-07-03T01:00:00","solar_rad":0,"vis":10,"dni":0,"temp":16.3,"slp":1017,"clouds":45,"ts":1656802800},{"precip_rate":0,"rh":74,"wind_spd":1.8,"timestamp_utc":"2022-07-02T23:15:00","snow_rate":0,"app_temp":16.4,"pres":1007.21454,"azimuth":265.96,"dewpt":11.8,"uv":0,"elev_angle":-14.51,"wind_dir":114,"weather":{"icon":"c03n","code":803,"description":"Broken clouds"},"ghi":0,"dhi":0,"timestamp_local":"2022-07-03T01:15:00","solar_rad":0,"vis":10,"dni":0,"temp":16.4,"slp":1017,"clouds":49,"ts":1656803700},{"precip_rate":0,"rh":74,"wind_spd":1.6,"timestamp_utc":"2022-07-02T23:30:00","snow_rate":0,"app_temp":16.5,"pres":1007.21765,"azimuth":179.53,"dewpt":11.9,"uv":0,"elev_angle":-14.53,"wind_dir":193,"weather":{"icon":"c03n","code":803,"description":"Broken clouds"},"ghi":0,"dhi":0,"timestamp_local":"2022-07-03T01:30:00","solar_rad":0,"vis":10,"dni":0,"temp":16.5,"slp":1017,"clouds":52,"ts":1656804600},{"precip_rate":0,"rh":74,"wind_spd":1.4,"timestamp_utc":"2022-07-02T23:45:00","snow_rate":0,"app_temp":16.6,"pres":1007.22076,"azimuth":93.09,"dewpt":12,"uv":0,"elev_angle":-14.55,"wind_dir":272,"weather":{"icon":"c03n","code":803,"description":"Broken clouds"},"ghi":0,"dhi":0,"timestamp_local":"2022-07-03T01:45:00","solar_rad":0,"vis":10,"dni":0,"temp":16.6,"slp":1017,"clouds":56,"ts":1656805500}],"sources":["103150-99999","imerg","merra2","era5","modis"],"city_id":"2856883"}
