{"timezone":"Europe\/Berlin","state_code":"06","country_code":"DE","lat":52.2833,"lon":8,"city_name":"Osnabr�ck","station_id":"103150-99999","data":[{"precip_rate":0,"rh":67,"wind_spd":3.2,"timestamp_utc":"2022-06-16T00:00:00","snow_rate":0,"app_temp":13.3,"pres":1010.0816,"azimuth":7.46,"dewpt":7.3,"uv":0,"elev_angle":-14.09,"wind_dir":28,"weather":{"icon":"c02n","code":802,"description":"Scattered clouds"},"ghi":0,"dhi":0,"timestamp_local":"2022-06-16T02:00:00","solar_rad":0,"vis":10,"dni":0,"temp":13.3,"slp":1020,"clouds":33,"ts":1655337600},{"precip_rate":0,"rh":68,"wind_spd":3.1,"timestamp_utc":"2022-06-16T00:15:00","snow_rate":0,"app_temp":13.2,"pres":1009.8308,"azimuth":10.94,"dewpt":7.5,"uv":0,"elev_angle":-13.52,"wind_dir":28,"weather":{"icon":"c02n","code":802,"description":"Scattered clouds"},"ghi":0,"dhi":0,"timestamp_local":"2022-06-16T02:15:00","solar_rad":0,"vis":10,"dni":0,"temp":13.2,"slp":1019.75,"clouds":39,"ts":1655338500},{"precip_rate":0,"rh":68,"wind_spd":3,"timestamp_utc":"2022-06-16T00:30:00","snow_rate":0,"app_temp":13.2,"pres":1009.5801,"azimuth":14.42,"dewpt":7.4,"uv":0,"elev_angle":-12.95,"wind_dir":29,"weather":{"icon":"c03n","code":803,"description":"Broken clouds"},"ghi":0,"dhi":0,"timestamp_local":"2022-06-16T02:30:00","solar_rad":0,"vis":10,"dni":0,"temp":13.2,"slp":1019.5,"clouds":45,"ts":1655339400},{"precip_rate":0,"rh":68,"wind_spd":2.9,"timestamp_utc":"2022-06-16T00:45:00","snow_rate":0,"app_temp":13.1,"pres":1009.32935,"azimuth":17.9,"dewpt":7.3,"uv":0,"elev_angle":-12.37,"wind_dir":30,"weather":{"icon":"c03n","code":803,"description":"Broken clouds"},"ghi":0,"dhi":0,"timestamp_local":"2022-06-16T02:45:00","solar_rad":0,"vis":10,"dni":0,"temp":13.1,"slp":1019.25,"clouds":51,"ts":1655340300},{"precip_rate":0,"rh":69,"wind_spd":2.8,"timestamp_utc":"2022-06-16T01:00:00","snow_rate":0,"app_temp":13,"pres":1009.07855,"azimuth":21.38,"dewpt":7.5,"uv":0,"elev_angle":-11.8,"wind_dir":30,"weather":{"icon":"c03n","code":803,"description":"Broken clouds"},"ghi":0,"dhi":0,"timestamp_local":"2022-06-16T03:00:00","solar_rad":0,"vis":10,"dni":0,"temp":13,"slp":1019,"clouds":57,"ts":1655341200},{"precip_rate":0,"rh":70,"wind_spd":2.7,"timestamp_utc":"2022-06-16T01:15:00","snow_rate":0,"app_temp":12.8,"pres":1009.07214,"azimuth":24.7,"dewpt":7.5,"uv":0,"elev_angle":-10.72,"wind_dir":28,"weather":{"icon":"c03n","code":803,"description":"Broken clouds"},"ghi":0,"dhi":0,"timestamp_local":"2022-06-16T03:15:00","solar_rad":0,"vis":10,"dni":0,"temp":12.8,"slp":1019,"clouds":59,"ts":1655342100},{"precip_rate":0,"rh":70,"wind_spd":2.6,"timestamp_utc":"2022-06-16T01:30:00","snow_rate":0,"app_temp":12.6,"pres":1009.0658,"azimuth":28.01,"dewpt":7.3,"uv":0,"elev_angle":-9.65,"wind_dir":27,"weather":{"icon":"c03n","code":803,"description":"Broken clouds"},"ghi":0,"dhi":0,"timestamp_local":"2022-06-16T03:30:00","solar_rad":0,"vis":10,"dni":0,"temp":12.6,"slp":1019,"clouds":61,"ts":1655343000},{"precip_rate":0,"rh":71,"wind_spd":2.5,"timestamp_utc":"2022-06-16T01:45:00","snow_rate":0,"app_temp":12.4,"pres":1009.0594,"azimuth":31.33,"dewpt":7.3,"uv":0,"elev_angle":-8.57,"wind_dir":26,"weather":{"icon":"c03n","code":803,"description":"Broken clouds"},"ghi":0,"dhi":0,"timestamp_local":"2022-06-16T03:45:00","solar_rad":0,"vis":10,"dni":0,"temp":12.4,"slp":1019,"clouds":63,"ts":1655343900},{"precip_rate":0,"rh":72,"wind_spd":2.4,"timestamp_utc":"2022-06-16T02:00:00","snow_rate":0,"app_temp":12.2,"pres":1009.053,"azimuth":34.64,"dewpt":7.3,"uv":0,"elev_angle":-7.49,"wind_dir":24,"weather":{"icon":"c03n","code":803,"description":"Broken clouds"},"ghi":0,"dhi":0,"timestamp_local":"2022-06-16T04:00:00","solar_rad":0,"vis":10,"dni":0,"temp":12.2,"slp":1019,"clouds":65,"ts":1655344800},{"precip_rate":0,"rh":72,"wind_spd":2.3,"timestamp_utc":"2022-06-16T02:15:00","snow_rate":0,"app_temp":12.1,"pres":1009.2973,"azimuth":37.75,"dewpt":7.2,"uv":0,"elev_angle":-5.99,"wind_dir":20,"weather":{"icon":"c03n","code":803,"description":"Broken clouds"},"ghi":0,"dhi":0,"timestamp_local":"2022-06-16T04:15:00","solar_rad":0,"vis":10,"dni":0,"temp":12.1,"slp":1019.25,"clouds":58,"ts":1655345700},{"precip_rate":0,"rh":73,"wind_spd":2.2,"timestamp_utc":"2022-06-16T02:30:00","snow_rate":0,"app_temp":12,"pres":1009.5416,"azimuth":40.86,"dewpt":7.4,"uv":0,"elev_angle":-4.49,"wind_dir":16,"weather":{"icon":"c03n","code":803,"description":"Broken clouds"},"ghi":0,"dhi":0,"timestamp_local":"2022-06-16T04:30:00","solar_rad":0,"vis":10,"dni":0,"temp":12,"slp":1019.5,"clouds":50,"ts":1655346600},{"precip_rate":0,"rh":74,"wind_spd":2.1,"timestamp_utc":"2022-06-16T02:45:00","snow_rate":0,"app_temp":12,"pres":1009.786,"azimuth":43.96,"dewpt":7.5,"uv":0,"elev_angle":-2.98,"wind_dir":12,"weather":{"icon":"c03n","code":803,"description":"Broken clouds"},"ghi":0,"dhi":0,"timestamp_local":"2022-06-16T04:45:00","solar_rad":0,"vis":10,"dni":0,"temp":12,"slp":1019.75,"clouds":42,"ts":1655347500},{"precip_rate":0,"rh":74,"wind_spd":2,"timestamp_utc":"2022-06-16T03:00:00","snow_rate":0,"app_temp":11.9,"pres":1010.03033,"azimuth":47.07,"dewpt":7.4,"uv":0,"elev_angle":-1.48,"wind_dir":8,"weather":{"icon":"c02n","code":802,"description":"Scattered clouds"},"ghi":0,"dhi":0,"timestamp_local":"2022-06-16T05:00:00","solar_rad":0,"vis":10,"dni":0,"temp":11.9,"slp":1020,"clouds":35,"ts":1655348400},{"precip_rate":0,"rh":75,"wind_spd":2.1,"timestamp_utc":"2022-06-16T03:15:00","snow_rate":0,"app_temp":11.7,"pres":1010.02386,"azimuth":49.99,"dewpt":7.4,"uv":1.4,"elev_angle":0.35,"wind_dir":7,"weather":{"icon":"c02n","code":802,"description":"Scattered clouds"},"ghi":15.2,"dhi":9.24,"timestamp_local":"2022-06-16T05:15:00","solar_rad":14.944897,"vis":10,"dni":80.47,"temp":11.7,"slp":1020,"clouds":31,"ts":1655349300},{"precip_rate":0,"rh":76,"wind_spd":2.2,"timestamp_utc":"2022-06-16T03:30:00","snow_rate":0,"app_temp":11.5,"pres":1010.01746,"azimuth":52.91,"dewpt":7.4,"uv":1.4,"elev_angle":2.18,"wind_dir":6,"weather":{"icon":"c02n","code":802,"description":"Scattered clouds"},"ghi":30.4,"dhi":18.47,"timestamp_local":"2022-06-16T05:30:00","solar_rad":30.039045,"vis":10,"dni":160.94,"temp":11.5,"slp":1020,"clouds":28,"ts":1655350200},{"precip_rate":0,"rh":77,"wind_spd":2.3,"timestamp_utc":"2022-06-16T03:45:00","snow_rate":0,"app_temp":11.3,"pres":1010.011,"azimuth":55.82,"dewpt":7.4,"uv":1.5,"elev_angle":4.01,"wind_dir":5,"weather":{"icon":"c02n","code":802,"description":"Scattered clouds"},"ghi":45.6,"dhi":27.71,"timestamp_local":"2022-06-16T05:45:00","solar_rad":45.279427,"vis":10,"dni":241.4,"temp":11.3,"slp":1020,"clouds":24,"ts":1655351100},{"precip_rate":0,"rh":78,"wind_spd":2.4,"timestamp_utc":"2022-06-16T04:00:00","snow_rate":0,"app_temp":11.1,"pres":1010.0045,"azimuth":58.74,"dewpt":7.4,"uv":1.5,"elev_angle":5.84,"wind_dir":4,"weather":{"icon":"c02d","code":801,"description":"Few clouds"},"ghi":60.8,"dhi":36.94,"timestamp_local":"2022-06-16T06:00:00","solar_rad":60.57004,"vis":10,"dni":321.87,"temp":11.1,"slp":1020,"clouds":20,"ts":1655352000},{"precip_rate":0,"rh":78,"wind_spd":2.5,"timestamp_utc":"2022-06-16T04:15:00","snow_rate":0,"app_temp":11.4,"pres":1010.2617,"azimuth":61.54,"dewpt":7.7,"uv":1.6,"elev_angle":7.91,"wind_dir":5,"weather":{"icon":"c02d","code":801,"description":"Few clouds"},"ghi":93.1,"dhi":43.24,"timestamp_local":"2022-06-16T06:15:00","solar_rad":92.80423,"vis":10,"dni":380.45,"temp":11.4,"slp":1020.25,"clouds":19,"ts":1655352900},{"precip_rate":0,"rh":77,"wind_spd":2.6,"timestamp_utc":"2022-06-16T04:30:00","snow_rate":0,"app_temp":11.7,"pres":1010.519,"azimuth":64.34,"dewpt":7.8,"uv":1.6,"elev_angle":9.97,"wind_dir":6,"weather":{"icon":"c02d","code":801,"description":"Few clouds"},"ghi":125.5,"dhi":49.55,"timestamp_local":"2022-06-16T06:30:00","solar_rad":125.16825,"vis":10,"dni":439.02,"temp":11.7,"slp":1020.5,"clouds":18,"ts":1655353800},{"precip_rate":0,"rh":76,"wind_spd":2.7,"timestamp_utc":"2022-06-16T04:45:00","snow_rate":0,"app_temp":11.9,"pres":1010.77625,"azimuth":67.13,"dewpt":7.8,"uv":1.6,"elev_angle":12.04,"wind_dir":7,"weather":{"icon":"c02d","code":801,"description":"Few clouds"},"ghi":157.9,"dhi":55.85,"timestamp_local":"2022-06-16T06:45:00","solar_rad":157.4826,"vis":10,"dni":497.6,"temp":11.9,"slp":1020.75,"clouds":18,"ts":1655354700},{"precip_rate":0,"rh":76,"wind_spd":2.8,"timestamp_utc":"2022-06-16T05:00:00","snow_rate":0,"app_temp":12.2,"pres":1011.03345,"azimuth":69.93,"dewpt":8.1,"uv":1.7,"elev_angle":14.1,"wind_dir":8,"weather":{"icon":"c02d","code":801,"description":"Few clouds"},"ghi":190.3,"dhi":62.15,"timestamp_local":"2022-06-16T07:00:00","solar_rad":189.8858,"vis":10,"dni":556.17,"temp":12.2,"slp":1021,"clouds":17,"ts":1655355600},{"precip_rate":0,"rh":74,"wind_spd":2.9,"timestamp_utc":"2022-06-16T05:15:00","snow_rate":0,"app_temp":12.7,"pres":1011.04944,"azimuth":72.71,"dewpt":8.2,"uv":1.8,"elev_angle":16.32,"wind_dir":10,"weather":{"icon":"c02d","code":801,"description":"Few clouds"},"ghi":228.4,"dhi":66.64,"timestamp_local":"2022-06-16T07:15:00","solar_rad":228.20032,"vis":10,"dni":589.43,"temp":12.7,"slp":1021,"clouds":13,"ts":1655356500},{"precip_rate":0,"rh":72,"wind_spd":3,"timestamp_utc":"2022-06-16T05:30:00","snow_rate":0,"app_temp":13.2,"pres":1011.06537,"azimuth":75.49,"dewpt":8.2,"uv":2,"elev_angle":18.54,"wind_dir":12,"weather":{"icon":"c02d","code":801,"description":"Few clouds"},"ghi":266.5,"dhi":71.13,"timestamp_local":"2022-06-16T07:30:00","solar_rad":266.4045,"vis":10,"dni":622.69,"temp":13.2,"slp":1021,"clouds":10,"ts":1655357400},{"precip_rate":0,"rh":71,"wind_spd":3.1,"timestamp_utc":"2022-06-16T05:45:00","snow_rate":0,"app_temp":13.6,"pres":1011.0813,"azimuth":78.26,"dewpt":8.5,"uv":2.2,"elev_angle":20.76,"wind_dir":14,"weather":{"icon":"c02d","code":801,"description":"Few clouds"},"ghi":304.6,"dhi":75.62,"timestamp_local":"2022-06-16T07:45:00","solar_rad":304.58078,"vis":10,"dni":655.94,"temp":13.6,"slp":1021,"clouds":6,"ts":1655358300},{"precip_rate":0,"rh":69,"wind_spd":3.2,"timestamp_utc":"2022-06-16T06:00:00","snow_rate":0,"app_temp":14.1,"pres":1011.0973,"azimuth":81.04,"dewpt":8.5,"uv":2.4,"elev_angle":22.98,"wind_dir":16,"weather":{"icon":"c02d","code":801,"description":"Few clouds"},"ghi":342.8,"dhi":80.11,"timestamp_local":"2022-06-16T08:00:00","solar_rad":342.79947,"vis":10,"dni":689.2,"temp":14.1,"slp":1021,"clouds":2,"ts":1655359200},{"precip_rate":0,"rh":67,"wind_spd":3.1,"timestamp_utc":"2022-06-16T06:15:00","snow_rate":0,"app_temp":14.6,"pres":1011.11304,"azimuth":83.95,"dewpt":8.5,"uv":2.6,"elev_angle":25.27,"wind_dir":18,"weather":{"icon":"c02d","code":801,"description":"Few clouds"},"ghi":381.9,"dhi":83.49,"timestamp_local":"2022-06-16T08:15:00","solar_rad":381.8994,"vis":10,"dni":710.43,"temp":14.6,"slp":1021,"clouds":2,"ts":1655360100},{"precip_rate":0,"rh":65,"wind_spd":3,"timestamp_utc":"2022-06-16T06:30:00","snow_rate":0,"app_temp":15,"pres":1011.12885,"azimuth":86.85,"dewpt":8.5,"uv":2.9,"elev_angle":27.56,"wind_dir":19,"weather":{"icon":"c01d","code":800,"description":"Clear Sky"},"ghi":421,"dhi":86.88,"timestamp_local":"2022-06-16T08:30:00","solar_rad":420.99994,"vis":10,"dni":731.65,"temp":15,"slp":1021,"clouds":1,"ts":1655361000},{"precip_rate":0,"rh":63,"wind_spd":2.9,"timestamp_utc":"2022-06-16T06:45:00","snow_rate":0,"app_temp":15.4,"pres":1011.14465,"azimuth":89.76,"dewpt":8.4,"uv":3.2,"elev_angle":29.84,"wind_dir":20,"weather":{"icon":"c01d","code":800,"description":"Clear Sky"},"ghi":460,"dhi":90.26,"timestamp_local":"2022-06-16T08:45:00","solar_rad":460,"vis":10,"dni":752.88,"temp":15.4,"slp":1021,"clouds":0,"ts":1655361900},{"precip_rate":0,"rh":61,"wind_spd":2.8,"timestamp_utc":"2022-06-16T07:00:00","snow_rate":0,"app_temp":15.9,"pres":1011.1604,"azimuth":92.66,"dewpt":8.4,"uv":3.5,"elev_angle":32.13,"wind_dir":22,"weather":{"icon":"c01d","code":800,"description":"Clear Sky"},"ghi":499.1,"dhi":93.64,"timestamp_local":"2022-06-16T09:00:00","solar_rad":499.1,"vis":10,"dni":774.1,"temp":15.9,"slp":1021,"clouds":0,"ts":1655362800},{"precip_rate":0,"rh":59,"wind_spd":2.7,"timestamp_utc":"2022-06-16T07:15:00","snow_rate":0,"app_temp":16.3,"pres":1011.17285,"azimuth":95.9,"dewpt":8.3,"uv":3.8,"elev_angle":34.39,"wind_dir":22,"weather":{"icon":"c01d","code":800,"description":"Clear Sky"},"ghi":535.4,"dhi":96.18,"timestamp_local":"2022-06-16T09:15:00","solar_rad":535.4,"vis":10,"dni":788.23,"temp":16.3,"slp":1021,"clouds":0,"ts":1655363700},{"precip_rate":0,"rh":56,"wind_spd":2.6,"timestamp_utc":"2022-06-16T07:30:00","snow_rate":0,"app_temp":16.6,"pres":1011.1853,"azimuth":99.15,"dewpt":7.8,"uv":4.1,"elev_angle":36.66,"wind_dir":21,"weather":{"icon":"c01d","code":800,"description":"Clear Sky"},"ghi":571.7,"dhi":98.72,"timestamp_local":"2022-06-16T09:30:00","solar_rad":571.6999,"vis":10,"dni":802.36,"temp":16.6,"slp":1021,"clouds":1,"ts":1655364600},{"precip_rate":0,"rh":54,"wind_spd":2.5,"timestamp_utc":"2022-06-16T07:45:00","snow_rate":0,"app_temp":17,"pres":1011.1978,"azimuth":102.39,"dewpt":7.7,"uv":4.4,"elev_angle":38.92,"wind_dir":20,"weather":{"icon":"c02d","code":801,"description":"Few clouds"},"ghi":607.9,"dhi":101.26,"timestamp_local":"2022-06-16T09:45:00","solar_rad":607.8991,"vis":10,"dni":816.48,"temp":17,"slp":1021,"clouds":2,"ts":1655365500},{"precip_rate":0,"rh":52,"wind_spd":2.4,"timestamp_utc":"2022-06-16T08:00:00","snow_rate":0,"app_temp":17.4,"pres":1011.21027,"azimuth":105.63,"dewpt":7.5,"uv":4.8,"elev_angle":41.18,"wind_dir":20,"weather":{"icon":"c02d","code":801,"description":"Few clouds"},"ghi":644.2,"dhi":103.8,"timestamp_local":"2022-06-16T10:00:00","solar_rad":644.19904,"vis":10,"dni":830.61,"temp":17.4,"slp":1021,"clouds":2,"ts":1655366400},{"precip_rate":0,"rh":50,"wind_spd":2.4,"timestamp_utc":"2022-06-16T08:15:00","snow_rate":0,"app_temp":17.7,"pres":1011.46716,"azimuth":109.53,"dewpt":7.1,"uv":5.2,"elev_angle":43.29,"wind_dir":18,"weather":{"icon":"c02d","code":801,"description":"Few clouds"},"ghi":674.4,"dhi":105.63,"timestamp_local":"2022-06-16T10:15:00","solar_rad":674.399,"vis":10,"dni":839.93,"temp":17.7,"slp":1021.25,"clouds":2,"ts":1655367300},{"precip_rate":0,"rh":49,"wind_spd":2.4,"timestamp_utc":"2022-06-16T08:30:00","snow_rate":0,"app_temp":17.9,"pres":1011.724,"azimuth":113.42,"dewpt":7.1,"uv":5.5,"elev_angle":45.39,"wind_dir":15,"weather":{"icon":"c02d","code":801,"description":"Few clouds"},"ghi":704.6,"dhi":107.46,"timestamp_local":"2022-06-16T10:30:00","solar_rad":704.59576,"vis":10,"dni":849.26,"temp":17.9,"slp":1021.5,"clouds":3,"ts":1655368200},{"precip_rate":0,"rh":48,"wind_spd":2.4,"timestamp_utc":"2022-06-16T08:45:00","snow_rate":0,"app_temp":18.2,"pres":1011.9809,"azimuth":117.32,"dewpt":7,"uv":5.9,"elev_angle":47.5,"wind_dir":12,"weather":{"icon":"c02d","code":801,"description":"Few clouds"},"ghi":734.8,"dhi":109.29,"timestamp_local":"2022-06-16T10:45:00","solar_rad":734.7883,"vis":10,"dni":858.58,"temp":18.2,"slp":1021.75,"clouds":4,"ts":1655369100},{"precip_rate":0,"rh":46,"wind_spd":2.4,"timestamp_utc":"2022-06-16T09:00:00","snow_rate":0,"app_temp":17.6,"pres":1012.2378,"azimuth":121.21,"dewpt":6.7,"uv":6.3,"elev_angle":49.6,"wind_dir":10,"weather":{"icon":"c02d","code":801,"description":"Few clouds"},"ghi":765,"dhi":111.12,"timestamp_local":"2022-06-16T11:00:00","solar_rad":764.98785,"vis":10,"dni":867.9,"temp":18.5,"slp":1022,"clouds":4,"ts":1655370000},{"precip_rate":0,"rh":45,"wind_spd":2.7,"timestamp_utc":"2022-06-16T09:15:00","snow_rate":0,"app_temp":18.1,"pres":1012.2531,"azimuth":126.2,"dewpt":6.8,"uv":6.6,"elev_angle":51.33,"wind_dir":8,"weather":{"icon":"c02d","code":801,"description":"Few clouds"},"ghi":786.6,"dhi":112.3,"timestamp_local":"2022-06-16T11:15:00","solar_rad":786.5875,"vis":10,"dni":873.6,"temp":19,"slp":1022,"clouds":4,"ts":1655370900},{"precip_rate":0,"rh":44,"wind_spd":3,"timestamp_utc":"2022-06-16T09:30:00","snow_rate":0,"app_temp":18.6,"pres":1012.26843,"azimuth":131.18,"dewpt":6.9,"uv":6.9,"elev_angle":53.06,"wind_dir":7,"weather":{"icon":"c02d","code":801,"description":"Few clouds"},"ghi":808.1,"dhi":113.49,"timestamp_local":"2022-06-16T11:30:00","solar_rad":808.0726,"vis":10,"dni":879.29,"temp":19.4,"slp":1022,"clouds":5,"ts":1655371800},{"precip_rate":0,"rh":44,"wind_spd":3.3,"timestamp_utc":"2022-06-16T09:45:00","snow_rate":0,"app_temp":19.1,"pres":1012.28375,"azimuth":136.17,"dewpt":7.3,"uv":7.2,"elev_angle":54.79,"wind_dir":6,"weather":{"icon":"c02d","code":801,"description":"Few clouds"},"ghi":829.7,"dhi":114.67,"timestamp_local":"2022-06-16T11:45:00","solar_rad":829.64764,"vis":10,"dni":884.99,"temp":19.9,"slp":1022,"clouds":6,"ts":1655372700},{"precip_rate":0,"rh":43,"wind_spd":3.6,"timestamp_utc":"2022-06-16T10:00:00","snow_rate":0,"app_temp":19.6,"pres":1012.2991,"azimuth":141.15,"dewpt":7.4,"uv":7.5,"elev_angle":56.52,"wind_dir":4,"weather":{"icon":"c02d","code":801,"description":"Few clouds"},"ghi":851.2,"dhi":115.85,"timestamp_local":"2022-06-16T12:00:00","solar_rad":851.1463,"vis":10,"dni":890.68,"temp":20.4,"slp":1022,"clouds":6,"ts":1655373600},{"precip_rate":0,"rh":43,"wind_spd":3.6,"timestamp_utc":"2022-06-16T10:15:00","snow_rate":0,"app_temp":19.8,"pres":1012.3051,"azimuth":147.5,"dewpt":7.6,"uv":7.2,"elev_angle":57.54,"wind_dir":4,"weather":{"icon":"c02d","code":801,"description":"Few clouds"},"ghi":862.3,"dhi":116.43,"timestamp_local":"2022-06-16T12:15:00","solar_rad":861.3301,"vis":10,"dni":893.36,"temp":20.6,"slp":1022,"clouds":14,"ts":1655374500},{"precip_rate":0,"rh":42,"wind_spd":3.6,"timestamp_utc":"2022-06-16T10:30:00","snow_rate":0,"app_temp":20,"pres":1012.31116,"azimuth":153.85,"dewpt":7.4,"uv":7,"elev_angle":58.56,"wind_dir":3,"weather":{"icon":"c02d","code":802,"description":"Scattered clouds"},"ghi":873.4,"dhi":117.01,"timestamp_local":"2022-06-16T12:30:00","solar_rad":869.50055,"vis":10,"dni":896.05,"temp":20.8,"slp":1022,"clouds":21,"ts":1655375400},{"precip_rate":0,"rh":42,"wind_spd":3.6,"timestamp_utc":"2022-06-16T10:45:00","snow_rate":0,"app_temp":20.2,"pres":1012.31726,"azimuth":160.2,"dewpt":7.5,"uv":6.8,"elev_angle":59.58,"wind_dir":2,"weather":{"icon":"c02d","code":802,"description":"Scattered clouds"},"ghi":884.5,"dhi":117.58,"timestamp_local":"2022-06-16T12:45:00","solar_rad":873.99786,"vis":10,"dni":898.73,"temp":20.9,"slp":1022,"clouds":28,"ts":1655376300},{"precip_rate":0,"rh":42,"wind_spd":3.6,"timestamp_utc":"2022-06-16T11:00:00","snow_rate":0,"app_temp":20.4,"pres":1012.3233,"azimuth":166.55,"dewpt":7.7,"uv":6.5,"elev_angle":60.6,"wind_dir":2,"weather":{"icon":"c02d","code":802,"description":"Scattered clouds"},"ghi":895.6,"dhi":118.16,"timestamp_local":"2022-06-16T13:00:00","solar_rad":870.6089,"vis":10,"dni":901.41,"temp":21.1,"slp":1022,"clouds":36,"ts":1655377200},{"precip_rate":0,"rh":42,"wind_spd":3.5,"timestamp_utc":"2022-06-16T11:15:00","snow_rate":0,"app_temp":20.8,"pres":1012.3353,"azimuth":173.6,"dewpt":8,"uv":5.7,"elev_angle":60.58,"wind_dir":90,"weather":{"icon":"c03d","code":803,"description":"Broken clouds"},"ghi":895.4,"dhi":118.15,"timestamp_local":"2022-06-16T13:15:00","solar_rad":828.95233,"vis":10,"dni":901.35,"temp":21.5,"slp":1022,"clouds":48,"ts":1655378100},{"precip_rate":0,"rh":41,"wind_spd":3.4,"timestamp_utc":"2022-06-16T11:30:00","snow_rate":0,"app_temp":21.2,"pres":1012.3474,"azimuth":180.65,"dewpt":8,"uv":5.1,"elev_angle":60.55,"wind_dir":177,"weather":{"icon":"c03d","code":803,"description":"Broken clouds"},"ghi":895.1,"dhi":118.13,"timestamp_local":"2022-06-16T13:30:00","solar_rad":761.12897,"vis":10,"dni":901.29,"temp":21.9,"slp":1022,"clouds":59,"ts":1655379000},{"precip_rate":0,"rh":40,"wind_spd":3.3,"timestamp_utc":"2022-06-16T11:45:00","snow_rate":0,"app_temp":21.5,"pres":1012.3595,"azimuth":187.7,"dewpt":8,"uv":4.4,"elev_angle":60.53,"wind_dir":264,"weather":{"icon":"c03d","code":803,"description":"Broken clouds"},"ghi":894.8,"dhi":118.12,"timestamp_local":"2022-06-16T13:45:00","solar_rad":655.30206,"vis":10,"dni":901.22,"temp":22.2,"slp":1022,"clouds":70,"ts":1655379900},{"precip_rate":0,"rh":40,"wind_spd":3.2,"timestamp_utc":"2022-06-16T12:00:00","snow_rate":0,"app_temp":22,"pres":1012.3715,"azimuth":194.75,"dewpt":8.3,"uv":3.7,"elev_angle":60.5,"wind_dir":352,"weather":{"icon":"c04d","code":804,"description":"Overcast clouds"},"ghi":894.6,"dhi":118.1,"timestamp_local":"2022-06-16T14:00:00","solar_rad":484.5484,"vis":10,"dni":901.16,"temp":22.6,"slp":1022,"clouds":82,"ts":1655380800},{"precip_rate":0,"rh":40,"wind_spd":3.4,"timestamp_utc":"2022-06-16T12:15:00","snow_rate":0,"app_temp":22.1,"pres":1012.3745,"azimuth":201.04,"dewpt":8.4,"uv":3.4,"elev_angle":59.44,"wind_dir":351,"weather":{"icon":"c04d","code":804,"description":"Overcast clouds"},"ghi":882.9,"dhi":117.5,"timestamp_local":"2022-06-16T14:15:00","solar_rad":407.07336,"vis":10,"dni":898.35,"temp":22.7,"slp":1022,"clouds":86,"ts":1655381700},{"precip_rate":0,"rh":39,"wind_spd":3.6,"timestamp_utc":"2022-06-16T12:30:00","snow_rate":0,"app_temp":22.2,"pres":1012.3775,"azimuth":207.34,"dewpt":8.1,"uv":3.2,"elev_angle":58.38,"wind_dir":350,"weather":{"icon":"c04d","code":804,"description":"Overcast clouds"},"ghi":871.3,"dhi":116.9,"timestamp_local":"2022-06-16T14:30:00","solar_rad":343.66177,"vis":10,"dni":895.53,"temp":22.8,"slp":1022,"clouds":89,"ts":1655382600},{"precip_rate":0,"rh":38,"wind_spd":3.8,"timestamp_utc":"2022-06-16T12:45:00","snow_rate":0,"app_temp":22.2,"pres":1012.3805,"azimuth":213.63,"dewpt":7.8,"uv":2.9,"elev_angle":57.31,"wind_dir":349,"weather":{"icon":"c04d","code":804,"description":"Overcast clouds"},"ghi":859.7,"dhi":116.29,"timestamp_local":"2022-06-16T14:45:00","solar_rad":276.9691,"vis":10,"dni":892.72,"temp":22.9,"slp":1022,"clouds":92,"ts":1655383500},{"precip_rate":0,"rh":38,"wind_spd":4,"timestamp_utc":"2022-06-16T13:00:00","snow_rate":0,"app_temp":22.3,"pres":1012.3835,"azimuth":219.92,"dewpt":7.9,"uv":2.6,"elev_angle":56.25,"wind_dir":348,"weather":{"icon":"c04d","code":804,"description":"Overcast clouds"},"ghi":848.1,"dhi":115.69,"timestamp_local":"2022-06-16T15:00:00","solar_rad":183.72733,"vis":10,"dni":889.9,"temp":23,"slp":1022,"clouds":96,"ts":1655384400},{"precip_rate":0,"rh":38,"wind_spd":4,"timestamp_utc":"2022-06-16T13:15:00","snow_rate":0,"app_temp":22.4,"pres":1012.3865,"azimuth":224.84,"dewpt":8,"uv":2.5,"elev_angle":54.5,"wind_dir":350,"weather":{"icon":"c04d","code":804,"description":"Overcast clouds"},"ghi":826.1,"dhi":114.48,"timestamp_local":"2022-06-16T15:15:00","solar_rad":178.96136,"vis":10,"dni":884.05,"temp":23.1,"slp":1022,"clouds":96,"ts":1655385300},{"precip_rate":0,"rh":38,"wind_spd":4,"timestamp_utc":"2022-06-16T13:30:00","snow_rate":0,"app_temp":22.5,"pres":1012.38947,"azimuth":229.77,"dewpt":8.1,"uv":2.4,"elev_angle":52.74,"wind_dir":352,"weather":{"icon":"c04d","code":804,"description":"Overcast clouds"},"ghi":804.1,"dhi":113.27,"timestamp_local":"2022-06-16T15:30:00","solar_rad":196.22704,"vis":10,"dni":878.21,"temp":23.1,"slp":1022,"clouds":95,"ts":1655386200},{"precip_rate":0,"rh":37,"wind_spd":4,"timestamp_utc":"2022-06-16T13:45:00","snow_rate":0,"app_temp":22.6,"pres":1012.39246,"azimuth":234.69,"dewpt":7.7,"uv":2.4,"elev_angle":50.99,"wind_dir":354,"weather":{"icon":"c04d","code":804,"description":"Overcast clouds"},"ghi":782.1,"dhi":112.05,"timestamp_local":"2022-06-16T15:45:00","solar_rad":211.75256,"vis":10,"dni":872.36,"temp":23.2,"slp":1022,"clouds":94,"ts":1655387100},{"precip_rate":0,"rh":37,"wind_spd":4,"timestamp_utc":"2022-06-16T14:00:00","snow_rate":0,"app_temp":22.7,"pres":1012.39545,"azimuth":239.61,"dewpt":7.8,"uv":2.2,"elev_angle":49.23,"wind_dir":356,"weather":{"icon":"c04d","code":804,"description":"Overcast clouds"},"ghi":760.1,"dhi":110.84,"timestamp_local":"2022-06-16T16:00:00","solar_rad":205.79608,"vis":10,"dni":866.51,"temp":23.3,"slp":1022,"clouds":94,"ts":1655388000},{"precip_rate":0,"rh":38,"wind_spd":4,"timestamp_utc":"2022-06-16T14:15:00","snow_rate":0,"app_temp":22.5,"pres":1012.6371,"azimuth":243.47,"dewpt":8,"uv":2,"elev_angle":47.12,"wind_dir":353,"weather":{"icon":"c04d","code":804,"description":"Overcast clouds"},"ghi":729.5,"dhi":108.98,"timestamp_local":"2022-06-16T16:15:00","solar_rad":158.03453,"vis":10,"dni":857,"temp":23.1,"slp":1022.25,"clouds":96,"ts":1655388900},{"precip_rate":0,"rh":38,"wind_spd":4,"timestamp_utc":"2022-06-16T14:30:00","snow_rate":0,"app_temp":22.3,"pres":1012.8788,"azimuth":247.33,"dewpt":7.9,"uv":1.8,"elev_angle":45,"wind_dir":350,"weather":{"icon":"c04d","code":804,"description":"Overcast clouds"},"ghi":699,"dhi":107.12,"timestamp_local":"2022-06-16T16:30:00","solar_rad":131.79039,"vis":10,"dni":847.49,"temp":22.9,"slp":1022.5,"clouds":97,"ts":1655389800},{"precip_rate":0,"rh":38,"wind_spd":4,"timestamp_utc":"2022-06-16T14:45:00","snow_rate":0,"app_temp":22.1,"pres":1013.1205,"azimuth":251.18,"dewpt":7.7,"uv":1.7,"elev_angle":42.89,"wind_dir":347,"weather":{"icon":"c04d","code":804,"description":"Overcast clouds"},"ghi":668.5,"dhi":105.26,"timestamp_local":"2022-06-16T16:45:00","solar_rad":106.78945,"vis":10,"dni":837.98,"temp":22.8,"slp":1022.75,"clouds":98,"ts":1655390700},{"precip_rate":0,"rh":39,"wind_spd":4,"timestamp_utc":"2022-06-16T15:00:00","snow_rate":0,"app_temp":21.9,"pres":1013.3621,"azimuth":255.04,"dewpt":8,"uv":1.5,"elev_angle":40.77,"wind_dir":344,"weather":{"icon":"c04d","code":804,"description":"Overcast clouds"},"ghi":637.9,"dhi":103.4,"timestamp_local":"2022-06-16T17:00:00","solar_rad":167.19,"vis":10,"dni":828.47,"temp":22.6,"slp":1023,"clouds":100,"ts":1655391600},{"precip_rate":0,"rh":39,"wind_spd":4,"timestamp_utc":"2022-06-16T15:15:00","snow_rate":0,"app_temp":21.9,"pres":1013.3621,"azimuth":258.26,"dewpt":8,"uv":1.4,"elev_angle":38.51,"wind_dir":346,"weather":{"icon":"c04d","code":804,"description":"Overcast clouds"},"ghi":601.5,"dhi":100.82,"timestamp_local":"2022-06-16T17:15:00","solar_rad":196.90656,"vis":10,"dni":814.08,"temp":22.6,"slp":1023,"clouds":98,"ts":1655392500},{"precip_rate":0,"rh":40,"wind_spd":4,"timestamp_utc":"2022-06-16T15:30:00","snow_rate":0,"app_temp":22,"pres":1013.3621,"azimuth":261.48,"dewpt":8.3,"uv":1.4,"elev_angle":36.24,"wind_dir":349,"weather":{"icon":"c04d","code":804,"description":"Overcast clouds"},"ghi":565,"dhi":98.25,"timestamp_local":"2022-06-16T17:30:00","solar_rad":122.398224,"vis":10,"dni":799.69,"temp":22.6,"slp":1023,"clouds":96,"ts":1655393400},{"precip_rate":0,"rh":40,"wind_spd":4,"timestamp_utc":"2022-06-16T15:45:00","snow_rate":0,"app_temp":22,"pres":1013.3621,"azimuth":264.7,"dewpt":8.3,"uv":1.3,"elev_angle":33.98,"wind_dir":352,"weather":{"icon":"c04d","code":804,"description":"Overcast clouds"},"ghi":528.5,"dhi":95.67,"timestamp_local":"2022-06-16T17:45:00","solar_rad":143.09068,"vis":10,"dni":785.29,"temp":22.6,"slp":1023,"clouds":94,"ts":1655394300},{"precip_rate":0,"rh":40,"wind_spd":4,"timestamp_utc":"2022-06-16T16:00:00","snow_rate":0,"app_temp":22,"pres":1013.3621,"azimuth":267.92,"dewpt":8.3,"uv":1.2,"elev_angle":31.71,"wind_dir":354,"weather":{"icon":"c04d","code":804,"description":"Overcast clouds"},"ghi":492.1,"dhi":93.09,"timestamp_local":"2022-06-16T18:00:00","solar_rad":158.5396,"vis":10,"dni":770.9,"temp":22.6,"slp":1023,"clouds":92,"ts":1655395200},{"precip_rate":0,"rh":40,"wind_spd":3.9,"timestamp_utc":"2022-06-16T16:15:00","snow_rate":0,"app_temp":21.9,"pres":1013.35913,"azimuth":270.82,"dewpt":8.2,"uv":1.4,"elev_angle":29.42,"wind_dir":266,"weather":{"icon":"c04d","code":804,"description":"Overcast clouds"},"ghi":452.9,"dhi":89.67,"timestamp_local":"2022-06-16T18:15:00","solar_rad":245.30737,"vis":10,"dni":749.27,"temp":22.5,"slp":1023,"clouds":82,"ts":1655396100},{"precip_rate":0,"rh":40,"wind_spd":3.8,"timestamp_utc":"2022-06-16T16:30:00","snow_rate":0,"app_temp":21.7,"pres":1013.3561,"azimuth":273.71,"dewpt":8.1,"uv":1.4,"elev_angle":27.14,"wind_dir":179,"weather":{"icon":"c04d","code":804,"description":"Overcast clouds"},"ghi":413.8,"dhi":86.24,"timestamp_local":"2022-06-16T18:30:00","solar_rad":291.9113,"vis":10,"dni":727.64,"temp":22.4,"slp":1023,"clouds":72,"ts":1655397000},{"precip_rate":0,"rh":39,"wind_spd":3.7,"timestamp_utc":"2022-06-16T16:45:00","snow_rate":0,"app_temp":21.6,"pres":1013.3531,"azimuth":276.61,"dewpt":7.7,"uv":1.5,"elev_angle":24.85,"wind_dir":92,"weather":{"icon":"c03d","code":803,"description":"Broken clouds"},"ghi":374.7,"dhi":82.82,"timestamp_local":"2022-06-16T18:45:00","solar_rad":311.88727,"vis":10,"dni":706,"temp":22.3,"slp":1023,"clouds":61,"ts":1655397900},{"precip_rate":0,"rh":39,"wind_spd":3.6,"timestamp_utc":"2022-06-16T17:00:00","snow_rate":0,"app_temp":21.5,"pres":1013.3501,"azimuth":279.5,"dewpt":7.6,"uv":1.6,"elev_angle":22.56,"wind_dir":4,"weather":{"icon":"c03d","code":803,"description":"Broken clouds"},"ghi":335.5,"dhi":79.39,"timestamp_local":"2022-06-16T19:00:00","solar_rad":304.90338,"vis":10,"dni":684.37,"temp":22.2,"slp":1023,"clouds":51,"ts":1655398800},{"precip_rate":0,"rh":40,"wind_spd":3.5,"timestamp_utc":"2022-06-16T17:15:00","snow_rate":0,"app_temp":21.3,"pres":1013.34406,"azimuth":282.28,"dewpt":7.8,"uv":1.3,"elev_angle":20.35,"wind_dir":6,"weather":{"icon":"c03d","code":803,"description":"Broken clouds"},"ghi":297.6,"dhi":74.84,"timestamp_local":"2022-06-16T19:15:00","solar_rad":244.87614,"vis":10,"dni":650.36,"temp":22,"slp":1023,"clouds":62,"ts":1655399700},{"precip_rate":0,"rh":40,"wind_spd":3.4,"timestamp_utc":"2022-06-16T17:30:00","snow_rate":0,"app_temp":21.1,"pres":1013.338,"azimuth":285.05,"dewpt":7.7,"uv":1,"elev_angle":18.14,"wind_dir":8,"weather":{"icon":"c04d","code":804,"description":"Overcast clouds"},"ghi":259.6,"dhi":70.29,"timestamp_local":"2022-06-16T19:30:00","solar_rad":175.66655,"vis":10,"dni":616.36,"temp":21.9,"slp":1023,"clouds":74,"ts":1655400600},{"precip_rate":0,"rh":40,"wind_spd":3.3,"timestamp_utc":"2022-06-16T17:45:00","snow_rate":0,"app_temp":20.9,"pres":1013.33203,"azimuth":287.83,"dewpt":7.5,"uv":0.8,"elev_angle":15.92,"wind_dir":10,"weather":{"icon":"c04d","code":804,"description":"Overcast clouds"},"ghi":221.7,"dhi":65.74,"timestamp_local":"2022-06-16T19:45:00","solar_rad":106.87603,"vis":10,"dni":582.35,"temp":21.7,"slp":1023,"clouds":85,"ts":1655401500},{"precip_rate":0,"rh":41,"wind_spd":3.2,"timestamp_utc":"2022-06-16T18:00:00","snow_rate":0,"app_temp":20.8,"pres":1013.326,"azimuth":290.6,"dewpt":7.7,"uv":0.6,"elev_angle":13.71,"wind_dir":12,"weather":{"icon":"c04d","code":804,"description":"Overcast clouds"},"ghi":183.7,"dhi":61.19,"timestamp_local":"2022-06-16T20:00:00","solar_rad":100.98567,"vis":10,"dni":548.34,"temp":21.5,"slp":1023,"clouds":96,"ts":1655402400},{"precip_rate":0,"rh":42,"wind_spd":3,"timestamp_utc":"2022-06-16T18:15:00","snow_rate":0,"app_temp":20.6,"pres":1013.31995,"azimuth":293.4,"dewpt":7.9,"uv":0.6,"elev_angle":11.65,"wind_dir":98,"weather":{"icon":"c04d","code":804,"description":"Overcast clouds"},"ghi":151.7,"dhi":54.77,"timestamp_local":"2022-06-16T20:15:00","solar_rad":87.63338,"vis":10,"dni":488,"temp":21.3,"slp":1023,"clouds":96,"ts":1655403300},{"precip_rate":0,"rh":42,"wind_spd":2.8,"timestamp_utc":"2022-06-16T18:30:00","snow_rate":0,"app_temp":20.4,"pres":1013.31384,"azimuth":296.2,"dewpt":7.7,"uv":0.6,"elev_angle":9.6,"wind_dir":183,"weather":{"icon":"c04d","code":804,"description":"Overcast clouds"},"ghi":119.8,"dhi":48.36,"timestamp_local":"2022-06-16T20:30:00","solar_rad":74.31276,"vis":10,"dni":427.66,"temp":21.1,"slp":1023,"clouds":96,"ts":1655404200},{"precip_rate":0,"rh":42,"wind_spd":2.6,"timestamp_utc":"2022-06-16T18:45:00","snow_rate":0,"app_temp":20.1,"pres":1013.30774,"azimuth":299,"dewpt":7.5,"uv":0.6,"elev_angle":7.54,"wind_dir":268,"weather":{"icon":"c04d","code":804,"description":"Overcast clouds"},"ghi":87.8,"dhi":41.94,"timestamp_local":"2022-06-16T20:45:00","solar_rad":60.96047,"vis":10,"dni":367.31,"temp":20.9,"slp":1023,"clouds":96,"ts":1655405100},{"precip_rate":0,"rh":43,"wind_spd":2.4,"timestamp_utc":"2022-06-16T19:00:00","snow_rate":0,"app_temp":19.9,"pres":1013.3017,"azimuth":301.8,"dewpt":7.7,"uv":0.6,"elev_angle":5.48,"wind_dir":354,"weather":{"icon":"c04d","code":804,"description":"Overcast clouds"},"ghi":55.9,"dhi":35.52,"timestamp_local":"2022-06-16T21:00:00","solar_rad":47.62984,"vis":10,"dni":306.97,"temp":20.7,"slp":1023,"clouds":96,"ts":1655406000},{"precip_rate":0,"rh":45,"wind_spd":2.2,"timestamp_utc":"2022-06-16T19:15:00","snow_rate":0,"app_temp":19.5,"pres":1013.53406,"azimuth":304.73,"dewpt":7.9,"uv":0.7,"elev_angle":3.67,"wind_dir":354,"weather":{"icon":"c04n","code":804,"description":"Overcast clouds"},"ghi":41.9,"dhi":26.64,"timestamp_local":"2022-06-16T21:15:00","solar_rad":41.174885,"vis":10,"dni":230.23,"temp":20.3,"slp":1023.25,"clouds":91,"ts":1655406900},{"precip_rate":0,"rh":47,"wind_spd":2,"timestamp_utc":"2022-06-16T19:30:00","snow_rate":0,"app_temp":19.1,"pres":1013.76636,"azimuth":307.66,"dewpt":8.2,"uv":0.7,"elev_angle":1.85,"wind_dir":354,"weather":{"icon":"c04n","code":804,"description":"Overcast clouds"},"ghi":27.9,"dhi":17.76,"timestamp_local":"2022-06-16T21:30:00","solar_rad":30.623684,"vis":10,"dni":153.49,"temp":19.8,"slp":1023.5,"clouds":86,"ts":1655407800},{"precip_rate":0,"rh":49,"wind_spd":1.8,"timestamp_utc":"2022-06-16T19:45:00","snow_rate":0,"app_temp":18.6,"pres":1013.99866,"azimuth":310.58,"dewpt":8.4,"uv":0.8,"elev_angle":0.04,"wind_dir":354,"weather":{"icon":"c04n","code":804,"description":"Overcast clouds"},"ghi":14,"dhi":8.88,"timestamp_local":"2022-06-16T21:45:00","solar_rad":16.979668,"vis":10,"dni":76.74,"temp":19.4,"slp":1023.75,"clouds":80,"ts":1655408700},{"precip_rate":0,"rh":51,"wind_spd":1.6,"timestamp_utc":"2022-06-16T20:00:00","snow_rate":0,"app_temp":18.2,"pres":1014.231,"azimuth":313.51,"dewpt":8.6,"uv":0,"elev_angle":-1.78,"wind_dir":354,"weather":{"icon":"c04n","code":804,"description":"Overcast clouds"},"ghi":0,"dhi":0,"timestamp_local":"2022-06-16T22:00:00","solar_rad":0,"vis":10,"dni":0,"temp":18.9,"slp":1024,"clouds":75,"ts":1655409600},{"precip_rate":0,"rh":54,"wind_spd":1.5,"timestamp_utc":"2022-06-16T20:15:00","snow_rate":0,"app_temp":18.3,"pres":1014.2093,"azimuth":316.63,"dewpt":8.8,"uv":0,"elev_angle":-3.26,"wind_dir":278,"weather":{"icon":"c03n","code":803,"description":"Broken clouds"},"ghi":0,"dhi":0,"timestamp_local":"2022-06-16T22:15:00","solar_rad":0,"vis":10,"dni":0,"temp":18.3,"slp":1024,"clouds":56,"ts":1655410500},{"precip_rate":0,"rh":56,"wind_spd":1.4,"timestamp_utc":"2022-06-16T20:30:00","snow_rate":0,"app_temp":17.6,"pres":1014.1875,"azimuth":319.74,"dewpt":8.7,"uv":0,"elev_angle":-4.75,"wind_dir":203,"weather":{"icon":"c02n","code":802,"description":"Scattered clouds"},"ghi":0,"dhi":0,"timestamp_local":"2022-06-16T22:30:00","solar_rad":0,"vis":10,"dni":0,"temp":17.6,"slp":1024,"clouds":38,"ts":1655411400},{"precip_rate":0,"rh":59,"wind_spd":1.3,"timestamp_utc":"2022-06-16T20:45:00","snow_rate":0,"app_temp":16.9,"pres":1014.1658,"azimuth":322.86,"dewpt":8.9,"uv":0,"elev_angle":-6.23,"wind_dir":128,"weather":{"icon":"c02n","code":801,"description":"Few clouds"},"ghi":0,"dhi":0,"timestamp_local":"2022-06-16T22:45:00","solar_rad":0,"vis":10,"dni":0,"temp":16.9,"slp":1024,"clouds":19,"ts":1655412300},{"precip_rate":0,"rh":62,"wind_spd":1.2,"timestamp_utc":"2022-06-16T21:00:00","snow_rate":0,"app_temp":16.3,"pres":1014.14404,"azimuth":325.97,"dewpt":9,"uv":0,"elev_angle":-7.71,"wind_dir":52,"weather":{"icon":"c01n","code":800,"description":"Clear Sky"},"ghi":0,"dhi":0,"timestamp_local":"2022-06-16T23:00:00","solar_rad":0,"vis":10,"dni":0,"temp":16.3,"slp":1024,"clouds":0,"ts":1655413200},{"precip_rate":0,"rh":66,"wind_spd":1.3,"timestamp_utc":"2022-06-16T21:15:00","snow_rate":0,"app_temp":15.5,"pres":1014.1155,"azimuth":329.3,"dewpt":9.2,"uv":0,"elev_angle":-8.77,"wind_dir":56,"weather":{"icon":"c02n","code":801,"description":"Few clouds"},"ghi":0,"dhi":0,"timestamp_local":"2022-06-16T23:15:00","solar_rad":0,"vis":10,"dni":0,"temp":15.5,"slp":1024,"clouds":18,"ts":1655414100},{"precip_rate":0,"rh":69,"wind_spd":1.4,"timestamp_utc":"2022-06-16T21:30:00","snow_rate":0,"app_temp":14.7,"pres":1014.087,"azimuth":332.62,"dewpt":9,"uv":0,"elev_angle":-9.82,"wind_dir":59,"weather":{"icon":"c02n","code":802,"description":"Scattered clouds"},"ghi":0,"dhi":0,"timestamp_local":"2022-06-16T23:30:00","solar_rad":0,"vis":10,"dni":0,"temp":14.7,"slp":1024,"clouds":36,"ts":1655415000},{"precip_rate":0,"rh":72,"wind_spd":1.5,"timestamp_utc":"2022-06-16T21:45:00","snow_rate":0,"app_temp":13.8,"pres":1014.0585,"azimuth":335.95,"dewpt":8.9,"uv":0,"elev_angle":-10.88,"wind_dir":62,"weather":{"icon":"c03n","code":803,"description":"Broken clouds"},"ghi":0,"dhi":0,"timestamp_local":"2022-06-16T23:45:00","solar_rad":0,"vis":10,"dni":0,"temp":13.8,"slp":1024,"clouds":55,"ts":1655415900},{"precip_rate":0,"rh":76,"wind_spd":1.6,"timestamp_utc":"2022-06-16T22:00:00","snow_rate":0,"app_temp":13,"pres":1014.0299,"azimuth":339.27,"dewpt":8.9,"uv":0,"elev_angle":-11.93,"wind_dir":66,"weather":{"icon":"c04n","code":804,"description":"Overcast clouds"},"ghi":0,"dhi":0,"timestamp_local":"2022-06-17T00:00:00","solar_rad":0,"vis":10,"dni":0,"temp":13,"slp":1024,"clouds":73,"ts":1655416800},{"precip_rate":0,"rh":78,"wind_spd":1.6,"timestamp_utc":"2022-06-16T22:15:00","snow_rate":0,"app_temp":12.7,"pres":1014.02026,"azimuth":342.76,"dewpt":9,"uv":0,"elev_angle":-12.48,"wind_dir":72,"weather":{"icon":"c04n","code":804,"description":"Overcast clouds"},"ghi":0,"dhi":0,"timestamp_local":"2022-06-17T00:15:00","solar_rad":0,"vis":10,"dni":0,"temp":12.7,"slp":1024,"clouds":80,"ts":1655417700},{"precip_rate":0,"rh":79,"wind_spd":1.6,"timestamp_utc":"2022-06-16T22:30:00","snow_rate":0,"app_temp":12.4,"pres":1014.01056,"azimuth":346.24,"dewpt":8.9,"uv":0,"elev_angle":-13.02,"wind_dir":78,"weather":{"icon":"c04n","code":804,"description":"Overcast clouds"},"ghi":0,"dhi":0,"timestamp_local":"2022-06-17T00:30:00","solar_rad":0,"vis":10,"dni":0,"temp":12.4,"slp":1024,"clouds":86,"ts":1655418600},{"precip_rate":0,"rh":80,"wind_spd":1.6,"timestamp_utc":"2022-06-16T22:45:00","snow_rate":0,"app_temp":12.2,"pres":1014.00085,"azimuth":349.73,"dewpt":8.8,"uv":0,"elev_angle":-13.57,"wind_dir":84,"weather":{"icon":"c04n","code":804,"description":"Overcast clouds"},"ghi":0,"dhi":0,"timestamp_local":"2022-06-17T00:45:00","solar_rad":0,"vis":10,"dni":0,"temp":12.2,"slp":1024,"clouds":93,"ts":1655419500},{"precip_rate":0,"rh":82,"wind_spd":1.6,"timestamp_utc":"2022-06-16T23:00:00","snow_rate":0,"app_temp":11.9,"pres":1013.9912,"azimuth":353.21,"dewpt":8.9,"uv":0,"elev_angle":-14.11,"wind_dir":90,"weather":{"icon":"c04n","code":804,"description":"Overcast clouds"},"ghi":0,"dhi":0,"timestamp_local":"2022-06-17T01:00:00","solar_rad":0,"vis":10,"dni":0,"temp":11.9,"slp":1024,"clouds":100,"ts":1655420400},{"precip_rate":0,"rh":80,"wind_spd":1.5,"timestamp_utc":"2022-06-16T23:15:00","snow_rate":0,"app_temp":12,"pres":1013.99445,"azimuth":266.76,"dewpt":8.6,"uv":0,"elev_angle":-14.1,"wind_dir":98,"weather":{"icon":"c04n","code":804,"description":"Overcast clouds"},"ghi":0,"dhi":0,"timestamp_local":"2022-06-17T01:15:00","solar_rad":0,"vis":10,"dni":0,"temp":12,"slp":1024,"clouds":93,"ts":1655421300},{"precip_rate":0,"rh":79,"wind_spd":1.4,"timestamp_utc":"2022-06-16T23:30:00","snow_rate":0,"app_temp":12,"pres":1013.9977,"azimuth":180.31,"dewpt":8.5,"uv":0,"elev_angle":-14.09,"wind_dir":106,"weather":{"icon":"c04n","code":804,"description":"Overcast clouds"},"ghi":0,"dhi":0,"timestamp_local":"2022-06-17T01:30:00","solar_rad":0,"vis":10,"dni":0,"temp":12,"slp":1024,"clouds":86,"ts":1655422200},{"precip_rate":0,"rh":78,"wind_spd":1.3,"timestamp_utc":"2022-06-16T23:45:00","snow_rate":0,"app_temp":12.1,"pres":1014.0009,"azimuth":93.85,"dewpt":8.4,"uv":0,"elev_angle":-14.07,"wind_dir":114,"weather":{"icon":"c04n","code":804,"description":"Overcast clouds"},"ghi":0,"dhi":0,"timestamp_local":"2022-06-17T01:45:00","solar_rad":0,"vis":10,"dni":0,"temp":12.1,"slp":1024,"clouds":79,"ts":1655423100}],"sources":["103150-99999","imerg","merra2","era5","modis"],"city_id":"2856883"}
